track_id,backend,decoded_seconds_before_padding,peak,rms
2,librosa,29.976598639455784,0.9484187364578247,0.16527560353279114
5,librosa,30.0,0.6184788346290588,0.1694624423980713
10,librosa,29.976598639455784,1.019974946975708,0.19341911375522614
140,librosa,29.976598639455784,0.8498895168304443,0.07900244742631912
141,librosa,29.976598639455784,0.9028109908103943,0.1279771625995636
148,librosa,29.976598639455784,1.0745978355407715,0.48326608538627625
182,librosa,30.0,0.9545046091079712,0.2763456106185913
190,librosa,30.0,1.025637149810791,0.14807161688804626
193,librosa,29.976598639455784,0.6773528456687927,0.09394014626741409
194,librosa,30.0,0.8891209363937378,0.11195169389247894
197,librosa,29.976598639455784,0.5816731452941895,0.05913543701171875
200,librosa,29.976598639455784,1.0281987190246582,0.13826921582221985
203,librosa,29.976598639455784,0.7115042209625244,0.09633078426122665
204,librosa,29.976598639455784,0.7782079577445984,0.12478150427341461
207,librosa,29.976598639455784,0.6077685952186584,0.06964679807424545
210,librosa,30.0,1.0449327230453491,0.16849073767662048
211,librosa,29.976598639455784,1.014570713043213,0.1520881950855255
212,librosa,29.976598639455784,0.7760800123214722,0.1189849004149437
213,librosa,29.976598639455784,0.6573050022125244,0.07818082720041275
255,librosa,29.976598639455784,0.9060888290405273,0.1502099335193634
256,librosa,29.976598639455784,0.9942349791526794,0.28988227248191833
368,librosa,29.976598639455784,0.4759376645088196,0.07952257245779037
424,librosa,29.976598639455784,0.7971680760383606,0.14525875449180603
459,librosa,30.0,1.1442103385925293,0.3717125952243805
534,librosa,29.976598639455784,0.6962397694587708,0.10235224664211273
540,librosa,29.976598639455784,0.6376829147338867,0.1011788621544838
546,librosa,29.976598639455784,0.5720959901809692,0.09401905536651611
574,librosa,29.976598639455784,0.9595012664794922,0.2780555486679077
602,librosa,29.976598639455784,0.2973933815956116,0.04891347140073776
615,librosa,30.0,0.21213972568511963,0.06056393310427666
620,librosa,29.976598639455784,0.6739944219589233,0.11582128703594208
621,librosa,29.976598639455784,1.0194981098175049,0.17373493313789368
625,librosa,30.0,1.007951259613037,0.20384159684181213
666,librosa,30.0,0.6104621291160583,0.1510266661643982
667,librosa,29.976598639455784,0.6777725219726562,0.13064372539520264
676,librosa,29.976598639455784,0.9497029185295105,0.23301680386066437
690,librosa,29.976598639455784,0.8975697755813599,0.27608704566955566
694,librosa,29.976598639455784,0.9916689395904541,0.15804755687713623
695,librosa,29.976598639455784,0.990080714225769,0.20441511273384094
704,librosa,29.976598639455784,1.284617304801941,0.28487691283226013
705,librosa,29.976598639455784,1.1246141195297241,0.3068713843822479
706,librosa,30.0,1.0651676654815674,0.29649782180786133
707,librosa,29.976598639455784,1.0121828317642212,0.3512265086174011
708,librosa,29.976598639455784,1.0401923656463623,0.3062730133533478
709,librosa,30.0,0.9779094457626343,0.2357708066701889
714,librosa,29.976598639455784,0.9649246335029602,0.30645641684532166
715,librosa,29.976598639455784,0.8242241144180298,0.1514149010181427
716,librosa,29.976598639455784,0.6549354791641235,0.18242031335830688
718,librosa,30.0,0.6769950985908508,0.1278291791677475
777,librosa,29.976598639455784,0.8402551412582397,0.13366663455963135
814,librosa,29.976598639455784,0.5934814810752869,0.12793275713920593
821,librosa,30.0,1.0091378688812256,0.1561218649148941
822,librosa,29.976598639455784,0.9924463033676147,0.21389779448509216
825,librosa,29.976598639455784,1.0589611530303955,0.45404255390167236
853,librosa,30.0,0.975935697555542,0.18096491694450378
890,librosa,29.976598639455784,0.11712410300970078,0.02231212705373764
892,librosa,29.976598639455784,0.9843746423721313,0.2713262736797333
897,librosa,29.976598639455784,0.8417326211929321,0.20685207843780518
993,librosa,30.0,0.9473966360092163,0.24405276775360107
995,librosa,30.0,1.0690455436706543,0.4080333709716797
997,librosa,30.0,1.1007709503173828,0.3530048429965973
998,librosa,29.976598639455784,1.06113600730896,0.39217284321784973
1039,librosa,29.976598639455784,0.9559439420700073,0.274292916059494
1040,librosa,29.976598639455784,1.070452094078064,0.3544643521308899
1066,librosa,30.0,0.4837956130504608,0.07379083335399628
1069,librosa,29.976598639455784,1.0432080030441284,0.19117629528045654
1073,librosa,30.0,0.5849183201789856,0.1950853019952774
1075,librosa,29.976598639455784,1.963806390762329,0.11737697571516037
1082,librosa,30.0,0.9799044728279114,0.15958541631698608
1083,librosa,29.976598639455784,0.9570133090019226,0.2982906699180603
1087,librosa,30.0,0.9802116751670837,0.34117600321769714
1102,librosa,30.0,0.938642144203186,0.10890357941389084
1193,librosa,30.0,0.9286684989929199,0.17991851270198822
1195,librosa,30.0,1.0501477718353271,0.25151073932647705
1196,librosa,30.0,0.9116384983062744,0.20426036417484283
1197,librosa,29.976598639455784,1.030178427696228,0.16930213570594788
1249,librosa,29.976598639455784,1.3204740285873413,0.6303395628929138
1259,librosa,29.976598639455784,1.0234111547470093,0.1518976390361786
1270,librosa,30.0,0.965268075466156,0.19798673689365387
1276,librosa,30.0,0.9470354318618774,0.24615822732448578
1277,librosa,29.976598639455784,0.942438542842865,0.16965846717357635
1278,librosa,30.0,0.8972225189208984,0.14411044120788574
1417,librosa,29.976598639455784,0.8364444971084595,0.14741680026054382
1427,librosa,30.0,0.5860761404037476,0.11539464443922043
1443,librosa,29.976598639455784,1.014374852180481,0.25427713990211487
1482,librosa,29.976598639455784,0.9204277396202087,0.3020510673522949
1510,librosa,29.976598639455784,0.5367716550827026,0.03559030219912529
1544,librosa,30.0,0.32692551612854004,0.05690566450357437
1642,librosa,29.988979591836735,0.9662373065948486,0.13088645040988922
1644,librosa,29.988979591836735,0.9099214673042297,0.23925070464611053
1649,librosa,29.988979591836735,1.0394067764282227,0.2935296893119812
1661,librosa,29.988979591836735,1.0801842212677002,0.27659332752227783
1663,librosa,30.0,0.5625975131988525,0.11708351969718933
1666,librosa,29.976598639455784,0.6813687086105347,0.10993988811969757
1673,librosa,30.0,0.7940385341644287,0.029783405363559723
1680,librosa,29.976598639455784,0.8892844319343567,0.13293971121311188
1681,librosa,29.976598639455784,0.974290668964386,0.16215254366397858
1682,librosa,29.976598639455784,0.958653450012207,0.14994597434997559
1683,librosa,30.0,0.9522408246994019,0.15365231037139893
1684,librosa,29.976598639455784,0.9943262934684753,0.21010741591453552
1685,librosa,29.976598639455784,0.9599213600158691,0.11366769671440125
1686,librosa,29.976598639455784,0.8736900091171265,0.14688171446323395
1687,librosa,29.976598639455784,0.7794559001922607,0.12544433772563934
1688,librosa,30.0,0.9550082683563232,0.18540509045124054
1689,librosa,30.0,0.9593280553817749,0.13621476292610168
1701,librosa,29.976598639455784,0.7177051305770874,0.10532978922128677
1702,librosa,30.0,0.8226473331451416,0.15220241248607635
1703,librosa,29.976598639455784,0.7102717161178589,0.06521057337522507
1704,librosa,30.0,0.9930635094642639,0.11756417900323868
1706,librosa,29.976598639455784,0.955263614654541,0.2515690326690674
1720,librosa,29.976598639455784,0.630612850189209,0.11132225394248962
1732,librosa,30.0,0.82823646068573,0.1768101155757904
1733,librosa,30.0,1.0175055265426636,0.32680466771125793
1735,librosa,29.976598639455784,0.8467185497283936,0.24390318989753723
1736,librosa,29.976598639455784,0.6104874610900879,0.10842163860797882
1883,librosa,30.0,0.7991045713424683,0.16458894312381744
1891,librosa,29.976598639455784,0.7758911848068237,0.17282919585704803
1893,librosa,29.976598639455784,0.4959716200828552,0.07789497822523117
1924,librosa,29.976598639455784,1.0753235816955566,0.3186521530151367
1925,librosa,30.0,0.9114323854446411,0.26407769322395325
1929,librosa,29.976598639455784,0.96405029296875,0.3405711352825165
1930,librosa,29.976598639455784,0.9755339622497559,0.23833106458187103
2012,librosa,30.0,0.9764173030853271,0.278211772441864
2096,librosa,29.976598639455784,0.965640664100647,0.38157495856285095
2097,librosa,30.0,0.9217777252197266,0.18504337966442108
2099,librosa,29.976598639455784,1.0454461574554443,0.23224468529224396
3263,librosa,29.976598639455784,0.6046653985977173,0.15078116953372955
3264,librosa,29.976598639455784,0.5430234670639038,0.11075998842716217
3265,librosa,30.0,0.5723744630813599,0.13368433713912964
3266,librosa,30.0,0.23716570436954498,0.040337637066841125
3270,librosa,29.976598639455784,0.4601627588272095,0.08890678733587265
3271,librosa,29.976598639455784,0.38369494676589966,0.052818719297647476
3272,librosa,29.976598639455784,0.7206814289093018,0.11660565435886383
3273,librosa,30.0,0.5530969500541687,0.0711902529001236
3274,librosa,30.0,0.7096217274665833,0.10243798792362213
3492,librosa,30.0,0.6184519529342651,0.06937266141176224
3532,librosa,30.0,0.5055785179138184,0.06695567071437836
3533,librosa,30.0,0.9514554142951965,0.08459598571062088
3534,librosa,29.976598639455784,0.7547891736030579,0.10813280940055847
3535,librosa,29.976598639455784,0.760799765586853,0.08374717086553574
3537,librosa,29.976598639455784,0.7008693218231201,0.07295284420251846
3538,librosa,29.976598639455784,0.3877168893814087,0.05118327960371971
3573,librosa,30.0,0.6605362892150879,0.15277618169784546
3598,librosa,29.976598639455784,0.8755803108215332,0.10084937512874603
3624,librosa,30.0,0.9862769246101379,0.1993941068649292
3707,librosa,30.0,0.6939386129379272,0.09049653261899948
3708,librosa,29.976598639455784,0.8285599946975708,0.11295320093631744
3720,librosa,29.976598639455784,0.8301861882209778,0.1912519782781601
3721,librosa,29.976598639455784,0.88230961561203,0.2099355012178421
3722,librosa,29.976598639455784,0.9799145460128784,0.24499288201332092
3724,librosa,30.0,0.9890061616897583,0.2407420426607132
3725,librosa,29.976598639455784,0.9156250953674316,0.20942851901054382
3761,librosa,30.0,0.5518596172332764,0.07207825034856796
3762,librosa,30.0,0.906243085861206,0.14801999926567078
3763,librosa,29.976598639455784,0.8795784115791321,0.1630992293357849
3765,librosa,29.976598639455784,0.7569620013237,0.1600290983915329
3766,librosa,29.976598639455784,0.9415424466133118,0.2061176300048828
3775,librosa,29.976598639455784,0.5703709125518799,0.06857970356941223
3776,librosa,30.0,0.7437834739685059,0.09630758315324783
3777,librosa,29.976598639455784,1.3833022117614746,0.07472089678049088
3778,librosa,29.976598639455784,0.9747178554534912,0.09979432076215744
3779,librosa,29.976598639455784,0.7380717992782593,0.0855167806148529
3832,librosa,29.976598639455784,0.6584715843200684,0.08512064069509506
3833,librosa,29.976598639455784,0.7542597055435181,0.17684084177017212
3840,librosa,29.976598639455784,0.8929499387741089,0.1983610987663269
3880,librosa,29.976598639455784,0.6004562377929688,0.09585235267877579
3895,librosa,29.976598639455784,0.6132082939147949,0.1343686431646347
3896,librosa,29.976598639455784,0.6511512994766235,0.15169212222099304
3904,librosa,30.0,0.9833743572235107,0.2567383646965027
3905,librosa,29.976598639455784,0.8847290277481079,0.16100789606571198
3906,librosa,30.0,0.9793868660926819,0.19888174533843994
3908,librosa,29.976598639455784,0.7981580495834351,0.19137516617774963
3909,librosa,29.976598639455784,0.967883825302124,0.2181316614151001
3910,librosa,29.976598639455784,1.0102910995483398,0.19675490260124207
3911,librosa,30.0,0.8590947985649109,0.21914979815483093
3912,librosa,29.976598639455784,0.9869052171707153,0.20527739822864532
3913,librosa,29.976598639455784,0.9835283756256104,0.19642050564289093
3920,librosa,29.976598639455784,0.8854106664657593,0.11184170097112656
3921,librosa,30.0,0.5747195482254028,0.0797431617975235
3950,librosa,30.0,0.6126763224601746,0.10151161998510361
4013,librosa,29.976598639455784,0.15557780861854553,0.01853032410144806
4017,librosa,29.976598639455784,0.3586111068725586,0.0384136438369751
4022,librosa,30.0,0.733983039855957,0.11092587560415268
4037,librosa,30.0,0.876750111579895,0.11673808097839355
4066,librosa,29.976598639455784,0.5099483728408813,0.061575401574373245
4067,librosa,29.976598639455784,0.510470986366272,0.05941362306475639
4068,librosa,30.0,0.41684404015541077,0.055932994931936264
4069,librosa,29.976598639455784,0.4103594720363617,0.07195813953876495
4070,librosa,29.976598639455784,0.7676074504852295,0.1583923101425171
4071,librosa,29.976598639455784,0.7764307260513306,0.17374247312545776
4072,librosa,30.0,0.6327780485153198,0.13663284480571747
4073,librosa,29.976598639455784,0.7773904800415039,0.15921522676944733
4074,librosa,29.976598639455784,0.7388556003570557,0.15836691856384277
4075,librosa,29.976598639455784,0.7546695470809937,0.16414356231689453
4076,librosa,29.976598639455784,0.5921677350997925,0.1445898860692978
4077,librosa,29.976598639455784,0.6720721125602722,0.13663367927074432
4078,librosa,29.976598639455784,0.8449254035949707,0.15302309393882751
4079,librosa,29.976598639455784,0.948501467704773,0.13389188051223755
4080,librosa,30.0,0.6962981224060059,0.15559937059879303
4091,librosa,30.0,0.8160175085067749,0.10841763764619827
4092,librosa,30.0,0.7440755367279053,0.10402831435203552
4093,librosa,30.0,0.6178278923034668,0.08829174190759659
4094,librosa,30.0,0.7885323762893677,0.11650319397449493
4095,librosa,30.0,0.5811963081359863,0.06498651206493378
4096,librosa,29.976598639455784,0.7257769107818604,0.13203014433383942
4097,librosa,29.976598639455784,0.996833324432373,0.1052669882774353
4098,librosa,29.976598639455784,0.6490549445152283,0.08664245158433914
4099,librosa,29.976598639455784,0.8230233192443848,0.0791962519288063
4100,librosa,30.0,0.8848689794540405,0.10493747144937515
4101,librosa,29.976598639455784,0.7116472721099854,0.08630561083555222
4102,librosa,30.0,0.6737650632858276,0.09227515757083893
4103,librosa,29.976598639455784,0.6909263134002686,0.09257595241069794
4108,librosa,29.976598639455784,0.33214154839515686,0.09826594591140747
4232,librosa,30.0,0.3424079716205597,0.04046839848160744
4233,librosa,30.0,0.34311366081237793,0.03486749157309532
4234,librosa,29.976598639455784,0.322407066822052,0.03905608877539635
4235,librosa,30.0,0.36152997612953186,0.035585056990385056
4236,librosa,30.0,0.3074303865432739,0.03344005346298218
4239,librosa,29.976598639455784,0.3904913067817688,0.04062224552035332
4450,librosa,29.976598639455784,0.4644722640514374,0.0465424545109272
4507,librosa,30.0,0.47265660762786865,0.06526084989309311
4508,librosa,30.0,0.5497585535049438,0.07449650019407272
4509,librosa,30.0,0.7164417505264282,0.15759684145450592
4510,librosa,29.976598639455784,0.7883672714233398,0.109815813601017
4511,librosa,30.0,0.9951838254928589,0.0965435653924942
4519,librosa,29.976598639455784,0.9611647129058838,0.1903836876153946
4520,librosa,30.0,0.9790271520614624,0.1604163944721222
4521,librosa,30.0,0.8500067591667175,0.15497438609600067
4522,librosa,29.976598639455784,0.8822565078735352,0.21118393540382385
4682,librosa,29.976598639455784,0.7316398024559021,0.11420661211013794
4684,librosa,30.0,0.7456336617469788,0.12769904732704163
4685,librosa,29.976598639455784,1.007887363433838,0.17395810782909393
4688,librosa,30.0,0.8840760588645935,0.14722609519958496
4777,librosa,29.976598639455784,0.9857622385025024,0.15340709686279297
4778,librosa,30.0,1.0088297128677368,0.10312360525131226
4779,librosa,30.0,1.0062867403030396,0.16329996287822723
4780,librosa,29.976598639455784,1.008819818496704,0.150227889418602
4781,librosa,29.976598639455784,0.9390097260475159,0.14628610014915466
4782,librosa,30.0,1.0085160732269287,0.19326475262641907
4784,librosa,29.976598639455784,1.004992961883545,0.1511242389678955
4785,librosa,30.0,1.006443977355957,0.19473432004451752
4786,librosa,30.0,1.0008180141448975,0.20229342579841614
4787,librosa,30.0,1.0031853914260864,0.17451418936252594
4788,librosa,30.0,1.005114197731018,0.1788676679134369
4799,librosa,30.0,0.9898636341094971,0.18579615652561188
4835,librosa,30.0,0.8627722263336182,0.21786116063594818
4836,librosa,30.0,1.0073906183242798,0.22998306155204773
4838,librosa,29.976598639455784,0.7556194067001343,0.1723977029323578
4846,librosa,29.976598639455784,0.18223810195922852,0.012140442617237568
4848,librosa,29.976598639455784,0.4150581657886505,0.04375489801168442
4849,librosa,29.976598639455784,0.5047173500061035,0.09468864649534225
5006,librosa,30.0,1.0122908353805542,0.34566470980644226
5156,librosa,29.976598639455784,0.8511884212493896,0.11542367190122604
5157,librosa,30.0,0.6642308235168457,0.05841926485300064
5158,librosa,29.976598639455784,0.6832387447357178,0.06557543575763702
5159,librosa,30.0,0.4630323052406311,0.08774422854185104
5169,librosa,30.0,0.5402939319610596,0.07849819958209991
5170,librosa,30.0,0.3958247900009155,0.05399184301495552
5171,librosa,30.0,0.5548050403594971,0.08338407427072525
5191,librosa,30.0,0.8163986802101135,0.13106583058834076
5264,librosa,29.976598639455784,0.8181084394454956,0.19038164615631104
5268,librosa,29.976598639455784,0.9592400789260864,0.17044097185134888
5376,librosa,29.976598639455784,0.986847996711731,0.17542016506195068
5381,librosa,30.0,0.8645989894866943,0.11655763536691666
5521,librosa,30.0,0.8281171321868896,0.14371611177921295
5879,librosa,30.0,0.9128150939941406,0.16827566921710968
5936,librosa,30.0,0.7362688779830933,0.09234972298145294
5940,librosa,30.0,0.8771474361419678,0.12506189942359924
6329,librosa,29.976598639455784,1.0089046955108643,0.16326458752155304
6330,librosa,30.0,0.9950050115585327,0.1763521283864975
6331,librosa,29.976598639455784,0.7659012675285339,0.08463911712169647
6332,librosa,29.976598639455784,0.8331097364425659,0.08018496632575989
6333,librosa,30.0,0.8000255823135376,0.1142917349934578
6342,librosa,29.976598639455784,0.9132015705108643,0.08198017627000809
6354,librosa,30.0,0.9870913028717041,0.16269002854824066
6357,librosa,30.0,1.0075535774230957,0.17800669372081757
6358,librosa,30.0,0.8359887599945068,0.10212310403585434
6360,librosa,29.976598639455784,0.9637844562530518,0.16227392852306366
6363,librosa,30.0,0.8524408340454102,0.15056313574314117
6366,librosa,30.0,0.8216638565063477,0.10431255400180817
6367,librosa,30.0,0.8936069011688232,0.11182054132223129
6368,librosa,29.976598639455784,0.822813868522644,0.12521803379058838
6370,librosa,30.0,0.9979668855667114,0.12246094644069672
6372,librosa,29.976598639455784,0.8604456782341003,0.12958675622940063
6373,librosa,30.0,0.9836726188659668,0.1251058131456375
6376,librosa,29.976598639455784,0.9798707365989685,0.16940461099147797
6379,librosa,29.976598639455784,0.8439754843711853,0.1290166825056076
6380,librosa,29.976598639455784,0.9782747030258179,0.14612232148647308
6381,librosa,29.976598639455784,1.0030133724212646,0.174270361661911
6382,librosa,30.0,0.8204731941223145,0.13268183171749115
6383,librosa,30.0,0.9674111008644104,0.13311882317066193
6385,librosa,30.0,0.8890998363494873,0.13021893799304962
6387,librosa,29.976598639455784,0.989158570766449,0.10184836387634277
6389,librosa,29.976598639455784,0.7272578477859497,0.08821747452020645
6390,librosa,30.0,0.86744225025177,0.1179085224866867
6393,librosa,29.976598639455784,0.8839328289031982,0.09369279444217682
6394,librosa,30.0,0.9186097383499146,0.1265866458415985
6396,librosa,30.0,0.9759668111801147,0.13382601737976074
6406,librosa,30.0,0.5041462182998657,0.08305253833532333
6407,librosa,30.0,0.6053439378738403,0.07923935353755951
6439,librosa,30.0,0.9219452142715454,0.10955578833818436
6440,librosa,29.976598639455784,0.9972787499427795,0.08354828506708145
6442,librosa,29.976598639455784,0.8130874633789062,0.1078265905380249
6443,librosa,30.0,0.9413233995437622,0.11121311783790588
6448,librosa,30.0,0.595727801322937,0.06994561105966568
6459,librosa,30.0,0.9805838465690613,0.13816066086292267
6461,librosa,29.976598639455784,0.9833902716636658,0.2039620280265808
6463,librosa,30.0,0.9817606210708618,0.179987832903862
6467,librosa,30.0,0.7895514369010925,0.0783916488289833
6469,librosa,29.976598639455784,0.765313446521759,0.09824932366609573
6517,librosa,29.988979591836735,0.6636084318161011,0.11931624263525009
6519,librosa,29.988979591836735,0.6689314246177673,0.11666738241910934
6603,librosa,29.976598639455784,0.8833123445510864,0.11059911549091339
6605,librosa,30.0,0.6435434818267822,0.09031542390584946
6606,librosa,29.976598639455784,0.6331034898757935,0.09635309129953384
6607,librosa,29.976598639455784,0.6215037703514099,0.10753338783979416
6608,librosa,30.0,0.9090499877929688,0.11482220143079758
6609,librosa,30.0,0.47480446100234985,0.06843932718038559
6610,librosa,30.0,0.76853346824646,0.10700270533561707
6611,librosa,30.0,0.7699576616287231,0.13459056615829468
6674,librosa,29.976598639455784,0.7219454050064087,0.0982661023736
6675,librosa,29.976598639455784,1.1985453367233276,0.47375842928886414
6677,librosa,30.0,1.2697076797485352,0.6297829747200012
6679,librosa,30.0,1.4618706703186035,0.6127650141716003
6680,librosa,30.0,1.2624635696411133,0.5854296684265137
6684,librosa,30.0,1.5252784490585327,0.735954999923706
6762,librosa,30.0,0.9652982950210571,0.2512751519680023
6776,librosa,29.976598639455784,0.5580119490623474,0.047138761729002
6778,librosa,30.0,0.6763862371444702,0.0622478686273098
6779,librosa,29.976598639455784,0.8150720596313477,0.07760041952133179
6782,librosa,30.0,0.7197355031967163,0.057345688343048096
6783,librosa,29.976598639455784,0.9231491088867188,0.0763135477900505
6788,librosa,29.976598639455784,0.7955451011657715,0.20537182688713074
6802,librosa,29.976598639455784,0.9765169620513916,0.11776707321405411
6803,librosa,29.976598639455784,0.7559390068054199,0.16427218914031982
6854,librosa,30.0,0.6145259737968445,0.09072599560022354
6855,librosa,29.976598639455784,0.9623220562934875,0.12499098479747772
6856,librosa,30.0,0.9267119765281677,0.12555089592933655
6857,librosa,29.976598639455784,0.5672459602355957,0.11469602584838867
7011,librosa,29.976598639455784,0.9098893404006958,0.18557754158973694
7373,librosa,29.976598639455784,1.199662685394287,0.20382274687290192
7374,librosa,29.976598639455784,1.0694772005081177,0.18337894976139069
7375,librosa,29.976598639455784,1.483239769935608,0.3578161597251892
7376,librosa,29.976598639455784,0.7682840824127197,0.0914628803730011
7377,librosa,29.976598639455784,1.3245556354522705,0.3305365741252899
7378,librosa,30.0,0.4530962407588959,0.07894030958414078
7379,librosa,29.976598639455784,1.8242764472961426,0.4020361304283142
7381,librosa,30.0,0.6040554046630859,0.10794198513031006
7383,librosa,30.0,1.3044483661651611,0.16859735548496246
7385,librosa,29.976598639455784,1.1257113218307495,0.28026044368743896
7386,librosa,29.976598639455784,1.2949256896972656,0.18539562821388245
7388,librosa,29.976598639455784,1.0602896213531494,0.13641537725925446
7391,librosa,29.976598639455784,1.6641473770141602,0.3539901077747345
7393,librosa,29.976598639455784,0.9670194387435913,0.05231674388051033
7481,librosa,29.976598639455784,0.9830204248428345,0.17748720943927765
7482,librosa,30.0,1.0042295455932617,0.151277095079422
7483,librosa,30.0,1.0250040292739868,0.20273810625076294
7487,librosa,29.976598639455784,0.9482470750808716,0.17020349204540253
7488,librosa,29.976598639455784,1.0025837421417236,0.19061636924743652
7489,librosa,29.976598639455784,0.9243110418319702,0.2616710662841797
7490,librosa,29.976598639455784,1.0019917488098145,0.18687723577022552
7491,librosa,30.0,1.1299755573272705,0.3259192407131195
7492,librosa,29.976598639455784,1.047804594039917,0.2591642439365387
7495,librosa,29.976598639455784,0.9778666496276855,0.14222007989883423
7526,librosa,29.976598639455784,0.9242768883705139,0.17980697751045227
7527,librosa,29.976598639455784,0.9451431035995483,0.18084028363227844
7528,librosa,30.0,0.976934015750885,0.18948490917682648
7529,librosa,29.976598639455784,0.9305456876754761,0.20246128737926483
7548,librosa,29.976598639455784,0.9391167163848877,0.14840863645076752
7554,librosa,30.0,0.9001468420028687,0.18193520605564117
7709,librosa,29.976598639455784,0.30487099289894104,0.03677019476890564
7710,librosa,30.0,0.5331169366836548,0.057699158787727356
7711,librosa,29.976598639455784,0.40495729446411133,0.06281767040491104
7712,librosa,30.0,0.313535213470459,0.03468944504857063
7713,librosa,30.0,0.332278847694397,0.04058421030640602
7872,librosa,29.976598639455784,1.0216178894042969,0.14815577864646912
8056,librosa,30.0,0.8432191610336304,0.12131800502538681
8208,librosa,30.0,0.9917244911193848,0.17787912487983704
8256,librosa,30.0,0.9963581562042236,0.1929330676794052
8259,librosa,30.0,0.9865525960922241,0.20655179023742676
8261,librosa,30.0,0.7321147918701172,0.07903601229190826
8345,librosa,29.976598639455784,0.5809972882270813,0.04661808907985687
8357,librosa,29.976598639455784,0.9794799089431763,0.08933649957180023
8363,librosa,30.0,1.0033878087997437,0.15723690390586853
8372,librosa,30.0,1.0295416116714478,0.1382603496313095
8416,librosa,29.976598639455784,0.5785707235336304,0.1501767337322235
9152,librosa,30.0,0.9604319930076599,0.23342344164848328
9155,librosa,30.0,0.7639942169189453,0.12965774536132812
9307,librosa,30.0,0.31123000383377075,0.12932279706001282
9476,librosa,29.976598639455784,0.27613669633865356,0.027334444224834442
9477,librosa,29.976598639455784,1.1227973699569702,0.39474180340766907
9491,librosa,30.0,1.2767174243927002,0.3630202114582062
9505,librosa,29.976598639455784,1.3207521438598633,0.5225489139556885
9511,librosa,29.976598639455784,0.956922173500061,0.33480581641197205
9512,librosa,29.976598639455784,0.9378509521484375,0.1964304894208908
9513,librosa,30.0,1.0092883110046387,0.2636317014694214
9550,librosa,29.988979591836735,1.028165578842163,0.31082430481910706
9553,librosa,30.0,0.9699331521987915,0.15702514350414276
9555,librosa,30.0,1.0483953952789307,0.33184441924095154
9557,librosa,29.976598639455784,0.7287818789482117,0.13461017608642578
9559,librosa,29.976598639455784,1.0766997337341309,0.2614406943321228
9560,librosa,30.0,1.0017530918121338,0.25160959362983704
9678,librosa,30.0,0.9616483449935913,0.2277200073003769
9721,librosa,30.0,1.6261560916900635,0.7035233974456787
9846,librosa,30.0,0.10276687145233154,0.005064134951680899
9887,librosa,29.988979591836735,0.5038822889328003,0.0869051069021225
9888,librosa,29.976598639455784,0.22281023859977722,0.048265453428030014
9918,librosa,29.976598639455784,1.0227982997894287,0.3380228877067566
9962,librosa,29.988979591836735,0.9466267824172974,0.14163672924041748
10186,librosa,29.976598639455784,0.8667658567428589,0.17197158932685852
10192,librosa,29.976598639455784,0.9999479055404663,0.15243814885616302
10250,librosa,29.976598639455784,1.0008113384246826,0.08477497100830078
10374,librosa,29.976598639455784,1.0136250257492065,0.24052008986473083
10375,librosa,29.976598639455784,1.0435622930526733,0.22413820028305054
10376,librosa,29.976598639455784,0.7917354106903076,0.1427365094423294
10377,librosa,29.976598639455784,1.0485987663269043,0.2474926859140396
10381,librosa,29.976598639455784,0.9803199172019958,0.1864524781703949
10382,librosa,29.976598639455784,0.3101990818977356,0.08251387625932693
10383,librosa,29.976598639455784,0.9245373010635376,0.21837185323238373
10384,librosa,30.0,0.8511089086532593,0.19018520414829254
10385,librosa,30.0,0.6140429973602295,0.1291150599718094
10386,librosa,30.0,0.9203537702560425,0.20966662466526031
10387,librosa,30.0,0.9125790596008301,0.22434677183628082
10388,librosa,29.976598639455784,0.8580033779144287,0.20536759495735168
10389,librosa,30.0,0.8831840753555298,0.16443544626235962
10435,librosa,29.976598639455784,0.9750601649284363,0.2705538272857666
10438,librosa,30.0,0.3323978781700134,0.08085490018129349
10439,librosa,29.976598639455784,0.6636264324188232,0.16361357271671295
10440,librosa,29.976598639455784,0.5613974332809448,0.16223382949829102
10441,librosa,30.0,0.886157214641571,0.18491299450397491
10442,librosa,30.0,0.6960470676422119,0.1700681447982788
10443,librosa,30.0,0.9939727187156677,0.2236592173576355
10444,librosa,30.0,0.9125849008560181,0.17389075458049774
10447,librosa,29.976598639455784,0.9292570948600769,0.20413807034492493
10458,librosa,30.0,0.9425886869430542,0.21122534573078156
10480,librosa,29.976598639455784,0.8023475408554077,0.18378408253192902
10481,librosa,29.976598639455784,0.9347549676895142,0.18840835988521576
10485,librosa,29.976598639455784,0.7665383815765381,0.17610080540180206
10521,librosa,29.976598639455784,0.9657508730888367,0.18294359743595123
10527,librosa,30.0,1.008739948272705,0.22909311950206757
10535,librosa,29.976598639455784,0.8972212672233582,0.19039583206176758
10541,librosa,29.976598639455784,0.9173787832260132,0.07120411098003387
10575,librosa,30.0,1.0562437772750854,0.22442767024040222
10577,librosa,30.0,1.0430527925491333,0.1647098809480667
10668,librosa,29.976598639455784,0.18396195769309998,0.045636411756277084
10669,librosa,30.0,1.1033570766448975,0.3602835536003113
10670,librosa,30.0,1.047412395477295,0.35910487174987793
10671,librosa,29.976598639455784,1.0693156719207764,0.32621854543685913
10672,librosa,30.0,1.0499964952468872,0.25726988911628723
10673,librosa,29.976598639455784,1.015959620475769,0.3640839755535126
10674,librosa,30.0,0.5488594174385071,0.06554967164993286
10675,librosa,29.976598639455784,0.5592212677001953,0.13249878585338593
10676,librosa,29.976598639455784,0.9637815356254578,0.23748661577701569
10677,librosa,30.0,1.0061051845550537,0.2565951645374298
10678,librosa,30.0,0.7118633985519409,0.18237605690956116
10679,librosa,30.0,0.9710611701011658,0.21048101782798767
10682,librosa,30.0,0.8913887739181519,0.24323438107967377
10684,librosa,30.0,0.9545691013336182,0.23786364495754242
10693,librosa,29.976598639455784,1.03787100315094,0.209051251411438
10694,librosa,30.0,0.8517812490463257,0.18148548901081085
10695,librosa,29.976598639455784,0.3885522484779358,0.08884118497371674
10696,librosa,30.0,1.060206413269043,0.2350340336561203
10697,librosa,30.0,1.027522325515747,0.19875378906726837
10698,librosa,30.0,0.9552696347236633,0.09323396533727646
10699,librosa,30.0,0.7148571014404297,0.06496469676494598
10805,librosa,29.976598639455784,1.1950912475585938,0.25287190079689026
10806,librosa,30.0,1.056424617767334,0.2557794451713562
10807,librosa,30.0,0.8921703696250916,0.24949538707733154
10808,librosa,29.976598639455784,1.0222891569137573,0.23944519460201263
10809,librosa,30.0,1.3308026790618896,0.2911778688430786
10810,librosa,30.0,0.792523205280304,0.24909278750419617
10983,librosa,30.0,1.7548812627792358,0.7894291281700134
10992,librosa,30.0,0.9515366554260254,0.19537097215652466
10993,librosa,30.0,0.9988887310028076,0.22115139663219452
11019,librosa,29.976598639455784,1.0356030464172363,0.22654563188552856
11020,librosa,29.976598639455784,1.0294873714447021,0.16071423888206482
11059,librosa,30.0,1.0218356847763062,0.15249697864055634
11198,librosa,30.0,0.38374871015548706,0.05940840393304825
11199,librosa,29.976598639455784,0.3340381979942322,0.056288156658411026
11200,librosa,30.0,0.28659510612487793,0.03611619397997856
11204,librosa,29.976598639455784,0.38863956928253174,0.10776939243078232
11206,librosa,30.0,0.3186754584312439,0.06502912193536758
11234,librosa,29.976598639455784,0.3612082600593567,0.06258585304021835
11237,librosa,30.0,0.9286647439002991,0.2845742106437683
11239,librosa,29.976598639455784,1.4862844944000244,0.23603413999080658
11242,librosa,30.0,0.5954129099845886,0.08887804299592972
11261,librosa,29.976598639455784,0.9731897115707397,0.22214487195014954
11262,librosa,29.976598639455784,0.9901675581932068,0.31416305899620056
11264,librosa,29.976598639455784,0.9756450057029724,0.3220542371273041
11268,librosa,29.976598639455784,1.0885779857635498,0.20259450376033783
11298,librosa,29.976598639455784,1.0163211822509766,0.2789022922515869
11299,librosa,29.976598639455784,1.1118465662002563,0.208915576338768
11306,librosa,30.0,0.9681904911994934,0.15682384371757507
11333,librosa,30.0,0.5155408382415771,0.09504203498363495
11334,librosa,29.976598639455784,0.4465581178665161,0.09383131563663483
11503,librosa,30.0,0.7000800967216492,0.2207106500864029
11504,librosa,29.976598639455784,0.6653820276260376,0.1603126972913742
11505,librosa,29.976598639455784,1.0055670738220215,0.15320657193660736
11508,librosa,29.976598639455784,0.8623226881027222,0.23165400326251984
11544,librosa,30.0,0.5984277725219727,0.11984752118587494
11638,librosa,29.976598639455784,1.031220555305481,0.16640552878379822
11671,librosa,29.976598639455784,0.5224280953407288,0.08049296587705612
11672,librosa,29.976598639455784,1.0018450021743774,0.0884656086564064
11673,librosa,30.0,0.4790177345275879,0.06144706904888153
11674,librosa,29.976598639455784,1.0060009956359863,0.10269483923912048
11675,librosa,29.976598639455784,0.6608677506446838,0.06556224077939987
11677,librosa,30.0,0.8126461505889893,0.0992506667971611
11679,librosa,30.0,0.9745806455612183,0.23115281760692596
11681,librosa,30.0,0.63054358959198,0.08825483173131943
11682,librosa,29.976598639455784,0.611578106880188,0.06328551471233368
11683,librosa,29.976598639455784,0.8513807058334351,0.10205361992120743
11763,librosa,29.976598639455784,0.7126534581184387,0.12704280018806458
11764,librosa,29.976598639455784,0.8439392447471619,0.16267244517803192
11765,librosa,29.976598639455784,0.943841278553009,0.20329931378364563
11766,librosa,29.976598639455784,0.8910953998565674,0.14143919944763184
11767,librosa,29.976598639455784,0.9061213731765747,0.18914447724819183
11768,librosa,29.976598639455784,0.8768605589866638,0.10646823793649673
11769,librosa,29.976598639455784,0.8184084892272949,0.13591861724853516
11770,librosa,29.976598639455784,0.8939048051834106,0.1082611232995987
11771,librosa,30.0,0.9165068864822388,0.14596715569496155
11772,librosa,29.976598639455784,0.75417160987854,0.13972711563110352
11773,librosa,29.976598639455784,0.8387243151664734,0.13430379331111908
11774,librosa,30.0,0.9177312254905701,0.2075866013765335
11775,librosa,30.0,0.7743663787841797,0.1584940254688263
11776,librosa,30.0,0.8969292640686035,0.18336349725723267
11777,librosa,29.976598639455784,0.893065333366394,0.16277149319648743
11778,librosa,30.0,0.7575886249542236,0.13847112655639648
11779,librosa,29.976598639455784,0.7658742070198059,0.14520315825939178
11780,librosa,29.976598639455784,0.8159219622612,0.14463326334953308
11781,librosa,29.976598639455784,0.9535847902297974,0.1768348515033722
11782,librosa,29.976598639455784,0.5184524655342102,0.057655464857816696
11783,librosa,30.0,0.7710820436477661,0.1307106614112854
11784,librosa,29.976598639455784,0.8310685753822327,0.1779276430606842
11785,librosa,30.0,0.8098428249359131,0.150833398103714
11786,librosa,29.976598639455784,0.9035824537277222,0.2159547507762909
11787,librosa,30.0,0.9148891568183899,0.1356934756040573
11788,librosa,30.0,0.7996468544006348,0.16549502313137054
11789,librosa,29.976598639455784,0.7732617855072021,0.1465049535036087
11790,librosa,30.0,0.8220638036727905,0.229055717587471
11791,librosa,30.0,0.7785202860832214,0.13942570984363556
11792,librosa,30.0,0.9889310002326965,0.17459681630134583
11793,librosa,30.0,0.8477057218551636,0.16053898632526398
11794,librosa,30.0,0.7707310914993286,0.13125699758529663
11795,librosa,30.0,0.7629177570343018,0.1432255059480667
11803,librosa,30.0,0.9756124019622803,0.1820458322763443
11818,librosa,29.976598639455784,0.969294548034668,0.19039668142795563
11839,librosa,29.976598639455784,0.9440972208976746,0.2229052633047104
11861,librosa,29.976598639455784,1.0521281957626343,0.28353455662727356
11862,librosa,29.976598639455784,1.0371438264846802,0.3015381991863251
11867,librosa,29.976598639455784,1.0195772647857666,0.33422932028770447
11868,librosa,29.976598639455784,1.0430227518081665,0.2986351251602173
11916,librosa,29.976598639455784,1.098149299621582,0.20878304541110992
11917,librosa,29.976598639455784,1.1213655471801758,0.21982446312904358
11918,librosa,30.0,1.0872420072555542,0.3735294044017792
11919,librosa,30.0,1.0938026905059814,0.2376372367143631
11920,librosa,29.976598639455784,1.1777307987213135,0.2925191819667816
11921,librosa,30.0,0.6365700960159302,0.1072310209274292
11922,librosa,30.0,1.1073622703552246,0.1912579983472824
11933,librosa,30.0,0.30035457015037537,0.07135496288537979
11937,librosa,29.976598639455784,0.43933358788490295,0.045778557658195496
11942,librosa,29.976598639455784,0.42759329080581665,0.08556698262691498
11946,librosa,29.976598639455784,0.8236511945724487,0.13952907919883728
11947,librosa,29.988979591836735,1.2510120868682861,0.25429922342300415
11951,librosa,29.976598639455784,0.7516063451766968,0.18600448966026306
12045,librosa,30.0,0.9076748490333557,0.2827196717262268
12046,librosa,29.976598639455784,0.9617464542388916,0.24993883073329926
12047,librosa,30.0,0.7406720519065857,0.12070726603269577
12048,librosa,30.0,0.982903003692627,0.18789510428905487
12049,librosa,30.0,0.5765008926391602,0.10701282322406769
12050,librosa,30.0,1.0452773571014404,0.2548135221004486
12051,librosa,30.0,0.7388410568237305,0.14959189295768738
12052,librosa,29.976598639455784,0.821171760559082,0.21357117593288422
12053,librosa,29.976598639455784,0.7664440274238586,0.20738348364830017
12058,librosa,29.976598639455784,0.972760796546936,0.2431350201368332
12059,librosa,29.976598639455784,0.5628799200057983,0.16931329667568207
12060,librosa,30.0,0.9158158898353577,0.23186229169368744
12061,librosa,30.0,0.48008131980895996,0.11720161885023117
12062,librosa,29.976598639455784,0.8250166177749634,0.2123585194349289
12064,librosa,29.976598639455784,0.8006144762039185,0.20625850558280945
12065,librosa,30.0,0.9993208646774292,0.26863399147987366
12066,librosa,29.976598639455784,0.44377589225769043,0.10616905242204666
12067,librosa,29.976598639455784,0.8199996948242188,0.24589903652668
12109,librosa,29.976598639455784,1.0495399236679077,0.12051049619913101
12146,librosa,30.0,1.035266637802124,0.3642082214355469
12147,librosa,30.0,0.9784541726112366,0.29219841957092285
12173,librosa,29.976598639455784,0.3728339672088623,0.09587447345256805
12174,librosa,30.0,0.38271644711494446,0.05738616734743118
12179,librosa,30.0,0.4183887243270874,0.08510090410709381
12188,librosa,29.976598639455784,0.39778804779052734,0.0498795285820961
12189,librosa,29.976598639455784,0.38221800327301025,0.06866616755723953
12346,librosa,30.0,0.41160112619400024,0.06851973384618759
12348,librosa,29.976598639455784,0.8698246479034424,0.14578567445278168
12349,librosa,29.976598639455784,1.022287130355835,0.16492193937301636
12350,librosa,30.0,0.9088343977928162,0.13750974833965302
12351,librosa,29.976598639455784,0.663766086101532,0.06419341266155243
12352,librosa,29.976598639455784,0.6493810415267944,0.10853476822376251
12353,librosa,29.976598639455784,0.8487142324447632,0.13787421584129333
12355,librosa,29.976598639455784,0.39616674184799194,0.0576324388384819
12376,librosa,30.0,0.5110434889793396,0.09085504710674286
12387,librosa,30.0,0.3837587237358093,0.09360737353563309
12390,librosa,30.0,0.5462197065353394,0.1053275614976883
12394,librosa,30.0,0.6034408807754517,0.10558473318815231
12481,librosa,30.0,0.9014140367507935,0.17400583624839783
12482,librosa,30.0,0.6668350100517273,0.16589900851249695
12484,librosa,29.976598639455784,0.8637444972991943,0.2073383778333664
12485,librosa,29.976598639455784,0.9908393621444702,0.15397754311561584
12486,librosa,29.976598639455784,0.7507268786430359,0.16532275080680847
12487,librosa,30.0,0.9109878540039062,0.1917506903409958
12488,librosa,29.976598639455784,0.7672048211097717,0.17048707604408264
12489,librosa,29.976598639455784,0.9299495220184326,0.18537172675132751
12490,librosa,29.976598639455784,0.7907012104988098,0.19384931027889252
12508,librosa,29.976598639455784,0.8854847550392151,0.2234261929988861
12513,librosa,30.0,0.8897391557693481,0.22233593463897705
12514,librosa,29.976598639455784,0.8267700672149658,0.22737380862236023
12518,librosa,29.976598639455784,0.4077261686325073,0.12496372312307358
12521,librosa,30.0,0.41566723585128784,0.08406181633472443
12526,librosa,30.0,0.31093543767929077,0.10509247332811356
12527,librosa,29.976598639455784,0.44098103046417236,0.08460696041584015
12530,librosa,29.976598639455784,0.3547813296318054,0.11131302267313004
12531,librosa,30.0,0.32436108589172363,0.09734254330396652
12532,librosa,29.976598639455784,0.7395778298377991,0.09661448001861572
12537,librosa,30.0,0.6769052147865295,0.12113617360591888
12551,librosa,30.0,0.5010369420051575,0.102394700050354
12552,librosa,29.976598639455784,0.42749983072280884,0.0991581380367279
12654,librosa,29.976598639455784,0.8550847172737122,0.23053769767284393
12690,librosa,30.0,0.9984499216079712,0.15911556780338287
12691,librosa,30.0,0.903069019317627,0.16365419328212738
12692,librosa,30.0,1.1423847675323486,0.170405775308609
12737,librosa,30.0,0.6199368834495544,0.14069849252700806
12985,librosa,29.976598639455784,0.5832729339599609,0.19526377320289612
12986,librosa,30.0,0.568281888961792,0.18334591388702393
13191,librosa,29.976598639455784,0.729090690612793,0.06756962835788727
13197,librosa,30.0,0.43277618288993835,0.09536691009998322
13199,librosa,29.976598639455784,0.41722866892814636,0.11669167876243591
13201,librosa,29.976598639455784,0.6337026953697205,0.1077515035867691
13218,librosa,30.0,0.41040563583374023,0.06713880598545074
13220,librosa,30.0,0.4359442889690399,0.10864478349685669
13325,librosa,29.976598639455784,0.3762667775154114,0.090947724878788
13328,librosa,29.976598639455784,0.42770546674728394,0.07603796571493149
13362,librosa,30.0,0.4830617606639862,0.10764434188604355
13378,librosa,29.976598639455784,0.43296530842781067,0.12273043394088745
13474,librosa,29.976598639455784,0.8132877349853516,0.18066051602363586
13537,librosa,30.0,0.6163390278816223,0.06534302979707718
13538,librosa,30.0,0.5372883081436157,0.07621873915195465
13539,librosa,29.976598639455784,0.5024548768997192,0.06756182760000229
13540,librosa,30.0,0.55051589012146,0.06844376027584076
13556,librosa,30.0,0.38383355736732483,0.12714092433452606
13561,librosa,30.0,0.5973852276802063,0.1266346424818039
13562,librosa,30.0,0.5286527872085571,0.09619202464818954
13566,librosa,30.0,0.6007610559463501,0.10007656365633011
13571,librosa,29.976598639455784,0.40612614154815674,0.1227506548166275
13578,librosa,30.0,0.6628234386444092,0.06798679381608963
13591,librosa,30.0,0.458608478307724,0.07882171124219894
13596,librosa,30.0,0.45529499650001526,0.10291856527328491
13666,librosa,29.976598639455784,0.3993903398513794,0.10994046926498413
13668,librosa,30.0,0.4234392046928406,0.09623783826828003
13670,librosa,29.976598639455784,0.40073153376579285,0.0943002700805664
13706,librosa,29.976598639455784,0.9284611940383911,0.1596291959285736
13707,librosa,30.0,0.7974416613578796,0.13670971989631653
13708,librosa,29.976598639455784,1.0024586915969849,0.307972252368927
13709,librosa,29.976598639455784,1.0687074661254883,0.18270081281661987
13710,librosa,30.0,1.1860133409500122,0.35812821984291077
13711,librosa,29.976598639455784,0.9288123846054077,0.1893043965101242
13735,librosa,29.976598639455784,1.0019266605377197,0.28565624356269836
13747,librosa,30.0,1.1420376300811768,0.28933000564575195
13748,librosa,29.976598639455784,0.9857722520828247,0.31976959109306335
13749,librosa,30.0,1.3168612718582153,0.34114938974380493
13767,librosa,29.976598639455784,0.7678821086883545,0.11646302044391632
13768,librosa,30.0,0.8518549203872681,0.11481496691703796
13804,librosa,30.0,0.6496880054473877,0.14051088690757751
13927,librosa,29.976598639455784,0.9057934880256653,0.16327078640460968
13928,librosa,30.0,0.9633716940879822,0.15846648812294006
13929,librosa,30.0,0.934880256652832,0.17593322694301605
13930,librosa,29.976598639455784,0.9847841262817383,0.19380152225494385
14063,librosa,29.976598639455784,1.2415728569030762,0.3307061195373535
14208,librosa,29.976598639455784,0.9507230520248413,0.2151627242565155
14315,librosa,29.976598639455784,0.5916181206703186,0.06647397577762604
14316,librosa,30.0,0.33567628264427185,0.03511582687497139
14317,librosa,30.0,0.5501508712768555,0.09576976299285889
14318,librosa,29.976598639455784,0.43595463037490845,0.04503542184829712
14319,librosa,30.0,0.4198833703994751,0.08213740587234497
14320,librosa,30.0,0.21960003674030304,0.03943517804145813
14344,librosa,29.976598639455784,0.37780505418777466,0.06045958027243614
14358,librosa,29.976598639455784,1.1009635925292969,0.25698211789131165
14363,librosa,30.0,1.0375999212265015,0.31446871161460876
14365,librosa,29.976598639455784,1.0495706796646118,0.28763875365257263
14386,librosa,29.976598639455784,0.973961591720581,0.20044581592082977
14391,librosa,30.0,1.1560132503509521,0.3583396077156067
14538,librosa,29.976598639455784,0.9934786558151245,0.21606482565402985
14539,librosa,30.0,0.9303169250488281,0.23025424778461456
14541,librosa,30.0,0.9910386800765991,0.21347494423389435
14542,librosa,30.0,0.9620265960693359,0.20087753236293793
14568,librosa,29.976598639455784,1.0196435451507568,0.1768430471420288
14569,librosa,30.0,0.4400055408477783,0.07226105034351349
14570,librosa,30.0,0.8351924419403076,0.17475809156894684
14571,librosa,29.976598639455784,0.8699764013290405,0.14674466848373413
14572,librosa,29.976598639455784,1.0820834636688232,0.13057716190814972
14576,librosa,30.0,0.7844762802124023,0.10247470438480377
14577,librosa,30.0,1.0248634815216064,0.21408022940158844
14578,librosa,29.976598639455784,0.9115956425666809,0.18587665259838104
14579,librosa,30.0,0.838508129119873,0.12248129397630692
14580,librosa,29.976598639455784,0.9474663734436035,0.13293194770812988
14581,librosa,29.976598639455784,0.797057032585144,0.12171071022748947
14583,librosa,30.0,1.0062909126281738,0.15133991837501526
14584,librosa,30.0,0.9628685116767883,0.1590193659067154
14585,librosa,29.976598639455784,1.1711114645004272,0.2266237586736679
14586,librosa,29.976598639455784,0.9389413595199585,0.10332430154085159
14588,librosa,29.976598639455784,0.9711679220199585,0.06693948060274124
14589,librosa,30.0,0.8656469583511353,0.157029390335083
14590,librosa,29.976598639455784,0.689202070236206,0.07647796720266342
14601,librosa,30.0,0.22743499279022217,0.025040268898010254
14602,librosa,29.976598639455784,0.5479693412780762,0.061609093099832535
14603,librosa,29.976598639455784,0.33272868394851685,0.037140946835279465
14604,librosa,29.976598639455784,0.4763472378253937,0.04304693266749382
14653,librosa,29.976598639455784,1.0331737995147705,0.27763915061950684
14661,librosa,29.976598639455784,0.9912320375442505,0.1816955953836441
14663,librosa,29.976598639455784,1.069541096687317,0.3467614948749542
14684,librosa,29.976598639455784,0.9888861179351807,0.25713813304901123
14690,librosa,30.0,1.359562635421753,0.442706435918808
14693,librosa,30.0,1.0191324949264526,0.26257622241973877
14733,librosa,30.0,0.8836315870285034,0.14285095036029816
14734,librosa,30.0,0.8360987901687622,0.10545793175697327
14735,librosa,30.0,0.798785924911499,0.10072480142116547
14736,librosa,30.0,0.8773665428161621,0.11566970497369766
14737,librosa,29.976598639455784,0.9136582612991333,0.11181890964508057
14738,librosa,29.976598639455784,0.9982032179832458,0.10993291437625885
14739,librosa,30.0,0.8851722478866577,0.121341273188591
14740,librosa,30.0,0.9429006576538086,0.1323835551738739
14741,librosa,30.0,0.9547194242477417,0.12423555552959442
14742,librosa,29.976598639455784,0.8628058433532715,0.1154487282037735
14743,librosa,29.976598639455784,0.6085963845252991,0.10307011753320694
14744,librosa,30.0,0.9478238821029663,0.1390291452407837
14745,librosa,29.976598639455784,0.9634526968002319,0.13638435304164886
14809,librosa,30.0,0.7782391905784607,0.13998444378376007
14869,librosa,30.0,1.00791597366333,0.3211333155632019
15094,librosa,29.988979591836735,0.9855868816375732,0.10753986984491348
15210,librosa,29.976598639455784,0.9619777202606201,0.2192988246679306
15464,librosa,30.0,0.32514750957489014,0.14958074688911438
15469,librosa,30.0,0.6832470893859863,0.15555033087730408
15471,librosa,29.976598639455784,0.44484642148017883,0.14577248692512512
15475,librosa,30.0,0.36149975657463074,0.16199451684951782
15476,librosa,29.976598639455784,0.7681072354316711,0.2233460545539856
15487,librosa,29.976598639455784,1.0340332984924316,0.24086590111255646
15488,librosa,30.0,1.1794471740722656,0.16054148972034454
15540,librosa,29.976598639455784,0.3834880590438843,0.0546296164393425
15541,librosa,29.976598639455784,0.38531064987182617,0.051695115864276886
15542,librosa,29.976598639455784,0.9516862034797668,0.13099007308483124
15543,librosa,29.976598639455784,0.8634198904037476,0.07818220555782318
15625,librosa,30.0,0.30987241864204407,0.04896140098571777
15769,librosa,29.976598639455784,0.5464831590652466,0.14837442338466644
15770,librosa,29.976598639455784,0.45665526390075684,0.12185803055763245
15771,librosa,29.976598639455784,0.543084979057312,0.09035921096801758
15772,librosa,30.0,0.46814221143722534,0.08920849114656448
15773,librosa,29.976598639455784,0.48582133650779724,0.09916053712368011
15880,librosa,29.976598639455784,0.3518581986427307,0.06183996424078941
16095,librosa,30.0,0.9352671504020691,0.1637764275074005
16155,librosa,30.0,0.36576738953590393,0.11032000929117203
16158,librosa,29.976598639455784,0.45184633135795593,0.07366852462291718
16162,librosa,29.976598639455784,0.47816142439842224,0.09666340053081512
16163,librosa,29.976598639455784,0.3834215998649597,0.08497467637062073
16334,librosa,30.0,0.5540180206298828,0.09455160051584244
16337,librosa,29.976598639455784,0.8982301950454712,0.15822899341583252
16338,librosa,30.0,0.713820219039917,0.10880906134843826
16339,librosa,29.976598639455784,1.0005254745483398,0.14815719425678253
16340,librosa,30.0,0.8152021169662476,0.15673281252384186
16354,librosa,30.0,0.9250288605690002,0.16349388659000397
16743,librosa,29.976598639455784,0.8574445247650146,0.09965682774782181
16744,librosa,30.0,0.9295504093170166,0.1114545688033104
16745,librosa,30.0,1.0008203983306885,0.10031718760728836
16747,librosa,29.976598639455784,1.040985345840454,0.19432003796100616
16819,librosa,29.976598639455784,0.9379141330718994,0.14379756152629852
16820,librosa,29.976598639455784,0.9049198627471924,0.15494011342525482
16821,librosa,30.0,0.9704477190971375,0.14973890781402588
16822,librosa,29.976598639455784,0.6971413493156433,0.07235922664403915
16878,librosa,30.0,1.1067423820495605,0.3165002167224884
16879,librosa,29.976598639455784,1.0827772617340088,0.2599605321884155
16880,librosa,29.976598639455784,1.1593806743621826,0.3135623633861542
16895,librosa,29.976598639455784,0.9854980707168579,0.22420640289783478
16994,librosa,29.976598639455784,0.8926275968551636,0.12408427894115448
16995,librosa,29.976598639455784,0.7514315247535706,0.11475670337677002
16997,librosa,29.976598639455784,0.7653697729110718,0.14079678058624268
17132,librosa,29.976598639455784,0.8752570152282715,0.1815079301595688
17344,librosa,30.0,0.6374179720878601,0.0780969187617302
17345,librosa,29.976598639455784,1.002048134803772,0.2100195735692978
17462,librosa,29.976598639455784,0.9187461137771606,0.14968743920326233
17491,librosa,29.976598639455784,0.36707645654678345,0.10092984884977341
17496,librosa,29.976598639455784,0.5702826976776123,0.1374170035123825
17499,librosa,29.976598639455784,0.39925533533096313,0.14757224917411804
17500,librosa,29.976598639455784,0.4058220386505127,0.09714321047067642
17573,librosa,29.988979591836735,0.8268673419952393,0.15156260132789612
17588,librosa,29.976598639455784,0.9977248311042786,0.272613525390625
17605,librosa,30.0,0.9277790188789368,0.10054055601358414
17606,librosa,29.976598639455784,0.9940371513366699,0.1397017389535904
17607,librosa,29.976598639455784,0.87628173828125,0.19097481667995453
17608,librosa,30.0,0.3321836590766907,0.04611847922205925
17609,librosa,30.0,0.5049864053726196,0.09280627220869064
17610,librosa,29.976598639455784,0.6602044105529785,0.10573162138462067
17611,librosa,29.976598639455784,0.6937962770462036,0.065031997859478
17631,librosa,29.964580498866212,0.8485214710235596,0.12850375473499298
17632,librosa,29.990702947845804,0.9613115787506104,0.13297121226787567
17633,librosa,29.990702947845804,0.8794467449188232,0.12459909170866013
17634,librosa,29.964580498866212,0.8398722410202026,0.12200269848108292
17635,librosa,29.964580498866212,0.8183420896530151,0.14826901257038116
17636,librosa,29.964580498866212,0.7043445110321045,0.09260272979736328
17637,librosa,29.964580498866212,0.7091364860534668,0.12557198107242584
17644,librosa,30.0,0.7099361419677734,0.1211761012673378
17735,librosa,30.0,1.0478780269622803,0.2840171754360199
17782,librosa,29.976598639455784,1.163266897201538,0.2271573841571808
17884,librosa,29.976598639455784,1.0521702766418457,0.35753336548805237
17906,librosa,30.0,0.6123353838920593,0.10536132752895355
18031,librosa,30.0,0.6567574143409729,0.13082221150398254
18032,librosa,29.976598639455784,0.7306015491485596,0.12342475354671478
18033,librosa,30.0,0.8965175151824951,0.1360667198896408
18034,librosa,30.0,0.7520750761032104,0.0981377586722374
18037,librosa,29.976598639455784,0.542169451713562,0.06459992378950119
18038,librosa,30.0,0.5607222318649292,0.038786303251981735
18039,librosa,30.0,0.37790465354919434,0.050563160330057144
18043,librosa,29.976598639455784,0.3934285640716553,0.06282855570316315
18044,librosa,29.976598639455784,0.4011978209018707,0.08298716694116592
18112,librosa,29.976598639455784,0.5679865479469299,0.14520178735256195
18124,librosa,29.976598639455784,0.9497194290161133,0.34348174929618835
18144,librosa,30.0,0.954165518283844,0.20782703161239624
18145,librosa,30.0,0.9650481939315796,0.2913203835487366
18146,librosa,29.976598639455784,0.9636424779891968,0.24229517579078674
18159,librosa,29.976598639455784,0.9656065702438354,0.17173227667808533
18197,librosa,29.976598639455784,0.7668362855911255,0.17590157687664032
18350,librosa,29.976598639455784,0.9270169734954834,0.16997206211090088
18607,librosa,30.0,0.9195266962051392,0.25451576709747314
18611,librosa,29.976598639455784,0.543414831161499,0.24184900522232056
18876,librosa,30.0,0.9533385038375854,0.23458163440227509
18877,librosa,30.0,0.9508885145187378,0.2281525433063507
18887,librosa,30.0,0.9282206892967224,0.1353204846382141
19073,librosa,30.0,0.4037293791770935,0.052646227180957794
19074,librosa,29.976598639455784,0.7304319143295288,0.10995769500732422
19179,librosa,29.976598639455784,0.9064451456069946,0.14470040798187256
19184,librosa,29.976598639455784,1.007797122001648,0.18569707870483398
19187,librosa,29.976598639455784,0.9235814213752747,0.16708719730377197
19192,librosa,30.0,1.0605075359344482,0.366595596075058
19412,librosa,29.976598639455784,0.8439576625823975,0.13849453628063202
19413,librosa,29.976598639455784,0.9794043302536011,0.1384257823228836
19415,librosa,29.976598639455784,0.8590326905250549,0.1784173846244812
19416,librosa,29.976598639455784,0.7847118377685547,0.15446969866752625
19417,librosa,29.976598639455784,0.7554322481155396,0.133604496717453
19418,librosa,29.976598639455784,0.8597142696380615,0.14257028698921204
19420,librosa,29.976598639455784,0.9929108023643494,0.10761503130197525
19422,librosa,29.976598639455784,0.919662356376648,0.11228387802839279
19423,librosa,30.0,0.8417121171951294,0.24733389914035797
19425,librosa,30.0,0.7938039302825928,0.1097356379032135
19438,librosa,30.0,0.6593654751777649,0.06926579773426056
19439,librosa,29.976598639455784,0.6470352411270142,0.09462524205446243
19441,librosa,30.0,0.4667314887046814,0.10416625440120697
19442,librosa,30.0,0.3529157340526581,0.08270636945962906
19459,librosa,30.0,0.9749307632446289,0.19690564274787903
19673,librosa,30.0,0.9086233973503113,0.11899018287658691
19674,librosa,29.976598639455784,0.8168971538543701,0.06295881420373917
19685,librosa,29.976598639455784,0.962537407875061,0.21927201747894287
19689,librosa,30.0,0.9486291408538818,0.15793831646442413
19707,librosa,30.0,1.025188684463501,0.19384539127349854
19708,librosa,29.976598639455784,0.9183551073074341,0.14034831523895264
19729,librosa,29.988979591836735,1.157510757446289,0.2668900489807129
19758,librosa,29.976598639455784,0.8607982993125916,0.10003045201301575
19759,librosa,30.0,0.8319861888885498,0.15203377604484558
19760,librosa,29.976598639455784,0.7854562997817993,0.06483595818281174
19889,librosa,29.976598639455784,0.9443100690841675,0.28280195593833923
19890,librosa,29.976598639455784,0.8373382091522217,0.13311836123466492
19891,librosa,30.0,0.9989916682243347,0.20286138355731964
20050,librosa,30.0,1.0026789903640747,0.20872414112091064
20296,librosa,29.976598639455784,0.9522489309310913,0.08939511328935623
20361,librosa,30.0,0.869471549987793,0.08804532140493393
20362,librosa,29.976598639455784,0.9709029197692871,0.12739422917366028
20364,librosa,30.0,1.0007383823394775,0.05390550568699837
20365,librosa,30.0,0.693925142288208,0.11646869033575058
20366,librosa,29.976598639455784,0.487896591424942,0.052991751581430435
20369,librosa,30.0,0.8706760406494141,0.04189358279109001
20372,librosa,30.0,0.7298984527587891,0.0347512923181057
20373,librosa,29.976598639455784,0.7827713489532471,0.10954496264457703
20374,librosa,29.976598639455784,0.8883761763572693,0.1236046850681305
20375,librosa,29.976598639455784,0.7209368348121643,0.1223849430680275
20376,librosa,30.0,0.644290566444397,0.1140679270029068
20424,librosa,30.0,0.5521759986877441,0.06612861156463623
20432,librosa,29.976598639455784,1.001922369003296,0.23414643108844757
20469,librosa,30.0,1.1105647087097168,0.3154568076133728
20667,librosa,29.976598639455784,1.0607868432998657,0.37892234325408936
20704,librosa,30.0,0.8053762316703796,0.30874115228652954
20818,librosa,29.976598639455784,1.004821538925171,0.2954771816730499
21058,librosa,29.976598639455784,0.4363827705383301,0.03649478033185005
21085,librosa,29.976598639455784,1.1806646585464478,0.3594900369644165
21087,librosa,30.0,0.16559380292892456,0.01954292319715023
21167,librosa,29.976598639455784,1.0675556659698486,0.36360403895378113
21228,librosa,29.976598639455784,1.0599565505981445,0.22737649083137512
21231,librosa,30.0,0.9517517685890198,0.23519283533096313
21232,librosa,29.976598639455784,1.0217366218566895,0.2622067332267761
21400,librosa,29.976598639455784,1.0620776414871216,0.2346188724040985
21401,librosa,30.0,0.8638827800750732,0.15107205510139465
21402,librosa,29.976598639455784,0.741157054901123,0.10428397357463837
21403,librosa,30.0,1.0898879766464233,0.16944490373134613
21404,librosa,29.976598639455784,0.8977923393249512,0.2451549917459488
21409,librosa,30.0,1.0119723081588745,0.2105613648891449
21422,librosa,29.976598639455784,0.998377799987793,0.27408137917518616
21565,librosa,29.976598639455784,0.8595737218856812,0.19959166646003723
21587,librosa,30.0,0.7428160905838013,0.11831416934728622
21657,librosa,29.976598639455784,1.0214145183563232,0.3131783902645111
21672,librosa,30.0,1.0179541110992432,0.27592357993125916
21676,librosa,29.976598639455784,0.9778193235397339,0.1713169515132904
21677,librosa,30.0,0.985381007194519,0.15095539391040802
21707,librosa,30.0,0.9519796371459961,0.13340625166893005
21774,librosa,29.976598639455784,0.4260271191596985,0.040930334478616714
21842,librosa,30.0,0.2885134816169739,0.05270388722419739
21859,librosa,29.976598639455784,0.9501355886459351,0.2376941740512848
21860,librosa,30.0,0.999226450920105,0.25375765562057495
21891,librosa,30.0,1.0216460227966309,0.39862149953842163
21895,librosa,30.0,0.9470057487487793,0.36507198214530945
21995,librosa,29.976598639455784,0.8792674541473389,0.3191344439983368
21996,librosa,29.976598639455784,0.9288596510887146,0.21810083091259003
21997,librosa,29.976598639455784,0.9077356457710266,0.24805210530757904
21998,librosa,30.0,0.9800477027893066,0.2494446039199829
21999,librosa,29.976598639455784,0.9119425415992737,0.3175361752510071
22000,librosa,29.976598639455784,0.9529951214790344,0.2610757052898407
22001,librosa,30.0,0.9919419884681702,0.38224655389785767
22088,librosa,30.0,0.8444702625274658,0.13089443743228912
22091,librosa,30.0,0.5932296514511108,0.11265520751476288
22093,librosa,30.0,0.3439931571483612,0.09659431874752045
22094,librosa,30.0,0.4197770357131958,0.11898954957723618
22095,librosa,30.0,0.7401850819587708,0.18880198895931244
22097,librosa,30.0,0.4142002761363983,0.0823795273900032
22150,librosa,29.976598639455784,0.8644625544548035,0.20334583520889282
22295,librosa,30.0,0.999250054359436,0.22013768553733826
22296,librosa,29.976598639455784,1.0353920459747314,0.18825431168079376
22315,librosa,29.976598639455784,0.852108359336853,0.1767982393503189
22348,librosa,29.976598639455784,0.7522221803665161,0.1314232498407364
22472,librosa,30.0,0.5892612934112549,0.06222077086567879
22473,librosa,30.0,0.8990402221679688,0.0801960751414299
22474,librosa,30.0,0.5887383818626404,0.09063995629549026
22475,librosa,30.0,0.5815402865409851,0.06896566599607468
22476,librosa,29.976598639455784,0.978333592414856,0.12512680888175964
22477,librosa,30.0,0.8329991102218628,0.0810314491391182
22478,librosa,30.0,0.8656755685806274,0.12776261568069458
22479,librosa,29.976598639455784,0.6582988500595093,0.10144089162349701
22480,librosa,29.976598639455784,0.8724578022956848,0.11803032457828522
22481,librosa,29.976598639455784,1.0101803541183472,0.0966683179140091
23010,librosa,29.976598639455784,1.029611587524414,0.13330411911010742
23013,librosa,29.976598639455784,1.0670912265777588,0.24377143383026123
23014,librosa,30.0,0.9474047422409058,0.260897159576416
23015,librosa,29.976598639455784,1.0503387451171875,0.22752070426940918
23016,librosa,30.0,0.5821016430854797,0.16280163824558258
23037,librosa,29.976598639455784,0.2534763514995575,0.08392398059368134
23039,librosa,30.0,0.2854021489620209,0.06892368197441101
23041,librosa,30.0,0.25074270367622375,0.06154869869351387
23063,librosa,30.0,0.9026163816452026,0.1881687492132187
23155,librosa,30.0,0.8579707741737366,0.18724234402179718
23156,librosa,29.976598639455784,0.817781388759613,0.1620050072669983
23172,librosa,30.0,0.9010446071624756,0.15543609857559204
23329,librosa,29.976598639455784,0.3925503194332123,0.034626513719558716
23353,librosa,30.0,0.4109296202659607,0.03980011120438576
23355,librosa,30.0,0.9768124222755432,0.21212129294872284
23371,librosa,30.0,0.9930608868598938,0.1663375347852707
23372,librosa,30.0,1.0660879611968994,0.2963394820690155
23505,librosa,29.976598639455784,1.0959447622299194,0.22452503442764282
23862,librosa,30.0,1.1270229816436768,0.38613906502723694
24216,librosa,29.976598639455784,0.6329195499420166,0.13101615011692047
24217,librosa,30.0,0.4249441623687744,0.08482357114553452
24218,librosa,30.0,0.567501962184906,0.11889021098613739
24362,librosa,30.0,1.0020092725753784,0.14499537646770477
24363,librosa,29.976598639455784,0.8557016849517822,0.11043797433376312
24364,librosa,29.976598639455784,0.5579427480697632,0.08981184661388397
24365,librosa,29.976598639455784,0.8428565263748169,0.10928511619567871
24366,librosa,30.0,0.6450303792953491,0.07956073433160782
24367,librosa,29.976598639455784,0.7948843240737915,0.08453519642353058
24368,librosa,30.0,0.6331119537353516,0.11122988164424896
24369,librosa,29.976598639455784,0.7271997928619385,0.11389430612325668
24370,librosa,29.976598639455784,0.825934648513794,0.10163363814353943
24371,librosa,30.0,0.9264628887176514,0.13409902155399323
24418,librosa,30.0,1.1319724321365356,0.5016260147094727
24420,librosa,30.0,1.3729654550552368,0.4119243621826172
24421,librosa,29.976598639455784,1.0377813577651978,0.5851345062255859
24422,librosa,29.976598639455784,1.031003475189209,0.4729735553264618
24423,librosa,29.976598639455784,1.0431879758834839,0.39201658964157104
24424,librosa,30.0,1.155784010887146,0.4624614715576172
24425,librosa,30.0,1.1482880115509033,0.3156859576702118
24426,librosa,29.976598639455784,1.0485895872116089,0.4300113618373871
24427,librosa,30.0,1.1035242080688477,0.41267937421798706
24428,librosa,30.0,1.0234649181365967,0.5089870095252991
24429,librosa,29.976598639455784,1.1281925439834595,0.41340622305870056
24430,librosa,30.0,1.181370735168457,0.3984752595424652
24431,librosa,29.976598639455784,0.9817322492599487,0.45157966017723083
24432,librosa,29.976598639455784,1.0819286108016968,0.48746153712272644
24512,librosa,29.976598639455784,0.9123203158378601,0.21065914630889893
24515,librosa,30.0,0.649461567401886,0.07311909645795822
24521,librosa,30.0,0.7071011066436768,0.11423797160387039
24524,librosa,29.976598639455784,1.0043859481811523,0.08122116327285767
24698,librosa,30.0,0.5918883085250854,0.07755643874406815
24699,librosa,30.0,0.9266310334205627,0.09978039562702179
24700,librosa,29.976598639455784,0.613021969795227,0.07750952243804932
24701,librosa,29.976598639455784,0.5609163641929626,0.05348231643438339
24702,librosa,30.0,0.6547654271125793,0.0811806321144104
24717,librosa,29.976598639455784,0.22305089235305786,0.036312203854322433
24720,librosa,29.976598639455784,0.3266144096851349,0.03500540554523468
24739,librosa,30.0,0.013472495600581169,0.0012274769833311439
24741,librosa,30.0,0.015525894239544868,0.0013586969580501318
24742,librosa,30.0,0.0161004438996315,0.00121456163469702
24745,librosa,29.976598639455784,0.03256908059120178,0.0022580972872674465
24746,librosa,29.976598639455784,0.021601330488920212,0.0017765786033123732
24747,librosa,29.976598639455784,0.014334476552903652,0.0014309798134490848
24748,librosa,30.0,0.016317959874868393,0.00145980145316571
24749,librosa,30.0,0.028114700689911842,0.002138927113264799
24842,librosa,29.976598639455784,0.19659575819969177,0.022469814866781235
24898,librosa,29.976598639455784,0.34025469422340393,0.03798392415046692
24899,librosa,30.0,0.7889235615730286,0.12604650855064392
24901,librosa,30.0,0.16378144919872284,0.007558103650808334
24912,librosa,30.0,0.513153076171875,0.06324071437120438
24915,librosa,29.976598639455784,0.36444708704948425,0.042092643678188324
24917,librosa,30.0,0.06880039721727371,0.007347544655203819
24963,librosa,30.0,1.0400209426879883,0.2788243591785431
24975,librosa,29.976598639455784,0.752577543258667,0.12270333617925644
24983,librosa,29.976598639455784,1.0555073022842407,0.27069708704948425
25028,librosa,29.976598639455784,0.027824662625789642,0.0015714379260316491
25029,librosa,30.0,0.014169322326779366,0.001090619945898652
25030,librosa,29.976598639455784,0.03351555019617081,0.0018467176705598831
25031,librosa,29.976598639455784,0.012884270399808884,0.0012384728761389852
25032,librosa,29.976598639455784,0.038828715682029724,0.0017771380953490734
25033,librosa,30.0,0.014174072071909904,0.0010994493495672941
25055,librosa,30.0,0.541443407535553,0.09780199825763702
25063,librosa,29.976598639455784,1.0015606880187988,0.2308952659368515
25066,librosa,29.976598639455784,1.0039541721343994,0.28368809819221497
25104,librosa,30.0,0.9957123398780823,0.19499549269676208
25124,librosa,29.976598639455784,0.8358967900276184,0.15475435554981232
25215,librosa,30.0,0.024249443784356117,0.002132599474862218
25216,librosa,29.976598639455784,0.020384516566991806,0.0017468935111537576
25227,librosa,29.976598639455784,0.007733698468655348,0.0008780281059443951
25232,librosa,29.976598639455784,0.007402600720524788,0.0009487391216680408
25233,librosa,29.976598639455784,0.007540150545537472,0.0008079896797426045
25234,librosa,29.976598639455784,0.010389784350991249,0.0009483761969022453
25235,librosa,30.0,0.01103251613676548,0.0010232210624963045
25324,librosa,29.976598639455784,0.889893651008606,0.11986792832612991
25378,librosa,29.988979591836735,0.8443441987037659,0.20080408453941345
25601,librosa,29.976598639455784,0.7922409772872925,0.2394188642501831
25603,librosa,29.976598639455784,0.8993597626686096,0.1908455640077591
25605,librosa,29.976598639455784,0.8384238481521606,0.18176625669002533
25606,librosa,29.976598639455784,0.8792456388473511,0.15066276490688324
25608,librosa,29.976598639455784,0.8630250692367554,0.1593579798936844
25609,librosa,30.0,1.1197686195373535,0.18662738800048828
25668,librosa,29.976598639455784,1.0265847444534302,0.20357248187065125
25669,librosa,29.976598639455784,1.0324249267578125,0.19421859085559845
25670,librosa,29.976598639455784,1.0379011631011963,0.15895962715148926
25795,librosa,30.0,1.0332106351852417,0.22767944633960724
25796,librosa,30.0,0.9755856990814209,0.19146007299423218
25797,librosa,29.976598639455784,0.9848842620849609,0.25115904211997986
25802,librosa,30.0,0.977044939994812,0.2250899225473404
25804,librosa,30.0,0.9573960900306702,0.20833343267440796
26007,librosa,29.976598639455784,0.9757599830627441,0.22555387020111084
26008,librosa,29.976598639455784,1.0192234516143799,0.15849624574184418
26010,librosa,29.976598639455784,0.9717311859130859,0.2196403592824936
26011,librosa,29.976598639455784,0.9814357757568359,0.24442125856876373
26012,librosa,30.0,0.9695678353309631,0.2019445300102234
26013,librosa,30.0,1.0648735761642456,0.2380816638469696
26014,librosa,29.976598639455784,1.0018975734710693,0.21227779984474182
26016,librosa,30.0,1.1514108180999756,0.27562323212623596
26017,librosa,29.976598639455784,0.9138557314872742,0.21226170659065247
26020,librosa,30.0,0.9932546019554138,0.21744391322135925
26021,librosa,29.976598639455784,0.844129204750061,0.21752551198005676
26022,librosa,29.976598639455784,0.9917031526565552,0.2121996432542801
26025,librosa,29.976598639455784,1.0708037614822388,0.16713637113571167
26026,librosa,29.976598639455784,0.9828206896781921,0.17158782482147217
26034,librosa,30.0,1.161319613456726,0.2815990746021271
26035,librosa,30.0,1.0852515697479248,0.16989532113075256
26036,librosa,30.0,0.9605695009231567,0.13357695937156677
26169,librosa,30.0,1.0011399984359741,0.22758010029792786
26174,librosa,29.976598639455784,1.01595139503479,0.25028055906295776
26298,librosa,29.976598639455784,1.0667861700057983,0.2725899815559387
26301,librosa,30.0,0.9129130840301514,0.181759312748909
26302,librosa,30.0,0.9785439968109131,0.1911499947309494
26307,librosa,30.0,1.0699045658111572,0.3289364278316498
26322,librosa,30.0,0.7138524055480957,0.1302308440208435
26464,librosa,29.976598639455784,0.4792536497116089,0.04335000738501549
26465,librosa,30.0,0.41236644983291626,0.04252159595489502
26466,librosa,29.976598639455784,0.15995725989341736,0.023606939241290092
26583,librosa,30.0,0.6676220893859863,0.11186716705560684
26600,librosa,29.976598639455784,0.9431402683258057,0.1685565710067749
26605,librosa,29.976598639455784,0.9822406768798828,0.15705975890159607
26629,librosa,30.0,1.00247061252594,0.28417572379112244
26638,librosa,29.976598639455784,1.0073212385177612,0.24862675368785858
26639,librosa,30.0,1.0049972534179688,0.1959284543991089
26640,librosa,29.976598639455784,0.7822281122207642,0.141991525888443
26641,librosa,29.976598639455784,0.9410227537155151,0.15204587578773499
26642,librosa,29.976598639455784,0.8185089230537415,0.1261739283800125
26643,librosa,30.0,1.0295205116271973,0.21072889864444733
26651,librosa,30.0,1.0087250471115112,0.1991647630929947
26652,librosa,30.0,1.0790033340454102,0.21890951693058014
26653,librosa,29.976598639455784,1.0149177312850952,0.18649396300315857
26654,librosa,29.976598639455784,1.04691481590271,0.2634158730506897
26655,librosa,30.0,1.0532071590423584,0.31419748067855835
26656,librosa,29.976598639455784,1.0205515623092651,0.257698118686676
26657,librosa,30.0,1.0011191368103027,0.19143043458461761
26658,librosa,29.976598639455784,1.0286026000976562,0.18514567613601685
26659,librosa,29.976598639455784,0.9526458978652954,0.1544860601425171
26674,librosa,29.976598639455784,0.7387642860412598,0.16676390171051025
26681,librosa,29.976598639455784,0.8073089122772217,0.12094362825155258
26754,librosa,29.976598639455784,0.7948595285415649,0.13894617557525635
26765,librosa,30.0,0.22350898385047913,0.031085792928934097
26859,librosa,30.0,1.0102384090423584,0.12450574338436127
26861,librosa,30.0,0.9911620616912842,0.17040280997753143
26902,librosa,29.976598639455784,1.0592474937438965,0.23938627541065216
26904,librosa,30.0,1.053010106086731,0.1630670428276062
26905,librosa,29.976598639455784,0.9207431674003601,0.20713192224502563
26906,librosa,29.976598639455784,1.0055134296417236,0.21840189397335052
27164,librosa,29.976598639455784,0.7710158824920654,0.15629109740257263
27177,librosa,30.0,1.0048432350158691,0.34395647048950195
27194,librosa,29.976598639455784,0.6801005005836487,0.1089797094464302
27195,librosa,30.0,0.6217590570449829,0.08099287003278732
27197,librosa,29.976598639455784,0.7493970990180969,0.0976463258266449
27198,librosa,29.976598639455784,0.4596349895000458,0.08536200225353241
27258,librosa,29.976598639455784,1.0006508827209473,0.1580308973789215
27406,librosa,29.976598639455784,0.9838696122169495,0.3326359987258911
27454,librosa,30.0,0.4201102554798126,0.08883427828550339
27455,librosa,29.976598639455784,0.45451104640960693,0.08567485958337784
27456,librosa,29.976598639455784,0.4152856767177582,0.08083231747150421
27547,librosa,29.976598639455784,0.5651507377624512,0.07190820574760437
27548,librosa,30.0,0.7314757108688354,0.11563943326473236
27549,librosa,30.0,0.9626748561859131,0.14936968684196472
27550,librosa,29.976598639455784,0.6905375719070435,0.10336098074913025
27551,librosa,30.0,0.8595056533813477,0.15244264900684357
27552,librosa,29.976598639455784,1.0201513767242432,0.1433357298374176
27609,librosa,29.976598639455784,1.0100739002227783,0.1502944976091385
27610,librosa,29.976598639455784,0.806599497795105,0.1083795502781868
27611,librosa,29.976598639455784,1.047114372253418,0.2446761131286621
27612,librosa,30.0,0.8573187589645386,0.1246175542473793
27613,librosa,30.0,0.9905050992965698,0.19370190799236298
27667,librosa,29.976598639455784,1.2290081977844238,0.17124122381210327
27673,librosa,29.976598639455784,1.0390030145645142,0.29990288615226746
27797,librosa,29.976598639455784,0.6334019303321838,0.2233022153377533
27798,librosa,29.976598639455784,0.8804045915603638,0.2344195693731308
27799,librosa,30.0,1.0465176105499268,0.19177858531475067
27802,librosa,29.988979591836735,1.0218520164489746,0.19977672398090363
27803,librosa,29.976598639455784,0.9839196801185608,0.18001559376716614
27804,librosa,29.976598639455784,0.938437283039093,0.19858026504516602
27805,librosa,29.976598639455784,0.6848052740097046,0.13280826807022095
27855,librosa,29.976598639455784,0.9190302491188049,0.1531103551387787
27856,librosa,29.976598639455784,0.9915632605552673,0.1366158276796341
27866,librosa,30.0,0.9591063261032104,0.06897322833538055
27945,librosa,30.0,0.6662581562995911,0.06583890318870544
27953,librosa,29.976598639455784,0.2384299337863922,0.037839192897081375
27975,librosa,29.976598639455784,0.5673341751098633,0.1077607274055481
27978,librosa,29.976598639455784,0.7503727078437805,0.10386659950017929
27981,librosa,30.0,0.579281210899353,0.09301529824733734
27987,librosa,29.976598639455784,0.30740633606910706,0.05756733566522598
28070,librosa,29.976598639455784,0.9325340986251831,0.1734435111284256
28072,librosa,30.0,0.9779305458068848,0.18115836381912231
28179,librosa,30.0,0.9855387210845947,0.40296581387519836
28241,librosa,29.976598639455784,1.073641300201416,0.15994097292423248
28260,librosa,29.976598639455784,0.9815071225166321,0.2999100685119629
28266,librosa,29.976598639455784,1.1394472122192383,0.2604457437992096
28274,librosa,30.0,0.9312499761581421,0.11767446249723434
28375,librosa,29.976598639455784,0.5779014229774475,0.09341958910226822
28376,librosa,29.976598639455784,0.6604177951812744,0.11200062185525894
28477,librosa,30.0,0.9741048216819763,0.27521494030952454
28478,librosa,30.0,0.9917657375335693,0.1807396560907364
28479,librosa,29.976598639455784,0.9997220039367676,0.2906513214111328
28480,librosa,30.0,0.9825278520584106,0.3293669819831848
28481,librosa,30.0,0.9243391752243042,0.16467928886413574
28482,librosa,29.976598639455784,0.9969410300254822,0.2947194576263428
28483,librosa,29.976598639455784,1.0137817859649658,0.24003872275352478
28484,librosa,30.0,0.9668135643005371,0.21737854182720184
28485,librosa,29.976598639455784,0.9940395355224609,0.2843089997768402
28546,librosa,29.976598639455784,0.9635787010192871,0.1741880476474762
28548,librosa,30.0,0.9521237015724182,0.1762443631887436
28553,librosa,30.0,0.499716579914093,0.09986435621976852
28571,librosa,29.976598639455784,0.8136630654335022,0.17457376420497894
28608,librosa,29.976598639455784,0.5601701736450195,0.08282320946455002
28692,librosa,30.0,1.5203310251235962,0.715570867061615
28802,librosa,30.0,1.7545722723007202,0.5465685129165649
29037,librosa,30.0,1.0599534511566162,0.21948698163032532
29039,librosa,30.0,0.9538568258285522,0.18537046015262604
29040,librosa,29.976598639455784,1.0952246189117432,0.24339942634105682
29041,librosa,29.976598639455784,1.133451223373413,0.27366402745246887
29042,librosa,30.0,1.0581889152526855,0.20695479214191437
29043,librosa,30.0,0.9405553936958313,0.23836509883403778
29044,librosa,30.0,0.9221700429916382,0.2626044750213623
29045,librosa,29.976598639455784,0.9935614466667175,0.2021155059337616
29128,librosa,29.976598639455784,1.3275911808013916,0.47487255930900574
29180,librosa,30.0,0.5294164419174194,0.06749613583087921
29243,librosa,29.976598639455784,0.4722609519958496,0.08429034799337387
29245,librosa,30.0,0.6949000358581543,0.1149386614561081
29255,librosa,30.0,0.6359788179397583,0.09596479684114456
29271,librosa,29.976598639455784,0.3480583429336548,0.09786689281463623
29272,librosa,29.976598639455784,0.6584773063659668,0.09335972368717194
29350,librosa,29.990702947845804,0.9715865850448608,0.1403992623090744
29351,librosa,29.990702947845804,1.010860562324524,0.23049016296863556
29355,librosa,29.990702947845804,1.0356383323669434,0.3222104609012604
29465,librosa,30.0,1.0161099433898926,0.15473173558712006
29480,librosa,30.0,1.0062021017074585,0.2198614925146103
29526,librosa,29.976598639455784,0.7674228549003601,0.12054997682571411
29528,librosa,30.0,1.1241257190704346,0.17997071146965027
29530,librosa,29.976598639455784,0.8814256191253662,0.1114228218793869
29587,librosa,30.0,1.1005470752716064,0.21808545291423798
29602,librosa,29.976598639455784,1.1616361141204834,0.2739764451980591
29673,librosa,30.0,0.855817437171936,0.15127891302108765
29718,librosa,29.976598639455784,0.9181480407714844,0.23509351909160614
29719,librosa,29.976598639455784,1.022453784942627,0.2140994817018509
29720,librosa,30.0,0.932009220123291,0.19340357184410095
29721,librosa,30.0,0.9420809745788574,0.2367299497127533
29738,librosa,29.976598639455784,0.9954357147216797,0.17800647020339966
29739,librosa,30.0,0.9358794093132019,0.15770423412322998
29740,librosa,29.976598639455784,0.9207347631454468,0.2014864683151245
29741,librosa,29.976598639455784,0.9728344082832336,0.18442000448703766
29742,librosa,30.0,0.8802666664123535,0.14487875998020172
29744,librosa,29.976598639455784,0.9795856475830078,0.20585979521274567
29745,librosa,29.976598639455784,0.8481208086013794,0.09031535685062408
29746,librosa,30.0,0.767207682132721,0.11268080025911331
29747,librosa,30.0,1.1982028484344482,0.24092566967010498
29750,librosa,29.976598639455784,0.9235324859619141,0.11034678667783737
29752,librosa,30.0,1.0003660917282104,0.16877423226833344
29807,librosa,30.0,0.9898046255111694,0.19583386182785034
29813,librosa,30.0,0.9795907735824585,0.19991998374462128
29816,librosa,30.0,0.6296795606613159,0.12097271531820297
29961,librosa,29.976598639455784,0.47367262840270996,0.14750894904136658
29971,librosa,29.976598639455784,0.6787545084953308,0.09359930455684662
30041,librosa,29.976598639455784,0.9969784021377563,0.3933669626712799
30043,librosa,29.976598639455784,0.9541611671447754,0.32918238639831543
30050,librosa,29.976598639455784,1.1692156791687012,0.33014029264450073
30056,librosa,29.976598639455784,1.1124563217163086,0.49825119972229004
30058,librosa,30.0,1.230310082435608,0.45495131611824036
30059,librosa,29.976598639455784,1.05652916431427,0.2851826548576355
30090,librosa,30.0,0.8690932393074036,0.18775217235088348
30095,librosa,29.976598639455784,1.0575939416885376,0.12767437100410461
30120,librosa,30.0,0.3146890699863434,0.05619136616587639
30196,librosa,29.976598639455784,0.49312788248062134,0.09877961874008179
30198,librosa,29.976598639455784,0.6725606322288513,0.11547958105802536
30230,librosa,29.976598639455784,1.0375633239746094,0.25467345118522644
30316,librosa,30.0,0.3909662067890167,0.07516007125377655
30486,librosa,29.976598639455784,1.1557691097259521,0.3075977563858032
30487,librosa,29.976598639455784,1.0914474725723267,0.25542837381362915
30488,librosa,30.0,1.1893543004989624,0.3758453130722046
30519,librosa,29.976598639455784,1.003975749015808,0.23827892541885376
30520,librosa,29.976598639455784,1.037743330001831,0.17117437720298767
30521,librosa,30.0,0.8970504999160767,0.23315000534057617
30522,librosa,29.976598639455784,1.0062994956970215,0.2534726560115814
30636,librosa,30.0,0.5356235504150391,0.019539549946784973
30682,librosa,30.0,0.5297282338142395,0.09205992519855499
30690,librosa,30.0,0.7364046573638916,0.10967439413070679
30702,librosa,29.976598639455784,0.4838576912879944,0.07400233298540115
30740,librosa,30.0,0.9608232975006104,0.06857944279909134
30895,librosa,29.976598639455784,0.9691674113273621,0.3433186709880829
31040,librosa,30.0,0.964145302772522,0.18888252973556519
31041,librosa,30.0,0.7926349639892578,0.15157848596572876
31042,librosa,30.0,0.962437093257904,0.19391518831253052
31043,librosa,29.976598639455784,0.9691833853721619,0.18276190757751465
31044,librosa,29.976598639455784,1.0347055196762085,0.22770211100578308
31165,librosa,29.976598639455784,1.0621140003204346,0.2581270933151245
31356,librosa,29.976598639455784,0.5129879713058472,0.08154913038015366
31389,librosa,29.976598639455784,0.7152268290519714,0.09676992148160934
31390,librosa,30.0,0.55034339427948,0.09513703733682632
31391,librosa,30.0,0.6652958393096924,0.11585433036088943
31392,librosa,30.0,0.5138975977897644,0.0907677710056305
31568,librosa,29.976598639455784,0.9166788458824158,0.16796523332595825
31807,librosa,29.976598639455784,0.9062917828559875,0.25740042328834534
31887,librosa,29.976598639455784,0.9729547500610352,0.1624259054660797
31888,librosa,30.0,0.9661335945129395,0.12814320623874664
31889,librosa,30.0,0.9011975526809692,0.12332979589700699
31999,librosa,29.976598639455784,1.0009843111038208,0.12525007128715515
32001,librosa,29.976598639455784,1.0566272735595703,0.20270781219005585
32021,librosa,30.0,0.7282525897026062,0.14870403707027435
32075,librosa,30.0,0.7997310161590576,0.1788569986820221
32081,librosa,30.0,0.5201987028121948,0.11539831757545471
32218,librosa,29.976598639455784,0.9690054655075073,0.28801703453063965
32325,librosa,29.976598639455784,0.3240843713283539,0.046753354370594025
32326,librosa,30.0,0.5059818029403687,0.04182789847254753
32327,librosa,29.976598639455784,0.3295865058898926,0.05493134632706642
32328,librosa,29.976598639455784,0.6377997398376465,0.06594875454902649
32329,librosa,30.0,0.3258976638317108,0.06115271896123886
32330,librosa,30.0,0.4523673355579376,0.06809021532535553
32331,librosa,30.0,0.6181515455245972,0.051099468022584915
32332,librosa,29.976598639455784,0.3586125671863556,0.04441320151090622
32333,librosa,29.976598639455784,0.4894338548183441,0.036346185952425
32334,librosa,30.0,0.9342823028564453,0.09234768152236938
32335,librosa,30.0,0.45140331983566284,0.05168993026018143
32336,librosa,29.976598639455784,0.37332797050476074,0.060875970870256424
32337,librosa,30.0,0.4462416470050812,0.047809816896915436
32338,librosa,30.0,0.367756187915802,0.02844119258224964
32339,librosa,30.0,0.5076216459274292,0.06054803356528282
32340,librosa,29.976598639455784,0.5859783291816711,0.10228508710861206
32433,librosa,29.976598639455784,1.0020852088928223,0.19455938041210175
32435,librosa,29.976598639455784,0.4362611174583435,0.0845770537853241
32437,librosa,30.0,1.0229285955429077,0.2889188528060913
32438,librosa,29.976598639455784,1.0452301502227783,0.3469363749027252
32439,librosa,29.976598639455784,1.0057094097137451,0.26628050208091736
32525,librosa,30.0,0.8445631265640259,0.09681177884340286
32686,librosa,29.976598639455784,0.9079239368438721,0.17877255380153656
32687,librosa,29.976598639455784,0.9221606254577637,0.19113801419734955
32689,librosa,30.0,0.9605327844619751,0.1778077781200409
32693,librosa,29.976598639455784,0.9195499420166016,0.12245803326368332
32694,librosa,29.976598639455784,0.9051997661590576,0.1394377499818802
32695,librosa,30.0,0.8947880268096924,0.23683202266693115
32755,librosa,30.0,0.45103269815444946,0.14130495488643646
32756,librosa,29.976598639455784,0.44909095764160156,0.09817729145288467
32759,librosa,30.0,0.46369898319244385,0.08126071095466614
32760,librosa,30.0,0.4980090856552124,0.09391002357006073
32800,librosa,30.0,0.5788347721099854,0.15489807724952698
32882,librosa,30.0,1.0023428201675415,0.30111512541770935
33020,librosa,30.0,0.625815212726593,0.13159488141536713
33049,librosa,30.0,0.9896011352539062,0.1990051120519638
33050,librosa,29.976598639455784,0.9891626834869385,0.2248690277338028
33064,librosa,30.0,1.2138525247573853,0.3852424919605255
33067,librosa,29.976598639455784,0.9219964742660522,0.14366069436073303
33068,librosa,30.0,0.9699091911315918,0.14357906579971313
33069,librosa,30.0,0.9785590171813965,0.1529541015625
33070,librosa,29.976598639455784,0.972747266292572,0.1360614001750946
33071,librosa,29.976598639455784,0.9114490747451782,0.13387033343315125
33072,librosa,29.976598639455784,0.9794909954071045,0.1778976023197174
33123,librosa,30.0,1.0011848211288452,0.28381627798080444
33124,librosa,30.0,0.603751540184021,0.05380205810070038
33203,librosa,30.0,0.45651209354400635,0.07142447680234909
33216,librosa,29.976598639455784,0.9915778636932373,0.2781578600406647
33221,librosa,29.976598639455784,0.9042085409164429,0.13777554035186768
33278,librosa,29.976598639455784,1.0874524116516113,0.2223111391067505
33415,librosa,29.976598639455784,0.19448602199554443,0.03357595205307007
33422,librosa,30.0,0.8900170922279358,0.17204442620277405
33424,librosa,30.0,0.9752600789070129,0.1245214119553566
33426,librosa,29.976598639455784,0.7796993255615234,0.12364455312490463
33446,librosa,30.0,1.2144279479980469,0.306880921125412
33459,librosa,30.0,0.5044382214546204,0.13083656132221222
33460,librosa,29.976598639455784,0.4973529279232025,0.07487277686595917
33461,librosa,29.976598639455784,0.5099455118179321,0.12512412667274475
33465,librosa,30.0,0.5013087391853333,0.07860925048589706
33477,librosa,29.976598639455784,0.43145522475242615,0.09835384786128998
33486,librosa,30.0,0.25201416015625,0.007002342492341995
33538,librosa,29.976598639455784,0.900816798210144,0.13550728559494019
33992,librosa,30.0,1.0295051336288452,0.28045281767845154
34003,librosa,30.0,0.9731241464614868,0.15269610285758972
34147,librosa,29.976598639455784,0.36247560381889343,0.09045138210058212
34167,librosa,30.0,1.1394381523132324,0.11829082667827606
34257,librosa,29.976598639455784,0.8000019788742065,0.08463399857282639
34258,librosa,29.976598639455784,0.8403756022453308,0.1650453507900238
34263,librosa,29.976598639455784,0.9681956768035889,0.2296341210603714
34484,librosa,29.976598639455784,0.8194706439971924,0.10456671565771103
34510,librosa,29.976598639455784,0.05940045788884163,0.007765599060803652
34511,librosa,29.976598639455784,0.42773333191871643,0.06216871365904808
34994,librosa,29.976598639455784,0.7628135681152344,0.11675869673490524
34996,librosa,30.0,0.8741464614868164,0.1542818695306778
35007,librosa,29.976598639455784,0.956963300704956,0.27955031394958496
35008,librosa,30.0,0.4700022339820862,0.0852741077542305
35182,librosa,29.976598639455784,0.5160458087921143,0.09183124452829361
35184,librosa,29.976598639455784,0.5838474035263062,0.11700522154569626
35198,librosa,30.0,0.9561947584152222,0.33099913597106934
35199,librosa,30.0,1.055402159690857,0.34875252842903137
35204,librosa,29.976598639455784,0.832340657711029,0.15611769258975983
35296,librosa,29.976598639455784,0.8906664848327637,0.09435871243476868
35299,librosa,30.0,1.0616047382354736,0.3420429229736328
35443,librosa,29.976598639455784,1.0063321590423584,0.20574332773685455
35444,librosa,30.0,0.9986029267311096,0.13342945277690887
35462,librosa,29.976598639455784,0.7296141386032104,0.197222039103508
35527,librosa,29.976598639455784,1.0015754699707031,0.2681686580181122
35534,librosa,29.976598639455784,1.0205414295196533,0.2907903492450714
35535,librosa,29.976598639455784,1.0080150365829468,0.32833608984947205
35537,librosa,30.0,1.0057181119918823,0.35879942774772644
35539,librosa,30.0,1.0139235258102417,0.26773449778556824
35541,librosa,29.976598639455784,1.0048408508300781,0.23720073699951172
35543,librosa,29.976598639455784,1.003372073173523,0.20913781225681305
35544,librosa,29.976598639455784,0.5412204265594482,0.07257107645273209
35545,librosa,30.0,0.5131476521492004,0.058833565562963486
35549,librosa,30.0,0.626893162727356,0.19899730384349823
35550,librosa,29.976598639455784,0.6136853694915771,0.10920674353837967
35569,librosa,30.0,1.0124458074569702,0.405612051486969
35571,librosa,29.976598639455784,0.9192851781845093,0.21455925703048706
35608,librosa,30.0,1.04521906375885,0.2529280483722687
35734,librosa,30.0,0.8039642572402954,0.13834592700004578
36096,librosa,30.0,1.0148147344589233,0.18298473954200745
36097,librosa,29.976598639455784,1.0277776718139648,0.15265348553657532
36099,librosa,29.976598639455784,1.0150213241577148,0.29621174931526184
36143,librosa,30.0,0.9253348112106323,0.17435942590236664
36144,librosa,30.0,0.9706588983535767,0.1506066918373108
36145,librosa,29.976598639455784,0.7499021291732788,0.10529836267232895
36146,librosa,29.976598639455784,0.8973603248596191,0.1779632717370987
36147,librosa,29.976598639455784,0.9072175025939941,0.13478994369506836
36245,librosa,29.976598639455784,0.7811157703399658,0.1599065363407135
36257,librosa,29.976598639455784,0.5789543390274048,0.059029608964920044
36258,librosa,29.976598639455784,0.6602901220321655,0.10326506197452545
36261,librosa,30.0,0.9603844881057739,0.16604219377040863
36272,librosa,29.988979591836735,1.0033506155014038,0.0655449777841568
36273,librosa,29.988979591836735,1.0345749855041504,0.12519575655460358
36275,librosa,29.988979591836735,0.7266314029693604,0.0993199571967125
36277,librosa,29.988979591836735,1.0170923471450806,0.15379218757152557
36302,librosa,29.976598639455784,0.7107203006744385,0.10881240665912628
36304,librosa,29.976598639455784,0.8582820296287537,0.1327785700559616
36322,librosa,30.0,0.9933226108551025,0.2607715427875519
36333,librosa,29.976598639455784,0.9914242029190063,0.2456597536802292
36371,librosa,29.976598639455784,0.980730414390564,0.2611817419528961
36380,librosa,30.0,0.9332338571548462,0.3363848626613617
36388,librosa,30.0,0.9721070528030396,0.27904099225997925
36428,librosa,29.976598639455784,1.0263402462005615,0.24341526627540588
36435,librosa,30.0,1.0447838306427002,0.3592003285884857
36481,librosa,30.0,0.99781334400177,0.36390581727027893
36526,librosa,29.976598639455784,0.8932459354400635,0.1354321390390396
36560,librosa,30.0,0.8734121918678284,0.19560694694519043
36567,librosa,29.976598639455784,0.39353805780410767,0.11615141481161118
36614,librosa,29.976598639455784,1.0334975719451904,0.19179609417915344
36615,librosa,30.0,1.0707902908325195,0.22202789783477783
36616,librosa,30.0,1.0032302141189575,0.1356620341539383
36618,librosa,30.0,1.0205657482147217,0.16161701083183289
36643,librosa,29.976598639455784,0.9989713430404663,0.18574263155460358
36659,librosa,29.976598639455784,0.623737096786499,0.11362380534410477
36799,librosa,30.0,0.44667908549308777,0.09609890729188919
36959,librosa,29.976598639455784,0.3827005922794342,0.05131463706493378
36961,librosa,29.976598639455784,0.4251887798309326,0.06076780706644058
36965,librosa,30.0,0.3829297423362732,0.07282447069883347
36966,librosa,29.976598639455784,0.4693940579891205,0.126266747713089
36983,librosa,29.976598639455784,0.9965553283691406,0.3081447184085846
36984,librosa,29.976598639455784,1.0042991638183594,0.3171520531177521
36985,librosa,29.976598639455784,1.0579746961593628,0.5130959749221802
36986,librosa,29.976598639455784,1.1159467697143555,0.44323745369911194
36987,librosa,29.976598639455784,0.9561598300933838,0.29249459505081177
36988,librosa,30.0,1.5614235401153564,0.4778706729412079
36990,librosa,30.0,1.0875756740570068,0.4311986565589905
36992,librosa,29.976598639455784,1.5308363437652588,0.5303283333778381
36994,librosa,29.976598639455784,1.126213788986206,0.3979361951351166
36997,librosa,30.0,0.888550341129303,0.2698216736316681
36998,librosa,30.0,1.1151970624923706,0.3827100396156311
36999,librosa,29.988979591836735,1.0999407768249512,0.1224311962723732
37041,librosa,29.976598639455784,0.9939766526222229,0.2631935477256775
37111,librosa,30.0,0.5018880367279053,0.05900648608803749
37113,librosa,29.976598639455784,0.7744784951210022,0.13954228162765503
37119,librosa,29.976598639455784,0.7177294492721558,0.15063759684562683
37121,librosa,30.0,0.9882763624191284,0.03285862132906914
37131,librosa,29.976598639455784,0.7118507027626038,0.22798432409763336
37136,librosa,29.976598639455784,0.6701648235321045,0.14543956518173218
37141,librosa,30.0,0.8376500606536865,0.12465545535087585
37147,librosa,29.976598639455784,0.9300552606582642,0.20169135928153992
37324,librosa,29.976598639455784,0.8746969699859619,0.11122112721204758
37325,librosa,29.976598639455784,0.5388737320899963,0.07674546539783478
37368,librosa,29.976598639455784,0.9805928468704224,0.26896950602531433
37369,librosa,29.976598639455784,0.9824090600013733,0.22739963233470917
37416,librosa,29.976598639455784,0.964904248714447,0.2907615005970001
37417,librosa,30.0,1.0639677047729492,0.2940082252025604
37423,librosa,30.0,1.0244842767715454,0.19353175163269043
37538,librosa,29.976598639455784,0.5954210758209229,0.09076571464538574
37592,librosa,29.976598639455784,0.9281808733940125,0.16845712065696716
37725,librosa,30.0,0.7612019777297974,0.14225608110427856
37727,librosa,29.976598639455784,0.8318648338317871,0.1482829600572586
37730,librosa,29.976598639455784,0.7576820850372314,0.15096527338027954
37731,librosa,30.0,0.9169919490814209,0.17010802030563354
37779,librosa,29.976598639455784,1.0073440074920654,0.18385565280914307
37781,librosa,29.976598639455784,1.029951810836792,0.15427184104919434
37784,librosa,30.0,0.590871274471283,0.09144975244998932
37859,librosa,30.0,0.9837273359298706,0.15655066072940826
37911,librosa,29.976598639455784,0.655235767364502,0.12299878150224686
37920,librosa,30.0,0.8746075630187988,0.15401187539100647
38312,librosa,29.976598639455784,0.5364851951599121,0.11770104616880417
38321,librosa,30.0,0.6444681286811829,0.08276259154081345
38323,librosa,29.976598639455784,0.5579532384872437,0.09447792917490005
38326,librosa,30.0,0.6067767143249512,0.12104665488004684
38351,librosa,30.0,0.8132392168045044,0.15353929996490479
38352,librosa,30.0,0.6670914888381958,0.1512724608182907
38353,librosa,29.976598639455784,0.8193377256393433,0.13613258302211761
38354,librosa,29.976598639455784,0.5821306109428406,0.12047390639781952
38361,librosa,29.976598639455784,0.9812756180763245,0.19042356312274933
38362,librosa,30.0,0.8110106587409973,0.15545372664928436
38363,librosa,30.0,0.9039779305458069,0.2921190559864044
38365,librosa,29.976598639455784,0.6728291511535645,0.101164311170578
38399,librosa,30.0,0.8197759985923767,0.12424861639738083
38435,librosa,29.988979591836735,0.5335255861282349,0.12997807562351227
38450,librosa,29.976598639455784,1.0203547477722168,0.14982955157756805
38522,librosa,29.976598639455784,0.9269038438796997,0.0976351648569107
38557,librosa,30.0,1.0499622821807861,0.26597627997398376
38560,librosa,30.0,0.9073179960250854,0.09010382741689682
38775,librosa,29.976598639455784,1.012593150138855,0.23690137267112732
38776,librosa,30.0,1.0432333946228027,0.2629602253437042
38777,librosa,30.0,0.9713157415390015,0.21869999170303345
38778,librosa,30.0,0.9495006203651428,0.1986236274242401
38779,librosa,29.976598639455784,0.8900776505470276,0.14055755734443665
38780,librosa,30.0,0.9837130308151245,0.2783788740634918
38781,librosa,30.0,0.9705673456192017,0.22970882058143616
38782,librosa,29.976598639455784,0.9829826951026917,0.199593186378479
38783,librosa,30.0,0.9400798082351685,0.18657834827899933
38784,librosa,29.976598639455784,0.9913836717605591,0.22703242301940918
38785,librosa,30.0,0.8763577342033386,0.17826227843761444
38817,librosa,30.0,0.5567705631256104,0.08551232516765594
38818,librosa,30.0,0.6772670149803162,0.10934324562549591
38819,librosa,30.0,0.3910865783691406,0.07976449280977249
38820,librosa,30.0,0.6120716333389282,0.08437073975801468
38821,librosa,29.976598639455784,0.6304045915603638,0.10477536916732788
38822,librosa,30.0,0.6258586049079895,0.1147613525390625
38823,librosa,29.976598639455784,0.3147158920764923,0.051204320043325424
38824,librosa,30.0,0.6048290729522705,0.12059929966926575
38825,librosa,29.976598639455784,0.3117251992225647,0.04255576804280281
38826,librosa,29.976598639455784,0.6813333034515381,0.09013364464044571
38827,librosa,30.0,0.6354758143424988,0.09230447560548782
38828,librosa,29.976598639455784,0.8177329301834106,0.13669878244400024
38829,librosa,29.976598639455784,0.3729276657104492,0.05845588818192482
38830,librosa,30.0,0.5022326707839966,0.08221668750047684
38833,librosa,30.0,0.9600868225097656,0.11545535176992416
38834,librosa,30.0,0.6336411237716675,0.0916866734623909
38847,librosa,30.0,0.5715777277946472,0.12247500568628311
38859,librosa,29.976598639455784,0.571779727935791,0.09489686787128448
38878,librosa,30.0,1.0288256406784058,0.27916568517684937
38879,librosa,30.0,0.33548295497894287,0.0673876479268074
38880,librosa,29.976598639455784,0.2572304606437683,0.06246650218963623
38881,librosa,29.976598639455784,0.46918874979019165,0.06427175551652908
38882,librosa,29.976598639455784,0.4039852023124695,0.07362506538629532
38884,librosa,29.976598639455784,0.4379132390022278,0.04268626868724823
38886,librosa,29.976598639455784,0.4776436388492584,0.051832545548677444
38887,librosa,29.976598639455784,0.6558956503868103,0.057344142347574234
38888,librosa,29.976598639455784,0.7375683188438416,0.057020556181669235
38890,librosa,29.976598639455784,0.4747353196144104,0.03243989869952202
38891,librosa,30.0,0.31916284561157227,0.03151582181453705
38892,librosa,30.0,0.7477190494537354,0.022086884826421738
38893,librosa,29.976598639455784,0.22929000854492188,0.022932633757591248
38894,librosa,29.976598639455784,0.5855501890182495,0.05349588394165039
38895,librosa,29.976598639455784,0.4425564408302307,0.02679505944252014
38896,librosa,30.0,0.8344476222991943,0.020757712423801422
38898,librosa,29.976598639455784,0.6472116708755493,0.023401649668812752
38899,librosa,29.976598639455784,0.8055309057235718,0.08199720084667206
38900,librosa,30.0,0.4455633759498596,0.11879846453666687
38901,librosa,29.976598639455784,0.6198289394378662,0.03883771970868111
38902,librosa,29.976598639455784,0.29685279726982117,0.0663548931479454
38904,librosa,29.976598639455784,0.4980866611003876,0.07846352458000183
38905,librosa,30.0,0.3809032440185547,0.02707577310502529
38906,librosa,29.976598639455784,0.182175874710083,0.02342824637889862
38907,librosa,30.0,0.7856566905975342,0.024919375777244568
38908,librosa,30.0,0.6704705953598022,0.053774382919073105
38910,librosa,30.0,0.21093134582042694,0.01723315194249153
38911,librosa,30.0,0.8345398306846619,0.08630716800689697
38912,librosa,29.976598639455784,0.24995198845863342,0.041153185069561005
38914,librosa,29.976598639455784,0.24083897471427917,0.056911371648311615
38955,librosa,29.976598639455784,0.8379834294319153,0.2722454369068146
38961,librosa,29.976598639455784,0.7920167446136475,0.2230178713798523
38964,librosa,30.0,0.5811082124710083,0.0387556254863739
38965,librosa,29.976598639455784,0.30762040615081787,0.046507854014635086
38966,librosa,29.976598639455784,0.43281424045562744,0.04932934418320656
38967,librosa,30.0,0.6333416700363159,0.09178176522254944
39188,librosa,30.0,0.7879547476768494,0.12373688071966171
39259,librosa,29.976598639455784,0.8120397329330444,0.07557345926761627
39278,librosa,30.0,0.4185280203819275,0.08303550630807877
39291,librosa,30.0,0.9180177450180054,0.11516270041465759
39298,librosa,30.0,1.0642011165618896,0.207833394408226
39316,librosa,30.0,1.0064935684204102,0.31445232033729553
39317,librosa,29.976598639455784,1.0244879722595215,0.44931113719940186
39318,librosa,30.0,1.0082697868347168,0.32504409551620483
39357,librosa,29.976598639455784,1.2551707029342651,0.18932883441448212
39359,librosa,29.976598639455784,0.8730219602584839,0.15186771750450134
39378,librosa,30.0,0.6278396248817444,0.10271862894296646
39484,librosa,29.976598639455784,0.5822221040725708,0.10244742035865784
39488,librosa,30.0,1.003343939781189,0.15287469327449799
39530,librosa,29.976598639455784,0.8551152944564819,0.27222391963005066
39605,librosa,29.976598639455784,1.0120700597763062,0.16187849640846252
39607,librosa,29.976598639455784,0.960456132888794,0.20351645350456238
39658,librosa,30.0,0.5501091480255127,0.07601308822631836
39659,librosa,29.976598639455784,0.6173218488693237,0.06737232208251953
39660,librosa,29.976598639455784,0.6249256134033203,0.08344986289739609
39661,librosa,29.976598639455784,0.6275374889373779,0.057325560599565506
39662,librosa,30.0,0.58409583568573,0.05782681331038475
39663,librosa,30.0,0.5863602161407471,0.07010436058044434
39664,librosa,29.976598639455784,0.6513111591339111,0.07558584213256836
39665,librosa,30.0,0.6355026960372925,0.07749821990728378
39666,librosa,30.0,0.630394697189331,0.08232923597097397
39667,librosa,29.988979591836735,0.4857415556907654,0.04927348345518112
39875,librosa,30.0,0.2931225299835205,0.0596533827483654
39900,librosa,30.0,0.5120246410369873,0.09260965883731842
39904,librosa,29.976598639455784,0.6637037396430969,0.10642024129629135
40121,librosa,30.0,1.0018634796142578,0.21606409549713135
40122,librosa,29.976598639455784,0.9442400336265564,0.24144668877124786
40123,librosa,30.0,0.9688076376914978,0.19906049966812134
40133,librosa,30.0,1.003129243850708,0.21321117877960205
40134,librosa,29.976598639455784,0.961337685585022,0.16433489322662354
40139,librosa,29.976598639455784,1.096705436706543,0.2948092222213745
40141,librosa,29.976598639455784,1.0317867994308472,0.2640332281589508
40147,librosa,30.0,1.1995205879211426,0.21961398422718048
40161,librosa,29.976598639455784,1.0349801778793335,0.14304232597351074
40180,librosa,29.976598639455784,0.9001991748809814,0.19929666817188263
40182,librosa,29.976598639455784,0.9939975738525391,0.16623707115650177
40229,librosa,30.0,0.958254873752594,0.2479618936777115
40230,librosa,29.976598639455784,0.9872999787330627,0.24255168437957764
40231,librosa,29.976598639455784,0.8994438648223877,0.22466200590133667
40232,librosa,29.976598639455784,0.7365003824234009,0.17536796629428864
40233,librosa,30.0,1.0025169849395752,0.20253223180770874
40234,librosa,30.0,0.7200605273246765,0.09106217324733734
40235,librosa,30.0,0.6612112522125244,0.11813289672136307
40236,librosa,30.0,0.7738727927207947,0.1456458866596222
40237,librosa,30.0,0.7813029289245605,0.11911650747060776
40238,librosa,30.0,0.771456778049469,0.15308621525764465
40239,librosa,29.976598639455784,0.9427262544631958,0.2537083327770233
40240,librosa,29.976598639455784,0.9520400762557983,0.2716776728630066
40241,librosa,30.0,0.9405513405799866,0.24736030399799347
40242,librosa,29.976598639455784,0.9619891047477722,0.2737656235694885
40243,librosa,29.976598639455784,0.9465409517288208,0.23482459783554077
40244,librosa,30.0,0.9427083730697632,0.24222445487976074
40245,librosa,29.976598639455784,0.9552737474441528,0.24274992942810059
40250,librosa,29.976598639455784,1.0021204948425293,0.1412586271762848
40509,librosa,29.976598639455784,0.5151374340057373,0.1510574221611023
40525,librosa,29.976598639455784,1.1142442226409912,0.2898443639278412
40541,librosa,29.988979591836735,0.7942954301834106,0.24352650344371796
40542,librosa,29.988979591836735,0.7942954301834106,0.24352715909481049
40598,librosa,30.0,1.008536696434021,0.2219458818435669
40654,librosa,30.0,0.7578500509262085,0.14350372552871704
40655,librosa,30.0,0.5082207918167114,0.056118082255125046
40656,librosa,29.976598639455784,0.6450871229171753,0.14211247861385345
40657,librosa,29.976598639455784,0.7157512307167053,0.13326764106750488
40658,librosa,29.976598639455784,0.75630784034729,0.09830024838447571
40659,librosa,30.0,0.8297891616821289,0.1064131110906601
40660,librosa,30.0,0.7840626239776611,0.11396012455224991
40683,librosa,29.976598639455784,0.6970351338386536,0.059351298958063126
40725,librosa,29.976598639455784,1.0380264520645142,0.08584240078926086
40842,librosa,29.976598639455784,1.0122730731964111,0.2523341178894043
40843,librosa,29.976598639455784,1.0107946395874023,0.21951676905155182
40844,librosa,30.0,1.0647467374801636,0.307513028383255
40845,librosa,29.976598639455784,0.8434910178184509,0.25969281792640686
40851,librosa,29.976598639455784,0.674304187297821,0.0935491994023323
40903,librosa,30.0,0.9854488968849182,0.20995911955833435
40908,librosa,29.976598639455784,0.7501710653305054,0.0430779866874218
40909,librosa,29.976598639455784,0.7692407369613647,0.0933566465973854
40938,librosa,29.976598639455784,1.0327728986740112,0.2955569326877594
40940,librosa,29.976598639455784,1.0080387592315674,0.26793602108955383
40984,librosa,29.976598639455784,1.005918025970459,0.18836340308189392
40985,librosa,30.0,0.9985552430152893,0.21926897764205933
40986,librosa,29.976598639455784,1.0238456726074219,0.24171289801597595
41018,librosa,30.0,1.045499563217163,0.21360759437084198
41019,librosa,29.976598639455784,1.0389692783355713,0.1808324009180069
41020,librosa,29.976598639455784,1.037312626838684,0.25002962350845337
41054,librosa,30.0,0.9859469532966614,0.31368741393089294
41095,librosa,30.0,0.6628750562667847,0.17636330425739288
41147,librosa,29.976598639455784,0.8437474966049194,0.1045776978135109
41191,librosa,29.976598639455784,0.9132199287414551,0.21920199692249298
41192,librosa,29.976598639455784,0.8802425861358643,0.20779390633106232
41310,librosa,30.0,0.7333850860595703,0.1424035280942917
41381,librosa,29.976598639455784,0.7899686098098755,0.4040725529193878
41568,librosa,30.0,0.6329885125160217,0.1231798306107521
41570,librosa,29.976598639455784,0.9668658375740051,0.2060861736536026
41573,librosa,30.0,0.3493711054325104,0.049170032143592834
41605,librosa,29.976598639455784,0.23301127552986145,0.025147484615445137
41709,librosa,29.988979591836735,0.45703941583633423,0.12054800242185593
41714,librosa,29.988979591836735,1.0287009477615356,0.19587714970111847
41812,librosa,29.976598639455784,0.4983430504798889,0.07040619105100632
41819,librosa,30.0,0.5053551197052002,0.17022189497947693
41820,librosa,29.976598639455784,0.38214218616485596,0.13373389840126038
41825,librosa,30.0,0.5297151803970337,0.17361292243003845
41961,librosa,30.0,0.96198570728302,0.1884637176990509
41962,librosa,30.0,0.9634662866592407,0.20640002191066742
41965,librosa,30.0,0.9557207226753235,0.20153318345546722
41971,librosa,29.988979591836735,1.4987595081329346,0.48991522192955017
41983,librosa,29.976598639455784,0.6681274175643921,0.13528645038604736
42014,librosa,29.976598639455784,0.7961512207984924,0.22483082115650177
42016,librosa,29.976598639455784,1.0269910097122192,0.21176578104496002
42017,librosa,29.976598639455784,0.9775533676147461,0.3587236702442169
42018,librosa,29.976598639455784,1.0697979927062988,0.24988014996051788
42019,librosa,29.976598639455784,0.9977085590362549,0.3130505383014679
42020,librosa,29.976598639455784,1.0325995683670044,0.15970826148986816
42023,librosa,30.0,1.0354342460632324,0.19524087011814117
42025,librosa,30.0,1.045119285583496,0.18002428114414215
42029,librosa,29.976598639455784,1.0338835716247559,0.31792014837265015
42030,librosa,30.0,1.0622804164886475,0.20100292563438416
42031,librosa,30.0,1.001075029373169,0.1581266075372696
42040,librosa,29.976598639455784,0.7928893566131592,0.2710708975791931
42044,librosa,29.976598639455784,0.9776294231414795,0.37119102478027344
42045,librosa,29.976598639455784,0.9394233226776123,0.2460450381040573
42046,librosa,30.0,0.9899489283561707,0.17632664740085602
42048,librosa,29.976598639455784,0.902252197265625,0.22665347158908844
42119,librosa,29.976598639455784,0.899571418762207,0.06996753066778183
42126,librosa,30.0,0.757675290107727,0.05599392578005791
42129,librosa,29.976598639455784,0.6886193752288818,0.0966249480843544
42135,librosa,29.976598639455784,0.41055452823638916,0.05867358297109604
42138,librosa,29.976598639455784,0.7307699918746948,0.12297984212636948
42139,librosa,29.976598639455784,0.831478476524353,0.08499442040920258
42141,librosa,29.976598639455784,0.5151350498199463,0.07421848177909851
42146,librosa,30.0,0.7018765211105347,0.08487633615732193
42234,librosa,29.976598639455784,0.8835048675537109,0.1525367796421051
42235,librosa,29.976598639455784,0.9721479415893555,0.10206089913845062
42236,librosa,30.0,0.9159940481185913,0.15592920780181885
42238,librosa,29.976598639455784,0.9694535732269287,0.14839671552181244
42240,librosa,29.976598639455784,0.9747183322906494,0.1696649193763733
42241,librosa,30.0,0.900060772895813,0.150223508477211
42243,librosa,30.0,0.986750602722168,0.2039526104927063
42245,librosa,29.976598639455784,0.9616787433624268,0.15948274731636047
42247,librosa,29.976598639455784,0.8385440111160278,0.11752906441688538
42310,librosa,30.0,0.464508593082428,0.07363256067037582
42372,librosa,30.0,1.1069839000701904,0.2997628450393677
42373,librosa,30.0,1.0210201740264893,0.21576999127864838
42374,librosa,29.976598639455784,1.0170785188674927,0.14680039882659912
42375,librosa,30.0,1.0164306163787842,0.2661754786968231
42376,librosa,29.976598639455784,1.021327018737793,0.21562588214874268
42377,librosa,29.976598639455784,1.0265105962753296,0.2760011851787567
42442,librosa,30.0,0.9125305414199829,0.21698027849197388
42463,librosa,29.976598639455784,0.9719510078430176,0.21388249099254608
42475,librosa,29.976598639455784,0.9922649264335632,0.21696753799915314
42648,librosa,29.976598639455784,0.4725878834724426,0.09602084010839462
42659,librosa,29.976598639455784,0.4095851480960846,0.08823417872190475
42751,librosa,29.976598639455784,0.6693997979164124,0.0891706794500351
42761,librosa,30.0,0.5676543712615967,0.10420166701078415
42789,librosa,30.0,0.8190597295761108,0.16422881186008453
42844,librosa,29.976598639455784,1.3843984603881836,0.4287833571434021
42851,librosa,29.976598639455784,1.7060186862945557,0.12355011701583862
42911,librosa,30.0,1.271131992340088,0.27938660979270935
42914,librosa,30.0,0.9833681583404541,0.2625572681427002
42915,librosa,29.976598639455784,1.1480233669281006,0.18170469999313354
42966,librosa,29.976598639455784,0.46308398246765137,0.11352261900901794
42984,librosa,29.976598639455784,0.389303594827652,0.19505411386489868
43016,librosa,29.976598639455784,0.7528843879699707,0.10373378545045853
43018,librosa,30.0,0.9991111159324646,0.1058659479022026
43019,librosa,30.0,0.4847901463508606,0.04262317717075348
43020,librosa,30.0,0.6217867136001587,0.12920762598514557
43021,librosa,29.976598639455784,0.40399831533432007,0.05368233844637871
43022,librosa,29.976598639455784,0.6902614831924438,0.14463762938976288
43023,librosa,29.976598639455784,0.5459293127059937,0.061021022498607635
43024,librosa,29.976598639455784,0.505111813545227,0.11715790629386902
43025,librosa,29.976598639455784,0.7530676126480103,0.05639651417732239
43026,librosa,30.0,0.8782495856285095,0.16810114681720734
43027,librosa,29.976598639455784,0.3671511709690094,0.037354033440351486
43028,librosa,30.0,0.8460373878479004,0.17468906939029694
43029,librosa,30.0,0.48159676790237427,0.056851744651794434
43030,librosa,29.976598639455784,0.886156439781189,0.18432976305484772
43063,librosa,30.0,0.786747932434082,0.1377643346786499
43172,librosa,29.976598639455784,0.6742331981658936,0.11619797348976135
43173,librosa,29.976598639455784,0.7356668710708618,0.10092582553625107
43516,librosa,29.976598639455784,0.9727016687393188,0.1366226077079773
43517,librosa,29.976598639455784,1.0167402029037476,0.13633254170417786
43518,librosa,29.976598639455784,1.0028924942016602,0.1554071307182312
43519,librosa,29.976598639455784,0.9859195947647095,0.143357053399086
43520,librosa,30.0,0.9661033749580383,0.06413013488054276
43521,librosa,29.976598639455784,0.8989573121070862,0.12695488333702087
43533,librosa,29.976598639455784,0.6316951513290405,0.08309183269739151
43534,librosa,30.0,0.6978238224983215,0.09387162327766418
43535,librosa,30.0,0.7277143001556396,0.09083782881498337
43536,librosa,30.0,0.8025352358818054,0.09168455749750137
43585,librosa,30.0,0.9441227912902832,0.2348051518201828
43586,librosa,30.0,0.958138644695282,0.22299012541770935
43587,librosa,30.0,0.7974725961685181,0.15108121931552887
43588,librosa,30.0,0.9269281625747681,0.222268208861351
43589,librosa,29.976598639455784,0.9731428027153015,0.238388791680336
43590,librosa,30.0,0.8961321115493774,0.1571149080991745
43592,librosa,30.0,0.8652056455612183,0.1796828955411911
43593,librosa,30.0,0.9328818321228027,0.16833776235580444
43594,librosa,29.976598639455784,0.925814151763916,0.12512262165546417
43595,librosa,30.0,0.9265939593315125,0.21410630643367767
43596,librosa,29.976598639455784,0.9658032059669495,0.2099713236093521
43598,librosa,29.976598639455784,0.6391672492027283,0.08846480399370193
43599,librosa,30.0,0.6567995548248291,0.08786340057849884
43600,librosa,30.0,0.494167298078537,0.08369898796081543
43608,librosa,29.976598639455784,1.0022175312042236,0.1982499063014984
43621,librosa,30.0,0.34648868441581726,0.04647102579474449
43623,librosa,29.976598639455784,0.5023564100265503,0.06545834988355637
43691,librosa,29.976598639455784,0.5942264795303345,0.06043168157339096
43695,librosa,29.976598639455784,0.9735022187232971,0.3646477162837982
43696,librosa,29.976598639455784,0.7906926870346069,0.25578927993774414
43697,librosa,30.0,0.974579393863678,0.2931191623210907
43698,librosa,29.976598639455784,0.9980653524398804,0.3156643509864807
43699,librosa,30.0,0.9886885285377502,0.35356155037879944
43761,librosa,29.976598639455784,1.0193676948547363,0.27331405878067017
43765,librosa,29.976598639455784,0.2754344344139099,0.03937273845076561
43766,librosa,30.0,0.3329460024833679,0.0341477133333683
43767,librosa,30.0,0.21365439891815186,0.026544630527496338
43768,librosa,29.976598639455784,0.30812180042266846,0.031171539798378944
43773,librosa,29.976598639455784,0.9842180609703064,0.2633194923400879
43796,librosa,29.976598639455784,1.0956270694732666,0.32300814986228943
43842,librosa,30.0,0.6719546318054199,0.09600424766540527
43843,librosa,29.976598639455784,0.2777180075645447,0.057570185512304306
43844,librosa,30.0,1.1538794040679932,0.29170650243759155
43856,librosa,30.0,1.0846076011657715,0.2350001186132431
43857,librosa,30.0,1.037259817123413,0.23460398614406586
43858,librosa,29.976598639455784,1.0832056999206543,0.32397547364234924
43859,librosa,29.976598639455784,1.0115911960601807,0.2573673725128174
43860,librosa,30.0,1.0040652751922607,0.2413230538368225
43861,librosa,30.0,0.8910819888114929,0.16458800435066223
43863,librosa,30.0,1.032945990562439,0.32122063636779785
43865,librosa,29.976598639455784,1.0426290035247803,0.30607107281684875
43866,librosa,29.976598639455784,1.062623381614685,0.23868800699710846
43867,librosa,30.0,1.0847582817077637,0.27006271481513977
43868,librosa,29.976598639455784,0.8842090368270874,0.18864649534225464
43869,librosa,29.976598639455784,1.196242094039917,0.30706024169921875
43883,librosa,29.988979591836735,0.8610056638717651,0.10387776792049408
43886,librosa,29.988979591836735,0.9821271896362305,0.20695172250270844
43899,librosa,29.976598639455784,1.099109411239624,0.38530629873275757
43911,librosa,30.0,0.9874016046524048,0.19753265380859375
43962,librosa,30.0,0.8647850155830383,0.12280265986919403
43965,librosa,29.976598639455784,0.7317958474159241,0.2068943977355957
44092,librosa,29.976598639455784,0.9381020069122314,0.15733948349952698
44110,librosa,30.0,0.12450668215751648,0.018126001581549644
44169,librosa,30.0,0.9296572804450989,0.2042631357908249
44236,librosa,29.976598639455784,0.49238207936286926,0.14271841943264008
44342,librosa,29.976598639455784,0.6244277954101562,0.05699595808982849
44347,librosa,29.976598639455784,0.5728048086166382,0.13236624002456665
44354,librosa,30.0,1.229335069656372,0.20173175632953644
44355,librosa,30.0,0.2783447206020355,0.04989040642976761
44777,librosa,29.976598639455784,0.5565767884254456,0.09459895640611649
44778,librosa,30.0,0.8316505551338196,0.07626628875732422
44779,librosa,29.976598639455784,0.5447851419448853,0.16701745986938477
44780,librosa,29.976598639455784,0.7153705358505249,0.11484997719526291
44781,librosa,29.976598639455784,0.822049617767334,0.09815273433923721
44782,librosa,30.0,0.6654923558235168,0.12182123959064484
44791,librosa,30.0,0.7197192907333374,0.1672350913286209
44792,librosa,30.0,0.8458441495895386,0.30280351638793945
44793,librosa,29.976598639455784,0.7690349817276001,0.16899362206459045
44794,librosa,29.976598639455784,0.663985013961792,0.11007244884967804
44795,librosa,29.976598639455784,0.6826243996620178,0.09519075602293015
44796,librosa,30.0,0.6385138034820557,0.10726836323738098
44797,librosa,29.976598639455784,0.6210829615592957,0.09864853322505951
44798,librosa,29.976598639455784,0.8918920159339905,0.22946478426456451
44799,librosa,30.0,0.818504810333252,0.1453753113746643
44800,librosa,29.976598639455784,0.7302396297454834,0.18340307474136353
44801,librosa,30.0,0.9672691822052002,0.16370084881782532
44802,librosa,30.0,0.7023636102676392,0.19766858220100403
44803,librosa,29.976598639455784,0.7142268419265747,0.13652053475379944
44804,librosa,29.988979591836735,0.8576133251190186,0.2238968163728714
44805,librosa,30.0,0.60505610704422,0.12051969766616821
44806,librosa,29.976598639455784,0.467165470123291,0.12305407971143723
44809,librosa,30.0,0.7372761368751526,0.13917036354541779
44820,librosa,29.976598639455784,1.0171161890029907,0.2965547740459442
44821,librosa,29.976598639455784,1.0472136735916138,0.2878407835960388
44822,librosa,29.976598639455784,1.0051010847091675,0.27901390194892883
44823,librosa,30.0,1.0285581350326538,0.2518882751464844
44848,librosa,29.976598639455784,0.5744102001190186,0.0813305675983429
44849,librosa,30.0,0.8178793787956238,0.038334958255290985
44850,librosa,30.0,0.5802592039108276,0.07330134510993958
44851,librosa,29.976598639455784,0.6045118570327759,0.07851648330688477
44853,librosa,29.976598639455784,0.2250436395406723,0.031069377437233925
44854,librosa,29.976598639455784,0.9063869714736938,0.39558839797973633
44917,librosa,29.976598639455784,1.000349998474121,0.250002384185791
44918,librosa,29.976598639455784,0.996554970741272,0.18638975918293
44946,librosa,30.0,1.1146180629730225,0.18903717398643494
44947,librosa,29.976598639455784,0.8344714641571045,0.18762938678264618
44948,librosa,29.976598639455784,1.0362011194229126,0.19788610935211182
44949,librosa,29.976598639455784,1.0332152843475342,0.1991957426071167
44950,librosa,29.976598639455784,0.9811865091323853,0.1742408275604248
44951,librosa,29.976598639455784,1.082840919494629,0.191427081823349
44952,librosa,29.976598639455784,1.0570979118347168,0.19828297197818756
45055,librosa,29.988979591836735,0.981103777885437,0.2170165628194809
45099,librosa,30.0,1.011380910873413,0.5706375241279602
45100,librosa,29.976598639455784,1.023376226425171,0.6397524476051331
45101,librosa,29.976598639455784,1.0159860849380493,0.5907948613166809
45102,librosa,29.976598639455784,0.9842303991317749,0.5141405463218689
45103,librosa,30.0,1.0529600381851196,0.5693441033363342
45119,librosa,29.976598639455784,0.8277281522750854,0.15439103543758392
45122,librosa,30.0,0.9163086414337158,0.208868607878685
45125,librosa,30.0,0.9129321575164795,0.1638326793909073
45126,librosa,30.0,0.7108994722366333,0.2255740463733673
45127,librosa,30.0,0.9043545722961426,0.31401368975639343
45128,librosa,29.976598639455784,0.7930253744125366,0.19602638483047485
45149,librosa,30.0,1.1475573778152466,0.25084808468818665
45150,librosa,29.976598639455784,0.9618622064590454,0.2959015965461731
45151,librosa,30.0,0.9896997213363647,0.2750241458415985
45152,librosa,30.0,1.0267421007156372,0.4348115622997284
45153,librosa,30.0,0.9803143739700317,0.3521499037742615
45154,librosa,29.976598639455784,0.9699689149856567,0.30349037051200867
45335,librosa,30.0,0.9838859438896179,0.17477518320083618
45387,librosa,30.0,0.8218111991882324,0.09068804979324341
45388,librosa,30.0,0.596502959728241,0.08453270047903061
45389,librosa,30.0,0.9739956259727478,0.15369634330272675
45390,librosa,29.976598639455784,0.5029885172843933,0.086933933198452
45391,librosa,29.976598639455784,0.7436426877975464,0.09480003267526627
45392,librosa,30.0,0.48208868503570557,0.10331787914037704
45393,librosa,29.976598639455784,0.5796052813529968,0.08790578693151474
45474,librosa,29.976598639455784,0.691707193851471,0.10971026122570038
45475,librosa,29.976598639455784,0.582008421421051,0.08061659336090088
45508,librosa,30.0,0.7882588505744934,0.1870882213115692
45513,librosa,30.0,0.8290508985519409,0.1491774171590805
45514,librosa,29.976598639455784,0.6853635907173157,0.0937294214963913
45515,librosa,30.0,0.8391587734222412,0.22446481883525848
45516,librosa,29.976598639455784,1.0587167739868164,0.12406547367572784
45517,librosa,29.976598639455784,0.8129327297210693,0.18936346471309662
45518,librosa,29.976598639455784,0.9340605139732361,0.16338586807250977
45519,librosa,30.0,0.8888740539550781,0.20533420145511627
45520,librosa,29.976598639455784,0.9558513760566711,0.22272710502147675
45521,librosa,30.0,0.8393092155456543,0.1673067957162857
45522,librosa,30.0,0.9428672194480896,0.17643433809280396
45523,librosa,30.0,0.9530184268951416,0.29166534543037415
45934,librosa,30.0,0.6750507950782776,0.07434023916721344
45941,librosa,29.976598639455784,0.6247705221176147,0.1181950494647026
46024,librosa,29.976598639455784,0.938880443572998,0.23956023156642914
46043,librosa,29.976598639455784,0.7347964644432068,0.10442331433296204
46058,librosa,29.976598639455784,0.10023880749940872,0.01110168918967247
46068,librosa,29.976598639455784,1.0128228664398193,0.38835403323173523
46078,librosa,30.0,1.0015591382980347,0.3137986361980438
46079,librosa,29.976598639455784,0.9863199591636658,0.30799052119255066
46157,librosa,29.976598639455784,0.8491196036338806,0.12023931741714478
46158,librosa,30.0,0.6339691281318665,0.19485777616500854
46159,librosa,30.0,0.9035506844520569,0.10964508354663849
46160,librosa,29.976598639455784,0.9197619557380676,0.117665134370327
46161,librosa,29.976598639455784,0.33390718698501587,0.00914432480931282
46162,librosa,30.0,0.7446326017379761,0.07707400619983673
46238,librosa,30.0,0.8842732310295105,0.10245127975940704
46241,librosa,29.976598639455784,0.8160390853881836,0.17026303708553314
46525,librosa,30.0,0.967677891254425,0.18531514704227448
46611,librosa,29.976598639455784,0.8087464570999146,0.14115509390830994
46711,librosa,29.976598639455784,0.07458089292049408,0.005888729821890593
46717,librosa,29.976598639455784,0.046801287680864334,0.0035078120417892933
46718,librosa,29.976598639455784,0.08478643000125885,0.008113395422697067
46720,librosa,30.0,0.043882258236408234,0.0035758730955421925
46726,librosa,30.0,0.8954304456710815,0.16711276769638062
46732,librosa,29.976598639455784,0.7900182008743286,0.22071516513824463
46733,librosa,29.976598639455784,0.9164257049560547,0.12058605998754501
46736,librosa,30.0,0.6298973560333252,0.15350937843322754
46839,librosa,29.976598639455784,0.9765387177467346,0.1916191577911377
46840,librosa,30.0,0.9712933301925659,0.2216062843799591
46841,librosa,30.0,0.9792476296424866,0.1988465040922165
46842,librosa,29.976598639455784,0.9776648283004761,0.21838554739952087
46844,librosa,29.976598639455784,1.000975251197815,0.2248808592557907
46846,librosa,29.976598639455784,0.973875880241394,0.23668599128723145
46854,librosa,30.0,0.9644215106964111,0.2340656965970993
46855,librosa,29.976598639455784,0.9571956396102905,0.2478690892457962
46928,librosa,29.976598639455784,0.9341965913772583,0.10023251920938492
46930,librosa,30.0,1.0254710912704468,0.14804863929748535
47032,librosa,29.976598639455784,1.0410542488098145,0.33492618799209595
47068,librosa,30.0,0.9191778898239136,0.17685844004154205
47069,librosa,29.976598639455784,0.8852105140686035,0.14870299398899078
47070,librosa,30.0,0.8455380201339722,0.14602325856685638
47071,librosa,29.976598639455784,0.6741658449172974,0.11887747049331665
47072,librosa,30.0,0.6306720972061157,0.11586898565292358
47073,librosa,29.976598639455784,0.7661253213882446,0.1566801220178604
47074,librosa,29.976598639455784,0.7554280757904053,0.13734593987464905
47075,librosa,30.0,0.5183663964271545,0.08687995374202728
47076,librosa,30.0,0.6407164335250854,0.11920519173145294
47077,librosa,29.976598639455784,0.5852916836738586,0.10575389117002487
47100,librosa,30.0,1.0108710527420044,0.21236523985862732
47192,librosa,29.976598639455784,0.8810911178588867,0.1219973936676979
47193,librosa,30.0,0.8590459823608398,0.22709648311138153
47194,librosa,30.0,0.7533276081085205,0.13690021634101868
47195,librosa,29.976598639455784,0.8929086923599243,0.19031862914562225
47196,librosa,30.0,0.8828367590904236,0.17193002998828888
47197,librosa,30.0,0.8739830255508423,0.1968766450881958
47198,librosa,30.0,0.8749276995658875,0.19896619021892548
47199,librosa,30.0,0.8671357035636902,0.1622251719236374
47200,librosa,30.0,0.893470287322998,0.33437830209732056
47201,librosa,29.976598639455784,0.892371654510498,0.199479877948761
47202,librosa,29.976598639455784,0.8839616775512695,0.1299390345811844
47260,librosa,29.976598639455784,0.7904731631278992,0.1001753881573677
47471,librosa,30.0,0.61245197057724,0.09653623402118683
47506,librosa,29.976598639455784,0.9449347853660583,0.24795877933502197
47510,librosa,30.0,0.9539152383804321,0.22910048067569733
47526,librosa,30.0,0.8664072751998901,0.15192300081253052
47628,librosa,30.0,1.1415715217590332,0.20063592493534088
47657,librosa,29.988979591836735,0.980614185333252,0.23935267329216003
47658,librosa,29.988979591836735,0.9913784861564636,0.19368433952331543
47659,librosa,29.988979591836735,0.9572169780731201,0.20077599585056305
47660,librosa,29.988979591836735,0.9255232810974121,0.17130985856056213
47661,librosa,30.0,1.0733656883239746,0.2616616487503052
47662,librosa,30.0,1.076538324356079,0.28335195779800415
47663,librosa,30.0,1.1148321628570557,0.2996641993522644
47665,librosa,29.988979591836735,0.5433058738708496,0.09819933027029037
47666,librosa,29.988979591836735,0.8335760235786438,0.12997205555438995
47670,librosa,29.976598639455784,1.0960543155670166,0.13131777942180634
47671,librosa,29.976598639455784,1.0217714309692383,0.05420025810599327
47707,librosa,29.976598639455784,1.0718579292297363,0.31264519691467285
47826,librosa,29.976598639455784,0.5139405727386475,0.055651746690273285
47835,librosa,29.976598639455784,1.030522108078003,0.17193646728992462
47865,librosa,30.0,0.959658682346344,0.16097024083137512
47868,librosa,29.976598639455784,0.7028478980064392,0.11073511838912964
47894,librosa,30.0,0.9884029030799866,0.2660224139690399
47895,librosa,30.0,0.9291256070137024,0.2659659683704376
47896,librosa,29.976598639455784,0.9738652110099792,0.2653539180755615
47897,librosa,30.0,1.0180187225341797,0.29138973355293274
47916,librosa,29.976598639455784,1.0456361770629883,0.29473432898521423
47921,librosa,30.0,1.0217065811157227,0.3337695598602295
48015,librosa,30.0,0.950293242931366,0.12593580782413483
48042,librosa,29.976598639455784,0.3646925091743469,0.04952732101082802
48043,librosa,29.976598639455784,0.5833125114440918,0.08326885849237442
48044,librosa,30.0,0.6330119371414185,0.08574109524488449
48046,librosa,30.0,0.32854199409484863,0.045695267617702484
48269,librosa,30.0,0.929848849773407,0.13977518677711487
48293,librosa,29.976598639455784,0.9744513034820557,0.1618075668811798
48307,librosa,30.0,0.6975917220115662,0.15187275409698486
48317,librosa,29.976598639455784,0.47873130440711975,0.06621171534061432
48367,librosa,29.976598639455784,0.4804881513118744,0.1043957993388176
48368,librosa,29.976598639455784,1.0062342882156372,0.2795996367931366
48369,librosa,29.976598639455784,1.0298669338226318,0.25291967391967773
48437,librosa,29.976598639455784,1.0746240615844727,0.30374208092689514
48439,librosa,29.976598639455784,1.010864019393921,0.21926964819431305
48440,librosa,29.976598639455784,0.9803903698921204,0.3369772732257843
48442,librosa,30.0,1.0011253356933594,0.3841695487499237
48443,librosa,30.0,1.0017567873001099,0.3083946704864502
48444,librosa,29.976598639455784,0.9284522533416748,0.09450819343328476
48446,librosa,29.976598639455784,0.4409703314304352,0.027906227856874466
48450,librosa,29.976598639455784,0.7062114477157593,0.10691019147634506
48452,librosa,29.976598639455784,0.8650469779968262,0.1669875532388687
48453,librosa,30.0,0.3746737241744995,0.039303649216890335
48454,librosa,29.976598639455784,0.667163074016571,0.03175122290849686
48456,librosa,29.976598639455784,0.9534220695495605,0.08660425990819931
48457,librosa,30.0,0.7942185401916504,0.0748676210641861
48462,librosa,29.976598639455784,1.0647265911102295,0.25620386004447937
48463,librosa,29.976598639455784,0.9802188277244568,0.25505974888801575
48464,librosa,29.976598639455784,0.9648566842079163,0.18388444185256958
48465,librosa,29.976598639455784,0.9026283621788025,0.16668902337551117
48466,librosa,30.0,0.8261715173721313,0.20540906488895416
48488,librosa,29.976598639455784,0.8693656921386719,0.1392570436000824
48489,librosa,29.976598639455784,0.9512114524841309,0.21193134784698486
48491,librosa,30.0,0.973242998123169,0.19522282481193542
48492,librosa,29.976598639455784,0.9303032159805298,0.2029314488172531
48493,librosa,29.976598639455784,0.883724570274353,0.16875840723514557
48494,librosa,29.976598639455784,0.9452422857284546,0.21025249361991882
48763,librosa,29.976598639455784,0.9933671951293945,0.2678363025188446
48808,librosa,30.0,0.7667043209075928,0.0908411294221878
48815,librosa,30.0,0.7726666331291199,0.11073196679353714
48861,librosa,29.976598639455784,0.7205139398574829,0.2229577749967575
48862,librosa,29.976598639455784,1.1300711631774902,0.19874407351016998
48863,librosa,30.0,0.8122731447219849,0.16488401591777802
48864,librosa,30.0,0.7657871246337891,0.10458569973707199
48865,librosa,30.0,1.0028502941131592,0.15951339900493622
48931,librosa,30.0,0.9435907602310181,0.2060268670320511
48990,librosa,30.0,0.29191577434539795,0.06288035213947296
48999,librosa,29.976598639455784,0.9745593070983887,0.19756187498569489
49029,librosa,29.976598639455784,1.0039031505584717,0.19770140945911407
49030,librosa,30.0,0.9997383952140808,0.2452697455883026
49039,librosa,30.0,0.6362784504890442,0.13338683545589447
49061,librosa,30.0,1.5003492832183838,0.8155307769775391
49062,librosa,29.976598639455784,1.8123908042907715,0.700407087802887
49064,librosa,29.976598639455784,1.761068344116211,0.735660195350647
49066,librosa,29.976598639455784,1.0468969345092773,0.3768596351146698
49067,librosa,29.976598639455784,1.395824670791626,0.4008205533027649
49068,librosa,30.0,1.0867491960525513,0.38371390104293823
49070,librosa,29.976598639455784,1.8112175464630127,0.1485576033592224
49071,librosa,29.976598639455784,1.6050587892532349,0.878846287727356
49072,librosa,30.0,1.8008453845977783,0.8464978933334351
49073,librosa,29.976598639455784,1.502986192703247,0.8046110272407532
49394,librosa,30.0,0.9528265595436096,0.27412813901901245
49401,librosa,29.976598639455784,0.6581270098686218,0.16147403419017792
49407,librosa,29.976598639455784,0.6170742511749268,0.21459661424160004
49408,librosa,29.976598639455784,0.6744072437286377,0.11791594326496124
49441,librosa,29.976598639455784,0.9757972955703735,0.2432299107313156
49473,librosa,29.976598639455784,0.6621391773223877,0.16201701760292053
49476,librosa,30.0,0.7977985739707947,0.18815016746520996
49477,librosa,30.0,0.9196797609329224,0.1682644635438919
49478,librosa,29.976598639455784,0.796607494354248,0.2006959766149521
49479,librosa,30.0,0.9369124174118042,0.17910440266132355
49812,librosa,30.0,0.6818655729293823,0.09968629479408264
49817,librosa,29.976598639455784,0.895317018032074,0.14020687341690063
49842,librosa,30.0,0.8409906029701233,0.11852814257144928
49843,librosa,30.0,0.8461272716522217,0.11310803890228271
49844,librosa,29.976598639455784,0.808264970779419,0.13166207075119019
49845,librosa,30.0,0.8534591794013977,0.14860956370830536
49846,librosa,30.0,0.9252140522003174,0.14306192100048065
49847,librosa,30.0,0.7634187936782837,0.13420024514198303
49848,librosa,30.0,0.788022518157959,0.14412876963615417
49849,librosa,29.976598639455784,0.8874940872192383,0.16603218019008636
49856,librosa,29.976598639455784,0.7309579849243164,0.13738729059696198
49857,librosa,29.976598639455784,0.829094648361206,0.14696039259433746
50264,librosa,30.0,0.8893907070159912,0.2014114260673523
50272,librosa,29.976598639455784,0.9724957346916199,0.3120124042034149
50276,librosa,30.0,0.9760475158691406,0.18231426179409027
50283,librosa,29.976598639455784,0.9494292140007019,0.1001000925898552
50323,librosa,30.0,0.7684476375579834,0.0204685777425766
50444,librosa,30.0,1.0276291370391846,0.2804069519042969
50445,librosa,30.0,1.0412774085998535,0.286632239818573
50446,librosa,29.976598639455784,1.0240120887756348,0.2655715048313141
50447,librosa,30.0,1.0024491548538208,0.2640538811683655
50448,librosa,30.0,1.0089445114135742,0.28733116388320923
50449,librosa,29.976598639455784,0.8010842800140381,0.09524036198854446
50539,librosa,29.976598639455784,1.0250998735427856,0.2521283030509949
50543,librosa,29.976598639455784,1.070045828819275,0.22444169223308563
50752,librosa,29.976598639455784,0.9889308214187622,0.3096853792667389
50753,librosa,30.0,1.0522141456604004,0.37753167748451233
50754,librosa,30.0,1.0011119842529297,0.28565701842308044
50836,librosa,30.0,1.2035622596740723,0.715059220790863
50952,librosa,30.0,0.7999303340911865,0.15698441863059998
50955,librosa,29.988979591836735,0.4897112250328064,0.04950518533587456
50956,librosa,30.0,0.80512535572052,0.10249602794647217
51004,librosa,30.0,0.6926162242889404,0.0725424587726593
51005,librosa,29.976598639455784,1.0172934532165527,0.15989604592323303
51006,librosa,29.988979591836735,1.0007078647613525,0.21117755770683289
51111,librosa,29.976598639455784,0.8027739524841309,0.19038884341716766
51112,librosa,30.0,0.9070613384246826,0.2156490981578827
51113,librosa,30.0,0.4145704209804535,0.05949844792485237
51114,librosa,29.976598639455784,0.9904030561447144,0.03742779418826103
51115,librosa,30.0,0.8300168514251709,0.08217257261276245
51117,librosa,29.976598639455784,0.3521246612071991,0.019587812945246696
51118,librosa,30.0,0.04695864021778107,0.005024393554776907
51120,librosa,29.976598639455784,0.9987350702285767,0.20719730854034424
51157,librosa,30.0,0.6199612617492676,0.08422425389289856
51158,librosa,29.976598639455784,0.29714542627334595,0.04466616362333298
51203,librosa,30.0,0.7758704423904419,0.11016803234815598
51260,librosa,30.0,0.45852214097976685,0.1309460699558258
51261,librosa,29.976598639455784,0.5033501386642456,0.09186413139104843
51262,librosa,30.0,0.44027286767959595,0.120500348508358
51263,librosa,29.976598639455784,0.3633316457271576,0.13791249692440033
51265,librosa,30.0,0.6088728904724121,0.12759771943092346
51267,librosa,29.976598639455784,0.29466280341148376,0.08756056427955627
51268,librosa,30.0,0.3599480986595154,0.08164498955011368
51269,librosa,29.988979591836735,0.5037754774093628,0.1173204705119133
51271,librosa,30.0,0.32139408588409424,0.10122479498386383
51272,librosa,29.976598639455784,0.36395928263664246,0.08271970599889755
51273,librosa,30.0,0.5308995246887207,0.1895671784877777
51274,librosa,29.976598639455784,0.2954616844654083,0.07712758332490921
51275,librosa,30.0,0.5013576149940491,0.14191238582134247
51276,librosa,30.0,0.6080875396728516,0.09533516317605972
51278,librosa,30.0,0.745965838432312,0.13622120022773743
51291,librosa,30.0,0.8387852907180786,0.10467873513698578
51292,librosa,30.0,0.7143837809562683,0.09440077841281891
51301,librosa,30.0,1.0085774660110474,0.31899818778038025
51305,librosa,30.0,1.0075993537902832,0.31004300713539124
51333,librosa,30.0,0.575221061706543,0.12959027290344238
51479,librosa,30.0,0.3589227795600891,0.11142895370721817
51655,librosa,29.976598639455784,0.5105248689651489,0.06523814052343369
51659,librosa,29.976598639455784,0.7200603485107422,0.10695850104093552
51661,librosa,29.976598639455784,0.41481244564056396,0.04180283471941948
51776,librosa,29.976598639455784,0.3653717041015625,0.053141236305236816
51784,librosa,30.0,1.0069366693496704,0.1907605677843094
51785,librosa,29.976598639455784,0.9842303991317749,0.5141405463218689
51918,librosa,29.976598639455784,0.98100346326828,0.19464977085590363
51919,librosa,29.976598639455784,1.041646957397461,0.22839991748332977
51923,librosa,30.0,1.1061320304870605,0.38609540462493896
51954,librosa,30.0,0.9929726123809814,0.2803179621696472
51991,librosa,30.0,0.7974261045455933,0.1033056378364563
51992,librosa,30.0,0.9629166126251221,0.1400163620710373
51998,librosa,29.976598639455784,0.9769335985183716,0.12571392953395844
51999,librosa,29.976598639455784,0.9833179712295532,0.1652817577123642
52000,librosa,29.976598639455784,0.9620452523231506,0.09678207337856293
52001,librosa,30.0,0.6207072138786316,0.05936503782868385
52034,librosa,30.0,0.9930977821350098,0.2593832015991211
52035,librosa,29.976598639455784,0.9722785949707031,0.16728128492832184
52036,librosa,30.0,0.9891393184661865,0.25950199365615845
52037,librosa,29.976598639455784,0.9428733587265015,0.176715686917305
52039,librosa,30.0,0.7639484405517578,0.09682504832744598
52040,librosa,29.976598639455784,1.002610683441162,0.29014647006988525
52041,librosa,30.0,1.0422210693359375,0.2742685079574585
52042,librosa,29.976598639455784,0.9590581655502319,0.19952070713043213
52044,librosa,29.976598639455784,0.9985547661781311,0.3075835704803467
52045,librosa,29.976598639455784,0.99241042137146,0.24508649110794067
52118,librosa,29.976598639455784,1.0063585042953491,0.1715312898159027
52119,librosa,29.976598639455784,1.0213841199874878,0.21550239622592926
52120,librosa,29.976598639455784,1.0302586555480957,0.20610588788986206
52121,librosa,29.976598639455784,1.0194437503814697,0.16965551674365997
52122,librosa,30.0,0.9468945860862732,0.1381072998046875
52123,librosa,30.0,1.0317258834838867,0.18336084485054016
52124,librosa,29.976598639455784,1.0653340816497803,0.1522207260131836
52125,librosa,30.0,1.0291155576705933,0.1770263910293579
52126,librosa,30.0,1.0576181411743164,0.14302775263786316
52127,librosa,30.0,1.011793851852417,0.17533598840236664
52128,librosa,29.976598639455784,1.1417133808135986,0.18568164110183716
52129,librosa,29.976598639455784,1.036159873008728,0.15637321770191193
52141,librosa,29.976598639455784,0.9383376836776733,0.28741222620010376
52375,librosa,29.976598639455784,0.43739593029022217,0.12382630258798599
52380,librosa,30.0,0.654787003993988,0.08868736028671265
52389,librosa,29.976598639455784,1.1923556327819824,0.08734550327062607
52393,librosa,29.976598639455784,1.0636948347091675,0.24903762340545654
52409,librosa,29.976598639455784,1.0135012865066528,0.19845564663410187
52446,librosa,30.0,0.7256983518600464,0.09315337985754013
52447,librosa,30.0,0.1553235650062561,0.019154133275151253
52448,librosa,30.0,0.9071316123008728,0.1457439363002777
52449,librosa,30.0,0.7560240626335144,0.12597507238388062
52451,librosa,30.0,0.8856931924819946,0.08933742344379425
52452,librosa,29.976598639455784,0.32426756620407104,0.05441882088780403
52500,librosa,30.0,0.7178846597671509,0.12380783259868622
52501,librosa,29.976598639455784,1.0091115236282349,0.19090840220451355
52502,librosa,29.976598639455784,0.7496724724769592,0.12654811143875122
52508,librosa,30.0,1.0144165754318237,0.16320152580738068
52522,librosa,30.0,1.0432052612304688,0.2664743661880493
52579,librosa,29.976598639455784,0.6869877576828003,0.14354024827480316
52628,librosa,29.976598639455784,0.8968261480331421,0.1916268765926361
52629,librosa,30.0,0.9745803475379944,0.23123528063297272
52630,librosa,30.0,0.9526592493057251,0.22163932025432587
52631,librosa,29.976598639455784,0.9204438328742981,0.27874425053596497
52632,librosa,30.0,0.9380370378494263,0.20993056893348694
52633,librosa,29.976598639455784,0.9549034833908081,0.11589494347572327
52634,librosa,29.976598639455784,0.9452204704284668,0.3094905614852905
52635,librosa,29.976598639455784,0.9886070489883423,0.26815691590309143
52636,librosa,30.0,0.9299821853637695,0.31569066643714905
52637,librosa,30.0,0.9360144138336182,0.2957904040813446
52638,librosa,29.976598639455784,0.8511958122253418,0.12765443325042725
52639,librosa,29.976598639455784,0.9997752904891968,0.2524271309375763
52641,librosa,29.976598639455784,0.9991986751556396,0.1686534881591797
52642,librosa,30.0,0.6617166996002197,0.09963425248861313
52644,librosa,29.976598639455784,1.0298033952713013,0.2843076288700104
52645,librosa,30.0,1.0257960557937622,0.26449304819107056
52646,librosa,30.0,0.9144185185432434,0.34827736020088196
52647,librosa,29.976598639455784,0.9180923104286194,0.1629941463470459
52648,librosa,29.976598639455784,0.9370567798614502,0.31135618686676025
52649,librosa,29.976598639455784,0.950082004070282,0.23984971642494202
52650,librosa,30.0,0.6821862459182739,0.13441713154315948
52859,librosa,29.988979591836735,0.6006425023078918,0.11514481902122498
52860,librosa,29.988979591836735,0.877040684223175,0.21723303198814392
52861,librosa,29.976598639455784,0.47959619760513306,0.07465819269418716
52862,librosa,30.0,0.9839392304420471,0.157277449965477
52945,librosa,29.976598639455784,0.6331220865249634,0.12093573063611984
52946,librosa,29.976598639455784,0.97788405418396,0.2275499403476715
52947,librosa,30.0,0.8352692723274231,0.16651278734207153
52948,librosa,29.976598639455784,0.9877454042434692,0.22483490407466888
52950,librosa,29.976598639455784,0.97078537940979,0.200203999876976
52951,librosa,29.976598639455784,0.9837287068367004,0.21814946830272675
52953,librosa,29.976598639455784,0.9353716373443604,0.16527022421360016
52954,librosa,29.976598639455784,0.9703316688537598,0.16040372848510742
52955,librosa,29.976598639455784,0.9790500402450562,0.18906207382678986
53152,librosa,30.0,1.014648199081421,0.32484158873558044
53154,librosa,30.0,0.9387973546981812,0.2037692368030548
53156,librosa,30.0,0.9688220620155334,0.22808577120304108
53157,librosa,29.976598639455784,1.1566773653030396,0.26496216654777527
53158,librosa,29.976598639455784,0.7524212598800659,0.24887406826019287
53159,librosa,29.976598639455784,1.4781947135925293,0.3164418041706085
53160,librosa,30.0,0.563115119934082,0.17949658632278442
53228,librosa,30.0,0.6576422452926636,0.07722432911396027
53229,librosa,29.976598639455784,0.6895390748977661,0.11288885772228241
53299,librosa,29.976598639455784,1.007591724395752,0.1931868940591812
53300,librosa,30.0,0.9669456481933594,0.1933966875076294
53301,librosa,29.976598639455784,0.9333360195159912,0.24549919366836548
53302,librosa,30.0,0.8730542659759521,0.3167217969894409
53379,librosa,30.0,0.9804421663284302,0.39250603318214417
53381,librosa,30.0,0.9173415899276733,0.1593896895647049
53457,librosa,30.0,1.107940435409546,0.2861643135547638
53496,librosa,30.0,0.9048284888267517,0.12917646765708923
53576,librosa,29.976598639455784,0.3748430907726288,0.06673796474933624
53578,librosa,29.976598639455784,0.5873807668685913,0.10149195790290833
53586,librosa,29.976598639455784,0.9751216769218445,0.2617511749267578
53587,librosa,29.976598639455784,0.9716947078704834,0.3512555658817291
53588,librosa,29.976598639455784,0.9802212119102478,0.30107399821281433
53589,librosa,29.976598639455784,0.9782299995422363,0.3466049134731293
53591,librosa,30.0,0.9441651701927185,0.2476682811975479
53592,librosa,29.976598639455784,0.9444671869277954,0.2748156189918518
53675,librosa,29.976598639455784,0.32804012298583984,0.0158366821706295
53723,librosa,30.0,0.542624831199646,0.07358548790216446
53724,librosa,29.976598639455784,0.5335699319839478,0.08435383439064026
53725,librosa,29.976598639455784,0.5856420397758484,0.06402945518493652
53726,librosa,29.976598639455784,0.4863174855709076,0.07373964041471481
53727,librosa,30.0,0.6151977777481079,0.08007266372442245
53728,librosa,29.976598639455784,0.4853559136390686,0.0705985575914383
53729,librosa,30.0,0.8708285689353943,0.1690380722284317
53807,librosa,30.0,0.9994346499443054,0.2988716959953308
53862,librosa,29.976598639455784,0.9672473073005676,0.18858227133750916
53863,librosa,29.976598639455784,0.90697181224823,0.15459436178207397
53937,librosa,29.976598639455784,1.102611780166626,0.2785184979438782
54019,librosa,30.0,0.9595489501953125,0.2028738409280777
54031,librosa,29.976598639455784,1.0024917125701904,0.2769715189933777
54032,librosa,29.976598639455784,1.1063134670257568,0.5876563191413879
54033,librosa,29.976598639455784,0.5345126390457153,0.08510256558656693
54034,librosa,30.0,1.0059791803359985,0.3084295988082886
54037,librosa,29.976598639455784,0.9835090041160583,0.23295824229717255
54039,librosa,29.976598639455784,1.0679011344909668,0.43160387873649597
54061,librosa,29.976598639455784,0.7564475536346436,0.16401074826717377
54062,librosa,30.0,0.7754330039024353,0.18138644099235535
54063,librosa,30.0,0.8908740878105164,0.2098599374294281
54064,librosa,30.0,0.8406989574432373,0.18471120297908783
54149,librosa,30.0,0.7637752294540405,0.13481640815734863
54150,librosa,29.976598639455784,0.7878612279891968,0.13096772134304047
54151,librosa,30.0,0.8686072826385498,0.17456960678100586
54152,librosa,29.976598639455784,0.9119265079498291,0.15195338428020477
54153,librosa,29.976598639455784,0.9665951728820801,0.21215032041072845
54154,librosa,29.976598639455784,0.7878183722496033,0.11455229669809341
54155,librosa,30.0,0.7542877197265625,0.1827172040939331
54156,librosa,30.0,0.7753539085388184,0.11842066794633865
54158,librosa,29.976598639455784,0.865644097328186,0.19564099609851837
54159,librosa,30.0,0.7632269859313965,0.1468396782875061
54160,librosa,30.0,0.9593931436538696,0.1919829547405243
54163,librosa,30.0,1.1635366678237915,0.3687296509742737
54234,librosa,29.976598639455784,0.9490649700164795,0.1744566559791565
54235,librosa,29.976598639455784,0.9782747030258179,0.19744428992271423
54236,librosa,29.976598639455784,0.9493331909179688,0.16580651700496674
54237,librosa,30.0,0.945182204246521,0.18175405263900757
54297,librosa,30.0,0.8887481093406677,0.11926786601543427
54335,librosa,30.0,1.0299667119979858,0.278748482465744
54365,librosa,29.976598639455784,0.8682442307472229,0.24612560868263245
54376,librosa,29.976598639455784,0.6826707124710083,0.22291915118694305
54433,librosa,29.976598639455784,0.9995176792144775,0.236591175198555
54436,librosa,29.976598639455784,1.0120127201080322,0.18513424694538116
54437,librosa,30.0,0.8267408609390259,0.09353432804346085
54438,librosa,30.0,0.9739667177200317,0.28975290060043335
54442,librosa,30.0,0.9493153095245361,0.22758392989635468
54443,librosa,29.976598639455784,0.7442800998687744,0.1368103176355362
54463,librosa,29.976598639455784,1.070909023284912,0.255188912153244
54464,librosa,29.976598639455784,1.069746971130371,0.21514487266540527
54465,librosa,30.0,1.0357046127319336,0.20175787806510925
54466,librosa,30.0,1.1130590438842773,0.20406809449195862
54467,librosa,29.976598639455784,1.0474683046340942,0.2655600607395172
54468,librosa,29.988979591836735,1.3749096393585205,0.3820217549800873
54469,librosa,29.976598639455784,1.0254361629486084,0.23770780861377716
54470,librosa,30.0,1.14870023727417,0.28230807185173035
54475,librosa,29.976598639455784,0.510063648223877,0.08184903860092163
54476,librosa,29.976598639455784,0.7154626846313477,0.07669472694396973
54479,librosa,29.976598639455784,1.0355045795440674,0.28856322169303894
54480,librosa,29.976598639455784,0.7902668714523315,0.15994280576705933
54481,librosa,29.976598639455784,0.7744593620300293,0.13251052796840668
54482,librosa,30.0,0.736819863319397,0.11652447283267975
54496,librosa,30.0,0.19162021577358246,0.03243726119399071
54554,librosa,29.976598639455784,1.0315721035003662,0.27075549960136414
54568,librosa,29.990702947845804,1.021682858467102,0.2679309546947479
54570,librosa,29.976598639455784,1.0342369079589844,0.2626730501651764
54576,librosa,29.964580498866212,0.7040349245071411,0.1407613456249237
54578,librosa,29.964580498866212,0.9814833998680115,0.1963401883840561
54580,librosa,30.0,0.6668332815170288,0.1206374540925026
54621,librosa,30.0,0.9348955154418945,0.2557901442050934
54623,librosa,29.976598639455784,0.9460702538490295,0.23523837327957153
54624,librosa,29.976598639455784,0.9505406618118286,0.24483606219291687
54625,librosa,30.0,0.9689152240753174,0.20044384896755219
54626,librosa,29.976598639455784,1.096142292022705,0.2077019065618515
54662,librosa,30.0,0.9475076794624329,0.2392456829547882
54664,librosa,30.0,0.966450572013855,0.3310953676700592
54665,librosa,30.0,0.9302287101745605,0.22693391144275665
54666,librosa,29.976598639455784,0.975249171257019,0.2780270278453827
54667,librosa,29.976598639455784,0.9748581647872925,0.3145563006401062
54703,librosa,29.976598639455784,0.9386065006256104,0.19257590174674988
54719,librosa,29.976598639455784,0.8473154902458191,0.27461621165275574
54735,librosa,30.0,0.9879026412963867,0.274387389421463
54753,librosa,30.0,1.015501618385315,0.1656302809715271
54874,librosa,29.976598639455784,0.9675731062889099,0.24823327362537384
54942,librosa,29.976598639455784,0.8754213452339172,0.23184669017791748
55076,librosa,29.976598639455784,1.0014477968215942,0.2333948314189911
55097,librosa,29.976598639455784,1.074557900428772,0.31360647082328796
55100,librosa,30.0,1.1287164688110352,0.42631375789642334
55101,librosa,29.976598639455784,1.2881674766540527,0.5252730250358582
55102,librosa,29.976598639455784,1.063778042793274,0.3070722818374634
55113,librosa,29.976598639455784,1.0358948707580566,0.3125072419643402
55119,librosa,29.976598639455784,1.0743948221206665,0.29517367482185364
55120,librosa,29.976598639455784,1.0663275718688965,0.2601419687271118
55121,librosa,29.976598639455784,1.0021412372589111,0.32832369208335876
55122,librosa,29.976598639455784,0.9901746511459351,0.2979779839515686
55123,librosa,29.976598639455784,1.022078037261963,0.29156744480133057
55124,librosa,30.0,1.038907766342163,0.3269100785255432
55149,librosa,29.976598639455784,1.1357033252716064,0.34193333983421326
55183,librosa,29.976598639455784,0.9199665784835815,0.08386111259460449
55186,librosa,29.976598639455784,1.0653539896011353,0.3414514660835266
55231,librosa,30.0,1.005964994430542,0.3460320234298706
55232,librosa,30.0,1.0282394886016846,0.28366905450820923
55233,librosa,29.976598639455784,1.0970954895019531,0.33749082684516907
55234,librosa,29.976598639455784,0.9760540723800659,0.2605537176132202
55235,librosa,30.0,1.070927381515503,0.3276538550853729
55236,librosa,29.976598639455784,1.0352809429168701,0.2887192368507385
55237,librosa,29.976598639455784,1.009922742843628,0.32662567496299744
55238,librosa,29.976598639455784,0.9155665636062622,0.19884319603443146
55240,librosa,30.0,0.9915494322776794,0.3074272572994232
55241,librosa,30.0,1.0145553350448608,0.33592596650123596
55242,librosa,29.976598639455784,1.0106327533721924,0.38408881425857544
55285,librosa,29.976598639455784,1.3571531772613525,0.331651896238327
55286,librosa,29.976598639455784,1.0183676481246948,0.15813332796096802
55287,librosa,29.976598639455784,1.0803468227386475,0.16867244243621826
55288,librosa,30.0,1.1082074642181396,0.23997730016708374
55289,librosa,29.976598639455784,1.1961934566497803,0.22557367384433746
55290,librosa,29.976598639455784,0.8373264670372009,0.17765988409519196
55291,librosa,30.0,1.0705828666687012,0.23181673884391785
55292,librosa,29.976598639455784,1.0756021738052368,0.24554626643657684
55293,librosa,30.0,0.8311976790428162,0.16941264271736145
55294,librosa,30.0,1.0436549186706543,0.19407302141189575
55295,librosa,30.0,0.9392174482345581,0.24278470873832703
55402,librosa,30.0,0.9051805138587952,0.197647824883461
55430,librosa,29.976598639455784,0.8618453741073608,0.1332826018333435
55436,librosa,30.0,1.0058187246322632,0.1514855921268463
55437,librosa,29.976598639455784,0.9748572707176208,0.17429284751415253
55480,librosa,29.976598639455784,0.7246077060699463,0.12445390224456787
55481,librosa,30.0,0.7292121648788452,0.17300434410572052
55549,librosa,29.976598639455784,0.862906813621521,0.2560853064060211
55572,librosa,29.976598639455784,1.0306897163391113,0.33819106221199036
55709,librosa,29.976598639455784,0.9915890097618103,0.3143126964569092
55710,librosa,30.0,0.6621522903442383,0.10923787951469421
55711,librosa,30.0,1.0949342250823975,0.31421300768852234
55712,librosa,29.976598639455784,1.0252026319503784,0.26532959938049316
55713,librosa,29.976598639455784,1.1087048053741455,0.2838922441005707
55714,librosa,30.0,1.0114275217056274,0.3291867673397064
55715,librosa,29.976598639455784,1.0687954425811768,0.29660865664482117
55716,librosa,30.0,1.02675461769104,0.282534122467041
55717,librosa,29.976598639455784,1.0879392623901367,0.2949133515357971
55718,librosa,30.0,1.0254878997802734,0.3107087016105652
55719,librosa,30.0,0.998333215713501,0.3108838200569153
55782,librosa,30.0,0.5016889572143555,0.09031792730093002
55783,librosa,29.964580498866212,0.6915388107299805,0.17737674713134766
55786,librosa,30.0,0.688896656036377,0.08703508973121643
55807,librosa,30.0,1.1061089038848877,0.2842433750629425
55808,librosa,29.976598639455784,1.120131254196167,0.2968904972076416
55809,librosa,29.976598639455784,1.1069364547729492,0.25669410824775696
55810,librosa,30.0,1.1204569339752197,0.2679380178451538
55811,librosa,29.976598639455784,1.1395819187164307,0.29366061091423035
55826,librosa,30.0,0.8636831641197205,0.1375153660774231
55827,librosa,30.0,0.8540116548538208,0.14500117301940918
55828,librosa,29.976598639455784,0.7361457347869873,0.14317074418067932
55830,librosa,30.0,0.9876987934112549,0.13966450095176697
55831,librosa,30.0,0.8462435603141785,0.13942238688468933
55832,librosa,29.976598639455784,0.874699592590332,0.14507439732551575
55833,librosa,30.0,0.7806491255760193,0.13268664479255676
55900,librosa,29.976598639455784,0.9032649993896484,0.14234843850135803
56010,librosa,29.976598639455784,0.6048130989074707,0.0980837419629097
56015,librosa,30.0,0.5830583572387695,0.08706875890493393
56020,librosa,29.976598639455784,0.5340924263000488,0.08725275099277496
56028,librosa,30.0,0.8470022678375244,0.2654450833797455
56029,librosa,29.976598639455784,0.8583184480667114,0.2668262720108032
56030,librosa,29.976598639455784,0.9463551044464111,0.23321743309497833
56031,librosa,30.0,0.4861554503440857,0.06701194494962692
56033,librosa,30.0,0.8330331444740295,0.054568562656641006
56034,librosa,29.976598639455784,1.1145524978637695,0.26013055443763733
56036,librosa,29.976598639455784,1.1807522773742676,0.19494782388210297
56247,librosa,29.976598639455784,1.0168211460113525,0.19531947374343872
56248,librosa,29.976598639455784,0.9622453451156616,0.18511249125003815
56249,librosa,29.976598639455784,0.9078618288040161,0.13443182408809662
56273,librosa,29.976598639455784,0.9610241651535034,0.22430257499217987
56274,librosa,30.0,0.9505955576896667,0.1839205026626587
56275,librosa,30.0,0.955231785774231,0.17490650713443756
56460,librosa,30.0,0.6899470090866089,0.10971875488758087
56465,librosa,29.976598639455784,0.7781188488006592,0.15028412640094757
56466,librosa,29.976598639455784,0.9072005748748779,0.167777419090271
56467,librosa,29.976598639455784,0.801790177822113,0.19061438739299774
56468,librosa,29.976598639455784,0.7774380445480347,0.18236225843429565
56469,librosa,30.0,0.5423247814178467,0.17919133603572845
56470,librosa,30.0,0.7087224721908569,0.16851623356342316
56471,librosa,29.976598639455784,0.7142893075942993,0.17567922174930573
56472,librosa,29.976598639455784,0.6086407899856567,0.1778581589460373
56474,librosa,29.976598639455784,0.8039780259132385,0.17965559661388397
56493,librosa,30.0,1.007277250289917,0.27261975407600403
56495,librosa,29.976598639455784,1.0247389078140259,0.29631784558296204
56496,librosa,30.0,1.0090088844299316,0.15720486640930176
56497,librosa,29.976598639455784,0.9893912076950073,0.3161242604255676
56498,librosa,30.0,1.0952972173690796,0.23759549856185913
56499,librosa,29.976598639455784,0.9361498355865479,0.17801615595817566
56516,librosa,30.0,0.8165971636772156,0.14281092584133148
56517,librosa,30.0,0.8420879244804382,0.13637588918209076
56518,librosa,30.0,0.950343906879425,0.17703233659267426
56519,librosa,29.976598639455784,0.9648880958557129,0.16758576035499573
56520,librosa,29.976598639455784,0.960602343082428,0.16352912783622742
56521,librosa,29.976598639455784,0.9829564094543457,0.1829107701778412
56523,librosa,29.976598639455784,1.0019186735153198,0.18340009450912476
56552,librosa,29.976598639455784,1.1264052391052246,0.36751577258110046
56559,librosa,29.976598639455784,1.0408036708831787,0.3000110983848572
56639,librosa,29.988979591836735,1.0086643695831299,0.3035818338394165
56640,librosa,30.0,1.040899395942688,0.25559499859809875
56641,librosa,30.0,1.0328150987625122,0.14965978264808655
56645,librosa,30.0,0.8390340805053711,0.14649052917957306
56646,librosa,30.0,0.8019438982009888,0.1037682518362999
56648,librosa,30.0,0.6100925207138062,0.08854622393846512
56649,librosa,29.976598639455784,0.824246883392334,0.1061834841966629
56650,librosa,29.976598639455784,0.8354843854904175,0.11197896301746368
56651,librosa,30.0,0.7623031139373779,0.1234206035733223
56686,librosa,29.976598639455784,1.1770401000976562,0.32839226722717285
56687,librosa,30.0,1.2062808275222778,0.31410372257232666
56688,librosa,29.976598639455784,1.3296396732330322,0.28541260957717896
56689,librosa,30.0,1.3031978607177734,0.29543182253837585
56690,librosa,30.0,1.118935227394104,0.2552354633808136
56691,librosa,29.976598639455784,1.2556025981903076,0.25995761156082153
56692,librosa,30.0,1.1633973121643066,0.275211900472641
56693,librosa,29.976598639455784,0.9830126762390137,0.1615309715270996
56694,librosa,29.976598639455784,1.277787685394287,0.3350045382976532
56695,librosa,29.976598639455784,1.2935361862182617,0.3118496835231781
56696,librosa,29.976598639455784,1.2850840091705322,0.3048535883426666
56795,librosa,30.0,0.7361946702003479,0.14297768473625183
56796,librosa,29.976598639455784,0.9738293886184692,0.16349858045578003
56797,librosa,30.0,0.9777843952178955,0.20096252858638763
56798,librosa,29.976598639455784,0.8740283846855164,0.20621202886104584
56799,librosa,30.0,0.8415879011154175,0.15504416823387146
56800,librosa,30.0,1.0186949968338013,0.16973799467086792
56801,librosa,29.976598639455784,0.9917154312133789,0.18443012237548828
56802,librosa,29.976598639455784,0.9758426547050476,0.11983200162649155
56803,librosa,30.0,1.0300577878952026,0.1988539844751358
56804,librosa,29.976598639455784,0.9629494547843933,0.1713968813419342
56805,librosa,30.0,0.6853116750717163,0.10436975210905075
56874,librosa,30.0,1.1720335483551025,0.29885581135749817
56888,librosa,29.976598639455784,0.5507230758666992,0.07453884184360504
56895,librosa,30.0,0.9856247901916504,0.1857319325208664
56929,librosa,29.976598639455784,0.9382136464118958,0.21805919706821442
57078,librosa,30.0,0.9348798394203186,0.2004983127117157
57164,librosa,29.976598639455784,0.9574602842330933,0.2005281299352646
57175,librosa,29.976598639455784,0.9811741709709167,0.20200791954994202
57176,librosa,29.976598639455784,1.252594232559204,0.27182283997535706
57177,librosa,29.976598639455784,0.9010235667228699,0.13094615936279297
57178,librosa,30.0,0.8718701004981995,0.17780721187591553
57179,librosa,30.0,0.4870684742927551,0.0759795531630516
57180,librosa,30.0,1.1510858535766602,0.3580552637577057
57271,librosa,30.0,0.452134907245636,0.06025369092822075
57272,librosa,29.976598639455784,0.5536141991615295,0.09438789635896683
57273,librosa,29.976598639455784,0.6037891507148743,0.07904575020074844
57274,librosa,30.0,0.7450615763664246,0.121624656021595
57344,librosa,29.976598639455784,0.40904998779296875,0.05887828394770622
57360,librosa,29.976598639455784,0.956598162651062,0.11437985301017761
57371,librosa,29.976598639455784,1.8152873516082764,0.5966506600379944
57417,librosa,29.988979591836735,0.9517297744750977,0.2406223714351654
57418,librosa,30.0,0.7083207368850708,0.2668779492378235
57435,librosa,29.976598639455784,0.9944885969161987,0.27729523181915283
57437,librosa,29.976598639455784,0.9681977033615112,0.16714230179786682
57439,librosa,29.976598639455784,0.96966153383255,0.25888296961784363
57440,librosa,29.976598639455784,1.0562994480133057,0.2845765948295593
57442,librosa,29.976598639455784,0.7172049283981323,0.13828349113464355
57500,librosa,29.976598639455784,1.0164902210235596,0.20083960890769958
57540,librosa,30.0,0.9884702563285828,0.35614296793937683
57569,librosa,29.976598639455784,0.6096178889274597,0.08220810443162918
57626,librosa,30.0,0.7016916275024414,0.13805849850177765
57627,librosa,29.976598639455784,0.42104464769363403,0.07749563455581665
57628,librosa,29.976598639455784,0.5137010216712952,0.10574495792388916
57629,librosa,29.976598639455784,0.8037890791893005,0.16908979415893555
57630,librosa,30.0,0.6188344955444336,0.16787195205688477
57639,librosa,29.976598639455784,0.3519899547100067,0.11199895292520523
57640,librosa,30.0,0.34951847791671753,0.05132301151752472
57648,librosa,29.976598639455784,0.22282123565673828,0.03640838339924812
57658,librosa,29.976598639455784,0.7033056020736694,0.08713247627019882
57661,librosa,30.0,0.7238091230392456,0.08973965048789978
57662,librosa,29.976598639455784,0.5907515287399292,0.07804083824157715
57663,librosa,30.0,0.7328365445137024,0.10826657712459564
57665,librosa,29.976598639455784,1.163869857788086,0.19316579401493073
57691,librosa,29.988979591836735,0.9473886489868164,0.16045549511909485
57697,librosa,29.976598639455784,1.072422742843628,0.17568382620811462
57819,librosa,30.0,1.0766692161560059,0.3159148097038269
57820,librosa,29.976598639455784,1.0688130855560303,0.21237371861934662
57821,librosa,30.0,1.0896254777908325,0.29979467391967773
57822,librosa,29.976598639455784,0.7562209367752075,0.22221727669239044
57823,librosa,30.0,1.0278304815292358,0.23955325782299042
57891,librosa,29.976598639455784,1.0727522373199463,0.3520750105381012
57892,librosa,29.976598639455784,1.1617119312286377,0.4068896770477295
57936,librosa,29.976598639455784,0.5297898054122925,0.07195710390806198
57937,librosa,30.0,0.6605141758918762,0.06860248744487762
57938,librosa,30.0,1.0001024007797241,0.1434774249792099
57939,librosa,30.0,0.6296961307525635,0.049608293920755386
57943,librosa,29.976598639455784,0.9328577518463135,0.10387007147073746
57968,librosa,30.0,0.8269953727722168,0.25733476877212524
58052,librosa,29.976598639455784,0.7694838047027588,0.19226324558258057
58053,librosa,30.0,0.4308592975139618,0.07210208475589752
58054,librosa,29.976598639455784,0.7629886865615845,0.154864102602005
58060,librosa,29.976598639455784,0.7682257294654846,0.15414273738861084
58061,librosa,30.0,0.5502964854240417,0.1001947894692421
58063,librosa,29.976598639455784,0.6592591404914856,0.1368885338306427
58068,librosa,30.0,0.3200140595436096,0.07088427245616913
58070,librosa,30.0,0.21850743889808655,0.042894426733255386
58115,librosa,29.976598639455784,0.799717128276825,0.17357729375362396
58116,librosa,30.0,0.933557391166687,0.19255724549293518
58117,librosa,30.0,0.7475979328155518,0.10487601161003113
58135,librosa,30.0,0.9451106786727905,0.1974882185459137
58140,librosa,30.0,1.0225200653076172,0.2300022393465042
58161,librosa,29.976598639455784,0.8782791495323181,0.0887075737118721
58162,librosa,29.976598639455784,0.8584500551223755,0.19721782207489014
58164,librosa,29.976598639455784,0.6226320862770081,0.08703892678022385
58166,librosa,29.976598639455784,1.0600229501724243,0.2760777175426483
58169,librosa,29.976598639455784,1.092571496963501,0.209875226020813
58170,librosa,29.976598639455784,0.7876060605049133,0.07185114920139313
58173,librosa,29.976598639455784,0.9151103496551514,0.13096551597118378
58174,librosa,30.0,1.0132237672805786,0.1954946219921112
58207,librosa,29.976598639455784,1.050633430480957,0.27822446823120117
58212,librosa,29.976598639455784,1.111039400100708,0.31866806745529175
58213,librosa,29.976598639455784,1.1086236238479614,0.26308223605155945
58215,librosa,29.976598639455784,1.0301297903060913,0.28236496448516846
58221,librosa,30.0,1.0451959371566772,0.2808276414871216
58225,librosa,30.0,0.9256304502487183,0.2072119265794754
58333,librosa,30.0,1.1226803064346313,0.25565105676651
58334,librosa,30.0,1.172104835510254,0.2169252336025238
58341,librosa,29.976598639455784,1.1553901433944702,0.3262217938899994
58474,librosa,29.976598639455784,1.1506856679916382,0.2540675103664398
58539,librosa,30.0,0.9953417181968689,0.32549959421157837
58540,librosa,29.976598639455784,1.034170389175415,0.33749139308929443
58541,librosa,29.976598639455784,1.0121314525604248,0.3895619511604309
58542,librosa,29.976598639455784,1.00298273563385,0.3542833626270294
58543,librosa,30.0,1.0005717277526855,0.28069499135017395
59078,librosa,30.0,0.4566238820552826,0.08701024204492569
59373,librosa,29.976598639455784,0.5595487356185913,0.10400009155273438
59374,librosa,29.976598639455784,0.560859203338623,0.09303120523691177
59443,librosa,29.976598639455784,0.8126911520957947,0.2171332687139511
59445,librosa,30.0,1.0614618062973022,0.2297302782535553
59446,librosa,30.0,1.140472412109375,0.2400882989168167
59448,librosa,29.976598639455784,1.106821060180664,0.3764004111289978
59449,librosa,30.0,1.261893391609192,0.31294336915016174
59451,librosa,30.0,1.0163497924804688,0.3336707055568695
59454,librosa,30.0,1.1403871774673462,0.2778143286705017
59561,librosa,29.976598639455784,0.9180663824081421,0.17481578886508942
59562,librosa,29.976598639455784,0.8988786339759827,0.20251566171646118
59581,librosa,30.0,0.6950681209564209,0.08877982944250107
59653,librosa,30.0,0.8935364484786987,0.1546948254108429
59654,librosa,30.0,0.9022848606109619,0.19084535539150238
59656,librosa,29.976598639455784,0.9089866280555725,0.18285004794597626
59657,librosa,29.976598639455784,0.8810349106788635,0.15958191454410553
59658,librosa,30.0,0.9060202240943909,0.1922486275434494
59659,librosa,29.976598639455784,0.8968183398246765,0.1835700124502182
59660,librosa,29.976598639455784,0.8232336044311523,0.12982593476772308
59663,librosa,30.0,0.8366785645484924,0.1329226940870285
59664,librosa,29.976598639455784,0.9023165106773376,0.15151135623455048
59666,librosa,29.976598639455784,0.9743210673332214,0.16340969502925873
59667,librosa,29.976598639455784,0.9930704832077026,0.247319757938385
59669,librosa,29.976598639455784,0.9093117713928223,0.24647264182567596
59671,librosa,29.976598639455784,0.8981474041938782,0.23610714077949524
59673,librosa,29.976598639455784,0.9097006916999817,0.1825239658355713
59675,librosa,30.0,0.9071551561355591,0.19435478746891022
59676,librosa,29.976598639455784,0.9016314744949341,0.2307581901550293
59677,librosa,29.976598639455784,0.9061610698699951,0.23712928593158722
59678,librosa,29.976598639455784,0.9392848610877991,0.14826910197734833
59679,librosa,29.976598639455784,0.9640366435050964,0.18598242104053497
59680,librosa,29.976598639455784,0.9199932217597961,0.19099974632263184
59681,librosa,30.0,0.8352809548377991,0.10134725272655487
59682,librosa,30.0,0.8672088384628296,0.1244523674249649
59683,librosa,30.0,0.9065466523170471,0.10504147410392761
59684,librosa,29.976598639455784,0.6958727836608887,0.09098780155181885
59685,librosa,29.976598639455784,0.8192093372344971,0.10399899631738663
59686,librosa,30.0,0.8952807188034058,0.21718762814998627
59687,librosa,29.976598639455784,0.8430886268615723,0.13176453113555908
59688,librosa,30.0,0.8916594386100769,0.19892729818820953
59695,librosa,30.0,0.9114913940429688,0.20775577425956726
59702,librosa,30.0,0.9780738949775696,0.24634508788585663
59706,librosa,29.976598639455784,0.9737273454666138,0.2109152376651764
59707,librosa,29.976598639455784,0.9806109070777893,0.2825339436531067
59708,librosa,30.0,0.9785476922988892,0.18639443814754486
59709,librosa,30.0,0.978203535079956,0.2175876796245575
59710,librosa,30.0,0.975378692150116,0.16335444152355194
59711,librosa,30.0,0.9671651124954224,0.1692689210176468
59718,librosa,30.0,0.9758701324462891,0.20196890830993652
59719,librosa,29.976598639455784,0.9836838245391846,0.22324198484420776
59720,librosa,29.976598639455784,0.8398610353469849,0.16770969331264496
59721,librosa,30.0,0.9730018377304077,0.1856798231601715
59723,librosa,30.0,0.9645986557006836,0.18151907622814178
59724,librosa,29.976598639455784,0.9713895916938782,0.18990099430084229
59725,librosa,29.976598639455784,0.9883818030357361,0.20619016885757446
59726,librosa,30.0,0.6707729697227478,0.1629294455051422
59727,librosa,29.976598639455784,0.951339602470398,0.16679763793945312
59823,librosa,29.976598639455784,0.9111498594284058,0.12702427804470062
59876,librosa,29.988979591836735,0.8734996318817139,0.19892682135105133
59930,librosa,30.0,0.9039366841316223,0.09657339006662369
60037,librosa,29.976598639455784,0.5419864654541016,0.0572693794965744
60038,librosa,29.976598639455784,0.9558490514755249,0.20402438938617706
60041,librosa,29.976598639455784,0.9579646587371826,0.16178807616233826
60042,librosa,29.976598639455784,0.9543555974960327,0.1635124534368515
60045,librosa,29.976598639455784,0.33984172344207764,0.02612721174955368
60048,librosa,29.976598639455784,0.9259090423583984,0.1638411432504654
60074,librosa,29.976598639455784,0.9745610952377319,0.25166696310043335
60143,librosa,29.976598639455784,0.8435102701187134,0.10600930452346802
60144,librosa,29.976598639455784,0.9017345905303955,0.12356644868850708
60145,librosa,29.976598639455784,0.6149930357933044,0.06087823584675789
60146,librosa,30.0,0.7762864828109741,0.1264374554157257
60170,librosa,29.976598639455784,0.7521987557411194,0.19691188633441925
60317,librosa,30.0,0.6824772357940674,0.0994424968957901
60331,librosa,29.976598639455784,0.455145925283432,0.0678315982222557
60472,librosa,29.976598639455784,1.0846612453460693,0.2769135534763336
60474,librosa,29.976598639455784,0.9974331855773926,0.16771091520786285
60476,librosa,30.0,0.6459527015686035,0.19137580692768097
60477,librosa,30.0,0.9830396771430969,0.20359383523464203
60478,librosa,29.976598639455784,0.9960042238235474,0.22208431363105774
60510,librosa,29.976598639455784,0.9575732946395874,0.20785735547542572
60533,librosa,30.0,0.9768598079681396,0.15258146822452545
60534,librosa,29.976598639455784,0.9731631278991699,0.180294468998909
60535,librosa,29.976598639455784,0.7879208326339722,0.1282728612422943
60536,librosa,29.976598639455784,0.7519571185112,0.14191210269927979
60537,librosa,29.976598639455784,0.8426599502563477,0.12748955190181732
60544,librosa,29.976598639455784,0.6812400817871094,0.10928233712911606
60547,librosa,30.0,0.5804816484451294,0.07004635781049728
60548,librosa,29.976598639455784,0.7285920977592468,0.09933993220329285
60549,librosa,30.0,0.6744511723518372,0.10873817652463913
60736,librosa,30.0,0.6597607135772705,0.12281801551580429
60753,librosa,29.976598639455784,0.9848282337188721,0.20205481350421906
60754,librosa,29.976598639455784,1.0115981101989746,0.20443490147590637
60755,librosa,29.976598639455784,0.9817936420440674,0.1701827049255371
60756,librosa,30.0,0.8876410722732544,0.11230752617120743
60757,librosa,29.976598639455784,0.8914419412612915,0.1380501687526703
60758,librosa,29.976598639455784,0.9524298310279846,0.16203653812408447
60775,librosa,30.0,0.9530044198036194,0.1450742483139038
60776,librosa,30.0,0.7531318664550781,0.14177361130714417
60777,librosa,29.976598639455784,0.6752026677131653,0.11190967261791229
60857,librosa,30.0,0.7471740245819092,0.09884602576494217
60864,librosa,30.0,0.9001259803771973,0.13016244769096375
60865,librosa,29.976598639455784,0.8898885250091553,0.12853677570819855
60871,librosa,29.976598639455784,0.8132868409156799,0.12065083533525467
60872,librosa,29.976598639455784,1.021612524986267,0.054523173719644547
60873,librosa,29.976598639455784,0.7014179229736328,0.09599612653255463
60874,librosa,30.0,0.7704697847366333,0.1244233101606369
60875,librosa,29.976598639455784,0.8324847221374512,0.1018606498837471
60994,librosa,29.976598639455784,0.9671107530593872,0.18533053994178772
61006,librosa,30.0,0.5017145276069641,0.06118449941277504
61007,librosa,29.976598639455784,0.974081814289093,0.06317748129367828
61008,librosa,29.976598639455784,0.8805619478225708,0.05602586269378662
61010,librosa,29.976598639455784,0.6555021405220032,0.19607816636562347
61011,librosa,30.0,0.854872465133667,0.11626780033111572
61012,librosa,29.976598639455784,0.9285783171653748,0.16713598370552063
61013,librosa,29.976598639455784,0.7113121747970581,0.12280102074146271
61159,librosa,30.0,1.2913488149642944,0.31648629903793335
61160,librosa,29.976598639455784,1.1210185289382935,0.3835771977901459
61161,librosa,29.976598639455784,1.1693716049194336,0.258209764957428
61172,librosa,29.976598639455784,1.2242281436920166,0.2899722158908844
61174,librosa,29.976598639455784,1.201967716217041,0.401868611574173
61175,librosa,30.0,1.3080151081085205,0.36518871784210205
61452,librosa,29.976598639455784,1.1921226978302002,0.32532626390457153
61453,librosa,29.976598639455784,1.288292646408081,0.4017152190208435
61491,librosa,29.976598639455784,0.9970806837081909,0.23817375302314758
61492,librosa,29.976598639455784,1.0426015853881836,0.20206615328788757
61493,librosa,29.976598639455784,0.992378830909729,0.22750522196292877
61587,librosa,29.976598639455784,0.5807123184204102,0.08123238384723663
61589,librosa,30.0,0.8272756934165955,0.1840507686138153
61591,librosa,29.976598639455784,0.8649475574493408,0.127752423286438
61592,librosa,29.976598639455784,0.6944397687911987,0.09374550729990005
61668,librosa,29.976598639455784,0.999281644821167,0.33160656690597534
61670,librosa,30.0,0.6089296340942383,0.17957162857055664
61679,librosa,29.976598639455784,0.9747698307037354,0.20605334639549255
61734,librosa,30.0,0.7463919520378113,0.14590919017791748
61736,librosa,29.976598639455784,0.5602647066116333,0.0765722468495369
61742,librosa,29.976598639455784,0.692123293876648,0.058334220200777054
61814,librosa,29.976598639455784,1.0614358186721802,0.4633411765098572
61820,librosa,29.976598639455784,0.9835174083709717,0.24746716022491455
61821,librosa,30.0,0.951400637626648,0.2082243263721466
61884,librosa,29.976598639455784,1.1326243877410889,0.43207359313964844
62001,librosa,30.0,0.9457192420959473,0.15136347711086273
62003,librosa,29.988979591836735,0.8260796070098877,0.2229442596435547
62005,librosa,29.988979591836735,0.9903627038002014,0.2088802009820938
62007,librosa,29.988979591836735,1.0154324769973755,0.20617616176605225
62163,librosa,29.976598639455784,0.8364204168319702,0.16670939326286316
62164,librosa,29.976598639455784,0.8726946115493774,0.17686960101127625
62165,librosa,29.976598639455784,0.7320132255554199,0.14493553340435028
62180,librosa,30.0,0.48209208250045776,0.10387038439512253
62183,librosa,30.0,0.8748319149017334,0.16945375502109528
62184,librosa,29.976598639455784,0.7557382583618164,0.15107952058315277
62185,librosa,29.976598639455784,1.065058708190918,0.38754576444625854
62186,librosa,29.976598639455784,0.9675926566123962,0.20003478229045868
62187,librosa,29.976598639455784,1.0443916320800781,0.23620425164699554
62188,librosa,30.0,0.6065294742584229,0.11017919331789017
62189,librosa,30.0,1.0393354892730713,0.2757042348384857
62190,librosa,30.0,1.0718481540679932,0.2577175498008728
62191,librosa,30.0,0.9811573624610901,0.183794766664505
62192,librosa,29.976598639455784,0.9882508516311646,0.22180059552192688
62193,librosa,30.0,0.9985991716384888,0.16213500499725342
62194,librosa,29.976598639455784,0.9359446167945862,0.2082080990076065
62195,librosa,29.976598639455784,1.0019267797470093,0.31032368540763855
62196,librosa,30.0,0.9331769347190857,0.17986160516738892
62337,librosa,29.976598639455784,0.8856486082077026,0.217288076877594
62426,librosa,30.0,0.91508549451828,0.1272432953119278
62436,librosa,30.0,0.971532940864563,0.187258780002594
62445,librosa,30.0,0.9804800748825073,0.3304653465747833
62446,librosa,29.976598639455784,0.27484431862831116,0.04674600809812546
62448,librosa,30.0,0.16230536997318268,0.019382623955607414
62449,librosa,30.0,0.9766569137573242,0.12509101629257202
62450,librosa,30.0,0.45719560980796814,0.054088592529296875
62452,librosa,29.976598639455784,0.9717654585838318,0.25095483660697937
62458,librosa,30.0,0.9416061639785767,0.21294665336608887
62525,librosa,29.976598639455784,0.646381139755249,0.07762838155031204
62526,librosa,30.0,0.6661933660507202,0.0842587798833847
62527,librosa,30.0,0.6433583498001099,0.07036496698856354
62528,librosa,30.0,0.713028609752655,0.07550670206546783
62529,librosa,30.0,0.5967878699302673,0.0769205391407013
62531,librosa,30.0,0.5744107365608215,0.07978742569684982
62532,librosa,30.0,0.6015732288360596,0.06514865159988403
62533,librosa,30.0,0.5992299318313599,0.06967178732156754
62534,librosa,29.976598639455784,0.3854670524597168,0.06652052700519562
62586,librosa,29.976598639455784,1.0166974067687988,0.3921094834804535
62589,librosa,30.0,0.6483751535415649,0.11395929008722305
62591,librosa,29.976598639455784,0.6497875452041626,0.09208828955888748
62592,librosa,30.0,0.6021566390991211,0.08373737335205078
62594,librosa,29.976598639455784,0.7023065090179443,0.1270664483308792
62595,librosa,30.0,0.6735851764678955,0.12250867486000061
62596,librosa,29.976598639455784,0.6963654160499573,0.13494636118412018
62655,librosa,30.0,0.8645378351211548,0.17659901082515717
62671,librosa,29.976598639455784,1.042034387588501,0.11421998590230942
62742,librosa,30.0,0.24777370691299438,0.029369201511144638
62748,librosa,29.976598639455784,0.913159966468811,0.22125960886478424
62749,librosa,29.976598639455784,0.9931390285491943,0.258023738861084
62750,librosa,29.976598639455784,1.1424201726913452,0.28923845291137695
62751,librosa,29.976598639455784,0.9811078906059265,0.1830051839351654
62753,librosa,30.0,1.0753626823425293,0.21543926000595093
63043,librosa,29.976598639455784,0.9781274795532227,0.2862634062767029
63044,librosa,30.0,0.9671658873558044,0.2865220606327057
63045,librosa,30.0,0.9747551679611206,0.2729245722293854
63064,librosa,29.976598639455784,1.1676539182662964,0.2935015559196472
63065,librosa,30.0,1.093350887298584,0.2857764661312103
63117,librosa,29.976598639455784,0.9449527263641357,0.20453646779060364
63149,librosa,29.976598639455784,0.3231366276741028,0.05167369544506073
63159,librosa,30.0,0.887683093547821,0.1489131599664688
63161,librosa,30.0,0.7154031991958618,0.0944008007645607
63191,librosa,30.0,0.9468539357185364,0.14528560638427734
63208,librosa,29.976598639455784,1.045503854751587,0.17253215610980988
63224,librosa,30.0,0.9579821825027466,0.2848319709300995
63226,librosa,30.0,0.9920333623886108,0.26822251081466675
63250,librosa,30.0,1.0506987571716309,0.31303679943084717
63251,librosa,29.976598639455784,1.0229218006134033,0.30907511711120605
63252,librosa,29.976598639455784,0.9461907148361206,0.26153847575187683
63253,librosa,29.976598639455784,1.0330142974853516,0.31154656410217285
63255,librosa,30.0,1.0146527290344238,0.36548376083374023
63257,librosa,30.0,1.0809106826782227,0.341380774974823
63258,librosa,29.976598639455784,1.0154337882995605,0.32531777024269104
63287,librosa,29.988979591836735,1.0128302574157715,0.25181975960731506
63289,librosa,29.988979591836735,0.561956524848938,0.05859259516000748
63290,librosa,29.988979591836735,0.20091742277145386,0.027506427839398384
63291,librosa,29.988979591836735,0.9166319370269775,0.19036558270454407
63292,librosa,29.988979591836735,0.7957873344421387,0.1916438341140747
63456,librosa,30.0,0.7800788879394531,0.17884233593940735
63457,librosa,29.976598639455784,1.0027363300323486,0.32491543889045715
63470,librosa,29.976598639455784,0.717529296875,0.1308142989873886
63471,librosa,29.976598639455784,0.7070678472518921,0.1307707279920578
63472,librosa,29.976598639455784,0.6561833024024963,0.1424965262413025
63626,librosa,29.976598639455784,0.055934131145477295,0.0075512174516916275
63655,librosa,30.0,0.8036342263221741,0.11136849224567413
63733,librosa,29.976598639455784,0.7877950072288513,0.2720106244087219
63747,librosa,29.976598639455784,0.7109779119491577,0.22060027718544006
63755,librosa,29.976598639455784,0.9405685663223267,0.3241938054561615
63757,librosa,30.0,1.0583710670471191,0.2628766596317291
63770,librosa,29.976598639455784,1.1439659595489502,0.4609147906303406
63789,librosa,29.976598639455784,1.0271620750427246,0.3408932685852051
63803,librosa,29.976598639455784,1.0152106285095215,0.16448462009429932
63804,librosa,29.976598639455784,1.135975956916809,0.15590105950832367
63805,librosa,30.0,1.0363850593566895,0.17121264338493347
63874,librosa,29.976598639455784,1.0011265277862549,0.29519814252853394
63900,librosa,30.0,0.9838793873786926,0.1306164413690567
63908,librosa,30.0,0.9883912205696106,0.23512998223304749
63922,librosa,30.0,0.3549690246582031,0.06856125593185425
63936,librosa,29.976598639455784,1.1615643501281738,0.2537018358707428
63999,librosa,29.976598639455784,1.0764168500900269,0.28104880452156067
64005,librosa,29.976598639455784,1.0985194444656372,0.3024117648601532
64006,librosa,29.976598639455784,1.0992056131362915,0.29947757720947266
64007,librosa,30.0,1.1142579317092896,0.29560595750808716
64008,librosa,30.0,0.985948383808136,0.29102209210395813
64009,librosa,30.0,1.041459560394287,0.3668209910392761
64035,librosa,29.976598639455784,0.8495011329650879,0.15184421837329865
64078,librosa,30.0,0.9101810455322266,0.25623175501823425
64079,librosa,29.976598639455784,0.9504384994506836,0.2758104205131531
64091,librosa,29.976598639455784,0.2338954359292984,0.02798556163907051
64093,librosa,30.0,0.9364607334136963,0.17575626075267792
64247,librosa,30.0,0.8868812322616577,0.13162140548229218
64248,librosa,29.976598639455784,0.7072699069976807,0.10493169724941254
64249,librosa,29.976598639455784,0.842162013053894,0.11560247838497162
64252,librosa,29.976598639455784,0.9692529439926147,0.11564678698778152
64253,librosa,29.976598639455784,0.9785348176956177,0.18749572336673737
64331,librosa,29.976598639455784,1.0054172277450562,0.24372394382953644
64332,librosa,30.0,1.1787445545196533,0.25938549637794495
64333,librosa,30.0,1.1229395866394043,0.26428472995758057
64334,librosa,29.976598639455784,1.0392255783081055,0.27690938115119934
64338,librosa,30.0,0.980061411857605,0.21768039464950562
64364,librosa,30.0,0.9794106483459473,0.14803087711334229
64365,librosa,29.976598639455784,0.9801310896873474,0.21170981228351593
64366,librosa,30.0,0.972212553024292,0.16780723631381989
64407,librosa,30.0,0.8236027956008911,0.14059418439865112
64408,librosa,30.0,0.9118919968605042,0.24580350518226624
64409,librosa,29.976598639455784,1.0787595510482788,0.21919552981853485
64410,librosa,30.0,1.0187633037567139,0.28025421500205994
64515,librosa,29.976598639455784,0.9456462860107422,0.2580375373363495
64516,librosa,30.0,1.067702293395996,0.3035840094089508
64517,librosa,30.0,1.1227357387542725,0.23046351969242096
64519,librosa,29.976598639455784,1.039407730102539,0.2423125058412552
64520,librosa,30.0,1.0377997159957886,0.2408585399389267
64521,librosa,29.976598639455784,0.790073812007904,0.16728763282299042
64522,librosa,29.976598639455784,0.8307613134384155,0.20821940898895264
64523,librosa,30.0,0.8890458941459656,0.25496503710746765
64535,librosa,30.0,0.9886348247528076,0.2475040853023529
64536,librosa,30.0,1.0001381635665894,0.2608064115047455
64537,librosa,29.976598639455784,1.0419070720672607,0.2173285037279129
64538,librosa,30.0,0.9800119400024414,0.21844054758548737
64542,librosa,29.976598639455784,1.0632309913635254,0.4948538839817047
64553,librosa,29.976598639455784,0.8597458004951477,0.1511991024017334
64556,librosa,30.0,0.9066132307052612,0.14886559545993805
64567,librosa,29.976598639455784,0.9386134743690491,0.23895521461963654
64590,librosa,30.0,0.9503430128097534,0.24673883616924286
64591,librosa,30.0,0.9453617334365845,0.25694793462753296
64592,librosa,30.0,0.9426980018615723,0.22868642210960388
64593,librosa,30.0,0.9103292226791382,0.22744426131248474
64594,librosa,30.0,1.037789225578308,0.32706567645072937
64601,librosa,29.976598639455784,0.9447868466377258,0.19892799854278564
64604,librosa,29.976598639455784,0.941874086856842,0.22103457152843475
64618,librosa,29.976598639455784,0.9688369631767273,0.23578186333179474
64625,librosa,29.976598639455784,0.5983964204788208,0.14133474230766296
64626,librosa,30.0,1.0100462436676025,0.2382274717092514
64627,librosa,30.0,1.023201823234558,0.3075294494628906
64628,librosa,29.976598639455784,1.079822301864624,0.28091830015182495
64629,librosa,30.0,1.0208022594451904,0.27112582325935364
64630,librosa,30.0,1.0024679899215698,0.30371204018592834
64631,librosa,29.976598639455784,1.006483554840088,0.2561478912830353
64659,librosa,29.976598639455784,0.7539007663726807,0.11091477423906326
64787,librosa,30.0,0.9691370129585266,0.22135566174983978
64788,librosa,30.0,0.959652304649353,0.2042897492647171
64789,librosa,29.976598639455784,0.9390844106674194,0.33400464057922363
64796,librosa,30.0,1.024280309677124,0.2263040840625763
64809,librosa,29.976598639455784,0.6414735913276672,0.08228463679552078
64834,librosa,30.0,1.037415623664856,0.29498550295829773
64840,librosa,29.976598639455784,1.0766966342926025,0.25892433524131775
64841,librosa,29.976598639455784,1.0704573392868042,0.29787692427635193
64854,librosa,30.0,0.9837759733200073,0.16382984817028046
64855,librosa,29.976598639455784,0.8485564589500427,0.1528986692428589
64856,librosa,30.0,0.9021331071853638,0.2069496065378189
64857,librosa,30.0,0.9900392293930054,0.24755266308784485
64858,librosa,29.976598639455784,1.004294514656067,0.27607786655426025
64859,librosa,30.0,1.0166128873825073,0.12866036593914032
64860,librosa,29.976598639455784,1.007030725479126,0.20037610828876495
64861,librosa,29.976598639455784,0.9834685325622559,0.25118812918663025
64862,librosa,29.976598639455784,0.7769546508789062,0.23105721175670624
64863,librosa,29.976598639455784,1.1242156028747559,0.27322110533714294
64864,librosa,29.976598639455784,1.428215503692627,0.6614866852760315
64865,librosa,30.0,1.3933027982711792,0.32049039006233215
64866,librosa,30.0,1.1157029867172241,0.27304157614707947
64893,librosa,30.0,0.9094377756118774,0.17051106691360474
64895,librosa,30.0,0.5532909631729126,0.1250486671924591
64896,librosa,29.976598639455784,0.7709892392158508,0.2112976610660553
64918,librosa,30.0,1.0225238800048828,0.2790835499763489
64919,librosa,29.976598639455784,1.0774636268615723,0.2807382345199585
64988,librosa,30.0,0.6850159168243408,0.21194195747375488
64989,librosa,29.976598639455784,0.8414145708084106,0.23807868361473083
64990,librosa,29.976598639455784,0.832748532295227,0.16334936022758484
64991,librosa,29.976598639455784,0.9993294477462769,0.2420712113380432
64992,librosa,29.976598639455784,0.8877130150794983,0.1880088746547699
64993,librosa,29.976598639455784,0.9438268542289734,0.22762100398540497
64994,librosa,30.0,0.33993589878082275,0.09115950763225555
64995,librosa,30.0,0.8703065514564514,0.15932020545005798
65037,librosa,29.976598639455784,0.21627554297447205,0.03373106196522713
65038,librosa,29.976598639455784,0.26621150970458984,0.040269188582897186
65039,librosa,29.976598639455784,0.39603835344314575,0.1163330227136612
65040,librosa,30.0,0.9478554129600525,0.09254468977451324
65063,librosa,29.976598639455784,1.3474953174591064,0.44892701506614685
65064,librosa,29.976598639455784,1.2224748134613037,0.46010535955429077
65073,librosa,29.976598639455784,0.9756861925125122,0.26656022667884827
65076,librosa,30.0,0.9464117884635925,0.24307408928871155
65077,librosa,30.0,0.9694464802742004,0.246430903673172
65090,librosa,30.0,0.20709164440631866,0.0323430560529232
65234,librosa,30.0,0.6641970872879028,0.1593373864889145
65265,librosa,30.0,0.7738552093505859,0.14663439989089966
65488,librosa,29.988979591836735,0.8080182075500488,0.15053613483905792
65619,librosa,30.0,0.6394720077514648,0.14509738981723785
65683,librosa,30.0,0.9710042476654053,0.12198515981435776
65685,librosa,29.976598639455784,0.5909535884857178,0.08784361928701401
65745,librosa,29.976598639455784,1.0096924304962158,0.28163182735443115
65752,librosa,29.976598639455784,0.9482094645500183,0.31919482350349426
65755,librosa,30.0,0.9952524900436401,0.2269335687160492
65756,librosa,29.976598639455784,1.0026509761810303,0.23754391074180603
65777,librosa,29.976598639455784,0.7509695291519165,0.15269595384597778
65779,librosa,29.976598639455784,0.8101629018783569,0.10542195290327072
65780,librosa,29.976598639455784,0.647023618221283,0.09621913731098175
65893,librosa,30.0,1.0504722595214844,0.22238652408123016
66058,librosa,29.976598639455784,0.3565371632575989,0.03950154036283493
66073,librosa,29.976598639455784,1.0825793743133545,0.20926131308078766
66074,librosa,29.976598639455784,1.0042204856872559,0.2342667430639267
66075,librosa,30.0,0.9870861768722534,0.20636329054832458
66076,librosa,30.0,1.043073058128357,0.2950500547885895
66180,librosa,29.976598639455784,0.9894312620162964,0.2718378007411957
66187,librosa,29.976598639455784,0.9622024893760681,0.26049208641052246
66390,librosa,30.0,1.0629161596298218,0.4256773293018341
66394,librosa,29.976598639455784,0.9496090412139893,0.19986730813980103
66405,librosa,29.976598639455784,0.9812785387039185,0.17047087848186493
66469,librosa,30.0,0.7440377473831177,0.15225718915462494
66482,librosa,29.976598639455784,0.876620888710022,0.16623644530773163
66483,librosa,30.0,0.9100272059440613,0.369169682264328
66525,librosa,29.976598639455784,0.590437650680542,0.13021457195281982
66534,librosa,30.0,1.3028801679611206,0.5416967272758484
66535,librosa,30.0,1.3749125003814697,0.5759058594703674
66536,librosa,30.0,1.4731725454330444,0.5090136528015137
66537,librosa,30.0,1.6089820861816406,0.6470286846160889
66538,librosa,29.976598639455784,1.4227824211120605,0.616336464881897
66539,librosa,30.0,1.071683406829834,0.3604113757610321
66636,librosa,30.0,1.1517822742462158,0.36049336194992065
66637,librosa,29.976598639455784,0.7175775766372681,0.20418135821819305
66638,librosa,29.988979591836735,1.1192020177841187,0.2930561900138855
66641,librosa,29.976598639455784,0.9209856986999512,0.08657822757959366
66643,librosa,30.0,0.805734395980835,0.09992022067308426
66644,librosa,30.0,0.9597914814949036,0.10758684575557709
66646,librosa,29.976598639455784,0.412642240524292,0.050476331263780594
66648,librosa,30.0,0.8245501518249512,0.06262374669313431
66649,librosa,29.976598639455784,0.5591751337051392,0.020920177921652794
66650,librosa,30.0,0.9108901023864746,0.09927721321582794
66689,librosa,30.0,0.7383785247802734,0.13154859840869904
66690,librosa,29.976598639455784,0.84306401014328,0.2379828691482544
66717,librosa,29.976598639455784,0.971399188041687,0.28000831604003906
66757,librosa,29.976598639455784,0.5563037395477295,0.11507420241832733
66782,librosa,30.0,0.9520233869552612,0.12337567657232285
66783,librosa,29.976598639455784,0.9572418928146362,0.1601082682609558
67007,librosa,30.0,0.9265193343162537,0.15157592296600342
67010,librosa,30.0,0.8534745573997498,0.13041800260543823
67011,librosa,30.0,0.9548076391220093,0.14646269381046295
67016,librosa,29.976598639455784,0.7726374864578247,0.10425081104040146
67017,librosa,30.0,0.5927377939224243,0.09342353790998459
67121,librosa,30.0,1.0709257125854492,0.2541864812374115
67163,librosa,30.0,0.9321352243423462,0.17361579835414886
67232,librosa,29.976598639455784,0.969800591468811,0.1979461908340454
67233,librosa,30.0,0.9863814115524292,0.23993758857250214
67235,librosa,30.0,0.9732925295829773,0.1637449413537979
67237,librosa,30.0,1.0374350547790527,0.25160476565361023
67308,librosa,29.976598639455784,0.5697487592697144,0.05302939563989639
67330,librosa,30.0,0.9868123531341553,0.3160703182220459
67331,librosa,29.976598639455784,0.9829345345497131,0.2189236581325531
67332,librosa,30.0,0.9422143697738647,0.14467006921768188
67333,librosa,29.976598639455784,0.9879355430603027,0.3293236792087555
67334,librosa,30.0,0.9858521223068237,0.25664472579956055
67336,librosa,30.0,0.9948561787605286,0.3060142993927002
67357,librosa,30.0,0.9650735259056091,0.2108307033777237
67358,librosa,30.0,0.7825249433517456,0.1311490833759308
67359,librosa,29.976598639455784,0.8220580816268921,0.16406267881393433
67360,librosa,29.976598639455784,0.9704453349113464,0.14976750314235687
67361,librosa,29.976598639455784,0.9600023031234741,0.15112368762493134
67362,librosa,29.976598639455784,0.9216795563697815,0.14970728754997253
67363,librosa,29.976598639455784,0.8967307806015015,0.15204939246177673
67364,librosa,29.976598639455784,0.8365482687950134,0.1495804339647293
67365,librosa,30.0,0.9374999403953552,0.16505300998687744
67366,librosa,30.0,0.8516743183135986,0.11224199086427689
67367,librosa,29.976598639455784,0.9398375749588013,0.16112515330314636
67368,librosa,29.976598639455784,0.625636100769043,0.12877622246742249
67412,librosa,29.976598639455784,0.924658477306366,0.15415886044502258
67457,librosa,29.976598639455784,0.6367123126983643,0.11905807256698608
67470,librosa,30.0,0.9817733764648438,0.33530041575431824
67500,librosa,29.976598639455784,0.9858675003051758,0.2651340961456299
67553,librosa,29.976598639455784,1.0276648998260498,0.27143746614456177
67556,librosa,29.976598639455784,0.935447096824646,0.10603176057338715
67557,librosa,29.976598639455784,0.9184523224830627,0.10052084922790527
67558,librosa,29.976598639455784,0.9453642964363098,0.1284775733947754
67597,librosa,30.0,0.9516774415969849,0.1408984512090683
67598,librosa,29.976598639455784,0.6174930930137634,0.08501096069812775
67600,librosa,29.976598639455784,0.9830828309059143,0.16212327778339386
67637,librosa,29.976598639455784,0.8358719348907471,0.17139536142349243
67638,librosa,29.988979591836735,1.0829415321350098,0.2987125515937805
67639,librosa,30.0,0.9498101472854614,0.23804831504821777
67640,librosa,30.0,1.0835355520248413,0.26991578936576843
67660,librosa,29.976598639455784,1.0118147134780884,0.16001996397972107
67661,librosa,30.0,0.8920719623565674,0.13997437059879303
67673,librosa,29.976598639455784,0.9725342988967896,0.25271445512771606
67707,librosa,29.988979591836735,0.5098555684089661,0.14738775789737701
67760,librosa,29.988979591836735,0.9648174047470093,0.23095794022083282
67763,librosa,29.976598639455784,0.7825831174850464,0.12055005133152008
67764,librosa,29.976598639455784,0.9313524961471558,0.18253715336322784
67765,librosa,29.976598639455784,0.9110803008079529,0.14432501792907715
67766,librosa,30.0,0.9503876566886902,0.17412714660167694
67784,librosa,30.0,0.874934196472168,0.17635123431682587
67793,librosa,30.0,0.8648985624313354,0.18832583725452423
67829,librosa,30.0,0.998997688293457,0.15203304588794708
68353,librosa,29.976598639455784,0.9536045789718628,0.12436559051275253
68354,librosa,30.0,0.9634566903114319,0.14726269245147705
68355,librosa,30.0,0.9662232995033264,0.12168164551258087
68356,librosa,30.0,0.9526594281196594,0.1264714151620865
68404,librosa,29.976598639455784,1.0503426790237427,0.2510121166706085
68407,librosa,29.976598639455784,1.1714975833892822,0.36348623037338257
68410,librosa,30.0,0.9892277121543884,0.23036031424999237
68444,librosa,30.0,0.9934707283973694,0.414906769990921
68531,librosa,29.988979591836735,0.9991368055343628,0.2715294361114502
68536,librosa,30.0,0.5659498572349548,0.08101846277713776
68537,librosa,29.976598639455784,0.4439207911491394,0.06618833541870117
68538,librosa,30.0,0.4330551028251648,0.08267978578805923
68539,librosa,29.976598639455784,0.5323805212974548,0.0910695269703865
68540,librosa,29.976598639455784,0.3777560889720917,0.07794943451881409
68541,librosa,29.976598639455784,2.3892717361450195,0.09380835294723511
68543,librosa,30.0,0.574641764163971,0.08854173123836517
68549,librosa,29.976598639455784,0.927892804145813,0.08172328025102615
68551,librosa,30.0,0.8404904007911682,0.06988421082496643
68573,librosa,29.976598639455784,0.6938067078590393,0.06986670196056366
68579,librosa,29.976598639455784,0.8153858184814453,0.08384095132350922
68582,librosa,30.0,0.964534342288971,0.315480500459671
68587,librosa,30.0,0.9647117853164673,0.280868798494339
68592,librosa,29.976598639455784,0.9519979953765869,0.2557680308818817
68600,librosa,29.976598639455784,1.1340606212615967,0.307849258184433
68601,librosa,29.976598639455784,1.1675878763198853,0.3122186064720154
68680,librosa,29.976598639455784,0.79662024974823,0.12754444777965546
68682,librosa,30.0,0.4823570251464844,0.18761014938354492
68683,librosa,30.0,0.5494354367256165,0.10481132566928864
68820,librosa,30.0,0.47958096861839294,0.06496932357549667
68821,librosa,30.0,0.44392848014831543,0.07343614101409912
68837,librosa,30.0,0.7459142208099365,0.1320229172706604
68838,librosa,29.976598639455784,0.7051625847816467,0.13230478763580322
68839,librosa,30.0,0.5680181980133057,0.1109870970249176
68840,librosa,30.0,0.5736969709396362,0.10343554615974426
68841,librosa,29.976598639455784,0.5815643668174744,0.09202373772859573
68842,librosa,29.976598639455784,0.6194034814834595,0.11164586246013641
68843,librosa,29.976598639455784,0.4725457429885864,0.07047143578529358
68844,librosa,30.0,0.4766342043876648,0.07138275355100632
68851,librosa,29.976598639455784,0.5236508846282959,0.07422046363353729
68852,librosa,29.976598639455784,0.8664193153381348,0.15459950268268585
68853,librosa,29.976598639455784,0.5573983192443848,0.08795575797557831
68854,librosa,30.0,0.8650959730148315,0.14656588435173035
68860,librosa,29.976598639455784,0.7506643533706665,0.1003105491399765
68861,librosa,30.0,0.7449721097946167,0.1103273332118988
68862,librosa,30.0,0.5786666870117188,0.07619132101535797
68869,librosa,29.988979591836735,0.33262962102890015,0.05374133586883545
68872,librosa,29.988979591836735,0.5471214652061462,0.030677268281579018
68875,librosa,29.988979591836735,0.7659457325935364,0.1206163540482521
68891,librosa,29.976598639455784,1.0164194107055664,0.30748143792152405
68892,librosa,29.976598639455784,0.9915571212768555,0.2778381407260895
68893,librosa,30.0,0.9835996031761169,0.25841638445854187
68894,librosa,29.976598639455784,0.9924827218055725,0.3036468029022217
68895,librosa,29.976598639455784,0.9704043865203857,0.27387362718582153
68896,librosa,29.976598639455784,1.0267547369003296,0.3017559349536896
68897,librosa,30.0,0.9630206823348999,0.25988295674324036
68898,librosa,29.976598639455784,0.9857717752456665,0.24863265454769135
68899,librosa,29.976598639455784,0.9739096164703369,0.2944329082965851
68909,librosa,29.976598639455784,0.876369297504425,0.13648603856563568
69001,librosa,29.988979591836735,0.9064083695411682,0.12462469190359116
69002,librosa,29.988979591836735,0.30519697070121765,0.058238737285137177
69170,librosa,30.0,0.9975099563598633,0.1834680140018463
69181,librosa,29.976598639455784,0.8280099630355835,0.14186297357082367
69182,librosa,29.976598639455784,0.6815251111984253,0.15680080652236938
69188,librosa,29.976598639455784,0.6667931079864502,0.09305313229560852
69193,librosa,29.976598639455784,0.9308273792266846,0.2177460789680481
69194,librosa,29.976598639455784,0.9807624816894531,0.25767001509666443
69195,librosa,30.0,0.8039695620536804,0.1356275975704193
69196,librosa,30.0,0.8852967023849487,0.21039342880249023
69197,librosa,30.0,0.9036584496498108,0.12114208191633224
69198,librosa,29.976598639455784,0.9358680844306946,0.25107136368751526
69199,librosa,29.976598639455784,0.9345706701278687,0.10534407943487167
69200,librosa,30.0,0.9025706648826599,0.18085704743862152
69201,librosa,29.976598639455784,0.9604473114013672,0.21922920644283295
69202,librosa,29.976598639455784,0.8822208046913147,0.1983547806739807
69203,librosa,30.0,0.9334037899971008,0.2015288770198822
69204,librosa,29.976598639455784,0.9702550172805786,0.2184409499168396
69205,librosa,30.0,0.9320465326309204,0.21969135105609894
69206,librosa,29.976598639455784,0.969447672367096,0.1483483761548996
69207,librosa,30.0,0.9045952558517456,0.19539472460746765
69208,librosa,30.0,0.9687110185623169,0.18652042746543884
69209,librosa,29.976598639455784,0.7700662612915039,0.1830158680677414
69210,librosa,30.0,0.9409700632095337,0.25903189182281494
69211,librosa,30.0,0.9825352430343628,0.2547481060028076
69221,librosa,29.976598639455784,0.9947283864021301,0.15231172740459442
69222,librosa,29.976598639455784,1.0613751411437988,0.22671310603618622
69223,librosa,29.976598639455784,1.1946971416473389,0.30120018124580383
69303,librosa,29.976598639455784,0.5800286531448364,0.13839440047740936
69554,librosa,29.976598639455784,1.0441354513168335,0.3582422733306885
69555,librosa,30.0,1.084852933883667,0.35358551144599915
69561,librosa,29.976598639455784,1.1096630096435547,0.3337356150150299
69563,librosa,29.976598639455784,1.0516189336776733,0.3536636531352997
69564,librosa,29.976598639455784,1.0271732807159424,0.29690998792648315
69567,librosa,30.0,0.7139095067977905,0.22433947026729584
69682,librosa,29.976598639455784,0.6254769563674927,0.15198349952697754
69723,librosa,29.976598639455784,1.0378739833831787,0.1851520985364914
69726,librosa,30.0,1.0231122970581055,0.16914764046669006
69727,librosa,29.988979591836735,0.8926466107368469,0.1973397582769394
69732,librosa,30.0,1.0170514583587646,0.3120729625225067
69744,librosa,30.0,0.7528228759765625,0.17271575331687927
69745,librosa,30.0,0.5684612989425659,0.12585395574569702
69746,librosa,29.976598639455784,0.46124717593193054,0.18593405187129974
69747,librosa,30.0,1.0122206211090088,0.27124282717704773
69761,librosa,29.976598639455784,0.5202832818031311,0.1079130619764328
69762,librosa,29.976598639455784,0.5467396974563599,0.07808364182710648
69763,librosa,29.976598639455784,0.6718828678131104,0.095481276512146
69764,librosa,29.976598639455784,1.0362131595611572,0.23606616258621216
69765,librosa,30.0,0.950862467288971,0.11373010277748108
69766,librosa,29.976598639455784,0.9934094548225403,0.20232772827148438
69767,librosa,29.976598639455784,0.6659817695617676,0.10178752988576889
69768,librosa,30.0,0.6322739124298096,0.12154195457696915
69781,librosa,29.976598639455784,1.0094501972198486,0.2116386890411377
69784,librosa,29.976598639455784,0.9040331840515137,0.20280230045318604
69785,librosa,30.0,0.868347704410553,0.15133202075958252
69787,librosa,30.0,0.8586544990539551,0.15255387127399445
69788,librosa,29.976598639455784,0.8504618406295776,0.18389207124710083
69789,librosa,29.976598639455784,0.7268461585044861,0.13879194855690002
69791,librosa,29.976598639455784,0.9238371849060059,0.2942730188369751
69792,librosa,30.0,0.6643079519271851,0.10155822336673737
69793,librosa,29.976598639455784,1.0078790187835693,0.312137633562088
69798,librosa,30.0,0.8602495193481445,0.2010563760995865
69822,librosa,30.0,0.9636704921722412,0.31818848848342896
69823,librosa,29.976598639455784,0.9572933316230774,0.27436983585357666
69824,librosa,30.0,0.8984484076499939,0.32252010703086853
69825,librosa,30.0,0.9824536442756653,0.34097984433174133
69826,librosa,29.976598639455784,1.0257611274719238,0.30723950266838074
69827,librosa,30.0,0.9656659364700317,0.25829315185546875
69828,librosa,29.976598639455784,0.9777502417564392,0.36983180046081543
69830,librosa,30.0,0.9895078539848328,0.1976797878742218
69833,librosa,29.976598639455784,0.9923873543739319,0.23905834555625916
69904,librosa,29.976598639455784,1.0861876010894775,0.22647731006145477
69947,librosa,29.976598639455784,0.9770838022232056,0.1864473521709442
69949,librosa,29.976598639455784,0.9942420721054077,0.15438857674598694
69985,librosa,29.976598639455784,1.0614502429962158,0.22174623608589172
70002,librosa,30.0,0.43744879961013794,0.08660787343978882
70005,librosa,30.0,0.30754536390304565,0.014211311936378479
70174,librosa,29.976598639455784,0.8007545471191406,0.14508181810379028
70206,librosa,29.976598639455784,0.6842411756515503,0.09968514740467072
70207,librosa,29.976598639455784,0.9923928380012512,0.24036873877048492
70208,librosa,29.976598639455784,0.9922099113464355,0.25496605038642883
70299,librosa,29.976598639455784,0.6131758093833923,0.1555601805448532
70300,librosa,29.976598639455784,0.7317710518836975,0.13333135843276978
70301,librosa,30.0,0.8588607311248779,0.15040071308612823
70302,librosa,29.976598639455784,0.8160333037376404,0.12815894186496735
70303,librosa,29.976598639455784,0.9185810089111328,0.18704240024089813
70402,librosa,29.976598639455784,0.9889324903488159,0.2877883315086365
70403,librosa,30.0,0.9892761707305908,0.2705734968185425
70409,librosa,30.0,0.989345371723175,0.2874224781990051
70423,librosa,29.976598639455784,1.0297709703445435,0.32419437170028687
70424,librosa,29.976598639455784,1.0280392169952393,0.28020885586738586
70425,librosa,30.0,1.007358193397522,0.30632391571998596
70426,librosa,29.976598639455784,1.0226585865020752,0.27536460757255554
70654,librosa,30.0,1.027311086654663,0.31013184785842896
70655,librosa,29.976598639455784,1.0230190753936768,0.28178155422210693
70657,librosa,29.976598639455784,0.9809187054634094,0.1978277713060379
70660,librosa,29.976598639455784,1.0172536373138428,0.29353761672973633
70768,librosa,29.976598639455784,1.0222222805023193,0.20866326987743378
70770,librosa,29.976598639455784,1.060349702835083,0.2917895019054413
70772,librosa,29.976598639455784,1.0225735902786255,0.2318485677242279
70773,librosa,29.976598639455784,1.0027559995651245,0.21490846574306488
70774,librosa,30.0,1.0103726387023926,0.14084258675575256
70775,librosa,30.0,0.8942220211029053,0.17986774444580078
70813,librosa,29.976598639455784,1.034880518913269,0.3076658844947815
70873,librosa,29.976598639455784,0.40734273195266724,0.08085072040557861
70875,librosa,29.976598639455784,0.46703630685806274,0.06683426350355148
70878,librosa,30.0,0.751889705657959,0.10032115876674652
70879,librosa,29.976598639455784,0.6016640067100525,0.13457615673542023
71096,librosa,29.976598639455784,0.9654517769813538,0.24149225652217865
71133,librosa,30.0,0.4687389135360718,0.06959932297468185
71157,librosa,29.976598639455784,0.979600191116333,0.28879135847091675
71158,librosa,29.976598639455784,0.9821093082427979,0.2582332491874695
71172,librosa,30.0,1.0478758811950684,0.19571655988693237
71173,librosa,29.976598639455784,1.0070288181304932,0.2158048450946808
71174,librosa,29.976598639455784,0.8855597972869873,0.23381991684436798
71175,librosa,29.976598639455784,1.0033700466156006,0.21157826483249664
71216,librosa,30.0,1.0178594589233398,0.26026785373687744
71225,librosa,29.976598639455784,0.9918931722640991,0.2279304414987564
71228,librosa,29.976598639455784,1.000031590461731,0.23972031474113464
71230,librosa,29.976598639455784,1.0558295249938965,0.22426480054855347
71231,librosa,30.0,1.0306949615478516,0.31083497405052185
71240,librosa,30.0,1.0030858516693115,0.17335481941699982
71241,librosa,30.0,1.01991868019104,0.25107207894325256
71242,librosa,29.976598639455784,1.07943856716156,0.29488620162010193
71243,librosa,30.0,1.0490953922271729,0.3104327321052551
71244,librosa,29.976598639455784,1.029595971107483,0.2657580077648163
71245,librosa,29.976598639455784,0.9941093921661377,0.26903197169303894
71246,librosa,29.976598639455784,1.0135689973831177,0.24948665499687195
71247,librosa,30.0,1.0040194988250732,0.2197508066892624
71248,librosa,29.976598639455784,0.9912581443786621,0.21135301887989044
71249,librosa,30.0,1.007655143737793,0.2503298819065094
71250,librosa,30.0,1.004738211631775,0.24499304592609406
71251,librosa,29.976598639455784,1.0157288312911987,0.2568184733390808
71252,librosa,29.976598639455784,1.0183783769607544,0.19124279916286469
71253,librosa,29.976598639455784,1.0126954317092896,0.18918071687221527
71254,librosa,29.976598639455784,1.0350844860076904,0.23775257170200348
71255,librosa,29.976598639455784,1.0538849830627441,0.22928211092948914
71276,librosa,30.0,0.7559996247291565,0.14229294657707214
71303,librosa,29.976598639455784,0.763996422290802,0.09483964741230011
71304,librosa,30.0,0.7630370855331421,0.1172739639878273
71371,librosa,29.976598639455784,0.9384928345680237,0.27753186225891113
71372,librosa,29.976598639455784,0.9321823120117188,0.28611838817596436
71420,librosa,30.0,0.8187428712844849,0.09215307235717773
71503,librosa,30.0,1.0148361921310425,0.24269980192184448
71506,librosa,30.0,1.000666618347168,0.30194634199142456
71507,librosa,29.976598639455784,1.0822525024414062,0.39174965023994446
71508,librosa,30.0,1.1193549633026123,0.36555394530296326
71509,librosa,29.976598639455784,1.079284429550171,0.39060547947883606
71510,librosa,29.976598639455784,0.9824721813201904,0.3148421347141266
71511,librosa,30.0,1.010459542274475,0.27655255794525146
71512,librosa,29.976598639455784,1.1035513877868652,0.29625406861305237
71513,librosa,29.976598639455784,1.0186983346939087,0.25188326835632324
71514,librosa,30.0,1.0874193906784058,0.3301299512386322
71515,librosa,29.976598639455784,1.0497426986694336,0.40531668066978455
71516,librosa,29.976598639455784,0.7473397850990295,0.19495898485183716
71617,librosa,29.976598639455784,1.054510235786438,0.3598031997680664
71620,librosa,30.0,0.9819289445877075,0.3348817527294159
71622,librosa,29.976598639455784,0.9328808784484863,0.2915826737880707
71690,librosa,30.0,0.9987219572067261,0.23627586662769318
71691,librosa,29.976598639455784,0.9842687845230103,0.24236150085926056
71692,librosa,30.0,0.9881954789161682,0.2259584367275238
71693,librosa,29.976598639455784,0.9924802780151367,0.2218315452337265
71694,librosa,30.0,0.9915695190429688,0.20566678047180176
71695,librosa,29.976598639455784,0.9731584787368774,0.23252759873867035
71709,librosa,29.976598639455784,1.069300651550293,0.23639939725399017
71711,librosa,29.976598639455784,1.1198866367340088,0.397827684879303
71714,librosa,29.976598639455784,1.0442988872528076,0.150239959359169
71715,librosa,30.0,1.333752155303955,0.19056272506713867
71719,librosa,29.976598639455784,0.9933997392654419,0.13921815156936646
71721,librosa,29.976598639455784,1.506822943687439,0.33992382884025574
71722,librosa,29.976598639455784,0.41389042139053345,0.060970548540353775
71822,librosa,29.976598639455784,0.8359359502792358,0.18322016298770905
71884,librosa,30.0,1.0487983226776123,0.24509045481681824
71885,librosa,30.0,0.9004464149475098,0.20452605187892914
71937,librosa,30.0,0.9365692734718323,0.1382931023836136
71938,librosa,29.976598639455784,0.7406153678894043,0.15571419894695282
72046,librosa,29.976598639455784,0.714590311050415,0.153025284409523
72047,librosa,30.0,0.8665996193885803,0.15006862580776215
72050,librosa,29.976598639455784,0.8145827054977417,0.12099123001098633
72056,librosa,30.0,0.6958717107772827,0.12451104819774628
72058,librosa,30.0,0.835407018661499,0.13183856010437012
72059,librosa,30.0,3.948595258407295e-05,7.610877219121903e-06
72064,librosa,30.0,0.9007312655448914,0.23363333940505981
72067,librosa,30.0,1.0281317234039307,0.22420896589756012
72068,librosa,30.0,1.0275800228118896,0.26296040415763855
72069,librosa,30.0,1.0220348834991455,0.2939557135105133
72070,librosa,29.976598639455784,1.016068935394287,0.3421735465526581
72071,librosa,29.976598639455784,1.016998529434204,0.3042096495628357
72072,librosa,29.976598639455784,1.0368167161941528,0.32074281573295593
72073,librosa,29.976598639455784,1.1188379526138306,0.39218732714653015
72074,librosa,29.976598639455784,1.0688875913619995,0.2620525360107422
72075,librosa,29.976598639455784,1.035209059715271,0.2736421525478363
72076,librosa,29.976598639455784,1.0130300521850586,0.19725759327411652
72129,librosa,29.976598639455784,0.999221920967102,0.2332638055086136
72130,librosa,30.0,0.9920738339424133,0.248663991689682
72131,librosa,30.0,1.0667132139205933,0.2876967191696167
72134,librosa,30.0,1.0039656162261963,0.23585711419582367
72135,librosa,29.976598639455784,0.9905295372009277,0.2475731372833252
72136,librosa,29.976598639455784,0.9828046560287476,0.2547354996204376
72146,librosa,29.988979591836735,0.5389196276664734,0.12231030315160751
72149,librosa,29.976598639455784,1.8152873516082764,0.5966506600379944
72200,librosa,30.0,0.9912015199661255,0.17619916796684265
72206,librosa,29.976598639455784,1.0455880165100098,0.24832607805728912
72210,librosa,29.976598639455784,1.032877802848816,0.31691986322402954
72215,librosa,29.976598639455784,0.9860340356826782,0.21836955845355988
72232,librosa,29.976598639455784,0.9162148237228394,0.2700209617614746
72233,librosa,29.976598639455784,0.9736488461494446,0.29638028144836426
72234,librosa,30.0,1.0219449996948242,0.3420622944831848
72287,librosa,29.976598639455784,0.9818695783615112,0.14432990550994873
72288,librosa,29.976598639455784,0.9642813205718994,0.16935068368911743
72289,librosa,30.0,0.9808316230773926,0.1606581211090088
72290,librosa,29.976598639455784,0.9636965990066528,0.14150112867355347
72456,librosa,30.0,0.9809983968734741,0.14576290547847748
72468,librosa,29.976598639455784,0.781247615814209,0.232627734541893
72476,librosa,29.976598639455784,0.9690122604370117,0.17151078581809998
72477,librosa,30.0,0.9436043500900269,0.23997226357460022
72513,librosa,30.0,0.6069396734237671,0.09435668587684631
72514,librosa,29.976598639455784,0.6328517198562622,0.09505151957273483
72562,librosa,30.0,0.4400928020477295,0.05999942496418953
72565,librosa,30.0,0.3174765706062317,0.04012788087129593
72570,librosa,30.0,0.44077038764953613,0.060848601162433624
72604,librosa,29.976598639455784,0.8853681087493896,0.15837222337722778
72605,librosa,30.0,0.2555391192436218,0.04203992709517479
72607,librosa,30.0,0.3930428922176361,0.05670629441738129
72612,librosa,29.976598639455784,0.552226185798645,0.0725662112236023
72738,librosa,29.976598639455784,0.9042773246765137,0.2541559040546417
72781,librosa,30.0,0.974539041519165,0.20905999839305878
72782,librosa,29.976598639455784,0.9897534847259521,0.2726077437400818
72783,librosa,29.976598639455784,0.9877849817276001,0.35072338581085205
72784,librosa,29.976598639455784,1.0013723373413086,0.2327573448419571
72785,librosa,30.0,0.9715279340744019,0.38785627484321594
72786,librosa,29.976598639455784,1.0154757499694824,0.31282666325569153
72787,librosa,29.976598639455784,0.9950812458992004,0.34937459230422974
72788,librosa,30.0,1.0018579959869385,0.33002007007598877
72789,librosa,29.976598639455784,0.976220965385437,0.3303668797016144
72790,librosa,30.0,0.9650188088417053,0.22842371463775635
72926,librosa,29.976598639455784,0.637237548828125,0.12044527381658554
72927,librosa,29.976598639455784,0.8183326721191406,0.1464136242866516
72928,librosa,30.0,0.82509446144104,0.19354215264320374
72930,librosa,30.0,0.7507758140563965,0.18046212196350098
73087,librosa,29.976598639455784,0.9514544010162354,0.1648133546113968
73099,librosa,29.976598639455784,0.9744385480880737,0.22020016610622406
73100,librosa,29.976598639455784,0.35132014751434326,0.06688302755355835
73123,librosa,30.0,1.2858376502990723,0.3352077305316925
73124,librosa,30.0,1.0028504133224487,0.2241944521665573
73125,librosa,30.0,1.069794774055481,0.4548659324645996
73169,librosa,30.0,0.7248843312263489,0.13400056958198547
73170,librosa,29.976598639455784,0.47559770941734314,0.0755544975399971
73171,librosa,29.976598639455784,0.6075787544250488,0.09728420525789261
73172,librosa,30.0,0.8105828166007996,0.12654541432857513
73174,librosa,29.976598639455784,0.21790467202663422,0.03764414042234421
73175,librosa,30.0,0.8482027053833008,0.10740099847316742
73192,librosa,30.0,0.325634628534317,0.12353347986936569
73193,librosa,29.976598639455784,0.327575147151947,0.12124951183795929
73306,librosa,30.0,0.8983246088027954,0.15129129588603973
73309,librosa,29.976598639455784,0.8751232624053955,0.11652477085590363
73318,librosa,30.0,0.4142121970653534,0.09149298816919327
73335,librosa,29.976598639455784,0.9999701380729675,0.2167038470506668
73340,librosa,29.976598639455784,0.857495903968811,0.18046274781227112
73341,librosa,29.976598639455784,0.8669649362564087,0.27003392577171326
73342,librosa,29.976598639455784,1.4457757472991943,0.2753925025463104
73343,librosa,29.976598639455784,0.8469569683074951,0.1806161105632782
73344,librosa,29.976598639455784,0.8794906139373779,0.31641367077827454
73363,librosa,30.0,0.934506893157959,0.3003793954849243
73365,librosa,29.976598639455784,0.9316971898078918,0.3811968266963959
73366,librosa,29.976598639455784,0.9472032785415649,0.3130594789981842
73367,librosa,29.976598639455784,1.0115423202514648,0.34128743410110474
73368,librosa,30.0,0.9191389679908752,0.24912577867507935
73369,librosa,29.976598639455784,0.9155124425888062,0.35216835141181946
73370,librosa,30.0,0.974785327911377,0.31746986508369446
73371,librosa,30.0,0.9322164058685303,0.38646143674850464
73372,librosa,30.0,0.934274435043335,0.32220786809921265
73465,librosa,30.0,1.1480666399002075,0.4222094416618347
73466,librosa,29.976598639455784,1.0019768476486206,0.27667731046676636
73467,librosa,29.976598639455784,0.8841768503189087,0.10490460693836212
73468,librosa,30.0,0.9722347259521484,0.3170830011367798
73469,librosa,29.976598639455784,0.8439938426017761,0.11936717480421066
73486,librosa,29.976598639455784,0.9912588000297546,0.1604861319065094
73494,librosa,29.976598639455784,0.5668953061103821,0.08473081141710281
73495,librosa,30.0,1.0234553813934326,0.2743672728538513
73519,librosa,30.0,0.99308180809021,0.29606202244758606
73520,librosa,29.976598639455784,1.0444867610931396,0.3226086497306824
73521,librosa,29.976598639455784,1.0079575777053833,0.3047316372394562
73522,librosa,29.976598639455784,1.0034527778625488,0.3057357668876648
73550,librosa,29.976598639455784,1.0418074131011963,0.2638193666934967
73551,librosa,30.0,0.9708665609359741,0.24260303378105164
73560,librosa,29.976598639455784,0.9303475022315979,0.17883597314357758
73561,librosa,29.976598639455784,0.9755387902259827,0.2461879700422287
73564,librosa,29.976598639455784,0.9255247116088867,0.2599092423915863
73565,librosa,30.0,0.9334573745727539,0.24218076467514038
73566,librosa,29.976598639455784,0.5481373071670532,0.05358128994703293
73568,librosa,30.0,0.9479333758354187,0.13304947316646576
73572,librosa,29.976598639455784,0.9099897146224976,0.09644807130098343
73573,librosa,30.0,0.48336920142173767,0.08411083370447159
73580,librosa,30.0,0.925505518913269,0.15248017013072968
73584,librosa,29.976598639455784,0.8857361078262329,0.13819320499897003
73585,librosa,29.976598639455784,0.9663774371147156,0.1765919327735901
73587,librosa,29.976598639455784,0.7290911674499512,0.0770273208618164
73658,librosa,29.976598639455784,0.8290265798568726,0.11533111333847046
73675,librosa,29.976598639455784,1.0007067918777466,0.1478642374277115
73760,librosa,29.976598639455784,0.9612745046615601,0.3102518916130066
73761,librosa,29.976598639455784,0.9368282556533813,0.14020119607448578
73762,librosa,30.0,0.5635381937026978,0.06683891266584396
73763,librosa,30.0,0.8588236570358276,0.1504078358411789
73764,librosa,29.976598639455784,0.885898232460022,0.17746274173259735
73765,librosa,30.0,0.9884517192840576,0.20662012696266174
73766,librosa,29.976598639455784,1.0559135675430298,0.3153408169746399
73767,librosa,30.0,1.0379937887191772,0.35764551162719727
73768,librosa,30.0,0.9986581802368164,0.3268488943576813
73769,librosa,29.976598639455784,0.7120178937911987,0.10922768712043762
73770,librosa,30.0,1.1333264112472534,0.3574168086051941
73771,librosa,30.0,1.030959129333496,0.29179704189300537
73772,librosa,29.976598639455784,0.7851380705833435,0.16793589293956757
73773,librosa,29.976598639455784,1.0237730741500854,0.2943868637084961
73774,librosa,30.0,0.951195240020752,0.21366889774799347
73775,librosa,29.976598639455784,1.044433355331421,0.264828085899353
73776,librosa,30.0,0.8839212656021118,0.11708766967058182
73777,librosa,29.976598639455784,1.0054688453674316,0.1808154284954071
73778,librosa,30.0,0.9791237115859985,0.23595169186592102
73779,librosa,29.976598639455784,1.0046899318695068,0.23418109118938446
73792,librosa,30.0,0.9591453075408936,0.23120281100273132
73797,librosa,29.976598639455784,0.8113548755645752,0.15320272743701935
73819,librosa,29.976598639455784,0.829888105392456,0.2768493890762329
73820,librosa,29.976598639455784,0.8024948239326477,0.25513407588005066
73821,librosa,29.976598639455784,0.914436936378479,0.3425866365432739
73822,librosa,29.976598639455784,0.7380478978157043,0.20983529090881348
73921,librosa,29.976598639455784,0.9553864002227783,0.2327744960784912
74002,librosa,30.0,0.9941418170928955,0.2316189557313919
74302,librosa,29.976598639455784,0.6741540431976318,0.20341631770133972
74347,librosa,29.976598639455784,0.6616969108581543,0.1125163584947586
74348,librosa,30.0,0.9234206676483154,0.27086448669433594
74362,librosa,30.0,1.232040286064148,0.25016722083091736
74365,librosa,29.976598639455784,1.3538163900375366,0.4256957769393921
74370,librosa,29.976598639455784,0.9969252347946167,0.1834440976381302
74371,librosa,29.976598639455784,0.8533549308776855,0.16794398427009583
74372,librosa,30.0,0.841503381729126,0.20592288672924042
74373,librosa,30.0,0.780573844909668,0.133480042219162
74374,librosa,30.0,0.9859746694564819,0.27125102281570435
74375,librosa,29.976598639455784,0.8989548683166504,0.20805612206459045
74376,librosa,29.976598639455784,0.620460033416748,0.09941320866346359
74377,librosa,29.976598639455784,0.8986825346946716,0.09371241927146912
74378,librosa,30.0,0.819940447807312,0.2477058619260788
74380,librosa,29.976598639455784,0.8640920519828796,0.25091999769210815
74381,librosa,30.0,0.9286242127418518,0.17248480021953583
74382,librosa,29.976598639455784,0.9667807221412659,0.23328889906406403
74383,librosa,30.0,0.9090162515640259,0.21141186356544495
74384,librosa,30.0,0.9830094575881958,0.19439788162708282
74385,librosa,29.976598639455784,0.8922881484031677,0.1261061280965805
74386,librosa,30.0,0.7260901927947998,0.20499272644519806
74387,librosa,29.976598639455784,0.6897122859954834,0.08249548822641373
74388,librosa,30.0,0.7230082750320435,0.10752308368682861
74389,librosa,29.976598639455784,0.7569717764854431,0.10318370908498764
74390,librosa,29.976598639455784,0.8614263534545898,0.22294238209724426
74391,librosa,30.0,0.8930836915969849,0.19470353424549103
74392,librosa,29.976598639455784,0.851725161075592,0.2263290137052536
74393,librosa,29.976598639455784,1.0011051893234253,0.166899174451828
74421,librosa,29.976598639455784,0.8591513633728027,0.14659984409809113
74445,librosa,30.0,0.7031413316726685,0.08232835680246353
74546,librosa,30.0,0.8214560747146606,0.1118578165769577
74669,librosa,29.976598639455784,0.8715303540229797,0.1400769203901291
74671,librosa,30.0,0.7262331247329712,0.10758526623249054
74706,librosa,29.976598639455784,1.0119818449020386,0.22318613529205322
74908,librosa,29.976598639455784,1.0403032302856445,0.41883864998817444
74937,librosa,30.0,0.9728495478630066,0.1715020090341568
74942,librosa,30.0,0.8953806757926941,0.1943778395652771
74945,librosa,30.0,0.9718488454818726,0.20022794604301453
74954,librosa,30.0,1.0302331447601318,0.2836746573448181
74955,librosa,29.976598639455784,0.9719353914260864,0.2657570242881775
74959,librosa,29.976598639455784,0.29775702953338623,0.06284815073013306
74960,librosa,30.0,0.5239405035972595,0.12849611043930054
75194,librosa,30.0,0.9958226084709167,0.16935501992702484
75211,librosa,29.976598639455784,0.7304829359054565,0.07937119901180267
75221,librosa,29.976598639455784,1.019450306892395,0.29687756299972534
75230,librosa,29.976598639455784,0.833968997001648,0.2098269760608673
75304,librosa,29.976598639455784,0.7479448914527893,0.23125849664211273
75310,librosa,30.0,0.5720040798187256,0.094244584441185
75314,librosa,30.0,0.6452780961990356,0.13425713777542114
75317,librosa,29.976598639455784,0.543936550617218,0.06168193370103836
75371,librosa,29.976598639455784,1.0713791847229004,0.2645104229450226
75372,librosa,30.0,1.0270073413848877,0.27301740646362305
75373,librosa,29.976598639455784,1.025947093963623,0.21623864769935608
75374,librosa,29.976598639455784,1.0384901762008667,0.30619752407073975
75375,librosa,29.976598639455784,1.03630793094635,0.26829567551612854
75376,librosa,30.0,1.0122394561767578,0.21712766587734222
75377,librosa,30.0,1.0204360485076904,0.22794993221759796
75378,librosa,29.976598639455784,1.0222973823547363,0.3152048885822296
75379,librosa,30.0,1.0175755023956299,0.2172848880290985
75380,librosa,30.0,0.991796612739563,0.2048533707857132
75381,librosa,30.0,1.0088627338409424,0.22466540336608887
75383,librosa,29.976598639455784,1.0313823223114014,0.27159959077835083
75386,librosa,29.976598639455784,1.0992248058319092,0.317794531583786
75389,librosa,29.976598639455784,1.1185730695724487,0.2641832232475281
75390,librosa,29.976598639455784,1.054779291152954,0.30057838559150696
75391,librosa,30.0,1.0817906856536865,0.26262739300727844
75393,librosa,30.0,1.0481754541397095,0.26049113273620605
75395,librosa,29.976598639455784,1.01267671585083,0.30088648200035095
75396,librosa,29.976598639455784,1.2056975364685059,0.29656314849853516
75398,librosa,29.976598639455784,1.078682780265808,0.25611412525177
75399,librosa,29.976598639455784,1.063129186630249,0.30168846249580383
75401,librosa,29.976598639455784,1.0498102903366089,0.3102608323097229
75403,librosa,29.976598639455784,1.0188831090927124,0.22933125495910645
75412,librosa,30.0,1.0108821392059326,0.20226533710956573
75415,librosa,29.976598639455784,1.075775384902954,0.30471813678741455
75417,librosa,29.976598639455784,1.01592218875885,0.22519558668136597
75418,librosa,29.976598639455784,1.065645456314087,0.3081009089946747
75419,librosa,30.0,1.0369856357574463,0.3051794469356537
75420,librosa,29.976598639455784,1.0191742181777954,0.27592456340789795
75425,librosa,30.0,1.0380884408950806,0.32027921080589294
75427,librosa,29.976598639455784,1.0076375007629395,0.2669512927532196
75428,librosa,29.976598639455784,0.9109759330749512,0.20404982566833496
75429,librosa,29.976598639455784,1.0001705884933472,0.1769154965877533
75430,librosa,30.0,0.9380435943603516,0.1929599493741989
75431,librosa,29.976598639455784,0.9577926993370056,0.12466971576213837
75432,librosa,29.976598639455784,0.9435304403305054,0.1743398755788803
75433,librosa,29.976598639455784,0.41705965995788574,0.07058784365653992
75434,librosa,29.976598639455784,0.8270048499107361,0.15052571892738342
75435,librosa,30.0,0.8491345643997192,0.20450130105018616
75436,librosa,30.0,1.0008279085159302,0.13350068032741547
75437,librosa,30.0,1.002623438835144,0.27413755655288696
75438,librosa,29.976598639455784,0.8865294456481934,0.12161488831043243
75439,librosa,30.0,0.6936435699462891,0.12365814298391342
75440,librosa,29.976598639455784,0.7751119136810303,0.1785532683134079
75441,librosa,29.976598639455784,0.8673895001411438,0.26005569100379944
75442,librosa,29.976598639455784,1.016987919807434,0.29242461919784546
75443,librosa,30.0,0.7231307625770569,0.1285678744316101
75607,librosa,29.976598639455784,0.5936757326126099,0.11436579376459122
75612,librosa,29.976598639455784,1.1238934993743896,0.2594035863876343
75692,librosa,29.976598639455784,0.9918826818466187,0.23928886651992798
75745,librosa,29.976598639455784,0.9955453872680664,0.2836647629737854
75746,librosa,30.0,1.0249677896499634,0.2815130650997162
75747,librosa,29.976598639455784,1.017007827758789,0.2526134252548218
75748,librosa,30.0,1.0861215591430664,0.2892020642757416
75749,librosa,29.976598639455784,1.0150108337402344,0.2585161328315735
75750,librosa,29.976598639455784,1.076651930809021,0.26860225200653076
75751,librosa,29.976598639455784,0.6617460250854492,0.12774881720542908
75752,librosa,29.976598639455784,0.9928293228149414,0.28514280915260315
75754,librosa,29.976598639455784,0.9990605115890503,0.2891373038291931
75755,librosa,29.976598639455784,1.0098003149032593,0.2723884582519531
75762,librosa,30.0,1.0594964027404785,0.353484183549881
75763,librosa,29.976598639455784,0.8344472646713257,0.18472877144813538
75764,librosa,29.976598639455784,0.8825749158859253,0.21468740701675415
75782,librosa,29.976598639455784,1.0046441555023193,0.2766259014606476
75783,librosa,30.0,1.0177674293518066,0.26175743341445923
75784,librosa,29.976598639455784,1.002169132232666,0.28035256266593933
75785,librosa,29.976598639455784,0.9960435032844543,0.18692387640476227
75786,librosa,29.976598639455784,0.980431079864502,0.20394212007522583
75787,librosa,30.0,1.0044667720794678,0.26946499943733215
75788,librosa,29.976598639455784,1.0191148519515991,0.2766011953353882
75844,librosa,30.0,0.8621542453765869,0.11661951243877411
75862,librosa,30.0,0.9889907836914062,0.14261332154273987
75866,librosa,30.0,0.934971809387207,0.1485210657119751
75869,librosa,29.976598639455784,1.0123867988586426,0.16015714406967163
75883,librosa,29.976598639455784,0.7547945976257324,0.10956163704395294
75903,librosa,29.976598639455784,0.958816409111023,0.23604990541934967
75908,librosa,30.0,0.977504551410675,0.2953642010688782
75925,librosa,29.976598639455784,1.137293815612793,0.30112966895103455
75926,librosa,30.0,0.8864773511886597,0.25401413440704346
75927,librosa,29.976598639455784,1.0289084911346436,0.3724031448364258
75928,librosa,29.976598639455784,1.2770289182662964,0.3683856427669525
75929,librosa,29.976598639455784,1.2383127212524414,0.325684517621994
75930,librosa,29.976598639455784,1.301027774810791,0.40794655680656433
75931,librosa,30.0,1.2865630388259888,0.3323085904121399
75932,librosa,29.976598639455784,1.190102458000183,0.3358038365840912
75933,librosa,30.0,1.2669135332107544,0.2697729468345642
75935,librosa,29.976598639455784,1.214921236038208,0.2753145694732666
75936,librosa,30.0,1.0081026554107666,0.1918090283870697
75937,librosa,29.976598639455784,1.2455568313598633,0.4236769378185272
75975,librosa,30.0,0.643290638923645,0.030834071338176727
76036,librosa,29.976598639455784,0.6935646533966064,0.05608158931136131
76069,librosa,30.0,0.8816893100738525,0.09103171527385712
76071,librosa,30.0,0.2867079973220825,0.04073701053857803
76072,librosa,29.976598639455784,1.0067909955978394,0.19638623297214508
76073,librosa,30.0,1.0080146789550781,0.18510767817497253
76074,librosa,30.0,0.30055201053619385,0.02987908571958542
76075,librosa,30.0,0.8389361500740051,0.1118958443403244
76076,librosa,30.0,1.0185675621032715,0.14553280174732208
76077,librosa,30.0,1.0600802898406982,0.1906011551618576
76078,librosa,29.976598639455784,0.6289942264556885,0.08281548321247101
76079,librosa,29.976598639455784,1.0342854261398315,0.1627657115459442
76121,librosa,29.976598639455784,0.9580462574958801,0.2496705800294876
76128,librosa,29.976598639455784,1.0087934732437134,0.2719210982322693
76129,librosa,29.976598639455784,0.9997073411941528,0.25883176922798157
76130,librosa,29.976598639455784,1.110617756843567,0.3695324957370758
76131,librosa,29.976598639455784,1.1480209827423096,0.37668970227241516
76363,librosa,29.976598639455784,0.9157106280326843,0.17774878442287445
76375,librosa,29.976598639455784,0.491872638463974,0.06625030934810638
76381,librosa,29.976598639455784,0.8401676416397095,0.11156560480594635
76437,librosa,30.0,0.6257497668266296,0.16057737171649933
76440,librosa,29.976598639455784,0.5852870345115662,0.1485387533903122
76654,librosa,29.976598639455784,0.974319338798523,0.2601507902145386
76659,librosa,29.976598639455784,0.9061117172241211,0.21739566326141357
77517,librosa,29.976598639455784,0.8490850329399109,0.22086751461029053
77519,librosa,29.976598639455784,0.6918134093284607,0.1994674801826477
77521,librosa,29.976598639455784,0.8894301652908325,0.24318915605545044
77522,librosa,29.976598639455784,0.5647459030151367,0.13422785699367523
77523,librosa,29.976598639455784,0.9747202396392822,0.27346163988113403
77564,librosa,29.976598639455784,0.9980878233909607,0.24850249290466309
77571,librosa,30.0,1.0013675689697266,0.2500927746295929
77572,librosa,29.976598639455784,0.904503345489502,0.2540826201438904
77952,librosa,30.0,1.0992133617401123,0.23448452353477478
78038,librosa,29.976598639455784,0.9417728185653687,0.1085522472858429
78156,librosa,29.976598639455784,1.008110523223877,0.26798462867736816
78213,librosa,29.976598639455784,0.941859245300293,0.13150429725646973
78516,librosa,29.976598639455784,0.9862310886383057,0.25966331362724304
78833,librosa,29.976598639455784,1.0568846464157104,0.24792513251304626
78834,librosa,29.976598639455784,1.0346266031265259,0.40427517890930176
78839,librosa,29.976598639455784,1.0231951475143433,0.31627053022384644
78841,librosa,30.0,1.0306065082550049,0.29505524039268494
78843,librosa,29.976598639455784,0.9835299849510193,0.2862873077392578
78845,librosa,30.0,0.9881700873374939,0.28707408905029297
78847,librosa,29.976598639455784,1.0066362619400024,0.2371336966753006
78848,librosa,30.0,0.9790202975273132,0.2476515918970108
78849,librosa,29.976598639455784,0.9071037769317627,0.22712190449237823
78850,librosa,29.976598639455784,1.0499658584594727,0.2828439772129059
78851,librosa,29.976598639455784,1.096341609954834,0.27381008863449097
78852,librosa,30.0,1.0340925455093384,0.2991112172603607
78984,librosa,30.0,0.7283578515052795,0.12217257171869278
78998,librosa,29.976598639455784,0.7235294580459595,0.18862183392047882
79087,librosa,30.0,0.9902663230895996,0.24571482837200165
79575,librosa,30.0,0.8047729134559631,0.2157832235097885
79593,librosa,29.976598639455784,0.8336978554725647,0.09714934229850769
79605,librosa,30.0,0.9929571747779846,0.34707745909690857
79606,librosa,29.976598639455784,1.0604372024536133,0.2577705681324005
79610,librosa,29.976598639455784,0.9587878584861755,0.26690673828125
79616,librosa,29.976598639455784,0.9482985734939575,0.24219658970832825
79741,librosa,29.988979591836735,0.9630322456359863,0.18505969643592834
79973,librosa,29.976598639455784,0.9568578600883484,0.03410235792398453
79975,librosa,29.988979591836735,0.36804431676864624,0.028369497507810593
79977,librosa,29.988979591836735,0.6799216270446777,0.0759386494755745
79978,librosa,29.988979591836735,0.4773944318294525,0.06613767892122269
79985,librosa,29.976598639455784,0.9622167348861694,0.16278789937496185
79986,librosa,29.976598639455784,0.9370956420898438,0.24246999621391296
79988,librosa,30.0,0.9261776208877563,0.2004176378250122
79990,librosa,30.0,0.9625362157821655,0.2507661283016205
79995,librosa,29.976598639455784,0.9455729722976685,0.28106623888015747
80000,librosa,30.0,0.9612576365470886,0.1730944663286209
80001,librosa,30.0,0.9778143167495728,0.22461818158626556
80002,librosa,30.0,0.9547991752624512,0.20104250311851501
80003,librosa,30.0,0.9582887887954712,0.26317402720451355
80004,librosa,29.976598639455784,0.9653222560882568,0.2187485694885254
80005,librosa,29.976598639455784,0.9269106388092041,0.15791627764701843
80035,librosa,30.0,0.975895881652832,0.15644130110740662
80293,librosa,30.0,0.6326001882553101,0.15961408615112305
80341,librosa,29.976598639455784,0.9289108514785767,0.1328088790178299
80351,librosa,29.976598639455784,1.0180845260620117,0.38986849784851074
80389,librosa,29.976598639455784,0.5780297517776489,0.13781990110874176
80402,librosa,29.976598639455784,0.34423577785491943,0.07306435704231262
80515,librosa,30.0,1.0080798864364624,0.20001891255378723
80516,librosa,29.988979591836735,1.03706955909729,0.20384657382965088
80517,librosa,29.988979591836735,1.0482587814331055,0.22631455957889557
80518,librosa,30.0,0.8494069576263428,0.2308008223772049
80519,librosa,29.988979591836735,0.8389736413955688,0.181040421128273
80520,librosa,29.988979591836735,1.0322425365447998,0.16701385378837585
80611,librosa,29.976598639455784,0.7960984706878662,0.19930753111839294
80680,librosa,29.976598639455784,1.0310494899749756,0.3528536260128021
80686,librosa,29.976598639455784,1.051418423652649,0.4335229992866516
80687,librosa,29.976598639455784,1.0091743469238281,0.39398887753486633
80693,librosa,30.0,0.9687733054161072,0.3245545029640198
80694,librosa,30.0,0.9820135831832886,0.2973756194114685
80695,librosa,30.0,1.0779143571853638,0.24195635318756104
80696,librosa,29.976598639455784,1.0070617198944092,0.24158966541290283
80697,librosa,29.976598639455784,1.0058802366256714,0.3539426922798157
80751,librosa,29.976598639455784,0.6556793451309204,0.06398309767246246
80753,librosa,29.976598639455784,0.7323071956634521,0.06576433032751083
80754,librosa,29.976598639455784,0.7435397505760193,0.07011275738477707
80755,librosa,30.0,0.8521405458450317,0.07842225581407547
80756,librosa,29.976598639455784,0.8141889572143555,0.0708804726600647
80758,librosa,30.0,0.781283974647522,0.06133599951863289
80765,librosa,29.976598639455784,0.7429718971252441,0.07250393182039261
80766,librosa,29.976598639455784,0.8003547191619873,0.07427497953176498
80772,librosa,29.976598639455784,0.9977772235870361,0.3093886077404022
80773,librosa,30.0,1.0288797616958618,0.3284389078617096
80774,librosa,29.976598639455784,1.0056347846984863,0.23122408986091614
80775,librosa,29.976598639455784,1.041759967803955,0.2804716229438782
80776,librosa,29.976598639455784,1.0269176959991455,0.31788307428359985
80793,librosa,29.976598639455784,1.0217584371566772,0.16939868032932281
80833,librosa,29.976598639455784,0.9576971530914307,0.20480090379714966
80834,librosa,30.0,0.677834153175354,0.12490145862102509
80835,librosa,30.0,0.6702301502227783,0.12588602304458618
80836,librosa,30.0,1.0088000297546387,0.1651202291250229
81033,librosa,29.976598639455784,0.7948436737060547,0.14223504066467285
81037,librosa,29.976598639455784,0.7344871759414673,0.1640145480632782
81071,librosa,29.976598639455784,0.7011396884918213,0.1402929127216339
81082,librosa,29.976598639455784,0.7260472178459167,0.13271842896938324
81083,librosa,29.976598639455784,0.7218865752220154,0.12388825416564941
81084,librosa,29.976598639455784,0.7254048585891724,0.11774555593729019
81085,librosa,29.976598639455784,0.7248827219009399,0.11584782600402832
81189,librosa,30.0,1.0291451215744019,0.2061571180820465
81193,librosa,30.0,1.1468498706817627,0.3351518213748932
81194,librosa,29.976598639455784,1.0243418216705322,0.3683120012283325
81195,librosa,30.0,1.0127724409103394,0.344205379486084
81362,librosa,29.976598639455784,0.6431680917739868,0.09083973616361618
81365,librosa,29.976598639455784,0.8229818344116211,0.12827123701572418
81436,librosa,29.976598639455784,0.8733221292495728,0.1197374016046524
81457,librosa,30.0,0.8948030471801758,0.12100929021835327
81485,librosa,29.976598639455784,0.9267743229866028,0.1934082806110382
81491,librosa,29.976598639455784,0.9689778685569763,0.1585780829191208
81512,librosa,30.0,1.0935691595077515,0.19875364005565643
81523,librosa,29.976598639455784,0.8585689067840576,0.19116751849651337
81543,librosa,29.976598639455784,1.0163490772247314,0.20202231407165527
81554,librosa,30.0,0.9869228601455688,0.2123081386089325
81555,librosa,29.976598639455784,1.0370509624481201,0.207112118601799
81565,librosa,29.976598639455784,1.0189906358718872,0.22270680963993073
81576,librosa,29.976598639455784,0.9900393486022949,0.31688034534454346
81586,librosa,29.976598639455784,0.9268456101417542,0.2373695820569992
81600,librosa,29.976598639455784,0.9507059454917908,0.1728314906358719
81612,librosa,29.976598639455784,1.0337916612625122,0.2474329024553299
81613,librosa,29.976598639455784,1.0320837497711182,0.28020310401916504
81623,librosa,30.0,0.9852434992790222,0.21269480884075165
81638,librosa,30.0,0.836701512336731,0.20285214483737946
81650,librosa,29.976598639455784,0.8689500093460083,0.18555106222629547
81660,librosa,30.0,0.3299000561237335,0.05710042640566826
81781,librosa,30.0,0.829908013343811,0.09977952390909195
81782,librosa,30.0,0.9893693923950195,0.1326102316379547
81792,librosa,29.976598639455784,0.9159388542175293,0.15147896111011505
81802,librosa,30.0,0.903076171875,0.2249804437160492
81803,librosa,29.976598639455784,0.667824387550354,0.09421034157276154
81814,librosa,29.976598639455784,0.23049816489219666,0.028322897851467133
81868,librosa,29.976598639455784,0.7516173720359802,0.30373457074165344
81895,librosa,29.976598639455784,0.8860984444618225,0.10969188064336777
81938,librosa,29.976598639455784,0.6919795274734497,0.1373814195394516
81945,librosa,30.0,0.6216318011283875,0.09930989891290665
81946,librosa,30.0,0.37245699763298035,0.07103637605905533
81988,librosa,29.976598639455784,0.8369244337081909,0.18610908091068268
81999,librosa,29.976598639455784,0.942219078540802,0.28323203325271606
82157,librosa,30.0,0.4155031144618988,0.05924367532134056
82231,librosa,29.976598639455784,0.4799197316169739,0.09112483263015747
82237,librosa,30.0,0.8821472525596619,0.06018335744738579
82242,librosa,30.0,0.848930835723877,0.047530993819236755
82250,librosa,29.976598639455784,1.0853462219238281,0.12272924929857254
82410,librosa,30.0,1.1293286085128784,0.14338085055351257
82462,librosa,29.988979591836735,0.44079500436782837,0.07483689486980438
82464,librosa,29.988979591836735,0.44457876682281494,0.09430455416440964
82505,librosa,29.976598639455784,0.8665369153022766,0.12831111252307892
82507,librosa,30.0,0.9616450667381287,0.1336195021867752
82628,librosa,30.0,1.0351990461349487,0.2902165651321411
82629,librosa,30.0,0.9843153357505798,0.15369586646556854
82630,librosa,30.0,1.0006673336029053,0.2499907910823822
82631,librosa,29.976598639455784,0.9596492052078247,0.1563769280910492
82778,librosa,30.0,0.9326686859130859,0.279467910528183
82780,librosa,29.976598639455784,0.9919160008430481,0.3391152024269104
82881,librosa,30.0,0.9841915965080261,0.21935273706912994
82886,librosa,29.976598639455784,0.9489874243736267,0.2418578565120697
82890,librosa,30.0,0.7350478172302246,0.10393843054771423
82892,librosa,30.0,0.9628865718841553,0.09833061695098877
82893,librosa,30.0,1.018381118774414,0.16216124594211578
82914,librosa,29.976598639455784,0.689584493637085,0.12298494577407837
82915,librosa,29.976598639455784,0.6551503539085388,0.09094399213790894
82916,librosa,29.976598639455784,0.9531949758529663,0.08121829479932785
82917,librosa,29.976598639455784,0.7985082268714905,0.11561059206724167
82918,librosa,30.0,0.5323071479797363,0.11552165448665619
82919,librosa,30.0,0.8703732490539551,0.10204094648361206
82920,librosa,30.0,0.7445418834686279,0.11642571538686752
82921,librosa,29.976598639455784,0.5805028676986694,0.10501240938901901
82928,librosa,30.0,0.6281986236572266,0.10408894717693329
82929,librosa,29.976598639455784,0.7470159530639648,0.08187831938266754
82930,librosa,29.976598639455784,0.6580088138580322,0.11993259936571121
82931,librosa,30.0,0.6504313945770264,0.10795258730649948
82932,librosa,30.0,0.8171306848526001,0.16837970912456512
83437,librosa,30.0,0.9347749352455139,0.11138612031936646
83438,librosa,29.976598639455784,0.9901973605155945,0.1592302769422531
83439,librosa,30.0,0.981029748916626,0.17607781291007996
83440,librosa,30.0,0.9981047511100769,0.19675473868846893
83507,librosa,30.0,0.980065107345581,0.17848849296569824
83509,librosa,29.976598639455784,1.0112543106079102,0.23658879101276398
83511,librosa,30.0,0.9913233518600464,0.21917937695980072
83512,librosa,29.976598639455784,0.9772254824638367,0.2497377097606659
83558,librosa,30.0,1.0913193225860596,0.15626665949821472
83600,librosa,30.0,0.2998703420162201,0.0233886931091547
83612,librosa,30.0,0.4914138615131378,0.06710153073072433
83613,librosa,30.0,0.6903359889984131,0.12394885718822479
83715,librosa,29.976598639455784,1.089627742767334,0.33076712489128113
83717,librosa,29.976598639455784,0.8003882169723511,0.261156290769577
83718,librosa,29.976598639455784,0.7460210919380188,0.23319603502750397
83719,librosa,29.976598639455784,0.7798070907592773,0.24428388476371765
83789,librosa,29.988979591836735,0.9820244312286377,0.2330300211906433
83790,librosa,29.988979591836735,1.0278964042663574,0.29900428652763367
83791,librosa,29.988979591836735,1.0750163793563843,0.28664252161979675
83898,librosa,29.976598639455784,1.0155925750732422,0.180891752243042
83903,librosa,30.0,0.9340265989303589,0.20253534615039825
83906,librosa,30.0,0.976751446723938,0.18527071177959442
83908,librosa,29.976598639455784,0.8413218855857849,0.17230062186717987
83911,librosa,30.0,0.98146653175354,0.1514960378408432
83913,librosa,30.0,0.9688948392868042,0.19641463458538055
83954,librosa,30.0,0.5796515345573425,0.31752604246139526
83960,librosa,30.0,1.660301923751831,0.7436661720275879
83969,librosa,30.0,0.7089054584503174,0.20668354630470276
84009,librosa,29.976598639455784,0.21869203448295593,0.031391486525535583
84054,librosa,29.976598639455784,0.6855289936065674,0.14556697010993958
84055,librosa,29.976598639455784,0.9822807312011719,0.15784375369548798
84056,librosa,30.0,0.7255334854125977,0.1352766454219818
84057,librosa,29.976598639455784,0.4026275873184204,0.05010882392525673
84058,librosa,30.0,1.2508909702301025,0.2074643224477768
84091,librosa,30.0,1.0069106817245483,0.33139798045158386
84095,librosa,29.976598639455784,1.1216470003128052,0.31694409251213074
84096,librosa,29.976598639455784,1.0728535652160645,0.3586803376674652
84097,librosa,29.976598639455784,1.144486665725708,0.3509847819805145
84111,librosa,30.0,0.983153760433197,0.25063109397888184
84135,librosa,29.976598639455784,0.9420979619026184,0.1897263526916504
84136,librosa,30.0,0.8463732600212097,0.1651085615158081
84139,librosa,29.976598639455784,0.9320732951164246,0.21162360906600952
84141,librosa,30.0,0.8818025588989258,0.21056509017944336
84142,librosa,29.976598639455784,0.9617545008659363,0.20601482689380646
84144,librosa,30.0,0.6770210862159729,0.12035679072141647
84152,librosa,29.976598639455784,0.9833321571350098,0.21936264634132385
84154,librosa,30.0,0.9986138939857483,0.19166992604732513
84155,librosa,29.976598639455784,0.7981008887290955,0.1334698647260666
84156,librosa,30.0,0.9901100397109985,0.22871370613574982
84157,librosa,29.976598639455784,0.9927239418029785,0.26199081540107727
84158,librosa,30.0,0.9520465135574341,0.18067002296447754
84159,librosa,29.976598639455784,0.9431105852127075,0.259829580783844
84195,librosa,30.0,0.40145814418792725,0.09034517407417297
84198,librosa,29.976598639455784,0.2846107482910156,0.05900280177593231
84200,librosa,29.976598639455784,0.5096310377120972,0.1032213568687439
84201,librosa,30.0,0.4127030670642853,0.08752848953008652
84202,librosa,29.976598639455784,0.5392070412635803,0.11115874350070953
84264,librosa,30.0,0.9905271530151367,0.24533237516880035
84290,librosa,30.0,0.9299043416976929,0.20419327914714813
84291,librosa,29.976598639455784,0.9535455703735352,0.1882612109184265
84405,librosa,29.976598639455784,0.3181758224964142,0.042913950979709625
84417,librosa,29.976598639455784,0.23474237322807312,0.034272320568561554
84423,librosa,30.0,0.6857162714004517,0.10434892028570175
84483,librosa,29.976598639455784,1.0090675354003906,0.31173384189605713
84484,librosa,30.0,0.8692468404769897,0.13695023953914642
84485,librosa,30.0,0.9264473915100098,0.17320606112480164
84486,librosa,29.976598639455784,1.0283411741256714,0.253501296043396
84605,librosa,29.976598639455784,1.0005202293395996,0.24902167916297913
84736,librosa,29.976598639455784,0.4121832251548767,0.05100594088435173
84743,librosa,30.0,1.058838963508606,0.24850618839263916
84757,librosa,30.0,0.9649606347084045,0.2110833376646042
84768,librosa,30.0,1.0566399097442627,0.2246890515089035
84777,librosa,30.0,0.7304995656013489,0.12847332656383514
84788,librosa,30.0,0.8797264099121094,0.10058964043855667
84817,librosa,29.976598639455784,1.0579476356506348,0.23159857094287872
85027,librosa,29.976598639455784,0.6914380788803101,0.0956755205988884
85038,librosa,29.976598639455784,0.969389021396637,0.13575679063796997
85039,librosa,29.976598639455784,0.9924609065055847,0.1453520655632019
85040,librosa,30.0,1.087774395942688,0.2251308709383011
85041,librosa,29.976598639455784,1.0436755418777466,0.26652517914772034
85290,librosa,29.976598639455784,0.5391645431518555,0.08423732966184616
85291,librosa,29.976598639455784,1.1585123538970947,0.1748811900615692
85307,librosa,29.976598639455784,0.7491424083709717,0.25678643584251404
85308,librosa,29.976598639455784,1.0081446170806885,0.24804118275642395
85309,librosa,29.976598639455784,0.9950502514839172,0.2907851040363312
85310,librosa,29.976598639455784,0.7595682144165039,0.2537554204463959
85311,librosa,30.0,0.972757875919342,0.22844131290912628
85317,librosa,30.0,1.092128038406372,0.26453226804733276
85318,librosa,29.988979591836735,1.0798473358154297,0.29253578186035156
85343,librosa,30.0,0.8458091020584106,0.15578590333461761
85346,librosa,29.976598639455784,0.8501365184783936,0.10273559391498566
85347,librosa,29.976598639455784,0.7912070155143738,0.09762106090784073
85400,librosa,30.0,1.0138885974884033,0.2943766117095947
85419,librosa,29.976598639455784,1.0119082927703857,0.1763933300971985
85420,librosa,29.976598639455784,1.023066520690918,0.19573870301246643
85421,librosa,30.0,1.025292158126831,0.15561455488204956
85422,librosa,29.976598639455784,1.0110177993774414,0.18531174957752228
85423,librosa,29.976598639455784,0.996788740158081,0.19174711406230927
85424,librosa,30.0,1.008550763130188,0.13084785640239716
85425,librosa,29.976598639455784,1.0218340158462524,0.19052943587303162
85426,librosa,29.976598639455784,1.0124411582946777,0.18919764459133148
85427,librosa,30.0,1.0075562000274658,0.14146962761878967
85428,librosa,29.976598639455784,1.01344633102417,0.23014505207538605
85436,librosa,29.976598639455784,0.46139466762542725,0.07695551216602325
85438,librosa,29.976598639455784,0.3718503415584564,0.06591824442148209
85482,librosa,29.976598639455784,0.9302858114242554,0.2523864507675171
85484,librosa,29.976598639455784,0.9670138955116272,0.1802198737859726
85485,librosa,29.976598639455784,0.9283352494239807,0.2569980323314667
85486,librosa,30.0,0.964377224445343,0.26426222920417786
85487,librosa,30.0,0.9316109418869019,0.25281357765197754
85488,librosa,29.976598639455784,0.9279788136482239,0.2880290746688843
85489,librosa,29.976598639455784,0.9738279581069946,0.2710039019584656
85490,librosa,30.0,0.9507681131362915,0.25357019901275635
85491,librosa,29.976598639455784,0.9362144470214844,0.22389282286167145
85492,librosa,29.976598639455784,0.9403220415115356,0.22835464775562286
85494,librosa,29.976598639455784,0.7830920219421387,0.09115701913833618
85592,librosa,29.976598639455784,1.0241193771362305,0.22746002674102783
85593,librosa,30.0,1.0630570650100708,0.2392624169588089
85594,librosa,30.0,1.0037537813186646,0.18243785202503204
85595,librosa,30.0,1.0177596807479858,0.19197368621826172
85596,librosa,29.976598639455784,0.7528789043426514,0.25681543350219727
85598,librosa,30.0,1.2368063926696777,0.21313384175300598
85599,librosa,30.0,1.0051500797271729,0.19014981389045715
85600,librosa,29.976598639455784,1.0342917442321777,0.18074433505535126
85691,librosa,30.0,0.46732181310653687,0.040236566215753555
85692,librosa,30.0,0.3320239782333374,0.06871429830789566
85693,librosa,29.976598639455784,0.09860159456729889,0.013374567963182926
85787,librosa,29.976598639455784,1.001137137413025,0.24049903452396393
85788,librosa,29.976598639455784,1.015716791152954,0.27994421124458313
85791,librosa,29.976598639455784,1.0214157104492188,0.30529841780662537
85792,librosa,30.0,1.0584485530853271,0.3379702866077423
85816,librosa,30.0,0.9071140289306641,0.24500533938407898
85817,librosa,30.0,0.8889970779418945,0.22580815851688385
85822,librosa,29.976598639455784,0.8677780628204346,0.13878941535949707
85823,librosa,30.0,0.9031845331192017,0.22407013177871704
85828,librosa,30.0,1.0793416500091553,0.2123977094888687
85831,librosa,30.0,0.9569011926651001,0.13642115890979767
85832,librosa,30.0,0.9800955653190613,0.3477775454521179
85833,librosa,29.976598639455784,0.9743202924728394,0.3128003776073456
85834,librosa,29.976598639455784,0.9772883057594299,0.2700197696685791
85835,librosa,29.976598639455784,0.9588186740875244,0.18079131841659546
85836,librosa,29.976598639455784,0.9817788600921631,0.25776436924934387
85837,librosa,29.976598639455784,1.0003516674041748,0.21174700558185577
85838,librosa,29.976598639455784,0.9727773666381836,0.2683790624141693
85839,librosa,29.976598639455784,1.0077779293060303,0.21142072975635529
85840,librosa,29.976598639455784,0.9670645594596863,0.18023309111595154
85950,librosa,29.976598639455784,0.9947622418403625,0.19494421780109406
85951,librosa,30.0,0.9994335174560547,0.26365309953689575
85952,librosa,30.0,0.9955554008483887,0.28317224979400635
85953,librosa,30.0,0.986473798751831,0.22043363749980927
85954,librosa,29.976598639455784,1.0242431163787842,0.29586261510849
85955,librosa,30.0,0.9997218251228333,0.30290737748146057
85956,librosa,29.976598639455784,1.0045374631881714,0.23617304861545563
85957,librosa,29.976598639455784,1.0017907619476318,0.35032156109809875
85963,librosa,30.0,0.8889496922492981,0.08757586777210236
85966,librosa,29.976598639455784,0.9650198221206665,0.09646280854940414
85967,librosa,29.976598639455784,0.6372714638710022,0.035841986536979675
85968,librosa,30.0,0.9195954203605652,0.1650615781545639
85973,librosa,29.976598639455784,0.784963846206665,0.14767269790172577
86037,librosa,30.0,0.8978553414344788,0.20440995693206787
86038,librosa,29.976598639455784,0.8911166191101074,0.19435103237628937
86039,librosa,29.976598639455784,0.9731518030166626,0.33026841282844543
86040,librosa,29.976598639455784,0.5781325101852417,0.08757536113262177
86077,librosa,29.976598639455784,0.8393654227256775,0.19189125299453735
86081,librosa,30.0,0.23214808106422424,0.027070479467511177
86082,librosa,30.0,0.7957255840301514,0.1836346685886383
86116,librosa,30.0,0.9821515679359436,0.20598845183849335
86117,librosa,29.976598639455784,0.9885381460189819,0.22771339118480682
86118,librosa,30.0,0.9311429262161255,0.19477297365665436
86119,librosa,30.0,0.9838699102401733,0.19578973948955536
86140,librosa,29.976598639455784,0.7155327796936035,0.07578927278518677
86256,librosa,29.976598639455784,0.5897701978683472,0.12507589161396027
86259,librosa,29.976598639455784,0.49883586168289185,0.10922280699014664
86262,librosa,30.0,1.0204768180847168,0.2901097238063812
86263,librosa,29.976598639455784,1.0297552347183228,0.33275479078292847
86415,librosa,29.976598639455784,0.9836569428443909,0.23807744681835175
86416,librosa,29.976598639455784,1.0507071018218994,0.24734072387218475
86417,librosa,29.976598639455784,0.4806067943572998,0.0863984227180481
86419,librosa,29.976598639455784,0.5851397514343262,0.12694896757602692
86441,librosa,29.976598639455784,0.9855716228485107,0.2057758867740631
86443,librosa,29.976598639455784,0.942204475402832,0.206556037068367
86481,librosa,29.976598639455784,0.4465770721435547,0.05739663168787956
86482,librosa,29.976598639455784,0.6533706188201904,0.07521431148052216
86483,librosa,29.976598639455784,0.7190743684768677,0.15137933194637299
86484,librosa,29.976598639455784,0.813494861125946,0.1177060678601265
86485,librosa,29.976598639455784,0.5417941808700562,0.0657452642917633
86486,librosa,30.0,0.41787126660346985,0.0852552205324173
86487,librosa,29.976598639455784,0.7724740505218506,0.12485626339912415
86562,librosa,29.976598639455784,0.6618292331695557,0.060112155973911285
86576,librosa,29.976598639455784,0.3532428741455078,0.04828229919075966
86623,librosa,30.0,0.9741750955581665,0.2917291522026062
86634,librosa,29.976598639455784,1.0619490146636963,0.2314891666173935
86678,librosa,29.976598639455784,1.0795124769210815,0.24775151908397675
86679,librosa,29.976598639455784,1.0411765575408936,0.3183424472808838
86680,librosa,29.976598639455784,1.0793237686157227,0.307353675365448
86720,librosa,29.976598639455784,0.9265202283859253,0.15454895794391632
86721,librosa,30.0,1.0207366943359375,0.0550377182662487
86724,librosa,30.0,0.6532335877418518,0.043914224952459335
86725,librosa,29.976598639455784,1.0123982429504395,0.13017040491104126
86730,librosa,29.976598639455784,0.860324501991272,0.21232888102531433
86761,librosa,30.0,0.9234206676483154,0.27086448669433594
86762,librosa,29.976598639455784,0.9854662418365479,0.26959967613220215
86763,librosa,29.976598639455784,0.953458309173584,0.27220451831817627
86788,librosa,29.976598639455784,0.974953293800354,0.29651880264282227
86793,librosa,29.976598639455784,0.736461877822876,0.11603330820798874
86795,librosa,29.976598639455784,0.9280763268470764,0.22223308682441711
86799,librosa,29.976598639455784,1.0027731657028198,0.2797871232032776
86993,librosa,30.0,1.0037873983383179,0.21434509754180908
87068,librosa,29.976598639455784,1.0505988597869873,0.19946110248565674
87069,librosa,30.0,1.0351319313049316,0.30333516001701355
87070,librosa,29.976598639455784,0.4905302822589874,0.07085451483726501
87096,librosa,30.0,0.28247880935668945,0.047688379883766174
87097,librosa,29.976598639455784,0.2946988642215729,0.05101925879716873
87098,librosa,29.976598639455784,0.6346626877784729,0.06095617637038231
87099,librosa,29.976598639455784,0.5077308416366577,0.060506612062454224
87100,librosa,30.0,0.6877602934837341,0.08280280977487564
87101,librosa,30.0,0.4693206548690796,0.042868562042713165
87102,librosa,29.976598639455784,0.5431849360466003,0.05427282676100731
87103,librosa,29.976598639455784,0.5601550340652466,0.059133730828762054
87104,librosa,30.0,0.46128666400909424,0.058924105018377304
87105,librosa,29.976598639455784,0.40433257818222046,0.06949260830879211
87106,librosa,30.0,0.6952744722366333,0.10527051985263824
87107,librosa,29.976598639455784,0.577600359916687,0.07281534373760223
87108,librosa,29.976598639455784,0.41210228204727173,0.07783611118793488
87121,librosa,30.0,0.7983739376068115,0.14741119742393494
87151,librosa,29.976598639455784,1.0726680755615234,0.28843870759010315
87152,librosa,29.976598639455784,1.0215380191802979,0.2860153615474701
87153,librosa,29.976598639455784,1.0303845405578613,0.2956015467643738
87154,librosa,30.0,1.0192148685455322,0.28253990411758423
87155,librosa,29.976598639455784,1.0162937641143799,0.29150041937828064
87157,librosa,29.976598639455784,1.0097503662109375,0.33814936876296997
87158,librosa,30.0,1.1568374633789062,0.35256531834602356
87159,librosa,30.0,1.0337483882904053,0.3057887852191925
87160,librosa,30.0,1.0560493469238281,0.32239481806755066
87161,librosa,30.0,1.1731969118118286,0.2939075827598572
87185,librosa,30.0,1.020248532295227,0.33343422412872314
87186,librosa,29.976598639455784,1.197535753250122,0.3568732440471649
87187,librosa,30.0,0.6999000310897827,0.09593478590250015
87188,librosa,29.976598639455784,1.0452876091003418,0.2553015649318695
87189,librosa,30.0,0.6423330307006836,0.12141286581754684
87190,librosa,29.976598639455784,1.105918526649475,0.37041768431663513
87191,librosa,30.0,0.9131566286087036,0.19550807774066925
87192,librosa,29.976598639455784,1.0113580226898193,0.21649132668972015
87193,librosa,29.976598639455784,0.9915444850921631,0.18810608983039856
87194,librosa,30.0,1.0350409746170044,0.24176983535289764
87237,librosa,29.976598639455784,0.7749528884887695,0.26891690492630005
87322,librosa,30.0,0.9010418653488159,0.15458457171916962
87323,librosa,30.0,0.8932909369468689,0.19325150549411774
87324,librosa,29.976598639455784,0.8972387313842773,0.2591612637042999
87325,librosa,29.976598639455784,0.9009622931480408,0.23086488246917725
87361,librosa,30.0,0.9861060380935669,0.19640623033046722
87362,librosa,30.0,0.93684321641922,0.22296293079853058
87363,librosa,29.976598639455784,0.8047574162483215,0.1246984601020813
87377,librosa,29.988979591836735,0.7692698240280151,0.17116348445415497
87430,librosa,29.976598639455784,0.6940125823020935,0.09804407507181168
87431,librosa,29.976598639455784,0.6976104974746704,0.08737268298864365
87490,librosa,29.976598639455784,0.8082312345504761,0.15479710698127747
87639,librosa,29.976598639455784,1.5410329103469849,0.4831254482269287
87641,librosa,30.0,1.6570333242416382,0.5552276372909546
87642,librosa,30.0,1.0008143186569214,0.29899483919143677
87643,librosa,30.0,1.555618166923523,0.5319768786430359
87644,librosa,30.0,1.4977573156356812,0.44569939374923706
87645,librosa,30.0,1.6197102069854736,0.4882301390171051
87965,librosa,29.976598639455784,0.3850073218345642,0.03309568017721176
87966,librosa,30.0,0.3128364682197571,0.04095398634672165
87967,librosa,29.976598639455784,0.534916877746582,0.06756708025932312
87968,librosa,29.976598639455784,0.6887845993041992,0.1224830225110054
87971,librosa,29.976598639455784,0.6129546165466309,0.09787359088659286
87972,librosa,29.976598639455784,0.48232734203338623,0.04804389178752899
88428,librosa,29.976598639455784,0.9574897289276123,0.23487979173660278
88429,librosa,30.0,1.1234197616577148,0.22516696155071259
88485,librosa,30.0,0.9416805505752563,0.15937787294387817
88486,librosa,30.0,0.5612366199493408,0.14681488275527954
88846,librosa,30.0,1.0104262828826904,0.30460643768310547
88848,librosa,30.0,0.9992156624794006,0.18023455142974854
88854,librosa,29.976598639455784,0.9887107610702515,0.24470919370651245
88856,librosa,29.976598639455784,1.0117127895355225,0.3275323510169983
88858,librosa,29.976598639455784,1.0280072689056396,0.3549692928791046
88860,librosa,29.976598639455784,0.9890807271003723,0.19264377653598785
88861,librosa,30.0,0.9669055342674255,0.1874958574771881
88863,librosa,29.976598639455784,1.0066478252410889,0.24159827828407288
88864,librosa,29.976598639455784,0.9977337121963501,0.25212472677230835
88867,librosa,29.976598639455784,1.005036473274231,0.22938793897628784
88868,librosa,29.976598639455784,0.9897209405899048,0.2517707049846649
88869,librosa,29.976598639455784,1.000712275505066,0.21830369532108307
88870,librosa,29.976598639455784,0.9816946983337402,0.20088830590248108
88871,librosa,29.976598639455784,0.9865577220916748,0.18919207155704498
88872,librosa,30.0,0.9847099781036377,0.1582471877336502
88873,librosa,30.0,0.9668138027191162,0.18749429285526276
88874,librosa,29.976598639455784,0.8635463714599609,0.14929771423339844
88875,librosa,29.976598639455784,0.9850533604621887,0.22225193679332733
88876,librosa,29.976598639455784,0.9977279901504517,0.27931997179985046
88877,librosa,29.976598639455784,0.9977343082427979,0.239623561501503
88878,librosa,30.0,0.9795076251029968,0.10664665699005127
88879,librosa,30.0,1.0044842958450317,0.30612823367118835
88892,librosa,29.976598639455784,1.0052692890167236,0.27595314383506775
88899,librosa,30.0,0.9711474776268005,0.21624325215816498
88900,librosa,29.976598639455784,0.9421091079711914,0.21507014334201813
88959,librosa,30.0,1.0265307426452637,0.3454456925392151
88960,librosa,30.0,1.057028889656067,0.25324442982673645
89178,librosa,29.976598639455784,1.1538089513778687,0.4112924337387085
89179,librosa,30.0,1.0095380544662476,0.30096328258514404
89192,librosa,29.976598639455784,1.005622148513794,0.2252463400363922
89195,librosa,29.976598639455784,1.0320954322814941,0.42533931136131287
89196,librosa,29.976598639455784,0.9950819611549377,0.17365019023418427
89212,librosa,29.988979591836735,0.381935715675354,0.048525601625442505
89350,librosa,30.0,0.6401869058609009,0.14254672825336456
89376,librosa,29.976598639455784,0.6030964851379395,0.12075570225715637
89441,librosa,29.976598639455784,0.9973547458648682,0.1861037164926529
89445,librosa,29.976598639455784,0.9840385317802429,0.2950926423072815
89447,librosa,30.0,1.0208477973937988,0.27244359254837036
89456,librosa,30.0,0.768202543258667,0.2491617649793625
89473,librosa,29.976598639455784,0.8481493592262268,0.24427221715450287
89474,librosa,30.0,0.8853965997695923,0.11532273143529892
89477,librosa,29.976598639455784,0.9021865725517273,0.241893470287323
89482,librosa,30.0,1.036743402481079,0.217314675450325
89484,librosa,30.0,1.044419765472412,0.20838633179664612
89485,librosa,29.976598639455784,0.9741982221603394,0.17642123997211456
89486,librosa,29.976598639455784,1.017495036125183,0.2214324027299881
89639,librosa,29.976598639455784,0.9919288158416748,0.24605609476566315
89704,librosa,29.976598639455784,1.0014106035232544,0.22683478891849518
89814,librosa,30.0,1.178076148033142,0.2694474160671234
89815,librosa,29.976598639455784,1.076080083847046,0.2116839736700058
89816,librosa,29.976598639455784,1.0382928848266602,0.291262686252594
89817,librosa,30.0,0.8689699769020081,0.18551753461360931
89841,librosa,30.0,0.9926904439926147,0.4146789312362671
89843,librosa,30.0,1.0302273035049438,0.40428563952445984
89846,librosa,29.976598639455784,1.051774501800537,0.3331730365753174
89847,librosa,29.976598639455784,0.9790598154067993,0.3590278625488281
89848,librosa,29.976598639455784,1.0594197511672974,0.36475422978401184
89857,librosa,29.976598639455784,0.9652302265167236,0.3021319508552551
89859,librosa,29.976598639455784,0.9911247491836548,0.31867408752441406
89860,librosa,30.0,1.009250283241272,0.32085952162742615
89991,librosa,29.976598639455784,0.716736912727356,0.1445511430501938
89992,librosa,30.0,1.0061376094818115,0.26076075434684753
90027,librosa,29.976598639455784,1.0015084743499756,0.07801563292741776
90074,librosa,30.0,1.1247196197509766,0.42431342601776123
90278,librosa,30.0,0.17345014214515686,0.009521652944386005
90526,librosa,29.976598639455784,0.9176543951034546,0.2169324904680252
90527,librosa,30.0,0.9412565231323242,0.16123449802398682
90529,librosa,29.976598639455784,0.8043469190597534,0.16720275580883026
90530,librosa,29.976598639455784,0.7595160603523254,0.17564614117145538
90570,librosa,29.976598639455784,0.8728564977645874,0.18621104955673218
90579,librosa,29.976598639455784,0.9585161209106445,0.16255192458629608
90582,librosa,29.976598639455784,0.9277427196502686,0.22798588871955872
90583,librosa,29.976598639455784,0.9492546319961548,0.19376474618911743
90587,librosa,30.0,0.7848358154296875,0.11864585429430008
90589,librosa,30.0,0.8960741758346558,0.23008106648921967
90590,librosa,30.0,0.9416897296905518,0.1903088539838791
90591,librosa,29.976598639455784,0.9395573139190674,0.24013970792293549
90592,librosa,29.976598639455784,0.9433634877204895,0.2333354502916336
90616,librosa,30.0,0.9174727201461792,0.20396669209003448
90617,librosa,29.976598639455784,0.8654525279998779,0.17300118505954742
90618,librosa,29.976598639455784,0.8028758764266968,0.15405894815921783
90625,librosa,29.976598639455784,1.160609245300293,0.27484482526779175
90639,librosa,30.0,0.8966948390007019,0.1491512507200241
90652,librosa,29.976598639455784,0.7322496175765991,0.13482926785945892
90695,librosa,29.976598639455784,1.0589792728424072,0.33699163794517517
90804,librosa,30.0,0.42922914028167725,0.054654642939567566
90824,librosa,30.0,0.5815891623497009,0.061849821358919144
90826,librosa,29.976598639455784,0.8837347030639648,0.12725830078125
90828,librosa,30.0,0.5247750282287598,0.06255878508090973
90982,librosa,29.976598639455784,1.0210928916931152,0.27876538038253784
90987,librosa,30.0,1.0156627893447876,0.2548447549343109
90993,librosa,30.0,0.9825901985168457,0.17451490461826324
91081,librosa,30.0,0.8435879349708557,0.2941887676715851
91082,librosa,29.976598639455784,0.8677932024002075,0.3243029713630676
91083,librosa,30.0,0.9782396554946899,0.18185552954673767
91084,librosa,29.976598639455784,0.8267424702644348,0.23967954516410828
91085,librosa,29.976598639455784,0.9921373128890991,0.15587134659290314
91086,librosa,29.976598639455784,0.9827266931533813,0.1938813179731369
91087,librosa,30.0,1.0029513835906982,0.20996259152889252
91088,librosa,29.976598639455784,0.8570408821105957,0.22773726284503937
91089,librosa,30.0,0.8350092172622681,0.20665223896503448
91092,librosa,29.976598639455784,0.8906154632568359,0.10728424787521362
91093,librosa,29.976598639455784,0.5886647701263428,0.10382124781608582
91098,librosa,29.976598639455784,0.7599757313728333,0.09942343086004257
91102,librosa,29.976598639455784,0.7954258322715759,0.11694871634244919
91130,librosa,30.0,0.6665351390838623,0.11122938245534897
91157,librosa,29.976598639455784,1.0702276229858398,0.1761258840560913
91158,librosa,30.0,0.965360164642334,0.15906557440757751
91159,librosa,30.0,0.9825413227081299,0.16490304470062256
91160,librosa,30.0,0.9769344329833984,0.183712437748909
91161,librosa,30.0,0.8698104619979858,0.13225124776363373
91162,librosa,29.976598639455784,1.0980700254440308,0.3732753396034241
91163,librosa,29.976598639455784,1.0562888383865356,0.3124460279941559
91164,librosa,30.0,1.1569461822509766,0.3934755325317383
91170,librosa,29.976598639455784,1.014986515045166,0.21878089010715485
91177,librosa,29.976598639455784,0.8915757536888123,0.0952562615275383
91178,librosa,30.0,0.8545846343040466,0.1434936821460724
91179,librosa,29.976598639455784,0.518114447593689,0.086521215736866
91181,librosa,30.0,0.8615236878395081,0.13698163628578186
91182,librosa,30.0,0.6080910563468933,0.14344865083694458
91183,librosa,29.976598639455784,0.8955535292625427,0.10056041181087494
91184,librosa,29.976598639455784,0.753970742225647,0.13405616581439972
91185,librosa,29.976598639455784,0.8014566898345947,0.18142849206924438
91186,librosa,29.976598639455784,0.5772855281829834,0.14693154394626617
91187,librosa,29.976598639455784,0.6778947710990906,0.0890035629272461
91205,librosa,30.0,0.9961532354354858,0.26232287287712097
91228,librosa,29.976598639455784,0.8964545726776123,0.16458460688591003
91238,librosa,29.976598639455784,0.9917476773262024,0.19495627284049988
91306,librosa,30.0,0.9625171422958374,0.2325717657804489
91309,librosa,30.0,0.9959640502929688,0.2540382742881775
91312,librosa,29.976598639455784,1.0033082962036133,0.2225019931793213
91315,librosa,29.976598639455784,1.0026558637619019,0.2001161128282547
91317,librosa,29.976598639455784,1.0088956356048584,0.2280990034341812
91318,librosa,29.976598639455784,0.9771645069122314,0.14753152430057526
91319,librosa,30.0,0.970562219619751,0.19638264179229736
91329,librosa,29.976598639455784,0.9364159107208252,0.16299563646316528
91349,librosa,29.976598639455784,1.0437054634094238,0.07555177062749863
91443,librosa,30.0,0.9656541347503662,0.0989559218287468
91455,librosa,29.976598639455784,0.7910739183425903,0.12272089719772339
91458,librosa,29.976598639455784,0.9790815114974976,0.15350693464279175
91459,librosa,29.976598639455784,0.7862998247146606,0.13562606275081635
91468,librosa,29.976598639455784,0.9112561941146851,0.1416349858045578
91471,librosa,29.976598639455784,0.9806398749351501,0.24771173298358917
91619,librosa,30.0,0.9731737375259399,0.5468057990074158
91620,librosa,29.976598639455784,0.9675809144973755,0.619297981262207
91621,librosa,29.976598639455784,0.967345654964447,0.5982857346534729
91622,librosa,29.976598639455784,0.9665209054946899,0.5123220682144165
91623,librosa,29.976598639455784,1.016419529914856,0.2704384922981262
91624,librosa,29.976598639455784,0.942651093006134,0.6746839880943298
91625,librosa,29.976598639455784,0.9336625933647156,0.5419561862945557
91755,librosa,29.976598639455784,1.0382715463638306,0.32587194442749023
91788,librosa,30.0,0.3369041681289673,0.04449908062815666
91790,librosa,29.976598639455784,0.6672536134719849,0.10130839049816132
91791,librosa,30.0,0.557181715965271,0.06887567788362503
91793,librosa,30.0,0.8092046976089478,0.11048409342765808
91796,librosa,29.976598639455784,0.7744139432907104,0.10942733287811279
91797,librosa,29.976598639455784,0.40788039565086365,0.06448422372341156
91851,librosa,29.976598639455784,0.9960639476776123,0.1693260818719864
91868,librosa,29.988979591836735,1.3209881782531738,0.48434317111968994
91869,librosa,29.988979591836735,1.069878101348877,0.4267715811729431
91894,librosa,30.0,1.167296290397644,0.32206612825393677
91897,librosa,30.0,1.088559865951538,0.2761704921722412
91899,librosa,29.976598639455784,1.0450592041015625,0.12515433132648468
91900,librosa,29.976598639455784,0.7723608016967773,0.13826043903827667
91933,librosa,30.0,0.5248250961303711,0.08321423083543777
91934,librosa,29.976598639455784,0.7365577220916748,0.07769916206598282
91936,librosa,30.0,0.9373829364776611,0.14105546474456787
91937,librosa,29.976598639455784,0.7742434740066528,0.09220363199710846
91938,librosa,29.976598639455784,0.7866659164428711,0.09097505360841751
91958,librosa,30.0,0.9159023761749268,0.24261710047721863
91960,librosa,30.0,0.9992759227752686,0.209916353225708
92124,librosa,29.976598639455784,1.0022392272949219,0.16168370842933655
92125,librosa,29.976598639455784,1.0827720165252686,0.21947170794010162
92129,librosa,29.976598639455784,0.8847907781600952,0.1692182719707489
92130,librosa,30.0,0.9736822843551636,0.19151240587234497
92131,librosa,30.0,0.9161437153816223,0.17998942732810974
92206,librosa,30.0,0.9035314321517944,0.16301879286766052
92275,librosa,30.0,0.9142587184906006,0.15437151491641998
92282,librosa,30.0,0.8918555378913879,0.1869248002767563
92283,librosa,30.0,0.8644598126411438,0.1601245254278183
92284,librosa,29.976598639455784,0.8849910497665405,0.2004109025001526
92292,librosa,30.0,0.8890615105628967,0.16496197879314423
92366,librosa,30.0,0.8365465402603149,0.12433665990829468
92466,librosa,30.0,0.9854073524475098,0.23859494924545288
92508,librosa,30.0,0.9042515158653259,0.1989034116268158
92535,librosa,30.0,0.9196804761886597,0.3203907907009125
92536,librosa,29.976598639455784,0.9286762475967407,0.2492661029100418
92538,librosa,29.976598639455784,0.9284553527832031,0.2968364953994751
92539,librosa,30.0,0.9383041858673096,0.2780722677707672
92540,librosa,30.0,0.9113947749137878,0.22879934310913086
92546,librosa,29.976598639455784,0.9632408618927002,0.30822092294692993
92548,librosa,30.0,0.676220178604126,0.06970354914665222
92549,librosa,30.0,0.9439369440078735,0.24060556292533875
92551,librosa,29.976598639455784,0.984794557094574,0.32076042890548706
92554,librosa,30.0,0.9860472679138184,0.29915851354599
92556,librosa,29.976598639455784,1.0136358737945557,0.2567685544490814
92561,librosa,30.0,0.9931222200393677,0.22833772003650665
92562,librosa,30.0,0.9712955951690674,0.24611887335777283
92564,librosa,30.0,0.855880618095398,0.300913542509079
92565,librosa,29.976598639455784,0.4335288405418396,0.04343803599476814
92573,librosa,29.976598639455784,0.32977285981178284,0.03975164517760277
92574,librosa,29.976598639455784,0.2431049644947052,0.042626745998859406
92868,librosa,29.976598639455784,1.0146374702453613,0.28330332040786743
92872,librosa,30.0,0.7534565925598145,0.149082213640213
92873,librosa,29.976598639455784,0.44600710272789,0.0882231667637825
92874,librosa,29.976598639455784,0.8213976621627808,0.1560283601284027
92878,librosa,29.976598639455784,0.36104124784469604,0.05835557356476784
92881,librosa,29.976598639455784,0.46610766649246216,0.1006561815738678
92885,librosa,29.976598639455784,0.3713884949684143,0.07659972459077835
92886,librosa,29.976598639455784,0.21501187980175018,0.08417382091283798
92887,librosa,29.976598639455784,0.36804601550102234,0.07987670600414276
92888,librosa,30.0,0.36069416999816895,0.07068456709384918
92889,librosa,30.0,0.3924528956413269,0.07839180529117584
92947,librosa,29.976598639455784,0.8208256959915161,0.13524243235588074
92948,librosa,30.0,0.930842399597168,0.09856274724006653
92949,librosa,30.0,0.9266048073768616,0.1719219982624054
92950,librosa,29.976598639455784,0.6540089845657349,0.12778060138225555
92951,librosa,30.0,0.3851660192012787,0.07395687699317932
92952,librosa,29.976598639455784,0.8771382570266724,0.15627720952033997
92953,librosa,30.0,0.6731266975402832,0.14089743793010712
92954,librosa,29.976598639455784,0.74774169921875,0.16511492431163788
92955,librosa,30.0,0.7222411632537842,0.12396542727947235
93074,librosa,29.976598639455784,0.9966040849685669,0.24847525358200073
93075,librosa,29.976598639455784,1.0130761861801147,0.2224043607711792
93076,librosa,29.976598639455784,1.1041001081466675,0.17062336206436157
93363,librosa,29.976598639455784,0.8687505722045898,0.21082860231399536
93364,librosa,29.976598639455784,0.868067741394043,0.08295680582523346
93518,librosa,29.976598639455784,0.6888436079025269,0.15898039937019348
93519,librosa,30.0,0.7028403282165527,0.1539263129234314
93520,librosa,29.976598639455784,0.7984808683395386,0.15708811581134796
93521,librosa,30.0,0.7984808683395386,0.16304917633533478
93522,librosa,30.0,0.7984809279441833,0.15530313551425934
93523,librosa,30.0,0.6888436079025269,0.1535699963569641
93704,librosa,30.0,0.9541664719581604,0.2541314959526062
93710,librosa,30.0,0.9501326084136963,0.1910073161125183
93712,librosa,29.976598639455784,0.9147627353668213,0.17103974521160126
93716,librosa,30.0,0.9250867366790771,0.25018417835235596
93727,librosa,29.976598639455784,1.122551679611206,0.29044729471206665
93867,librosa,29.988979591836735,0.7751917243003845,0.21187792718410492
93868,librosa,29.988979591836735,0.9967495799064636,0.21354784071445465
93915,librosa,29.976598639455784,0.5275951027870178,0.051386911422014236
93917,librosa,29.976598639455784,0.8909347057342529,0.17982743680477142
93918,librosa,29.976598639455784,0.9758909940719604,0.14820145070552826
93919,librosa,29.976598639455784,0.9440871477127075,0.17268452048301697
93920,librosa,29.976598639455784,0.20868636667728424,0.0507376566529274
93921,librosa,29.976598639455784,0.39327067136764526,0.07252336293458939
93940,librosa,29.976598639455784,0.7523770332336426,0.11575069278478622
93941,librosa,30.0,0.41041263937950134,0.0399705208837986
93942,librosa,29.976598639455784,0.9816379547119141,0.2323322743177414
93943,librosa,29.976598639455784,0.9679167866706848,0.12765148282051086
93944,librosa,30.0,0.9547427892684937,0.17275334894657135
93950,librosa,29.976598639455784,1.0464149713516235,0.3427662253379822
93956,librosa,29.976598639455784,0.9802903532981873,0.25980037450790405
93981,librosa,30.0,1.0713131427764893,0.2794536054134369
93983,librosa,30.0,1.523193597793579,0.6106289029121399
93985,librosa,30.0,1.7314356565475464,0.5743529200553894
93986,librosa,30.0,1.4478946924209595,0.4852040410041809
94026,librosa,29.976598639455784,1.0063334703445435,0.2918233275413513
94033,librosa,29.976598639455784,0.9743369817733765,0.27038249373435974
94034,librosa,30.0,0.9428122043609619,0.21220077574253082
94035,librosa,30.0,0.9485740661621094,0.2481880486011505
94036,librosa,30.0,0.8871965408325195,0.24029800295829773
94037,librosa,29.976598639455784,0.8071244955062866,0.15783940255641937
94038,librosa,29.976598639455784,0.9978269934654236,0.263134241104126
94039,librosa,29.976598639455784,0.9498500227928162,0.2697741389274597
94093,librosa,29.976598639455784,0.7586942911148071,0.16292032599449158
94099,librosa,30.0,1.023643970489502,0.17705439031124115
94101,librosa,29.976598639455784,0.5618733167648315,0.06894569098949432
94102,librosa,30.0,0.8536193370819092,0.11944614350795746
94263,librosa,30.0,1.004456877708435,0.148955300450325
94348,librosa,30.0,1.2321746349334717,0.3184199929237366
94411,librosa,29.976598639455784,0.9057741165161133,0.2249433547258377
94414,librosa,30.0,0.9661058783531189,0.21210692822933197
94415,librosa,29.976598639455784,0.7834429144859314,0.2019934356212616
94419,librosa,30.0,0.9231352806091309,0.22406062483787537
94422,librosa,29.976598639455784,1.0212175846099854,0.25378701090812683
94423,librosa,30.0,0.9722362756729126,0.23478613793849945
94426,librosa,29.976598639455784,1.1301175355911255,0.24486929178237915
94449,librosa,29.976598639455784,0.43301403522491455,0.04673290252685547
94465,librosa,29.976598639455784,0.9330599904060364,0.3066960275173187
94467,librosa,30.0,0.5768083333969116,0.13915161788463593
94468,librosa,30.0,0.9309916496276855,0.32997414469718933
94628,librosa,29.976598639455784,0.4619717299938202,0.08726845681667328
94630,librosa,30.0,0.6015939712524414,0.1272624284029007
94631,librosa,30.0,0.5157841444015503,0.08035016804933548
94632,librosa,29.976598639455784,0.42612558603286743,0.0856834277510643
94634,librosa,29.976598639455784,0.370440274477005,0.11860058456659317
94635,librosa,29.976598639455784,0.6367930173873901,0.12110168486833572
94638,librosa,29.976598639455784,0.5243456959724426,0.14272180199623108
94803,librosa,29.976598639455784,0.7993573546409607,0.1819906234741211
95189,librosa,29.976598639455784,0.9228973388671875,0.134602352976799
95231,librosa,29.976598639455784,0.9773850440979004,0.26011383533477783
95248,librosa,30.0,0.9520844221115112,0.29685527086257935
95249,librosa,29.976598639455784,0.9529716968536377,0.2782261371612549
95250,librosa,29.976598639455784,0.955156147480011,0.28743091225624084
95251,librosa,30.0,0.9470744132995605,0.2697545886039734
95308,librosa,29.976598639455784,0.7442927956581116,0.1299184113740921
95309,librosa,29.976598639455784,0.6840288043022156,0.15433380007743835
95310,librosa,29.976598639455784,0.768735408782959,0.11149609833955765
95452,librosa,29.976598639455784,0.9508906602859497,0.12869614362716675
95486,librosa,30.0,1.0280015468597412,0.2583550214767456
95506,librosa,29.976598639455784,0.9437603950500488,0.24511048197746277
95535,librosa,29.976598639455784,1.013824462890625,0.1841450333595276
95564,librosa,29.976598639455784,0.8431002497673035,0.24865931272506714
95722,librosa,30.0,0.8574448823928833,0.20147888362407684
95724,librosa,29.976598639455784,0.8676550388336182,0.22941534221172333
95725,librosa,30.0,0.9799224138259888,0.22382164001464844
95726,librosa,30.0,0.794605553150177,0.19691374897956848
95727,librosa,29.976598639455784,0.9550093412399292,0.25434204936027527
95908,librosa,29.976598639455784,1.219111680984497,0.30197468400001526
95910,librosa,29.976598639455784,1.0715906620025635,0.21702887117862701
95911,librosa,29.976598639455784,1.1413650512695312,0.42569348216056824
95912,librosa,29.976598639455784,1.0750226974487305,0.26616397500038147
95914,librosa,30.0,1.1452586650848389,0.3466233015060425
95915,librosa,29.976598639455784,1.4854624271392822,0.4975531995296478
96166,librosa,30.0,0.5910491943359375,0.06725721806287766
96167,librosa,29.976598639455784,0.5470719337463379,0.044911760836839676
96168,librosa,30.0,0.4489133358001709,0.03353586792945862
96169,librosa,29.976598639455784,0.4428611695766449,0.0581635981798172
96399,librosa,30.0,0.8945252895355225,0.257458359003067
96400,librosa,29.976598639455784,0.8898739814758301,0.20806768536567688
96401,librosa,29.976598639455784,0.891491711139679,0.23724009096622467
96402,librosa,29.976598639455784,0.9043891429901123,0.2255915403366089
96403,librosa,30.0,0.8865357041358948,0.23936115205287933
96408,librosa,30.0,1.2502577304840088,0.3051515221595764
96560,librosa,30.0,1.0015311241149902,0.2460111528635025
96627,librosa,29.976598639455784,0.5326883792877197,0.07260876148939133
96657,librosa,30.0,0.9520688056945801,0.34458640217781067
96675,librosa,29.976598639455784,1.1180384159088135,0.35582470893859863
96678,librosa,29.976598639455784,1.038187026977539,0.24627690017223358
96692,librosa,29.976598639455784,0.8640038967132568,0.11084020882844925
96693,librosa,30.0,0.5458877086639404,0.11063416302204132
96694,librosa,29.976598639455784,0.9719941020011902,0.11486659944057465
96695,librosa,29.976598639455784,0.8217549920082092,0.12068600952625275
96696,librosa,29.976598639455784,0.9532961249351501,0.12090344727039337
96697,librosa,30.0,0.7961002588272095,0.09954942017793655
96698,librosa,29.976598639455784,0.9140163064002991,0.09084855020046234
96699,librosa,29.976598639455784,0.8110060691833496,0.07661036401987076
96718,librosa,30.0,0.9974796772003174,0.25257617235183716
96726,librosa,29.976598639455784,0.43215662240982056,0.06262163072824478
96728,librosa,29.976598639455784,0.5518158078193665,0.07512763142585754
96729,librosa,29.976598639455784,0.5187295079231262,0.07899059355258942
96730,librosa,29.976598639455784,0.35703790187835693,0.06373653560876846
96731,librosa,30.0,0.5027440190315247,0.08042915910482407
96738,librosa,29.976598639455784,0.7968924641609192,0.17617803812026978
96742,librosa,29.976598639455784,0.827974796295166,0.22571486234664917
96743,librosa,29.976598639455784,0.8467123508453369,0.2522619664669037
96759,librosa,29.988979591836735,0.902651309967041,0.1773504912853241
96898,librosa,29.976598639455784,1.3059065341949463,0.286030113697052
96900,librosa,29.976598639455784,1.340540885925293,0.6700663566589355
96901,librosa,29.976598639455784,1.4901819229125977,0.5192654728889465
96902,librosa,30.0,1.3634686470031738,0.43681612610816956
96935,librosa,29.976598639455784,0.9944968819618225,0.29941368103027344
96936,librosa,29.976598639455784,0.9974014759063721,0.23972229659557343
96944,librosa,29.976598639455784,0.9386184215545654,0.1953008770942688
96945,librosa,29.976598639455784,1.0568454265594482,0.2781115174293518
96946,librosa,29.976598639455784,0.9686967730522156,0.21696454286575317
97037,librosa,30.0,0.9943405389785767,0.2839524447917938
97041,librosa,30.0,0.9708340167999268,0.3013414740562439
97043,librosa,30.0,1.1213680505752563,0.3724624216556549
97211,librosa,29.976598639455784,0.8073731064796448,0.07587768882513046
97215,librosa,30.0,0.7710140943527222,0.09726713597774506
97216,librosa,30.0,0.9126831889152527,0.11096183955669403
97279,librosa,29.976598639455784,0.4122658371925354,0.07710377126932144
97283,librosa,29.976598639455784,0.24335399270057678,0.04630003869533539
97285,librosa,29.976598639455784,0.3213573694229126,0.05500471219420433
97286,librosa,30.0,1.0057841539382935,0.3386332094669342
97373,librosa,29.976598639455784,0.7665002346038818,0.09135286509990692
97374,librosa,29.976598639455784,0.568512499332428,0.27645525336265564
97393,librosa,29.976598639455784,0.8352756500244141,0.11069872975349426
97404,librosa,30.0,0.5124720335006714,0.08027523756027222
97406,librosa,29.976598639455784,0.9765555262565613,0.33766865730285645
97407,librosa,29.976598639455784,1.0042507648468018,0.20071925222873688
97424,librosa,30.0,0.9564841985702515,0.14552505314350128
97540,librosa,30.0,0.7924347519874573,0.1635928452014923
97542,librosa,29.976598639455784,1.0240697860717773,0.139400914311409
97544,librosa,29.976598639455784,1.0094656944274902,0.21480543911457062
97545,librosa,30.0,0.9764561057090759,0.171245738863945
97547,librosa,30.0,1.1755499839782715,0.26521387696266174
97548,librosa,29.976598639455784,1.0482959747314453,0.2575800120830536
97568,librosa,30.0,0.970914363861084,0.26722079515457153
97569,librosa,29.976598639455784,0.9689815044403076,0.15290135145187378
97570,librosa,29.976598639455784,0.9961625337600708,0.18652941286563873
97585,librosa,29.976598639455784,0.9803383946418762,0.27124518156051636
97586,librosa,30.0,0.9708375334739685,0.2579662501811981
97587,librosa,30.0,0.9447219967842102,0.2370179444551468
97588,librosa,29.976598639455784,0.9482444524765015,0.15755102038383484
97589,librosa,30.0,0.9345833659172058,0.1842898428440094
97590,librosa,29.976598639455784,0.9867721199989319,0.21990960836410522
97690,librosa,30.0,1.0655773878097534,0.3794025480747223
97691,librosa,29.976598639455784,1.0280704498291016,0.34359246492385864
97692,librosa,29.976598639455784,1.0034857988357544,0.19586321711540222
97697,librosa,30.0,1.0198307037353516,0.23606717586517334
97793,librosa,29.976598639455784,0.6238845586776733,0.07698070257902145
97794,librosa,30.0,0.7108584642410278,0.10431820154190063
97813,librosa,30.0,1.0047593116760254,0.2872113883495331
97814,librosa,29.976598639455784,0.7917330265045166,0.13190853595733643
97841,librosa,30.0,1.16902494430542,0.2596302330493927
97844,librosa,30.0,1.0770546197891235,0.3143336772918701
97845,librosa,29.976598639455784,1.220144510269165,0.26892736554145813
97846,librosa,29.976598639455784,1.2313358783721924,0.4577403664588928
97847,librosa,30.0,1.0951049327850342,0.2795208990573883
97848,librosa,29.976598639455784,1.0954564809799194,0.38787901401519775
97886,librosa,29.976598639455784,0.978243887424469,0.2722773551940918
97887,librosa,29.976598639455784,0.9768508672714233,0.2813606262207031
97894,librosa,30.0,1.0221298933029175,0.2905464172363281
97940,librosa,30.0,0.7324447631835938,0.1411876678466797
97958,librosa,30.0,0.41923779249191284,0.053585514426231384
97959,librosa,29.976598639455784,0.32434093952178955,0.06358063220977783
97960,librosa,30.0,0.6391832828521729,0.11615065485239029
97961,librosa,30.0,0.428409606218338,0.04562828317284584
97962,librosa,29.976598639455784,0.23483921587467194,0.03186421096324921
97980,librosa,30.0,1.1044000387191772,0.28367066383361816
97986,librosa,29.976598639455784,1.0236492156982422,0.17707480490207672
97987,librosa,29.976598639455784,0.8772163391113281,0.07723323255777359
97988,librosa,30.0,1.0074411630630493,0.23769284784793854
97989,librosa,30.0,0.4412609338760376,0.03902626782655716
98025,librosa,29.976598639455784,0.8450223803520203,0.12155304104089737
98026,librosa,29.976598639455784,0.8530693054199219,0.09188307821750641
98028,librosa,30.0,0.3595734238624573,0.049871064722537994
98031,librosa,30.0,0.701086699962616,0.07002171874046326
98077,librosa,30.0,1.0322657823562622,0.2911359369754791
98202,librosa,30.0,0.966336727142334,0.18838927149772644
98203,librosa,29.976598639455784,0.9011549353599548,0.29867684841156006
98204,librosa,29.976598639455784,0.9913074970245361,0.23458747565746307
98205,librosa,29.976598639455784,0.9842806458473206,0.2572987675666809
98206,librosa,30.0,0.9821122884750366,0.35044652223587036
98227,librosa,30.0,0.8509873151779175,0.13829094171524048
98228,librosa,29.976598639455784,0.9353747963905334,0.13689999282360077
98229,librosa,29.976598639455784,0.6479992866516113,0.12399564683437347
98235,librosa,30.0,0.9274833798408508,0.16647423803806305
98236,librosa,29.988979591836735,0.6726810932159424,0.21856991946697235
98237,librosa,30.0,0.8077921867370605,0.21348705887794495
98238,librosa,29.976598639455784,0.8579437732696533,0.2697613537311554
98251,librosa,30.0,1.0360491275787354,0.3478406071662903
98297,librosa,30.0,0.8343643546104431,0.19764412939548492
98298,librosa,30.0,0.9678670167922974,0.0761106088757515
98299,librosa,29.976598639455784,0.5279240012168884,0.07683496922254562
98300,librosa,30.0,0.598373532295227,0.09272962063550949
98301,librosa,29.976598639455784,0.9070131778717041,0.10645467787981033
98302,librosa,30.0,0.7865657806396484,0.11449544876813889
98339,librosa,30.0,0.7799440026283264,0.09999708831310272
98346,librosa,30.0,1.0144550800323486,0.2539180517196655
98348,librosa,29.976598639455784,0.9956309795379639,0.2604827880859375
98349,librosa,29.976598639455784,1.0056071281433105,0.2018549144268036
98547,librosa,30.0,1.116163730621338,0.15846127271652222
98548,librosa,29.976598639455784,1.1260684728622437,0.3006737232208252
98549,librosa,29.988979591836735,1.161723256111145,0.3376600444316864
98550,librosa,29.976598639455784,1.2255284786224365,0.2956036925315857
98551,librosa,30.0,1.0988185405731201,0.2889047861099243
98552,librosa,29.976598639455784,1.0568013191223145,0.2769606113433838
98553,librosa,29.976598639455784,1.0439984798431396,0.23797471821308136
98554,librosa,30.0,1.1386693716049194,0.3023677468299866
98555,librosa,29.976598639455784,1.0309185981750488,0.2410920411348343
98556,librosa,30.0,1.0386295318603516,0.2792741656303406
98557,librosa,30.0,1.2026406526565552,0.40074822306632996
98573,librosa,30.0,1.0414187908172607,0.3718191385269165
98574,librosa,30.0,0.9709110260009766,0.303187757730484
98575,librosa,30.0,0.9758544564247131,0.17178530991077423
98576,librosa,29.976598639455784,0.9100434184074402,0.19400739669799805
98577,librosa,30.0,0.9341294765472412,0.28354528546333313
98578,librosa,29.976598639455784,1.0013272762298584,0.24467898905277252
98579,librosa,30.0,1.1048260927200317,0.32483312487602234
98580,librosa,29.976598639455784,0.9791689515113831,0.27563953399658203
98581,librosa,29.976598639455784,0.9359882473945618,0.187267005443573
98582,librosa,30.0,0.9836517572402954,0.2010054737329483
98583,librosa,29.976598639455784,0.9892562031745911,0.24010084569454193
98584,librosa,30.0,0.9632617831230164,0.21759098768234253
98585,librosa,30.0,0.9845439791679382,0.3032468557357788
98613,librosa,29.976598639455784,1.0280264616012573,0.30120134353637695
98617,librosa,30.0,1.0719823837280273,0.31661149859428406
98618,librosa,29.976598639455784,0.5679523944854736,0.08624111115932465
98619,librosa,30.0,1.0669829845428467,0.331672728061676
98620,librosa,29.976598639455784,1.0332951545715332,0.24750231206417084
98621,librosa,29.976598639455784,1.0173702239990234,0.17001469433307648
98622,librosa,29.976598639455784,1.074352741241455,0.3131023943424225
98623,librosa,30.0,1.0370299816131592,0.33386820554733276
98624,librosa,30.0,1.0512011051177979,0.30385714769363403
98625,librosa,29.976598639455784,1.037738561630249,0.318358451128006
98626,librosa,29.976598639455784,1.0358713865280151,0.3144443929195404
98627,librosa,29.976598639455784,1.0978901386260986,0.35174795985221863
98628,librosa,30.0,1.0443960428237915,0.3425356447696686
98655,librosa,30.0,0.5962759256362915,0.05620015785098076
98656,librosa,30.0,0.4858126640319824,0.06831108778715134
98657,librosa,29.976598639455784,0.5856351852416992,0.05670680105686188
98666,librosa,29.976598639455784,1.0057957172393799,0.1151127964258194
98667,librosa,29.976598639455784,1.0202305316925049,0.31264418363571167
98668,librosa,30.0,1.0169004201889038,0.2567375600337982
98669,librosa,29.976598639455784,0.9828367233276367,0.26898038387298584
98670,librosa,29.976598639455784,1.0178158283233643,0.19872884452342987
98671,librosa,30.0,0.9995229244232178,0.24184730648994446
98680,librosa,29.976598639455784,0.891042947769165,0.08408338576555252
98681,librosa,29.976598639455784,0.6208610534667969,0.07280372828245163
98701,librosa,29.988979591836735,1.0436248779296875,0.34051841497421265
98770,librosa,29.976598639455784,0.459046870470047,0.09288955479860306
98838,librosa,29.988979591836735,0.7867801785469055,0.1012449786067009
99041,librosa,30.0,0.9986554384231567,0.2751023471355438
99093,librosa,30.0,0.9570408463478088,0.20956028997898102
99095,librosa,30.0,0.8220187425613403,0.22798696160316467
99096,librosa,29.976598639455784,0.8324347734451294,0.20311392843723297
99135,librosa,30.0,0.9934523105621338,0.2722454071044922
99214,librosa,30.0,0.6134817600250244,0.1195090115070343
99260,librosa,29.976598639455784,0.9218288660049438,0.2886749804019928
99261,librosa,29.976598639455784,0.902929425239563,0.13223527371883392
99274,librosa,29.976598639455784,0.7732759118080139,0.05160434544086456
99311,librosa,29.976598639455784,1.0166062116622925,0.28247058391571045
99313,librosa,29.976598639455784,1.0135414600372314,0.28946396708488464
99345,librosa,30.0,1.1018799543380737,0.322864830493927
99361,librosa,29.976598639455784,0.9954050779342651,0.1848253756761551
99362,librosa,30.0,0.5595256686210632,0.06910888105630875
99363,librosa,30.0,0.6883012056350708,0.09229567646980286
99364,librosa,30.0,0.8474783301353455,0.10332401841878891
99368,librosa,30.0,0.4389088451862335,0.06416942179203033
99369,librosa,29.976598639455784,0.8232316374778748,0.09721627831459045
99370,librosa,29.976598639455784,0.3765466809272766,0.0449586920440197
99371,librosa,30.0,0.3773992955684662,0.043085627257823944
99372,librosa,30.0,0.9339190721511841,0.17019085586071014
99373,librosa,30.0,0.7601445317268372,0.08904103189706802
99374,librosa,29.976598639455784,0.9810864925384521,0.16443082690238953
99375,librosa,29.976598639455784,0.7356392741203308,0.06980764120817184
99389,librosa,30.0,1.089972734451294,0.07813320308923721
99390,librosa,30.0,0.4802495241165161,0.07212303578853607
99391,librosa,29.976598639455784,0.535552978515625,0.07776749134063721
99392,librosa,29.976598639455784,0.8320794701576233,0.1039780005812645
99393,librosa,30.0,0.7816550731658936,0.12711651623249054
99394,librosa,30.0,0.7111060619354248,0.10641061514616013
99395,librosa,30.0,0.6837729215621948,0.11455390602350235
99411,librosa,29.976598639455784,0.971941351890564,0.24853166937828064
99419,librosa,30.0,0.9448922276496887,0.20630618929862976
99436,librosa,30.0,1.004338264465332,0.2939516305923462
99437,librosa,29.976598639455784,0.9948145151138306,0.2474285364151001
99438,librosa,30.0,1.0229458808898926,0.2900983989238739
99439,librosa,29.976598639455784,1.0111178159713745,0.2749827802181244
99440,librosa,30.0,1.0135977268218994,0.302297979593277
99441,librosa,29.976598639455784,1.018904209136963,0.2754947245121002
99442,librosa,30.0,1.0199365615844727,0.29130586981773376
99501,librosa,30.0,1.014070749282837,0.24956373870372772
99703,librosa,30.0,0.9558502435684204,0.18912263214588165
99704,librosa,30.0,1.0339657068252563,0.3412376642227173
99707,librosa,30.0,1.0891778469085693,0.3453810513019562
100478,librosa,29.976598639455784,0.997323751449585,0.27863767743110657
100479,librosa,30.0,0.9954638481140137,0.22807852923870087
100480,librosa,29.976598639455784,0.9991958141326904,0.2979011535644531
100497,librosa,29.976598639455784,0.766800045967102,0.20072612166404724
100522,librosa,30.0,0.9541072845458984,0.1887562870979309
100535,librosa,29.976598639455784,0.9726336598396301,0.1707601249217987
100536,librosa,29.976598639455784,1.0004092454910278,0.2211388796567917
100544,librosa,30.0,0.7291414737701416,0.14397908747196198
100549,librosa,29.976598639455784,0.9450494647026062,0.31814393401145935
100550,librosa,30.0,0.3546159863471985,0.08496461808681488
100552,librosa,30.0,0.8577755093574524,0.1414772868156433
100745,librosa,29.976598639455784,0.37457579374313354,0.0376809686422348
100799,librosa,29.976598639455784,0.9681247472763062,0.28340572118759155
100802,librosa,30.0,1.0023822784423828,0.30621740221977234
100835,librosa,30.0,1.2863011360168457,0.42516574263572693
100949,librosa,29.976598639455784,1.0244615077972412,0.27117159962654114
100958,librosa,29.976598639455784,1.0499298572540283,0.27403730154037476
100959,librosa,29.976598639455784,1.0260220766067505,0.2502536177635193
100972,librosa,30.0,1.248276710510254,0.3560907244682312
100973,librosa,29.976598639455784,1.167172908782959,0.41749465465545654
100975,librosa,29.976598639455784,1.301010251045227,0.2600663900375366
100976,librosa,30.0,1.1332039833068848,0.2427128255367279
101111,librosa,29.976598639455784,1.023324728012085,0.2703244090080261
101112,librosa,30.0,1.016530156135559,0.3274785578250885
101116,librosa,29.976598639455784,1.0127832889556885,0.33319422602653503
101118,librosa,29.976598639455784,1.0330147743225098,0.331341952085495
101119,librosa,29.976598639455784,1.048573613166809,0.3581793010234833
101864,librosa,30.0,0.9524084329605103,0.11240707337856293
101868,librosa,29.976598639455784,0.6557188034057617,0.09770415723323822
101873,librosa,29.976598639455784,0.24747464060783386,0.02808496728539467
101893,librosa,29.976598639455784,0.3028009533882141,0.0611940398812294
101951,librosa,30.0,0.9819550514221191,0.22732262313365936
102092,librosa,29.976598639455784,0.44843122363090515,0.09249773621559143
102112,librosa,29.976598639455784,0.8817425966262817,0.07591059803962708
102114,librosa,29.976598639455784,1.0286710262298584,0.1955060511827469
102195,librosa,30.0,0.9962279200553894,0.24004465341567993
103518,librosa,29.988979591836735,0.9621813297271729,0.2644529938697815
103519,librosa,29.988979591836735,0.8845826983451843,0.20982107520103455
103520,librosa,29.988979591836735,0.9128398895263672,0.2086072713136673
103521,librosa,29.988979591836735,0.9716546535491943,0.2522549033164978
103522,librosa,29.976598639455784,0.9482250213623047,0.21165664494037628
103523,librosa,30.0,0.9500524997711182,0.2642015814781189
103600,librosa,30.0,1.0144610404968262,0.2282422035932541
103800,librosa,29.976598639455784,0.9854966998100281,0.2692446708679199
103808,librosa,29.976598639455784,0.9850091338157654,0.29968515038490295
104008,librosa,29.988979591836735,0.8727009296417236,0.17787493765354156
104009,librosa,29.988979591836735,1.035116195678711,0.2525482177734375
104010,librosa,29.988979591836735,1.0412395000457764,0.1363876760005951
104062,librosa,29.976598639455784,0.8533540368080139,0.16137371957302094
104063,librosa,30.0,0.9530511498451233,0.11664006114006042
104064,librosa,30.0,1.0042688846588135,0.2532210946083069
104065,librosa,30.0,0.9819779396057129,0.13264192640781403
104066,librosa,29.976598639455784,0.9892197847366333,0.2891513705253601
104067,librosa,30.0,0.9875820875167847,0.23371663689613342
104068,librosa,29.976598639455784,0.99267578125,0.24697965383529663
104086,librosa,30.0,0.9927445650100708,0.262280136346817
104227,librosa,29.976598639455784,0.51291823387146,0.26566192507743835
104276,librosa,30.0,1.133314609527588,0.37701615691185
104277,librosa,30.0,1.0726165771484375,0.35467851161956787
104278,librosa,30.0,0.6025565266609192,0.0855754092335701
104279,librosa,30.0,1.0442390441894531,0.30583178997039795
104282,librosa,29.976598639455784,1.1337693929672241,0.3414821922779083
104283,librosa,29.976598639455784,1.0261865854263306,0.32446444034576416
104284,librosa,29.976598639455784,1.3072059154510498,0.2798786759376526
104356,librosa,30.0,0.9746155142784119,0.2952306270599365
104357,librosa,29.976598639455784,0.9963743686676025,0.35034987330436707
104434,librosa,30.0,0.7077866792678833,0.1712474375963211
104625,librosa,29.976598639455784,0.6867562532424927,0.14009462296962738
104668,librosa,30.0,1.0116734504699707,0.2352031022310257
104724,librosa,29.976598639455784,0.3746318817138672,0.06795654445886612
104725,librosa,30.0,0.6036348342895508,0.08614794164896011
104779,librosa,30.0,0.7832810878753662,0.1420653760433197
104780,librosa,30.0,0.9910660982131958,0.14369268715381622
105022,librosa,29.976598639455784,0.5377521514892578,0.07736890017986298
105119,librosa,29.976598639455784,1.0096347332000732,0.233771413564682
105141,librosa,29.976598639455784,0.9818457365036011,0.2558799386024475
105142,librosa,29.976598639455784,0.927153468132019,0.26174622774124146
105144,librosa,29.976598639455784,0.850372314453125,0.19667047262191772
105145,librosa,29.976598639455784,0.8354318141937256,0.1533556431531906
105196,librosa,30.0,0.27244168519973755,0.02351832017302513
105408,librosa,30.0,0.9713830947875977,0.23278141021728516
105411,librosa,30.0,1.0391223430633545,0.19406722486019135
105412,librosa,29.976598639455784,1.019276738166809,0.3062371611595154
105413,librosa,30.0,1.041778802871704,0.29550281167030334
105414,librosa,29.976598639455784,1.0253287553787231,0.27193787693977356
105443,librosa,30.0,0.9690570831298828,0.2474955916404724
105450,librosa,30.0,0.928027868270874,0.12990424036979675
105451,librosa,29.976598639455784,1.1006288528442383,0.3030523657798767
105662,librosa,30.0,1.0026826858520508,0.23462459444999695
105664,librosa,29.976598639455784,1.025499939918518,0.2106052190065384
105670,librosa,30.0,1.0068467855453491,0.2710496187210083
105671,librosa,30.0,0.9976694583892822,0.21529436111450195
105672,librosa,29.976598639455784,1.0538890361785889,0.20967254042625427
105673,librosa,29.976598639455784,0.9823935031890869,0.1659168303012848
105674,librosa,29.976598639455784,1.0524227619171143,0.17209334671497345
105682,librosa,29.976598639455784,0.9706102609634399,0.21075308322906494
105683,librosa,30.0,0.7337601780891418,0.08000501990318298
105685,librosa,30.0,0.9694757461547852,0.04889336973428726
105712,librosa,29.976598639455784,0.988338828086853,0.1918540745973587
105713,librosa,29.976598639455784,0.9840946197509766,0.1751335710287094
105714,librosa,29.976598639455784,0.9890055656433105,0.24439381062984467
105715,librosa,29.976598639455784,0.9935754537582397,0.26071614027023315
105716,librosa,29.976598639455784,0.991454005241394,0.24237315356731415
105717,librosa,30.0,0.985140323638916,0.1310664266347885
105718,librosa,29.976598639455784,1.023105502128601,0.19547149538993835
105719,librosa,30.0,0.8868608474731445,0.2416067272424698
105720,librosa,30.0,0.6283688545227051,0.11217256635427475
105722,librosa,30.0,0.6613379716873169,0.22513726353645325
105824,librosa,30.0,1.0963108539581299,0.2297287881374359
105825,librosa,29.976598639455784,1.2264448404312134,0.22179879248142242
105826,librosa,30.0,1.1272919178009033,0.292235404253006
105827,librosa,30.0,1.0856108665466309,0.2311798483133316
105887,librosa,29.976598639455784,0.9111551642417908,0.11716371774673462
105890,librosa,29.976598639455784,0.9222601056098938,0.1791716068983078
105912,librosa,30.0,0.9901731014251709,0.2522815465927124
105914,librosa,30.0,0.7590304613113403,0.1902623176574707
105915,librosa,30.0,0.7804483771324158,0.21220403909683228
105916,librosa,29.976598639455784,0.8588299751281738,0.12916967272758484
105917,librosa,29.976598639455784,0.9140401482582092,0.20138292014598846
105918,librosa,29.976598639455784,0.8996303081512451,0.20453931391239166
105919,librosa,30.0,0.9114460945129395,0.22417855262756348
105920,librosa,30.0,0.9216092824935913,0.25548499822616577
106274,librosa,30.0,0.7807878255844116,0.1096959337592125
106277,librosa,30.0,0.6308419108390808,0.09709613025188446
106339,librosa,29.976598639455784,1.0038766860961914,0.1545538306236267
106342,librosa,30.0,0.6704822182655334,0.10029857605695724
106343,librosa,29.976598639455784,0.9620323777198792,0.17280037701129913
106456,librosa,29.976598639455784,0.24812449514865875,0.09309662878513336
106457,librosa,29.976598639455784,0.5831413269042969,0.22523368895053864
106458,librosa,30.0,1.3483431339263916,0.5116897821426392
106463,librosa,29.976598639455784,1.1231051683425903,0.3424425721168518
106465,librosa,30.0,1.3532772064208984,0.3670240044593811
106502,librosa,29.976598639455784,0.4644051194190979,0.07836669683456421
106522,librosa,29.976598639455784,0.5727843046188354,0.08486849814653397
106562,librosa,30.0,0.9385231137275696,0.20034338533878326
106563,librosa,30.0,1.0018365383148193,0.15562094748020172
106564,librosa,30.0,0.8166688084602356,0.16780391335487366
106566,librosa,30.0,1.0075039863586426,0.23205937445163727
106567,librosa,30.0,0.9999804496765137,0.1687721461057663
106568,librosa,30.0,0.9750940799713135,0.1732148677110672
106569,librosa,30.0,0.9844048619270325,0.12959682941436768
106570,librosa,29.976598639455784,0.827579915523529,0.12075246125459671
106571,librosa,29.976598639455784,0.9194499850273132,0.12326394021511078
106629,librosa,30.0,0.891583263874054,0.2645149827003479
106872,librosa,29.976598639455784,0.9137337803840637,0.1447928249835968
106876,librosa,29.976598639455784,0.7025996446609497,0.14188356697559357
106877,librosa,29.976598639455784,0.7566503286361694,0.13817809522151947
106937,librosa,29.976598639455784,0.8168209195137024,0.08011331409215927
106948,librosa,29.976598639455784,0.9404067993164062,0.12183474004268646
106951,librosa,29.976598639455784,0.978867769241333,0.21978451311588287
106952,librosa,29.976598639455784,1.0131263732910156,0.32083383202552795
106953,librosa,29.976598639455784,0.9132039546966553,0.12447038292884827
106954,librosa,30.0,1.000962257385254,0.14785490930080414
106955,librosa,29.976598639455784,0.9791229963302612,0.1297737956047058
106956,librosa,30.0,0.8059327006340027,0.12053893506526947
107020,librosa,30.0,1.1794363260269165,0.22498951852321625
107021,librosa,29.976598639455784,1.0049328804016113,0.13675613701343536
107025,librosa,30.0,1.0521855354309082,0.2367876172065735
107027,librosa,30.0,1.001020073890686,0.17898397147655487
107028,librosa,29.976598639455784,0.9247129559516907,0.191560298204422
107029,librosa,29.976598639455784,1.009802222251892,0.2937542498111725
107030,librosa,29.976598639455784,1.0036066770553589,0.21097540855407715
107031,librosa,29.976598639455784,1.0264592170715332,0.17621220648288727
107046,librosa,29.976598639455784,1.1002061367034912,0.3162195086479187
107047,librosa,30.0,1.0476865768432617,0.184222012758255
107048,librosa,29.976598639455784,1.0490875244140625,0.3330599069595337
107049,librosa,29.976598639455784,1.070650339126587,0.18834662437438965
107050,librosa,30.0,1.0474592447280884,0.12600475549697876
107101,librosa,29.988979591836735,1.0379612445831299,0.3292013108730316
107125,librosa,29.976598639455784,0.6110677719116211,0.15147221088409424
107126,librosa,29.976598639455784,0.9140753746032715,0.22021840512752533
107127,librosa,29.976598639455784,0.944258451461792,0.21407079696655273
107128,librosa,29.976598639455784,0.9008572101593018,0.19474829733371735
107129,librosa,30.0,0.7942299842834473,0.11750326305627823
107178,librosa,29.976598639455784,1.1209357976913452,0.3659934401512146
107179,librosa,30.0,1.1312896013259888,0.3813181519508362
107180,librosa,29.976598639455784,1.130839228630066,0.3784165382385254
107181,librosa,29.976598639455784,1.149017333984375,0.3301824927330017
107182,librosa,29.976598639455784,1.1797481775283813,0.45778027176856995
107183,librosa,29.976598639455784,1.111037015914917,0.3878130614757538
107184,librosa,30.0,1.1125887632369995,0.4228133261203766
107185,librosa,30.0,1.1658368110656738,0.4221273362636566
107186,librosa,29.976598639455784,1.1275665760040283,0.3359203338623047
107187,librosa,29.976598639455784,1.113400936126709,0.41058191657066345
107188,librosa,29.976598639455784,1.1373462677001953,0.3448035717010498
107189,librosa,29.976598639455784,1.2149288654327393,0.374002069234848
107248,librosa,30.0,0.9633591771125793,0.18636111915111542
107249,librosa,30.0,0.9911938905715942,0.177758127450943
107250,librosa,29.976598639455784,0.87945157289505,0.15249690413475037
107251,librosa,29.976598639455784,0.972488284111023,0.17580749094486237
107256,librosa,30.0,0.9347928762435913,0.13845567405223846
107257,librosa,29.976598639455784,0.958332896232605,0.18512676656246185
107388,librosa,30.0,0.9975453615188599,0.19849056005477905
107389,librosa,29.976598639455784,1.0737197399139404,0.11090488731861115
107390,librosa,30.0,1.024856686592102,0.25536033511161804
107391,librosa,29.976598639455784,1.0768938064575195,0.3057655096054077
107425,librosa,30.0,1.091137170791626,0.36684858798980713
107426,librosa,30.0,0.8579525351524353,0.2114124596118927
107427,librosa,29.976598639455784,0.8829102516174316,0.1470176875591278
107429,librosa,29.976598639455784,0.5395809412002563,0.08153538405895233
107432,librosa,30.0,0.6051270961761475,0.10846918076276779
107433,librosa,29.976598639455784,0.8416217565536499,0.19406867027282715
107434,librosa,30.0,1.3119142055511475,0.268926203250885
107435,librosa,30.0,0.8464927673339844,0.15114204585552216
107476,librosa,29.976598639455784,1.0058619976043701,0.28866538405418396
107506,librosa,29.976598639455784,0.9782585501670837,0.2869243025779724
107531,librosa,29.976598639455784,0.40134698152542114,0.058601539582014084
107532,librosa,29.976598639455784,0.9259073734283447,0.11494535952806473
107533,librosa,30.0,0.20404435694217682,0.045957133173942566
107534,librosa,30.0,0.5339612364768982,0.04450045898556709
107567,librosa,29.976598639455784,0.9814430475234985,0.21387362480163574
107569,librosa,30.0,1.000467300415039,0.18204180896282196
107571,librosa,29.976598639455784,1.0156065225601196,0.21736295521259308
107574,librosa,30.0,1.0214416980743408,0.20283907651901245
107577,librosa,29.976598639455784,1.0090785026550293,0.23337116837501526
107578,librosa,29.976598639455784,1.0038456916809082,0.2164730429649353
107579,librosa,29.976598639455784,0.5041383504867554,0.06615571677684784
107583,librosa,30.0,0.3417203426361084,0.039816826581954956
107584,librosa,30.0,1.0267301797866821,0.2688291072845459
107588,librosa,30.0,0.9243193864822388,0.10952950268983841
107589,librosa,29.976598639455784,0.7852603197097778,0.06709359586238861
107590,librosa,29.976598639455784,0.3511849045753479,0.04279732331633568
107591,librosa,29.976598639455784,1.0030804872512817,0.13879017531871796
107592,librosa,29.976598639455784,1.0014454126358032,0.21082906424999237
107593,librosa,29.976598639455784,0.9665224552154541,0.16547253727912903
107594,librosa,29.976598639455784,0.9339901208877563,0.14814557135105133
107595,librosa,29.976598639455784,1.0254549980163574,0.15392185747623444
107596,librosa,30.0,0.9995478391647339,0.19973361492156982
107597,librosa,30.0,0.9475785493850708,0.14859913289546967
107598,librosa,29.976598639455784,1.0352683067321777,0.22275762259960175
107613,librosa,29.976598639455784,0.9535911083221436,0.1581093668937683
107616,librosa,29.976598639455784,0.9880655407905579,0.25534677505493164
107617,librosa,30.0,0.9609035849571228,0.30209535360336304
107659,librosa,30.0,1.0554873943328857,0.2964100241661072
107799,librosa,29.976598639455784,0.8175473213195801,0.21364150941371918
107804,librosa,29.976598639455784,0.9760661125183105,0.21238353848457336
107805,librosa,30.0,0.7141141891479492,0.24957862496376038
107809,librosa,30.0,0.7530516982078552,0.19621241092681885
107810,librosa,30.0,0.7703427672386169,0.20402337610721588
107850,librosa,29.976598639455784,0.8852929472923279,0.21392866969108582
107851,librosa,30.0,0.9019392728805542,0.1659690886735916
107852,librosa,30.0,0.9927507042884827,0.214059978723526
107908,librosa,30.0,0.7369580268859863,0.12341686338186264
107909,librosa,30.0,0.7552222013473511,0.10269395262002945
107910,librosa,29.976598639455784,0.9918845891952515,0.16002389788627625
107911,librosa,29.976598639455784,0.5468698740005493,0.13951115310192108
107912,librosa,30.0,0.28312116861343384,0.0724279060959816
107913,librosa,29.976598639455784,0.37530577182769775,0.05887315794825554
107949,librosa,29.976598639455784,1.0319154262542725,0.2869938611984253
107950,librosa,30.0,1.0469868183135986,0.32336151599884033
107951,librosa,30.0,1.0423660278320312,0.33192285895347595
107952,librosa,29.976598639455784,1.040201187133789,0.30270278453826904
107953,librosa,29.976598639455784,1.0247821807861328,0.26470068097114563
107954,librosa,29.976598639455784,1.0093998908996582,0.3140444755554199
107955,librosa,29.976598639455784,1.0279408693313599,0.33075228333473206
107956,librosa,30.0,1.0182573795318604,0.306538850069046
107957,librosa,30.0,1.0442761182785034,0.2872971296310425
108012,librosa,29.976598639455784,0.9405189752578735,0.24848084151744843
108014,librosa,30.0,0.9257855415344238,0.2429725080728531
108015,librosa,30.0,0.9112399220466614,0.24457362294197083
108016,librosa,29.976598639455784,0.9006971120834351,0.16954246163368225
108017,librosa,30.0,0.4518572688102722,0.0726194903254509
108018,librosa,29.976598639455784,0.5880780220031738,0.08988267928361893
108019,librosa,29.976598639455784,0.6210860013961792,0.0798272043466568
108020,librosa,29.976598639455784,0.40316078066825867,0.04359271377325058
108021,librosa,30.0,0.37631431221961975,0.05711163952946663
108022,librosa,30.0,0.46564143896102905,0.06394412368535995
108023,librosa,29.976598639455784,0.5790998339653015,0.10890579968690872
108024,librosa,30.0,0.3198503255844116,0.0439470149576664
108025,librosa,29.976598639455784,0.4696444571018219,0.055977024137973785
108026,librosa,30.0,0.47179028391838074,0.05148216336965561
108027,librosa,29.976598639455784,0.5981892347335815,0.09988005459308624
108031,librosa,29.976598639455784,1.0054283142089844,0.24122877418994904
108036,librosa,29.976598639455784,0.9714516997337341,0.2119651883840561
108037,librosa,30.0,1.0902440547943115,0.2742098271846771
108038,librosa,29.976598639455784,1.1305029392242432,0.28487667441368103
108049,librosa,30.0,0.9716557264328003,0.17850059270858765
108050,librosa,30.0,0.9023704528808594,0.17874756455421448
108059,librosa,29.976598639455784,0.5593670606613159,0.08290348947048187
108060,librosa,30.0,0.6943727135658264,0.08980374038219452
108079,librosa,30.0,1.0633447170257568,0.290260910987854
108155,librosa,29.976598639455784,0.9975243210792542,0.3333222568035126
108230,librosa,30.0,0.9869222044944763,0.34180229902267456
108290,librosa,29.976598639455784,1.0281219482421875,0.2566255033016205
108297,librosa,29.976598639455784,1.0806593894958496,0.27073895931243896
108298,librosa,29.976598639455784,1.080580472946167,0.2803504467010498
108299,librosa,30.0,0.6192258596420288,0.0837462767958641
108300,librosa,29.976598639455784,0.863724410533905,0.12287388741970062
108301,librosa,29.976598639455784,0.9902095794677734,0.2191564291715622
108302,librosa,30.0,0.9913259148597717,0.19848358631134033
108303,librosa,29.976598639455784,0.9950010776519775,0.2261204868555069
108304,librosa,29.976598639455784,0.9798429608345032,0.13849066197872162
108305,librosa,30.0,0.9992116689682007,0.14508268237113953
108306,librosa,29.976598639455784,0.979650616645813,0.17755882441997528
108307,librosa,30.0,0.9827049970626831,0.22373861074447632
108308,librosa,29.976598639455784,0.8987995386123657,0.125333771109581
108313,librosa,29.976598639455784,0.5006460547447205,0.07348310947418213
108314,librosa,30.0,0.8355409502983093,0.12092796713113785
108318,librosa,29.976598639455784,0.5669258832931519,0.08943886309862137
108319,librosa,29.976598639455784,0.6093394756317139,0.08192887902259827
108339,librosa,30.0,0.8936640024185181,0.20176322758197784
108341,librosa,29.976598639455784,1.0025713443756104,0.28490203619003296
108342,librosa,30.0,0.9940589070320129,0.17241200804710388
108343,librosa,29.976598639455784,0.9830601215362549,0.20708870887756348
108415,librosa,29.976598639455784,0.9767091274261475,0.1819353699684143
108416,librosa,30.0,0.9948619604110718,0.2454976886510849
108418,librosa,29.976598639455784,0.913053035736084,0.10026869922876358
108420,librosa,29.976598639455784,0.9338968992233276,0.1701972335577011
108421,librosa,29.976598639455784,0.9081940650939941,0.17485693097114563
108422,librosa,30.0,0.9047382473945618,0.1935042440891266
108423,librosa,30.0,1.0000004768371582,0.19669073820114136
108425,librosa,29.976598639455784,1.0076416730880737,0.27031397819519043
108426,librosa,30.0,1.0149136781692505,0.20064149796962738
108427,librosa,30.0,0.9716846346855164,0.22152596712112427
108428,librosa,29.976598639455784,1.0129241943359375,0.18398676812648773
108429,librosa,29.976598639455784,0.9813207387924194,0.1914977878332138
108456,librosa,29.976598639455784,0.9740337133407593,0.21872578561306
108457,librosa,30.0,1.0080199241638184,0.291433185338974
108459,librosa,29.976598639455784,0.9829981923103333,0.24836280941963196
108460,librosa,29.976598639455784,0.991428554058075,0.2715245485305786
108461,librosa,30.0,0.9790585041046143,0.25860321521759033
108464,librosa,29.976598639455784,0.4921436309814453,0.11976204812526703
108471,librosa,30.0,0.9013123512268066,0.11341690272092819
108472,librosa,30.0,0.8883723020553589,0.13292638957500458
108473,librosa,29.976598639455784,0.42071717977523804,0.05291830003261566
108474,librosa,29.976598639455784,0.7484434843063354,0.14259828627109528
108475,librosa,30.0,0.8204273581504822,0.14821429550647736
108476,librosa,29.976598639455784,0.750688374042511,0.07075823098421097
108477,librosa,29.976598639455784,0.9072493314743042,0.19404631853103638
108478,librosa,30.0,0.5892859697341919,0.08736957609653473
108487,librosa,29.988979591836735,0.9335302114486694,0.2463267743587494
108488,librosa,29.988979591836735,0.8941476941108704,0.22938889265060425
108489,librosa,29.988979591836735,0.9189205169677734,0.23625317215919495
108490,librosa,29.988979591836735,0.9106762409210205,0.2676285207271576
108491,librosa,29.988979591836735,0.9583996534347534,0.23681758344173431
108492,librosa,29.988979591836735,0.9089921712875366,0.1911611407995224
108493,librosa,29.988979591836735,0.9109066724777222,0.2084081470966339
108494,librosa,29.988979591836735,0.8888040781021118,0.2603759765625
108495,librosa,29.988979591836735,0.961058497428894,0.19338668882846832
108496,librosa,29.988979591836735,1.0654137134552002,0.23739555478096008
108497,librosa,29.988979591836735,0.9212005138397217,0.31975165009498596
108498,librosa,29.988979591836735,0.9250380992889404,0.25317302346229553
108499,librosa,29.988979591836735,0.9410493969917297,0.2400488257408142
108500,librosa,29.988979591836735,0.9436456561088562,0.18087415397167206
108501,librosa,29.988979591836735,0.9243718385696411,0.24666628241539001
108502,librosa,30.0,1.0148065090179443,0.2822599709033966
108503,librosa,30.0,1.0460057258605957,0.3336554765701294
108504,librosa,29.976598639455784,1.0011593103408813,0.2998373210430145
108505,librosa,30.0,1.0024611949920654,0.33824360370635986
108524,librosa,30.0,0.9897100329399109,0.2778961658477783
108525,librosa,29.976598639455784,1.0023375749588013,0.31945720314979553
108526,librosa,30.0,1.0019567012786865,0.2069462090730667
108527,librosa,29.976598639455784,0.9969354867935181,0.32237544655799866
108528,librosa,30.0,1.0057069063186646,0.2749233543872833
108529,librosa,29.976598639455784,0.9478417038917542,0.13340358436107635
108530,librosa,29.976598639455784,1.013500452041626,0.32675284147262573
108531,librosa,30.0,0.9970479011535645,0.28436583280563354
108532,librosa,29.976598639455784,1.0056532621383667,0.21866095066070557
108533,librosa,29.976598639455784,1.0348224639892578,0.3805774450302124
108745,librosa,30.0,0.8923274874687195,0.1638094186782837
108774,librosa,30.0,0.9226824045181274,0.13238370418548584
108799,librosa,29.976598639455784,0.9861484169960022,0.18503116071224213
108808,librosa,29.976598639455784,1.0071182250976562,0.20468655228614807
108809,librosa,30.0,0.969874382019043,0.20491564273834229
108812,librosa,29.976598639455784,1.001069188117981,0.29016420245170593
108836,librosa,30.0,0.9750248789787292,0.3323386311531067
108837,librosa,29.976598639455784,0.8953867554664612,0.22951264679431915
108838,librosa,30.0,1.019399642944336,0.32904329895973206
108839,librosa,29.976598639455784,0.9430181980133057,0.25786519050598145
108840,librosa,29.976598639455784,1.0124610662460327,0.24968552589416504
108841,librosa,29.976598639455784,0.9793349504470825,0.36099356412887573
108842,librosa,30.0,1.0014065504074097,0.23303981125354767
108843,librosa,29.976598639455784,0.9953835010528564,0.28073862195014954
108845,librosa,30.0,1.001490831375122,0.24272087216377258
108846,librosa,30.0,0.995307445526123,0.2451135218143463
108847,librosa,29.976598639455784,1.018404245376587,0.2752464711666107
108863,librosa,30.0,0.8274091482162476,0.08409217745065689
108864,librosa,29.976598639455784,0.881885826587677,0.17034120857715607
108865,librosa,29.976598639455784,0.8513391017913818,0.13393837213516235
108866,librosa,30.0,0.8875190019607544,0.12352317571640015
108867,librosa,29.976598639455784,0.8389942646026611,0.11654872447252274
108868,librosa,30.0,0.8868995904922485,0.16630606353282928
108878,librosa,29.976598639455784,0.9345172047615051,0.13644038140773773
108879,librosa,30.0,0.9575780630111694,0.13594010472297668
108880,librosa,30.0,0.7524682879447937,0.17893408238887787
108881,librosa,30.0,0.7569310069084167,0.15081895887851715
108882,librosa,30.0,0.48113390803337097,0.10886203497648239
108883,librosa,29.976598639455784,0.9745936989784241,0.15796808898448944
108884,librosa,29.976598639455784,0.8142672777175903,0.1572241485118866
108885,librosa,29.976598639455784,0.6091892719268799,0.12460634857416153
108906,librosa,29.976598639455784,0.2835569977760315,0.055305108428001404
108957,librosa,30.0,0.9787392616271973,0.2768407464027405
108961,librosa,30.0,0.9622684121131897,0.23108015954494476
108962,librosa,30.0,0.999079704284668,0.29454925656318665
108967,librosa,29.976598639455784,0.9666194319725037,0.1557111144065857
108968,librosa,29.976598639455784,1.0105767250061035,0.18194662034511566
108969,librosa,29.976598639455784,0.7479506731033325,0.11753179877996445
108970,librosa,29.976598639455784,1.0111117362976074,0.1525757759809494
108992,librosa,30.0,1.0040333271026611,0.3078557550907135
109068,librosa,30.0,0.9688186645507812,0.2488589584827423
109071,librosa,30.0,0.793366014957428,0.1977563500404358
109072,librosa,30.0,0.9982731938362122,0.239762544631958
109106,librosa,29.976598639455784,0.7463295459747314,0.1593071073293686
109144,librosa,30.0,0.5833935141563416,0.13189229369163513
109189,librosa,29.976598639455784,0.5792065262794495,0.12748974561691284
109191,librosa,29.976598639455784,0.7976772785186768,0.19198694825172424
109203,librosa,29.976598639455784,1.023542881011963,0.233262836933136
109235,librosa,29.976598639455784,0.9846886396408081,0.21909692883491516
109276,librosa,29.976598639455784,0.842088520526886,0.1268848031759262
109349,librosa,29.976598639455784,0.9895974397659302,0.24990761280059814
109350,librosa,30.0,1.0101344585418701,0.3065316081047058
109355,librosa,30.0,1.0095574855804443,0.3114369213581085
109356,librosa,30.0,1.006037950515747,0.30970966815948486
109357,librosa,29.976598639455784,0.9965011477470398,0.2910710871219635
109445,librosa,30.0,0.7296972274780273,0.09297166019678116
109446,librosa,29.976598639455784,0.9230036735534668,0.09941587597131729
109447,librosa,29.976598639455784,1.0061691999435425,0.2314065545797348
109448,librosa,30.0,1.0008344650268555,0.22331857681274414
109449,librosa,29.976598639455784,1.0000255107879639,0.18100668489933014
109450,librosa,30.0,1.0074197053909302,0.16330064833164215
109468,librosa,29.976598639455784,0.9977535009384155,0.32426518201828003
109480,librosa,30.0,1.0072828531265259,0.10188683122396469
109481,librosa,29.988979591836735,0.9737453460693359,0.20934781432151794
109497,librosa,29.988979591836735,0.9696747660636902,0.22927431762218475
109535,librosa,29.976598639455784,1.090005874633789,0.24599577486515045
109537,librosa,29.976598639455784,1.0175142288208008,0.1643388271331787
109538,librosa,30.0,1.0438978672027588,0.2515929341316223
109542,librosa,29.988979591836735,1.0374226570129395,0.30769458413124084
109543,librosa,29.976598639455784,0.9560763835906982,0.27109354734420776
109548,librosa,30.0,0.3149295747280121,0.055356379598379135
109670,librosa,30.0,0.9700531959533691,0.18605463206768036
109681,librosa,30.0,1.0076723098754883,0.2189573049545288
109684,librosa,29.976598639455784,1.007116675376892,0.2785000503063202
109685,librosa,29.976598639455784,1.0069915056228638,0.2356061488389969
109686,librosa,29.976598639455784,1.0539425611495972,0.2544569969177246
109687,librosa,30.0,1.0239694118499756,0.22461751103401184
109711,librosa,29.976598639455784,0.24555933475494385,0.06016617268323898
109712,librosa,29.976598639455784,0.5037094354629517,0.04841169714927673
109896,librosa,30.0,1.0313928127288818,0.25719407200813293
109900,librosa,30.0,0.9877191781997681,0.2724703550338745
109901,librosa,29.976598639455784,0.963977575302124,0.1879374235868454
109902,librosa,29.976598639455784,0.9896992444992065,0.28147658705711365
109903,librosa,30.0,0.9881677627563477,0.2952973246574402
109904,librosa,29.976598639455784,0.9971216917037964,0.2908133566379547
109905,librosa,29.976598639455784,0.9290403127670288,0.2677150368690491
109906,librosa,30.0,0.9270208477973938,0.27352291345596313
109925,librosa,30.0,1.0625749826431274,0.2556152939796448
109957,librosa,30.0,0.3153318762779236,0.021805662661790848
109958,librosa,30.0,0.4983353614807129,0.026219280436635017
109960,librosa,30.0,0.5890694260597229,0.06145915761590004
109962,librosa,29.976598639455784,0.7292036414146423,0.08102355152368546
109963,librosa,30.0,0.29520946741104126,0.054545365273952484
109971,librosa,29.976598639455784,1.0155445337295532,0.30840811133384705
109972,librosa,29.976598639455784,1.0110580921173096,0.4129911959171295
109973,librosa,29.976598639455784,1.0023701190948486,0.2957417666912079
109974,librosa,29.976598639455784,1.027001142501831,0.33721959590911865
109975,librosa,29.976598639455784,1.0055667161941528,0.36173486709594727
109976,librosa,29.976598639455784,0.9398502111434937,0.2644762694835663
109977,librosa,29.976598639455784,1.0038975477218628,0.27272123098373413
109978,librosa,30.0,0.5868139266967773,0.08724617958068848
110070,librosa,29.976598639455784,1.008962869644165,0.266139954328537
110082,librosa,30.0,1.0081993341445923,0.21520833671092987
110084,librosa,29.976598639455784,0.8499165773391724,0.23006656765937805
110085,librosa,30.0,1.0402791500091553,0.32343778014183044
110086,librosa,30.0,1.0007328987121582,0.25834921002388
110102,librosa,30.0,0.8323443531990051,0.18635164201259613
110103,librosa,29.976598639455784,1.0205926895141602,0.24159370362758636
110104,librosa,30.0,0.9858860969543457,0.2876712679862976
110105,librosa,29.976598639455784,1.0024892091751099,0.21971522271633148
110106,librosa,29.976598639455784,0.8440691828727722,0.20328892767429352
110107,librosa,30.0,1.0081279277801514,0.22073577344417572
110108,librosa,30.0,0.9168545007705688,0.1563349962234497
110109,librosa,29.976598639455784,0.9644391536712646,0.23345668613910675
110110,librosa,29.976598639455784,1.036940097808838,0.23100906610488892
110111,librosa,30.0,1.0097925662994385,0.20345628261566162
110166,librosa,29.976598639455784,0.8805263042449951,0.2059289962053299
110167,librosa,29.976598639455784,0.8806562423706055,0.1771586686372757
110171,librosa,29.976598639455784,0.9597453474998474,0.1494525969028473
110172,librosa,29.976598639455784,0.8574305772781372,0.1553574502468109
110204,librosa,29.976598639455784,0.6552833318710327,0.1464977115392685
110205,librosa,29.976598639455784,0.8443863391876221,0.09562092274427414
110206,librosa,29.976598639455784,0.8832764625549316,0.09994204342365265
110207,librosa,30.0,0.882413923740387,0.12664015591144562
110208,librosa,29.976598639455784,0.6282683610916138,0.09291747957468033
110209,librosa,30.0,0.5014036893844604,0.04567401856184006
110230,librosa,29.976598639455784,0.8700194954872131,0.2762335538864136
110259,librosa,29.976598639455784,1.1766453981399536,0.275801420211792
110260,librosa,29.976598639455784,1.1344972848892212,0.3073427975177765
110261,librosa,30.0,1.1367197036743164,0.3293122351169586
110262,librosa,30.0,1.1083709001541138,0.2786448299884796
110263,librosa,30.0,1.356626272201538,0.3004048466682434
110264,librosa,30.0,1.3145687580108643,0.29770809412002563
110265,librosa,29.976598639455784,1.2282594442367554,0.3911696970462799
110266,librosa,30.0,1.3229849338531494,0.31555041670799255
110267,librosa,29.976598639455784,1.1576752662658691,0.3068796694278717
110274,librosa,29.976598639455784,0.2473568469285965,0.0365908220410347
110384,librosa,30.0,0.9601163864135742,0.12737900018692017
110410,librosa,30.0,0.9895853400230408,0.22327487170696259
110417,librosa,29.976598639455784,1.0168389081954956,0.18278393149375916
110436,librosa,29.976598639455784,1.015345573425293,0.19119518995285034
110437,librosa,29.976598639455784,1.008089303970337,0.22503982484340668
110438,librosa,29.976598639455784,1.103847861289978,0.2051629275083542
110439,librosa,29.976598639455784,1.0633690357208252,0.20243416726589203
110440,librosa,30.0,1.0340867042541504,0.23376110196113586
110441,librosa,30.0,1.012406826019287,0.25158509612083435
110447,librosa,29.976598639455784,1.0163733959197998,0.2167624682188034
110448,librosa,30.0,1.0943286418914795,0.3063778281211853
110449,librosa,29.976598639455784,1.107482671737671,0.2718132734298706
110450,librosa,29.976598639455784,0.9631969928741455,0.1854890137910843
110451,librosa,30.0,0.9703420400619507,0.16673578321933746
110452,librosa,30.0,1.0650949478149414,0.26784834265708923
110546,librosa,30.0,1.0099453926086426,0.2096834033727646
110610,librosa,29.976598639455784,0.7562508583068848,0.15264326333999634
110611,librosa,30.0,0.8518648147583008,0.18918506801128387
110623,librosa,30.0,1.002313494682312,0.15947659313678741
110629,librosa,30.0,1.0010950565338135,0.1347765177488327
110630,librosa,29.976598639455784,0.9590885043144226,0.14509300887584686
110634,librosa,29.976598639455784,0.7276429533958435,0.13582561910152435
110636,librosa,29.976598639455784,0.9522850513458252,0.26065176725387573
110637,librosa,30.0,0.8879812955856323,0.18129608035087585
110647,librosa,29.976598639455784,0.8152554035186768,0.14320458471775055
110648,librosa,30.0,0.8247482180595398,0.12278537452220917
110649,librosa,29.976598639455784,0.9813684225082397,0.18221750855445862
110650,librosa,29.976598639455784,0.8483902812004089,0.1798255741596222
110651,librosa,29.976598639455784,0.9563759565353394,0.2464655041694641
110652,librosa,30.0,0.9392755031585693,0.11020202934741974
110653,librosa,30.0,0.8212785720825195,0.08736464381217957
110654,librosa,29.976598639455784,0.7904218435287476,0.17583534121513367
110681,librosa,30.0,0.2596138119697571,0.03868220001459122
110684,librosa,29.976598639455784,0.07662655413150787,0.008754556998610497
110687,librosa,29.976598639455784,1.11589515209198,0.25076428055763245
110688,librosa,30.0,0.9606658816337585,0.14674219489097595
110689,librosa,29.976598639455784,0.9315003752708435,0.2454523742198944
110690,librosa,29.976598639455784,1.0974467992782593,0.34003379940986633
110691,librosa,30.0,0.9627717733383179,0.1891096532344818
110711,librosa,29.976598639455784,0.9685360193252563,0.16741716861724854
110735,librosa,30.0,0.9820445775985718,0.2239776998758316
110736,librosa,29.976598639455784,0.996543288230896,0.05606832727789879
110743,librosa,30.0,0.9235179424285889,0.11942940205335617
110744,librosa,30.0,1.005713939666748,0.12150109559297562
110756,librosa,30.0,1.0396605730056763,0.3159712255001068
110764,librosa,30.0,1.1080379486083984,0.22572246193885803
110765,librosa,29.976598639455784,1.0561981201171875,0.23624558746814728
110768,librosa,29.976598639455784,0.9780818223953247,0.3735155761241913
110771,librosa,30.0,0.9378458261489868,0.21004675328731537
110772,librosa,30.0,0.992455244064331,0.2848871350288391
110774,librosa,30.0,1.006996750831604,0.21449629962444305
110775,librosa,29.976598639455784,1.139307975769043,0.21940013766288757
110776,librosa,29.976598639455784,0.9677644371986389,0.16353125870227814
110777,librosa,29.976598639455784,0.9875766038894653,0.19009363651275635
110778,librosa,29.976598639455784,0.7812632322311401,0.24849410355091095
110779,librosa,29.976598639455784,1.1692495346069336,0.2832057476043701
110923,librosa,30.0,0.9607120752334595,0.2317577749490738
110927,librosa,29.976598639455784,0.2443072497844696,0.030733954161405563
110928,librosa,29.976598639455784,0.9543187022209167,0.16151975095272064
110980,librosa,29.976598639455784,1.0079636573791504,0.29386886954307556
110982,librosa,30.0,0.9616913199424744,0.12106982618570328
110983,librosa,29.976598639455784,0.9932861328125,0.2921940088272095
110985,librosa,29.976598639455784,0.9957696199417114,0.32222360372543335
111015,librosa,29.976598639455784,0.9378138184547424,0.12341604381799698
111146,librosa,30.0,0.36743637919425964,0.06459254771471024
111147,librosa,30.0,0.4991384744644165,0.05643019080162048
111148,librosa,29.976598639455784,0.5278110504150391,0.09181302785873413
111149,librosa,29.976598639455784,0.2344064563512802,0.04304252564907074
111150,librosa,29.976598639455784,0.26787248253822327,0.03754929453134537
111151,librosa,29.976598639455784,0.40799596905708313,0.08522321283817291
111153,librosa,29.976598639455784,0.31170737743377686,0.050472795963287354
111154,librosa,29.976598639455784,0.5382202863693237,0.0917092114686966
111182,librosa,29.976598639455784,0.9531097412109375,0.251411110162735
111186,librosa,30.0,1.018322229385376,0.3184939920902252
111187,librosa,30.0,0.9883590936660767,0.33571818470954895
111188,librosa,29.976598639455784,0.9854401350021362,0.24518412351608276
111216,librosa,29.976598639455784,0.8187177181243896,0.16459085047245026
111220,librosa,30.0,0.7092224359512329,0.12281722575426102
111221,librosa,29.976598639455784,0.7296849489212036,0.1458713412284851
111222,librosa,30.0,0.5997456312179565,0.09876219928264618
111223,librosa,30.0,0.604608952999115,0.10544627904891968
111224,librosa,30.0,0.6879762411117554,0.09851818531751633
111225,librosa,29.976598639455784,0.5684640407562256,0.07965677976608276
111226,librosa,30.0,0.5941357612609863,0.1202898696064949
111227,librosa,29.976598639455784,0.5574566125869751,0.0929650366306305
111228,librosa,29.976598639455784,0.6577378511428833,0.11301127821207047
111229,librosa,30.0,0.7817001342773438,0.033063314855098724
111230,librosa,29.976598639455784,0.7486841678619385,0.13615339994430542
111306,librosa,29.976598639455784,0.9596363306045532,0.2360391914844513
111311,librosa,30.0,0.9415602684020996,0.2339688092470169
111335,librosa,29.976598639455784,0.8924899101257324,0.23701637983322144
111367,librosa,30.0,0.9790455102920532,0.1849670559167862
111368,librosa,29.976598639455784,1.002036213874817,0.1449788212776184
111371,librosa,29.976598639455784,0.9992738962173462,0.3032519221305847
111372,librosa,29.976598639455784,0.8529521822929382,0.15752306580543518
111375,librosa,29.976598639455784,0.9985312223434448,0.2351556420326233
111376,librosa,30.0,0.9422345161437988,0.13613954186439514
111377,librosa,30.0,0.9770704507827759,0.1718139499425888
111378,librosa,29.976598639455784,0.9932283163070679,0.23637959361076355
111379,librosa,30.0,0.9982128739356995,0.2102806568145752
111382,librosa,29.976598639455784,0.7161579132080078,0.19436776638031006
111385,librosa,29.976598639455784,1.008579969406128,0.31017887592315674
111386,librosa,29.976598639455784,0.7926690578460693,0.16968822479248047
111387,librosa,29.976598639455784,1.011987566947937,0.2327595204114914
111388,librosa,29.976598639455784,1.0131101608276367,0.21884247660636902
111389,librosa,30.0,1.0369356870651245,0.28384295105934143
111390,librosa,29.976598639455784,0.9148380756378174,0.1411762833595276
111391,librosa,29.976598639455784,0.9874486923217773,0.16969648003578186
111392,librosa,30.0,1.0122356414794922,0.2352321743965149
111393,librosa,29.976598639455784,0.9960224032402039,0.20998556911945343
111394,librosa,29.976598639455784,0.8181877136230469,0.10183832049369812
111395,librosa,30.0,0.8792442083358765,0.13244174420833588
111396,librosa,29.976598639455784,0.8643944263458252,0.09987430274486542
111397,librosa,30.0,0.9684408903121948,0.27024024724960327
111398,librosa,29.976598639455784,1.0351049900054932,0.22106494009494781
111399,librosa,30.0,1.0026779174804688,0.21973811089992523
111400,librosa,29.976598639455784,0.7319188117980957,0.08993050456047058
111401,librosa,30.0,0.8479316830635071,0.13953286409378052
111402,librosa,30.0,1.0435845851898193,0.22213220596313477
111413,librosa,29.976598639455784,0.9771299958229065,0.30291643738746643
111416,librosa,29.976598639455784,0.9736646413803101,0.3366127908229828
111460,librosa,30.0,0.47089987993240356,0.08920740336179733
111579,librosa,29.976598639455784,0.8233126997947693,0.12442584335803986
111658,librosa,30.0,0.8644965291023254,0.26327216625213623
111747,librosa,29.976598639455784,0.9119714498519897,0.144475519657135
111793,librosa,29.976598639455784,0.8068515658378601,0.2011069804430008
111819,librosa,29.976598639455784,0.4001273810863495,0.08160162717103958
111871,librosa,29.976598639455784,0.6385083198547363,0.09529183804988861
111872,librosa,29.976598639455784,0.8061873912811279,0.13158929347991943
111873,librosa,30.0,0.7560716271400452,0.1515631377696991
111911,librosa,30.0,1.0164300203323364,0.15862224996089935
111933,librosa,29.976598639455784,0.9649097323417664,0.1924612820148468
111934,librosa,30.0,1.0309548377990723,0.29262250661849976
111935,librosa,29.976598639455784,1.035075068473816,0.21298038959503174
111936,librosa,30.0,0.9826449751853943,0.21561112999916077
111937,librosa,29.976598639455784,1.036470890045166,0.27211639285087585
111938,librosa,30.0,1.0522316694259644,0.19007472693920135
111974,librosa,30.0,1.0304754972457886,0.194719597697258
111982,librosa,29.988979591836735,0.6177792549133301,0.1326400637626648
111994,librosa,30.0,0.90326327085495,0.1512233316898346
112000,librosa,30.0,0.8398287296295166,0.3253840208053589
112001,librosa,30.0,0.8872662782669067,0.2591449022293091
112020,librosa,29.976598639455784,0.8582932949066162,0.22054670751094818
112065,librosa,29.976598639455784,1.0044209957122803,0.2924961745738983
112066,librosa,29.976598639455784,1.0796093940734863,0.30249062180519104
112088,librosa,30.0,0.9070860147476196,0.15823887288570404
112133,librosa,30.0,0.27717339992523193,0.04900135099887848
112196,librosa,29.976598639455784,0.9176178574562073,0.09893196821212769
112197,librosa,29.976598639455784,0.7167115211486816,0.09930846095085144
112198,librosa,29.976598639455784,0.8158406019210815,0.09039407223463058
112199,librosa,30.0,0.8629473447799683,0.12354964017868042
112209,librosa,30.0,0.9573574066162109,0.2990936040878296
112210,librosa,30.0,0.9566004872322083,0.2327108383178711
112211,librosa,29.976598639455784,0.9690666794776917,0.33012664318084717
112215,librosa,29.976598639455784,0.3387933671474457,0.07672590762376785
112252,librosa,30.0,0.8239893317222595,0.12911507487297058
112314,librosa,29.976598639455784,0.9918338060379028,0.23909804224967957
112315,librosa,30.0,0.9961456656455994,0.28249412775039673
112316,librosa,29.976598639455784,0.9885950684547424,0.20554997026920319
112317,librosa,29.976598639455784,1.0155680179595947,0.30989372730255127
112318,librosa,29.976598639455784,0.9943614602088928,0.3045753538608551
112468,librosa,30.0,0.8683328628540039,0.1842399388551712
112481,librosa,29.976598639455784,0.9853324294090271,0.30541014671325684
112483,librosa,29.976598639455784,0.9822423458099365,0.29242658615112305
112484,librosa,29.976598639455784,0.965520977973938,0.20780597627162933
112485,librosa,29.976598639455784,0.9854653477668762,0.2715376019477844
112486,librosa,30.0,0.9966197609901428,0.2301519811153412
112487,librosa,29.976598639455784,1.0194846391677856,0.31825578212738037
112488,librosa,30.0,0.9926450252532959,0.27581652998924255
112490,librosa,29.976598639455784,0.9902902245521545,0.26899442076683044
112526,librosa,29.976598639455784,1.0355536937713623,0.23838253319263458
112527,librosa,29.976598639455784,1.0630731582641602,0.2564692795276642
112528,librosa,30.0,1.04183030128479,0.22561432421207428
112529,librosa,29.976598639455784,1.04844069480896,0.2644962668418884
112583,librosa,30.0,0.8591938018798828,0.1527545005083084
112584,librosa,29.976598639455784,0.737182080745697,0.08075613528490067
112585,librosa,30.0,0.9922868609428406,0.23245424032211304
112586,librosa,29.976598639455784,1.008042335510254,0.20025336742401123
112587,librosa,30.0,0.9887323379516602,0.19157107174396515
112588,librosa,29.976598639455784,0.970344066619873,0.14191527664661407
112668,librosa,29.976598639455784,0.9792368412017822,0.24012744426727295
112733,librosa,30.0,1.0394431352615356,0.32791566848754883
112734,librosa,29.976598639455784,0.9967976212501526,0.3522173762321472
112735,librosa,30.0,0.9903178215026855,0.3324093222618103
112767,librosa,29.976598639455784,1.0135555267333984,0.25013667345046997
112768,librosa,29.976598639455784,0.7480697631835938,0.13658961653709412
112769,librosa,29.976598639455784,0.6400719881057739,0.18054047226905823
112770,librosa,30.0,0.9190303087234497,0.2459365725517273
112780,librosa,30.0,0.6311346292495728,0.12059587985277176
112781,librosa,29.976598639455784,0.7529916763305664,0.10693901032209396
112785,librosa,30.0,1.0657572746276855,0.2170816957950592
112788,librosa,30.0,1.0965945720672607,0.29813113808631897
112789,librosa,30.0,0.9709041118621826,0.1751910150051117
112790,librosa,29.976598639455784,1.099075436592102,0.3265562951564789
112821,librosa,30.0,0.15275715291500092,0.019191868603229523
112975,librosa,29.976598639455784,0.8403657674789429,0.15020392835140228
112976,librosa,29.976598639455784,0.9440435171127319,0.16047081351280212
112977,librosa,30.0,0.9233899116516113,0.16500478982925415
112978,librosa,30.0,0.8858907222747803,0.13184426724910736
113016,librosa,29.976598639455784,1.0105998516082764,0.19649209082126617
113017,librosa,29.976598639455784,0.9705408811569214,0.1543767750263214
113018,librosa,30.0,0.9732966423034668,0.16150245070457458
113019,librosa,30.0,0.9604232311248779,0.12427756190299988
113020,librosa,30.0,0.9559088945388794,0.23038528859615326
113021,librosa,30.0,0.9964805841445923,0.1351739764213562
113022,librosa,29.976598639455784,0.9553529620170593,0.15994904935359955
113023,librosa,29.976598639455784,0.7709705829620361,0.08193949609994888
113024,librosa,29.976598639455784,0.9562889337539673,0.19428318738937378
113025,librosa,30.0,0.760149359703064,0.09514058381319046
113026,librosa,29.976598639455784,0.9601877927780151,0.17855913937091827
113027,librosa,30.0,0.9733084440231323,0.18797902762889862
113028,librosa,29.976598639455784,0.4008098840713501,0.0883038341999054
113030,librosa,29.976598639455784,0.9787775874137878,0.29701292514801025
113031,librosa,30.0,0.9898866415023804,0.17902840673923492
113032,librosa,29.976598639455784,0.9778670072555542,0.21442671120166779
113033,librosa,29.976598639455784,0.9789823889732361,0.32588428258895874
113034,librosa,30.0,0.9399967789649963,0.1694646179676056
113035,librosa,30.0,0.7505511045455933,0.10209725797176361
113036,librosa,30.0,0.9704887270927429,0.1079794391989708
113037,librosa,29.976598639455784,0.809576690196991,0.0678502693772316
113063,librosa,29.976598639455784,0.9816542863845825,0.3163473606109619
113110,librosa,29.976598639455784,0.5919641256332397,0.0379575751721859
113164,librosa,30.0,1.099449872970581,0.38480374217033386
113165,librosa,29.976598639455784,1.111229658126831,0.38684460520744324
113166,librosa,30.0,1.009954571723938,0.24737665057182312
113167,librosa,30.0,0.9922910928726196,0.17688457667827606
113203,librosa,30.0,0.7516194581985474,0.13275140523910522
113259,librosa,29.976598639455784,0.912889838218689,0.1472558230161667
113260,librosa,30.0,0.9700823426246643,0.20767462253570557
113261,librosa,29.976598639455784,1.0336840152740479,0.23853518068790436
113262,librosa,30.0,0.746467649936676,0.1140737310051918
113263,librosa,29.976598639455784,0.925758421421051,0.20228172838687897
113264,librosa,29.976598639455784,1.1125038862228394,0.29593077301979065
113265,librosa,29.976598639455784,0.9915210008621216,0.30060628056526184
113266,librosa,29.976598639455784,1.0596580505371094,0.33155593276023865
113267,librosa,29.976598639455784,1.0003923177719116,0.2612842619419098
113268,librosa,30.0,0.9383934736251831,0.3207443058490753
113269,librosa,29.976598639455784,1.0058166980743408,0.24758772552013397
113270,librosa,30.0,1.0348964929580688,0.34533512592315674
113271,librosa,30.0,0.8933495283126831,0.20107699930667877
113272,librosa,30.0,1.0023127794265747,0.1986216902732849
113273,librosa,29.976598639455784,0.9944750070571899,0.13558168709278107
113274,librosa,29.976598639455784,0.8903287649154663,0.3341061472892761
113275,librosa,29.976598639455784,0.9883599281311035,0.2874680459499359
113276,librosa,30.0,0.8882190585136414,0.21716323494911194
113277,librosa,29.976598639455784,0.9751455783843994,0.2371307909488678
113278,librosa,29.976598639455784,0.8948608040809631,0.21879100799560547
113279,librosa,30.0,0.5677245855331421,0.0916936919093132
113280,librosa,30.0,0.6682925224304199,0.08274821192026138
113281,librosa,29.976598639455784,0.8878617286682129,0.1518571674823761
113282,librosa,29.976598639455784,0.9464305639266968,0.21506330370903015
113284,librosa,29.976598639455784,1.0755538940429688,0.2684515416622162
113294,librosa,30.0,1.0980777740478516,0.23888197541236877
113303,librosa,29.988979591836735,0.9344419836997986,0.21981553733348846
113304,librosa,30.0,1.1174473762512207,0.3040199279785156
113305,librosa,30.0,1.0354963541030884,0.22662173211574554
113311,librosa,29.988979591836735,1.0221465826034546,0.2385353446006775
113334,librosa,30.0,0.8186041116714478,0.1429147720336914
113335,librosa,30.0,0.9064656496047974,0.1573241502046585
113336,librosa,29.976598639455784,0.9149491786956787,0.2464275062084198
113342,librosa,29.976598639455784,0.9491754770278931,0.23664604127407074
113343,librosa,29.976598639455784,0.9826598167419434,0.2677253186702728
113344,librosa,30.0,0.9782412648200989,0.23421579599380493
113357,librosa,29.976598639455784,0.9878756403923035,0.19327688217163086
113359,librosa,29.976598639455784,0.9801889657974243,0.11858314275741577
113360,librosa,29.976598639455784,0.9840171337127686,0.15039072930812836
113453,librosa,30.0,1.0648620128631592,0.21975268423557281
113511,librosa,30.0,0.8589662313461304,0.09608394652605057
113512,librosa,29.976598639455784,0.8180506229400635,0.12256068736314774
113513,librosa,29.976598639455784,0.8310260772705078,0.134220153093338
113530,librosa,30.0,0.4572957158088684,0.09110263735055923
113558,librosa,29.988979591836735,0.9151360988616943,0.2784043550491333
113564,librosa,29.976598639455784,0.9457180500030518,0.19580034911632538
113574,librosa,30.0,0.988722562789917,0.2265390157699585
113696,librosa,30.0,0.9726053476333618,0.13929954171180725
113697,librosa,29.976598639455784,0.9795646667480469,0.11850285530090332
113698,librosa,30.0,0.6390764713287354,0.07576065510511398
113699,librosa,29.976598639455784,0.9850478172302246,0.10701697319746017
113700,librosa,29.976598639455784,0.9746012091636658,0.15025228261947632
113701,librosa,30.0,0.869611382484436,0.11177545040845871
113702,librosa,30.0,0.9887419939041138,0.4454001188278198
113787,librosa,30.0,0.6225783228874207,0.09874054044485092
113788,librosa,30.0,0.7827060222625732,0.10546513646841049
113789,librosa,30.0,0.9038883447647095,0.11863750964403152
113790,librosa,29.976598639455784,0.8879690766334534,0.13288530707359314
113808,librosa,29.976598639455784,1.1084197759628296,0.384813517332077
113809,librosa,30.0,1.1030690670013428,0.34480908513069153
113810,librosa,30.0,1.0789881944656372,0.28927168250083923
113822,librosa,29.976598639455784,1.0083396434783936,0.22593767940998077
113932,librosa,30.0,0.8876534104347229,0.11193059384822845
113933,librosa,29.976598639455784,0.7750119566917419,0.11799459904432297
113934,librosa,29.976598639455784,0.9587782025337219,0.20078884065151215
113935,librosa,29.976598639455784,0.946532130241394,0.19077154994010925
113946,librosa,29.976598639455784,0.9946846961975098,0.2495817095041275
113949,librosa,29.976598639455784,0.9723511934280396,0.11503276228904724
113950,librosa,29.976598639455784,0.9733531475067139,0.1509627401828766
113969,librosa,29.976598639455784,0.5857402086257935,0.12243229895830154
113970,librosa,29.976598639455784,1.0756117105484009,0.23106299340724945
113971,librosa,29.976598639455784,1.0277481079101562,0.2002260535955429
113972,librosa,29.976598639455784,0.940737247467041,0.2175079733133316
113973,librosa,30.0,1.0481613874435425,0.21351258456707
114006,librosa,29.976598639455784,1.079634428024292,0.314086377620697
114007,librosa,29.976598639455784,0.9925369024276733,0.25593405961990356
114036,librosa,29.976598639455784,0.8516526222229004,0.28104764223098755
114037,librosa,29.976598639455784,0.8004146814346313,0.11222340911626816
114040,librosa,30.0,0.7412992119789124,0.18140071630477905
114041,librosa,30.0,1.0651850700378418,0.24562275409698486
114042,librosa,29.976598639455784,0.7937934398651123,0.11477183550596237
114044,librosa,29.976598639455784,0.830163300037384,0.31791073083877563
114045,librosa,29.976598639455784,0.9412119388580322,0.15514250099658966
114047,librosa,30.0,0.9585716724395752,0.13033972680568695
114048,librosa,29.976598639455784,0.7427086234092712,0.19285839796066284
114049,librosa,29.976598639455784,0.8923165798187256,0.20495714247226715
114050,librosa,29.976598639455784,0.9800474643707275,0.21000875532627106
114051,librosa,29.976598639455784,0.8102481961250305,0.117186039686203
114061,librosa,29.976598639455784,0.8732572197914124,0.24916405975818634
114062,librosa,29.988979591836735,1.0508625507354736,0.3001622259616852
114063,librosa,30.0,0.9301981329917908,0.24984486401081085
114064,librosa,30.0,0.7734118700027466,0.25621187686920166
114065,librosa,29.976598639455784,0.820996880531311,0.19906865060329437
114066,librosa,30.0,0.9632222652435303,0.29327452182769775
114067,librosa,29.976598639455784,0.9179576635360718,0.25124591588974
114069,librosa,29.988979591836735,0.872738778591156,0.04729030653834343
114070,librosa,29.988979591836735,0.9736624956130981,0.12812943756580353
114072,librosa,29.988979591836735,0.531621515750885,0.0709102675318718
114073,librosa,29.988979591836735,0.5329288244247437,0.06581679731607437
114074,librosa,29.988979591836735,0.424003928899765,0.047193754464387894
114076,librosa,29.988979591836735,0.8685351014137268,0.06408846378326416
114077,librosa,29.988979591836735,0.8942681550979614,0.046475499868392944
114198,librosa,30.0,1.100569248199463,0.27235400676727295
114199,librosa,30.0,1.0917937755584717,0.2548396587371826
114200,librosa,29.976598639455784,1.0632891654968262,0.22767788171768188
114201,librosa,30.0,1.0597608089447021,0.2104627937078476
114212,librosa,30.0,0.9593555927276611,0.17620441317558289
114222,librosa,30.0,0.8876770734786987,0.1094590499997139
114223,librosa,29.976598639455784,0.8952691555023193,0.11096502095460892
114231,librosa,29.988979591836735,0.9602201581001282,0.20153817534446716
114232,librosa,29.988979591836735,0.884635865688324,0.1267520785331726
114233,librosa,29.988979591836735,0.9457576870918274,0.09048887342214584
114234,librosa,29.988979591836735,0.9820534586906433,0.2000974714756012
114235,librosa,29.988979591836735,0.8143008947372437,0.05875588580965996
114236,librosa,29.988979591836735,0.9632565379142761,0.16456705331802368
114237,librosa,29.988979591836735,0.986979603767395,0.21344146132469177
114238,librosa,29.988979591836735,0.9827427268028259,0.20914818346500397
114239,librosa,29.988979591836735,0.9783342480659485,0.14452095329761505
114242,librosa,29.976598639455784,0.9831687211990356,0.29957449436187744
114245,librosa,29.976598639455784,0.953454315662384,0.23484010994434357
114265,librosa,29.988979591836735,1.1052175760269165,0.2568989396095276
114266,librosa,29.988979591836735,1.021842360496521,0.3024328947067261
114268,librosa,29.988979591836735,1.0404266119003296,0.24160389602184296
114272,librosa,29.988979591836735,0.9360047578811646,0.2607945203781128
114274,librosa,29.988979591836735,1.1354087591171265,0.28760457038879395
114275,librosa,29.988979591836735,0.9299172759056091,0.24773482978343964
114279,librosa,29.976598639455784,0.9815053939819336,0.2163417488336563
114282,librosa,29.976598639455784,0.8544988632202148,0.15413986146450043
114283,librosa,29.976598639455784,1.0150026082992554,0.3033250868320465
114289,librosa,29.976598639455784,1.0919206142425537,0.3246968984603882
114290,librosa,30.0,1.153249740600586,0.30604657530784607
114291,librosa,30.0,1.1082261800765991,0.31569021940231323
114292,librosa,29.976598639455784,1.0541354417800903,0.3146706819534302
114293,librosa,30.0,1.0637925863265991,0.38184356689453125
114294,librosa,30.0,1.1149462461471558,0.25370609760284424
114295,librosa,30.0,1.0273417234420776,0.43041983246803284
114296,librosa,29.976598639455784,1.0704081058502197,0.39305379986763
114297,librosa,30.0,1.168428897857666,0.359955370426178
114298,librosa,29.976598639455784,1.078386664390564,0.2964809834957123
114371,librosa,29.976598639455784,0.9767187833786011,0.1660601943731308
114372,librosa,29.976598639455784,0.9863206148147583,0.19220365583896637
114373,librosa,30.0,0.9826651811599731,0.2855880558490753
114374,librosa,29.988979591836735,0.988012433052063,0.2598091661930084
114375,librosa,29.976598639455784,0.9842205047607422,0.2933806777000427
114384,librosa,29.976598639455784,1.0061811208724976,0.4445938467979431
114385,librosa,29.976598639455784,1.0041170120239258,0.4353348910808563
114386,librosa,29.976598639455784,1.0387884378433228,0.3948882222175598
114387,librosa,30.0,1.0165303945541382,0.37758585810661316
114388,librosa,30.0,1.0455310344696045,0.365901917219162
114389,librosa,29.976598639455784,1.0037013292312622,0.25527507066726685
114390,librosa,29.976598639455784,1.2124905586242676,0.5095401406288147
114391,librosa,29.976598639455784,0.9780933260917664,0.3957524597644806
114392,librosa,30.0,1.0082532167434692,0.3595515191555023
114393,librosa,29.976598639455784,0.9912734031677246,0.4421852231025696
114395,librosa,30.0,0.45322299003601074,0.08591486513614655
114396,librosa,29.976598639455784,0.21597059071063995,0.0542624294757843
114397,librosa,29.976598639455784,0.4090631902217865,0.08702263981103897
114398,librosa,30.0,0.22536715865135193,0.03038633242249489
114399,librosa,30.0,0.30635324120521545,0.07343119382858276
114400,librosa,29.976598639455784,0.3429887294769287,0.049507103860378265
114401,librosa,30.0,0.2838554382324219,0.04067806154489517
114402,librosa,30.0,0.48723849654197693,0.07274619489908218
114403,librosa,30.0,0.3380454182624817,0.07010063529014587
114404,librosa,30.0,0.5312392711639404,0.14393827319145203
114405,librosa,29.976598639455784,0.3845416009426117,0.09501718729734421
114406,librosa,30.0,0.5274982452392578,0.0666375607252121
114408,librosa,29.976598639455784,0.44559723138809204,0.057236406952142715
114409,librosa,29.976598639455784,0.48886752128601074,0.11273203790187836
114410,librosa,30.0,0.47807255387306213,0.11875449120998383
114411,librosa,29.976598639455784,0.4587043225765228,0.10209318995475769
114412,librosa,29.976598639455784,0.40295499563217163,0.08601438254117966
114413,librosa,30.0,0.36698585748672485,0.07905273884534836
114414,librosa,29.976598639455784,0.4395594596862793,0.0958213061094284
114415,librosa,30.0,0.35065358877182007,0.10234519839286804
114416,librosa,29.976598639455784,0.6427040100097656,0.13150204718112946
114430,librosa,29.976598639455784,1.2572606801986694,0.32258340716362
114532,librosa,29.988979591836735,0.9225423336029053,0.11405432969331741
114533,librosa,29.988979591836735,0.9242687225341797,0.16273605823516846
114534,librosa,29.988979591836735,0.9831002354621887,0.1472582370042801
114535,librosa,29.988979591836735,0.8663953542709351,0.10552316904067993
114536,librosa,29.988979591836735,0.73665851354599,0.06585591286420822
114538,librosa,29.988979591836735,0.9842399954795837,0.22562772035598755
114539,librosa,29.988979591836735,0.9966447949409485,0.20089364051818848
114541,librosa,29.988979591836735,0.9690173864364624,0.16331599652767181
114544,librosa,29.988979591836735,0.9680624604225159,0.3328714072704315
114545,librosa,29.988979591836735,1.005154013633728,0.31052902340888977
114556,librosa,30.0,1.185793399810791,0.4148646593093872
114558,librosa,29.988979591836735,1.2038246393203735,0.365967333316803
114559,librosa,29.988979591836735,0.9708508849143982,0.2189089059829712
114879,librosa,29.976598639455784,0.9565083980560303,0.11491000652313232
114880,librosa,29.976598639455784,0.9614956378936768,0.09450874477624893
114884,librosa,30.0,0.9658398628234863,0.12694966793060303
114936,librosa,30.0,0.8965254426002502,0.10228981822729111
114937,librosa,30.0,1.012295126914978,0.1350015550851822
114938,librosa,30.0,0.9706662893295288,0.13062824308872223
114939,librosa,29.976598639455784,1.0129907131195068,0.1289379745721817
114940,librosa,30.0,1.0084073543548584,0.1862287074327469
114941,librosa,30.0,1.0130577087402344,0.1371258795261383
114942,librosa,29.976598639455784,0.8565160036087036,0.10189618170261383
114943,librosa,30.0,0.8129985332489014,0.14286595582962036
114974,librosa,29.976598639455784,0.7933163642883301,0.14815913140773773
114976,librosa,30.0,1.0000109672546387,0.4523416757583618
115002,librosa,29.976598639455784,0.8314870595932007,0.16647177934646606
115011,librosa,29.976598639455784,0.7283859252929688,0.07423701137304306
115125,librosa,29.976598639455784,0.9532618522644043,0.14261487126350403
115176,librosa,29.976598639455784,0.8975781202316284,0.1664593368768692
115262,librosa,30.0,0.9676088094711304,0.2245037704706192
115263,librosa,30.0,0.9563280344009399,0.2322426438331604
115267,librosa,29.976598639455784,0.948843240737915,0.20727074146270752
115268,librosa,30.0,0.9573251008987427,0.1823880523443222
115269,librosa,30.0,0.9357285499572754,0.22362889349460602
115271,librosa,30.0,0.9407013654708862,0.20994937419891357
115272,librosa,30.0,0.9115710258483887,0.1824280470609665
115273,librosa,29.976598639455784,0.9235677123069763,0.22404658794403076
115288,librosa,30.0,0.7722578048706055,0.15285278856754303
115289,librosa,30.0,0.8666057586669922,0.24278055131435394
115290,librosa,29.976598639455784,0.8952691555023193,0.11096502095460892
115292,librosa,30.0,0.8876770734786987,0.1094590499997139
115293,librosa,29.976598639455784,0.8935539126396179,0.1787838339805603
115294,librosa,30.0,0.9593555927276611,0.17620441317558289
115321,librosa,29.976598639455784,0.997661292552948,0.1840054839849472
115339,librosa,29.976598639455784,1.0207395553588867,0.1669694483280182
115391,librosa,30.0,0.9735276103019714,0.32689327001571655
115392,librosa,30.0,0.7816025018692017,0.19050976634025574
115470,librosa,29.988979591836735,0.512263834476471,0.10761836171150208
115471,librosa,29.988979591836735,0.7726566195487976,0.13412019610404968
115472,librosa,29.988979591836735,0.7284330129623413,0.10767124593257904
115473,librosa,29.988979591836735,0.8371706008911133,0.13395525515079498
115474,librosa,29.988979591836735,0.6015723943710327,0.06685291230678558
115475,librosa,29.988979591836735,0.7148942351341248,0.07367491722106934
115591,librosa,30.0,0.601843535900116,0.07220084220170975
115592,librosa,29.976598639455784,0.5990095138549805,0.11602982878684998
115597,librosa,29.976598639455784,0.7266364097595215,0.13511714339256287
115697,librosa,30.0,1.0092051029205322,0.20206888020038605
115698,librosa,30.0,1.0870985984802246,0.3002360463142395
115699,librosa,30.0,1.0682733058929443,0.16948215663433075
115700,librosa,29.976598639455784,0.31700313091278076,0.05336703732609749
115721,librosa,29.976598639455784,0.9843012690544128,0.18497061729431152
115722,librosa,30.0,0.919308066368103,0.22308287024497986
115723,librosa,29.976598639455784,1.0539180040359497,0.1847933828830719
115724,librosa,29.976598639455784,0.9656252264976501,0.15159447491168976
115735,librosa,29.976598639455784,1.119795799255371,0.31167250871658325
115761,librosa,30.0,0.7890595197677612,0.2061213105916977
115762,librosa,29.976598639455784,0.8040822744369507,0.17585740983486176
115764,librosa,30.0,0.9862580895423889,0.1100359782576561
115765,librosa,29.976598639455784,0.9352104067802429,0.1860293298959732
115766,librosa,30.0,0.6268318891525269,0.11204876005649567
115767,librosa,29.976598639455784,0.4648529291152954,0.09964083135128021
115768,librosa,30.0,0.6839302778244019,0.12049486488103867
115769,librosa,29.976598639455784,0.4656531512737274,0.06561683118343353
115771,librosa,29.976598639455784,0.4084979295730591,0.07712895423173904
115772,librosa,30.0,1.0027095079421997,0.20779497921466827
115773,librosa,29.976598639455784,0.5230349898338318,0.09144604206085205
115774,librosa,30.0,0.7610301971435547,0.17590555548667908
115775,librosa,29.976598639455784,0.9623610973358154,0.15838226675987244
115811,librosa,29.976598639455784,0.9823470115661621,0.22240935266017914
115812,librosa,30.0,0.9764933586120605,0.2191753089427948
115813,librosa,29.976598639455784,0.9928021430969238,0.21145018935203552
115814,librosa,29.976598639455784,0.9750576615333557,0.20397810637950897
115815,librosa,30.0,0.9870275259017944,0.22263438999652863
115816,librosa,29.976598639455784,0.9985542893409729,0.23151808977127075
115817,librosa,29.976598639455784,0.5625439286231995,0.09982588142156601
115849,librosa,29.976598639455784,0.7312355637550354,0.06965214759111404
115850,librosa,29.976598639455784,0.8741769790649414,0.06984806805849075
115852,librosa,29.976598639455784,0.5709684491157532,0.056834228336811066
115888,librosa,29.988979591836735,0.9920539855957031,0.15585894882678986
115891,librosa,29.988979591836735,0.9901418089866638,0.23759984970092773
115892,librosa,29.988979591836735,0.9816770553588867,0.21030406653881073
115922,librosa,30.0,0.9795814752578735,0.24189196527004242
115923,librosa,29.976598639455784,0.8097507953643799,0.12445470690727234
115925,librosa,30.0,0.9423431158065796,0.22463975846767426
115926,librosa,29.976598639455784,0.8887642621994019,0.20307880640029907
115927,librosa,30.0,0.9674118757247925,0.22767579555511475
115930,librosa,30.0,1.000331163406372,0.11378869414329529
115932,librosa,30.0,0.6897461414337158,0.17297589778900146
115935,librosa,30.0,0.9992965459823608,0.15788161754608154
115944,librosa,29.976598639455784,0.40766361355781555,0.0741114690899849
115948,librosa,30.0,0.36443284153938293,0.0788392499089241
116029,librosa,29.976598639455784,0.9257460236549377,0.11886231601238251
116068,librosa,29.976598639455784,0.9213827848434448,0.2568702697753906
116098,librosa,29.988979591836735,0.9838834404945374,0.18742892146110535
116099,librosa,29.988979591836735,0.8671815395355225,0.09383604675531387
116101,librosa,29.988979591836735,0.9587495923042297,0.18918900191783905
116116,librosa,29.976598639455784,0.5350247025489807,0.2190246880054474
116119,librosa,29.976598639455784,0.7606291174888611,0.1253434121608734
116175,librosa,29.976598639455784,0.9552481770515442,0.240801602602005
116176,librosa,29.976598639455784,0.8225122690200806,0.1484026163816452
116177,librosa,29.976598639455784,0.9583780765533447,0.2190191149711609
116235,librosa,29.976598639455784,0.9106205701828003,0.18106026947498322
116236,librosa,30.0,1.0273306369781494,0.2146148979663849
116237,librosa,30.0,1.025688886642456,0.19404932856559753
116238,librosa,30.0,1.0531104803085327,0.26605287194252014
116239,librosa,30.0,1.0156383514404297,0.37021511793136597
116240,librosa,29.976598639455784,0.9902698993682861,0.21287843585014343
116241,librosa,30.0,1.0838100910186768,0.324882447719574
116242,librosa,29.976598639455784,1.0649200677871704,0.28336769342422485
116243,librosa,29.976598639455784,0.999815821647644,0.2505556344985962
116261,librosa,29.976598639455784,0.9474818110466003,0.33547836542129517
116344,librosa,29.976598639455784,1.0230987071990967,0.2464725226163864
116345,librosa,29.976598639455784,0.9969186782836914,0.23565448820590973
116372,librosa,30.0,0.43724244832992554,0.035483065992593765
116383,librosa,30.0,0.7991503477096558,0.15436173975467682
116388,librosa,29.976598639455784,0.5616436004638672,0.06764128059148788
116389,librosa,30.0,0.7714266180992126,0.11502735316753387
116390,librosa,30.0,0.6295349597930908,0.0557752288877964
116407,librosa,29.976598639455784,0.5930366516113281,0.0982447937130928
116446,librosa,30.0,0.9883431196212769,0.21141478419303894
116447,librosa,30.0,0.9382514357566833,0.16850106418132782
116448,librosa,29.976598639455784,0.9820348024368286,0.20322886109352112
116449,librosa,30.0,1.0105860233306885,0.22044584155082703
116451,librosa,29.976598639455784,0.9346364140510559,0.1309080272912979
116452,librosa,30.0,0.9479345083236694,0.1984228491783142
116453,librosa,29.976598639455784,0.9125343561172485,0.1891629546880722
116454,librosa,29.976598639455784,0.9786202907562256,0.21390853822231293
116455,librosa,29.976598639455784,0.8958078026771545,0.1854063868522644
116456,librosa,30.0,0.9752453565597534,0.19983625411987305
116457,librosa,29.976598639455784,0.7544853091239929,0.14051589369773865
116458,librosa,29.976598639455784,1.0078425407409668,0.21930228173732758
116464,librosa,30.0,1.0059748888015747,0.2536994516849518
116465,librosa,29.976598639455784,1.102865219116211,0.2439967840909958
116466,librosa,29.988979591836735,0.973404049873352,0.11178062856197357
116467,librosa,29.988979591836735,0.6721843481063843,0.0986718237400055
116468,librosa,29.988979591836735,0.8015099167823792,0.08559103310108185
116487,librosa,29.988979591836735,0.8620834350585938,0.09280985593795776
116488,librosa,29.988979591836735,0.8604366779327393,0.14764611423015594
116489,librosa,29.988979591836735,0.8188343048095703,0.09221718460321426
116490,librosa,29.988979591836735,0.9034279584884644,0.15467526018619537
116491,librosa,29.988979591836735,0.9608402252197266,0.11892662942409515
116514,librosa,30.0,0.9010365605354309,0.27827370166778564
116517,librosa,29.976598639455784,0.8894744515419006,0.22207674384117126
116525,librosa,29.976598639455784,0.9743322730064392,0.2966688573360443
116526,librosa,29.976598639455784,0.8865927457809448,0.19392523169517517
116527,librosa,29.976598639455784,0.8697797656059265,0.266905277967453
116528,librosa,29.976598639455784,0.9477401971817017,0.2647722661495209
116547,librosa,29.976598639455784,1.07011878490448,0.2555255889892578
116549,librosa,29.976598639455784,0.6185166239738464,0.05461768060922623
116586,librosa,29.976598639455784,0.7945541143417358,0.16764168441295624
116587,librosa,30.0,0.4735339283943176,0.07501459866762161
116704,librosa,29.976598639455784,0.33628103137016296,0.07729656249284744
116706,librosa,30.0,0.5221180319786072,0.077850840985775
116707,librosa,29.976598639455784,0.2583075165748596,0.01997760869562626
116709,librosa,30.0,0.8658311367034912,0.10550274699926376
116733,librosa,29.988979591836735,0.4324495494365692,0.0739658772945404
116735,librosa,29.988979591836735,0.7527509927749634,0.07535286992788315
116736,librosa,29.988979591836735,0.4825590252876282,0.043095674365758896
116753,librosa,30.0,0.8107641339302063,0.12569624185562134
116755,librosa,29.976598639455784,0.2602848410606384,0.03367090970277786
116756,librosa,30.0,0.4728499948978424,0.07393836975097656
116757,librosa,29.976598639455784,0.46468979120254517,0.06931859254837036
116758,librosa,30.0,0.6095116138458252,0.11956826597452164
116759,librosa,30.0,0.7377256155014038,0.11046452075242996
116760,librosa,30.0,0.9532286524772644,0.1287969946861267
116833,librosa,29.976598639455784,1.296356439590454,0.7146726846694946
116868,librosa,29.988979591836735,0.7106544971466064,0.10463729500770569
116869,librosa,29.988979591836735,0.3472181558609009,0.04391307756304741
116870,librosa,29.988979591836735,0.5695977807044983,0.13840840756893158
116871,librosa,29.988979591836735,0.5646566152572632,0.11201812326908112
116872,librosa,29.976598639455784,0.962855339050293,0.13519659638404846
116873,librosa,30.0,1.0607030391693115,0.1464906483888626
116874,librosa,29.976598639455784,0.9774302244186401,0.1172977164387703
116876,librosa,30.0,0.8661171197891235,0.13279098272323608
116877,librosa,30.0,0.9620445370674133,0.24339920282363892
116878,librosa,30.0,1.0113437175750732,0.26019853353500366
116879,librosa,29.976598639455784,0.98717200756073,0.2892770767211914
116880,librosa,30.0,0.9648340940475464,0.21037079393863678
116881,librosa,29.976598639455784,0.9352360963821411,0.25746428966522217
116882,librosa,29.976598639455784,0.8939401507377625,0.21107152104377747
116883,librosa,30.0,0.8395344614982605,0.12574277818202972
117057,librosa,29.976598639455784,0.609665036201477,0.11689170449972153
117159,librosa,29.988979591836735,0.9894466400146484,0.1763613224029541
117160,librosa,29.988979591836735,0.9859863519668579,0.13231559097766876
117161,librosa,29.988979591836735,0.996302604675293,0.1881399005651474
117169,librosa,29.988979591836735,0.8608517050743103,0.07294081896543503
117170,librosa,29.988979591836735,0.4861220121383667,0.08535297214984894
117171,librosa,29.988979591836735,0.49319082498550415,0.02266649529337883
117172,librosa,29.988979591836735,0.48522308468818665,0.05165030062198639
117173,librosa,29.988979591836735,0.7730027437210083,0.08673848956823349
117251,librosa,30.0,0.7243908643722534,0.14605234563350677
117252,librosa,30.0,0.5955797433853149,0.057956960052251816
117253,librosa,29.976598639455784,0.6656237244606018,0.13624903559684753
117287,librosa,29.976598639455784,1.0435688495635986,0.4374134838581085
117288,librosa,29.976598639455784,0.9541743993759155,0.20844383537769318
117450,librosa,29.988979591836735,1.0762577056884766,0.26328468322753906
117472,librosa,30.0,0.6874068975448608,0.15079118311405182
117473,librosa,29.976598639455784,0.6804990768432617,0.1396438181400299
117609,librosa,29.988979591836735,0.8298409581184387,0.11830197274684906
117610,librosa,29.988979591836735,0.668784499168396,0.1007142961025238
117611,librosa,29.988979591836735,0.8349411487579346,0.11874837428331375
117612,librosa,29.988979591836735,0.7438721656799316,0.10537268966436386
117613,librosa,29.988979591836735,0.8296301960945129,0.06287187337875366
117614,librosa,29.988979591836735,0.7050567865371704,0.11296305060386658
117626,librosa,29.976598639455784,0.8842846751213074,0.13499173521995544
117627,librosa,30.0,1.215508222579956,0.4574960172176361
117628,librosa,30.0,1.0845355987548828,0.40553227066993713
117629,librosa,30.0,0.5635653734207153,0.09567514806985855
117630,librosa,29.976598639455784,0.8584843873977661,0.11667349189519882
117631,librosa,29.976598639455784,0.7911173701286316,0.12425385415554047
117632,librosa,29.976598639455784,1.109689712524414,0.2485601007938385
117666,librosa,30.0,1.0053660869598389,0.21705658733844757
117667,librosa,30.0,0.9932734966278076,0.19483044743537903
117668,librosa,30.0,0.9968826770782471,0.21815703809261322
117669,librosa,29.976598639455784,1.012336254119873,0.18130573630332947
117670,librosa,30.0,0.9959501624107361,0.236524760723114
117846,librosa,30.0,0.9548415541648865,0.14822863042354584
117883,librosa,30.0,0.9921222925186157,0.297315388917923
117884,librosa,29.976598639455784,1.0224034786224365,0.2728956341743469
117885,librosa,29.976598639455784,0.9995059370994568,0.3032973110675812
117886,librosa,30.0,0.9923208951950073,0.2872171401977539
117887,librosa,29.976598639455784,0.9927467107772827,0.24793212115764618
117942,librosa,30.0,0.951734185218811,0.24949176609516144
117943,librosa,29.976598639455784,1.0709646940231323,0.36638233065605164
117944,librosa,29.976598639455784,0.9459976553916931,0.286954790353775
117945,librosa,29.976598639455784,1.0592432022094727,0.31351029872894287
117946,librosa,29.976598639455784,1.1227710247039795,0.2743704915046692
117961,librosa,29.976598639455784,0.9523781538009644,0.2630840241909027
117966,librosa,30.0,0.6285786628723145,0.09006647020578384
117967,librosa,29.976598639455784,0.7923529148101807,0.08704587072134018
117970,librosa,29.976598639455784,1.0045287609100342,0.17363356053829193
117991,librosa,30.0,0.46048134565353394,0.06561209261417389
118000,librosa,30.0,1.0019108057022095,0.19540466368198395
118012,librosa,30.0,0.988287091255188,0.25486651062965393
118058,librosa,29.988979591836735,0.5404168367385864,0.05965087190270424
118059,librosa,29.988979591836735,0.6253471374511719,0.06449625641107559
118060,librosa,29.988979591836735,0.22366060316562653,0.048402417451143265
118061,librosa,29.988979591836735,0.18616244196891785,0.026545103639364243
118062,librosa,29.988979591836735,0.8272881507873535,0.06936383992433548
118063,librosa,29.988979591836735,0.45805224776268005,0.05030464380979538
118068,librosa,30.0,0.3147231936454773,0.051526568830013275
118070,librosa,29.976598639455784,0.691962718963623,0.1163439080119133
118084,librosa,29.976598639455784,0.5029221773147583,0.08717196434736252
118085,librosa,29.976598639455784,0.596409797668457,0.10898645967245102
118087,librosa,29.976598639455784,0.716768741607666,0.09626082330942154
118195,librosa,30.0,0.49514883756637573,0.08946936577558517
118196,librosa,29.976598639455784,0.37314844131469727,0.08788440376520157
118222,librosa,29.976598639455784,0.6459343433380127,0.10050659626722336
118223,librosa,29.976598639455784,0.5708566904067993,0.0798528790473938
118257,librosa,30.0,0.6446185111999512,0.022091077640652657
118276,librosa,29.976598639455784,0.4225485324859619,0.09847484529018402
118277,librosa,29.976598639455784,0.5327519774436951,0.1333993524312973
118279,librosa,30.0,0.9563628435134888,0.23050037026405334
118327,librosa,29.976598639455784,0.6846689581871033,0.11193513125181198
118384,librosa,29.988979591836735,0.9996174573898315,0.20845003426074982
118478,librosa,29.976598639455784,0.8814634084701538,0.213237002491951
118484,librosa,29.976598639455784,0.150142103433609,0.027409402653574944
118489,librosa,29.976598639455784,0.5744034051895142,0.0728362575173378
118496,librosa,29.976598639455784,0.5074895024299622,0.09032707661390305
118498,librosa,30.0,0.9500977993011475,0.20379744470119476
118499,librosa,30.0,0.2839740514755249,0.03657948970794678
118500,librosa,29.976598639455784,0.9065651893615723,0.25092455744743347
118502,librosa,29.976598639455784,1.013425588607788,0.27786633372306824
118503,librosa,29.976598639455784,1.0165599584579468,0.3756182789802551
118504,librosa,30.0,0.5554933547973633,0.057335902005434036
118505,librosa,29.976598639455784,0.24515928328037262,0.03842172771692276
118507,librosa,29.976598639455784,0.8862703442573547,0.1781499981880188
118569,librosa,29.976598639455784,0.8964596390724182,0.16483233869075775
118618,librosa,29.976598639455784,0.9562199115753174,0.1340537667274475
118629,librosa,29.976598639455784,0.7415999174118042,0.0936092734336853
118670,librosa,29.976598639455784,0.8765127658843994,0.17680604755878448
118671,librosa,29.976598639455784,0.8339308500289917,0.17242738604545593
118672,librosa,29.976598639455784,0.917012095451355,0.18442527949810028
118674,librosa,29.976598639455784,0.9496706128120422,0.22338008880615234
118734,librosa,29.976598639455784,1.0059499740600586,0.2566520571708679
118735,librosa,29.976598639455784,0.6744643449783325,0.10764238238334656
118738,librosa,30.0,0.9310833215713501,0.21243830025196075
118739,librosa,30.0,0.6996560096740723,0.16058161854743958
118886,librosa,30.0,0.9907348155975342,0.219190314412117
118891,librosa,30.0,1.0111052989959717,0.27222302556037903
118920,librosa,29.976598639455784,0.9484578371047974,0.2552219033241272
118921,librosa,30.0,0.9952096939086914,0.24612143635749817
118922,librosa,30.0,1.0224223136901855,0.24757835268974304
118923,librosa,29.976598639455784,0.5619723796844482,0.05773264169692993
118950,librosa,29.988979591836735,0.2812997102737427,0.04019627720117569
118951,librosa,29.988979591836735,0.2989402413368225,0.0442788265645504
118952,librosa,29.988979591836735,0.32418501377105713,0.060306478291749954
118953,librosa,29.988979591836735,0.2660272419452667,0.050191882997751236
118954,librosa,29.988979591836735,0.27546122670173645,0.048169344663619995
118955,librosa,29.988979591836735,0.23582345247268677,0.03856242820620537
118957,librosa,30.0,0.8508478403091431,0.13216346502304077
118958,librosa,30.0,0.8857333064079285,0.19602379202842712
118972,librosa,29.976598639455784,0.5928659439086914,0.06677969545125961
118986,librosa,29.988979591836735,0.9799004793167114,0.37599653005599976
118987,librosa,29.988979591836735,0.9865081906318665,0.31284376978874207
118988,librosa,29.988979591836735,0.9722285866737366,0.2283070981502533
119025,librosa,30.0,0.9492365121841431,0.12800832092761993
119026,librosa,29.976598639455784,0.6769718527793884,0.1011517196893692
119027,librosa,29.976598639455784,0.7030192017555237,0.12147531658411026
119063,librosa,30.0,1.0001775026321411,0.11548897624015808
119086,librosa,29.976598639455784,0.909041166305542,0.15023604035377502
119095,librosa,30.0,0.6211991310119629,0.08603134006261826
119097,librosa,29.976598639455784,0.7010051608085632,0.09062458574771881
119118,librosa,30.0,1.0182619094848633,0.1883506327867508
119134,librosa,29.976598639455784,1.0110359191894531,0.18276870250701904
119187,librosa,30.0,1.1267461776733398,0.2997948229312897
119193,librosa,30.0,1.0405819416046143,0.14814801514148712
119257,librosa,30.0,0.47152817249298096,0.06468862295150757
119369,librosa,29.976598639455784,0.5876097679138184,0.047663990408182144
119379,librosa,30.0,0.8093905448913574,0.07286393642425537
119413,librosa,29.976598639455784,1.0001943111419678,0.24672746658325195
119545,librosa,29.976598639455784,1.0026475191116333,0.37816062569618225
119569,librosa,29.976598639455784,0.6687209010124207,0.11362650245428085
119571,librosa,29.976598639455784,0.4470687508583069,0.05066839978098869
119574,librosa,30.0,0.43095529079437256,0.08297502249479294
119575,librosa,30.0,0.7947620153427124,0.11160072684288025
119578,librosa,30.0,1.010825753211975,0.1681920886039734
119579,librosa,29.976598639455784,0.9989596605300903,0.22999703884124756
119580,librosa,29.976598639455784,0.9533583521842957,0.13932910561561584
119582,librosa,30.0,0.4095647633075714,0.12324512749910355
119583,librosa,29.976598639455784,0.9331438541412354,0.19429640471935272
119584,librosa,30.0,0.9587438106536865,0.09854647517204285
119592,librosa,29.976598639455784,0.9073517918586731,0.08568011224269867
119715,librosa,30.0,0.4833947420120239,0.20503683388233185
119719,librosa,29.976598639455784,0.9514609575271606,0.2547563910484314
119725,librosa,29.976598639455784,0.9572836756706238,0.25687506794929504
119726,librosa,29.976598639455784,1.1300983428955078,0.29314765334129333
119727,librosa,30.0,1.0020062923431396,0.22987757623195648
119745,librosa,30.0,1.0115118026733398,0.09838692843914032
119828,librosa,30.0,0.9167096614837646,0.22569754719734192
119830,librosa,29.976598639455784,0.9456290006637573,0.22842608392238617
119831,librosa,30.0,0.9092764258384705,0.21075771749019623
119893,librosa,29.988979591836735,0.9104492664337158,0.08823990076780319
119894,librosa,29.988979591836735,0.9942456483840942,0.15172600746154785
119895,librosa,29.988979591836735,0.9464524984359741,0.0822349339723587
119896,librosa,29.988979591836735,0.9066858887672424,0.12217775732278824
119897,librosa,29.988979591836735,0.8199793696403503,0.10101977735757828
119898,librosa,29.988979591836735,0.6477754712104797,0.052291762083768845
119899,librosa,29.988979591836735,0.7494733333587646,0.11458832025527954
119900,librosa,29.988979591836735,0.9349738359451294,0.14317694306373596
119901,librosa,29.988979591836735,0.8642468452453613,0.14363445341587067
119922,librosa,30.0,0.90317702293396,0.23738466203212738
119938,librosa,29.976598639455784,0.8233474493026733,0.16146320104599
119939,librosa,29.976598639455784,0.8565756678581238,0.2576121985912323
119940,librosa,29.976598639455784,0.8442157506942749,0.23441240191459656
119941,librosa,30.0,0.8533322811126709,0.23757432401180267
119942,librosa,30.0,0.8348634243011475,0.2570856809616089
119979,librosa,29.976598639455784,0.5511817932128906,0.048669323325157166
119985,librosa,30.0,1.0053848028182983,0.24524515867233276
119988,librosa,30.0,0.9882058501243591,0.22995012998580933
119991,librosa,30.0,0.9930108785629272,0.23008956015110016
119992,librosa,29.976598639455784,0.9466350078582764,0.16166965663433075
119993,librosa,30.0,0.9943360090255737,0.26915356516838074
119994,librosa,30.0,0.9832167625427246,0.2561618983745575
120099,librosa,30.0,0.9865460395812988,0.16299836337566376
120105,librosa,29.976598639455784,0.6769794821739197,0.13297517597675323
120109,librosa,29.976598639455784,0.9912115335464478,0.2184036374092102
120111,librosa,30.0,0.8875664472579956,0.16234850883483887
120112,librosa,30.0,0.9883992671966553,0.074984110891819
120150,librosa,29.976598639455784,0.3578079640865326,0.07085467129945755
120160,librosa,29.976598639455784,0.8023951053619385,0.0759328305721283
120161,librosa,30.0,0.73881596326828,0.15970750153064728
120171,librosa,29.976598639455784,0.39474838972091675,0.04452960565686226
120172,librosa,29.976598639455784,0.5404746532440186,0.06891542673110962
120177,librosa,29.976598639455784,1.0224751234054565,0.14349417388439178
120178,librosa,30.0,0.7240921854972839,0.09479057788848877
120179,librosa,29.976598639455784,0.9492671489715576,0.24054968357086182
120183,librosa,30.0,0.8440160751342773,0.2085772603750229
120184,librosa,30.0,1.080179214477539,0.18644769489765167
120188,librosa,30.0,0.9144204258918762,0.1456674337387085
120189,librosa,30.0,1.0927706956863403,0.1912984400987625
120194,librosa,29.976598639455784,1.0139925479888916,0.28137966990470886
120196,librosa,29.976598639455784,0.8497758507728577,0.398734986782074
120199,librosa,29.976598639455784,0.8595691323280334,0.13494692742824554
120200,librosa,29.976598639455784,0.9649801254272461,0.23628473281860352
120201,librosa,29.976598639455784,0.984290361404419,0.22406326234340668
120203,librosa,29.976598639455784,0.9331569075584412,0.13564853370189667
120206,librosa,29.976598639455784,0.8957752585411072,0.15757977962493896
120207,librosa,30.0,0.8515866994857788,0.14549721777439117
120208,librosa,29.976598639455784,0.8288663029670715,0.1369532346725464
120296,librosa,29.976598639455784,0.6969505548477173,0.22227320075035095
120297,librosa,29.988979591836735,0.8007341623306274,0.12832404673099518
120298,librosa,29.988979591836735,1.0251740217208862,0.2752351760864258
120299,librosa,29.976598639455784,1.1271754503250122,0.1919083297252655
120300,librosa,30.0,0.8707779049873352,0.17717136442661285
120302,librosa,30.0,0.9719855785369873,0.14822667837142944
120303,librosa,29.976598639455784,0.6773945689201355,0.07730121910572052
120304,librosa,29.988979591836735,0.9406518340110779,0.18511106073856354
120305,librosa,29.988979591836735,0.9123967885971069,0.2012639045715332
120306,librosa,29.976598639455784,0.9256724119186401,0.1768646091222763
120307,librosa,30.0,0.9597347974777222,0.17776864767074585
120308,librosa,29.976598639455784,1.000716209411621,0.23806262016296387
120309,librosa,30.0,0.7544975876808167,0.12742289900779724
120310,librosa,29.988979591836735,0.8442603945732117,0.13422276079654694
120312,librosa,29.988979591836735,0.7886638641357422,0.14566774666309357
120313,librosa,30.0,0.8492701053619385,0.15313810110092163
120314,librosa,30.0,0.6254789233207703,0.1530107706785202
120315,librosa,30.0,0.5634117722511292,0.10079964995384216
120316,librosa,30.0,0.8972197771072388,0.17460677027702332
120317,librosa,30.0,0.6427127122879028,0.12383303791284561
120318,librosa,29.976598639455784,0.7205691337585449,0.08825118839740753
120319,librosa,30.0,0.7471599578857422,0.09480367600917816
120320,librosa,30.0,0.9359314441680908,0.2197529822587967
120321,librosa,29.976598639455784,0.9205628633499146,0.20255853235721588
120322,librosa,29.988979591836735,0.9125638008117676,0.18463127315044403
120323,librosa,30.0,0.8936736583709717,0.18700173497200012
120324,librosa,30.0,0.9180885553359985,0.16126371920108795
120325,librosa,29.976598639455784,0.3659393787384033,0.08071081340312958
120326,librosa,29.976598639455784,0.8688663840293884,0.07584923505783081
120327,librosa,29.976598639455784,0.9925736784934998,0.15119488537311554
120328,librosa,29.976598639455784,0.7285850048065186,0.10989373177289963
120329,librosa,29.976598639455784,0.991703987121582,0.11078878492116928
120330,librosa,29.988979591836735,0.7234693169593811,0.14549407362937927
120331,librosa,29.976598639455784,0.8552725911140442,0.11308398097753525
120332,librosa,29.988979591836735,0.9471661448478699,0.15475162863731384
120333,librosa,29.988979591836735,0.6302015781402588,0.15379835665225983
120462,librosa,30.0,0.9694000482559204,0.1924745887517929
120466,librosa,30.0,0.8576569557189941,0.17820164561271667
120467,librosa,29.976598639455784,0.9935666918754578,0.20005282759666443
120468,librosa,29.976598639455784,0.9994243383407593,0.30885908007621765
120469,librosa,30.0,0.9896221160888672,0.2895892560482025
120470,librosa,30.0,1.075899600982666,0.3737800717353821
120471,librosa,29.976598639455784,0.9143258333206177,0.26068738102912903
120504,librosa,29.976598639455784,0.7198128700256348,0.1096470057964325
120513,librosa,29.976598639455784,1.0775306224822998,0.2648002505302429
120514,librosa,30.0,1.0826773643493652,0.3309619128704071
120515,librosa,29.976598639455784,1.0350569486618042,0.2309126853942871
120518,librosa,29.976598639455784,0.993209719657898,0.23546558618545532
120769,librosa,29.976598639455784,0.5768523812294006,0.1146244928240776
120770,librosa,29.976598639455784,0.9871951341629028,0.2275662124156952
120771,librosa,30.0,0.7776651978492737,0.0933070108294487
120772,librosa,29.976598639455784,0.9131060838699341,0.05150333046913147
120773,librosa,30.0,0.8020050525665283,0.14658842980861664
120774,librosa,30.0,0.7342535257339478,0.09216777235269547
120775,librosa,30.0,0.7670838236808777,0.10681575536727905
120776,librosa,29.976598639455784,0.6102818250656128,0.08729495853185654
120777,librosa,30.0,0.8924242258071899,0.16595253348350525
120778,librosa,29.976598639455784,0.8655011057853699,0.07283175736665726
120779,librosa,29.976598639455784,0.9973680973052979,0.1685892641544342
120782,librosa,30.0,1.126960277557373,0.4528697431087494
121251,librosa,29.976598639455784,0.9550573229789734,0.21913595497608185
121256,librosa,30.0,0.936631441116333,0.11418678611516953
121257,librosa,29.976598639455784,0.7863257527351379,0.13852448761463165
121273,librosa,29.976598639455784,0.9211904406547546,0.14150594174861908
121288,librosa,29.976598639455784,0.6645978689193726,0.1415005475282669
121312,librosa,29.976598639455784,1.0082006454467773,0.22606436908245087
121313,librosa,30.0,0.8906036615371704,0.14044100046157837
121314,librosa,29.976598639455784,1.0690981149673462,0.2747259736061096
121315,librosa,29.976598639455784,1.0424128770828247,0.33922669291496277
121316,librosa,30.0,1.134955883026123,0.2566916048526764
121317,librosa,30.0,1.1169904470443726,0.20595894753932953
121318,librosa,29.976598639455784,1.0223039388656616,0.22385919094085693
121319,librosa,30.0,0.9137465953826904,0.21894140541553497
121320,librosa,29.976598639455784,0.9686119556427002,0.22777727246284485
121321,librosa,29.976598639455784,1.1001522541046143,0.23069682717323303
121322,librosa,29.976598639455784,1.083608865737915,0.2905019223690033
121323,librosa,30.0,1.2091078758239746,0.27052855491638184
121346,librosa,29.976598639455784,0.8959696888923645,0.22287574410438538
121366,librosa,29.976598639455784,1.2741942405700684,0.09527081251144409
121415,librosa,29.976598639455784,1.0001158714294434,0.315282940864563
121449,librosa,29.976598639455784,1.0551682710647583,0.29304274916648865
121450,librosa,29.976598639455784,1.0002586841583252,0.23990954458713531
121451,librosa,29.976598639455784,1.0834956169128418,0.3439008891582489
121452,librosa,30.0,0.9850418567657471,0.3297332525253296
121453,librosa,30.0,0.9895338416099548,0.2863040566444397
121454,librosa,29.976598639455784,1.0246564149856567,0.2909003496170044
121472,librosa,29.988979591836735,0.8496554493904114,0.11168790608644485
121473,librosa,29.988979591836735,0.8710217475891113,0.16134588420391083
121474,librosa,29.988979591836735,0.38238438963890076,0.0695924386382103
121475,librosa,29.988979591836735,0.6208522915840149,0.08313494920730591
121570,librosa,30.0,0.9900579452514648,0.21526172757148743
121589,librosa,30.0,0.9932308793067932,0.22260956466197968
121590,librosa,29.976598639455784,0.992478609085083,0.24918578565120697
121591,librosa,30.0,0.9950690269470215,0.2532045245170593
121592,librosa,30.0,0.9903661012649536,0.22786018252372742
121593,librosa,30.0,0.9861730337142944,0.2362239956855774
121594,librosa,29.976598639455784,0.9930528402328491,0.24712634086608887
121595,librosa,30.0,0.8053772449493408,0.23245957493782043
121651,librosa,29.976598639455784,1.0021946430206299,0.5133492350578308
121652,librosa,30.0,0.5689537525177002,0.15690897405147552
121653,librosa,29.976598639455784,0.9908487796783447,0.20960015058517456
121654,librosa,29.976598639455784,0.9406952857971191,0.2896922826766968
121655,librosa,29.976598639455784,0.7458006143569946,0.1422395408153534
121656,librosa,30.0,0.9522916078567505,0.32453957200050354
121657,librosa,29.976598639455784,0.6792922616004944,0.2291705310344696
121658,librosa,29.976598639455784,0.9164727926254272,0.27912288904190063
121659,librosa,29.976598639455784,0.9755775332450867,0.2017740160226822
121660,librosa,29.976598639455784,1.000502586364746,0.4465928077697754
121661,librosa,29.976598639455784,0.7970788478851318,0.15925832092761993
121662,librosa,30.0,1.0006016492843628,0.4402768015861511
121663,librosa,29.976598639455784,0.577313244342804,0.19991141557693481
121664,librosa,29.976598639455784,0.3761270046234131,0.07184421271085739
121665,librosa,29.976598639455784,0.37412846088409424,0.08568587899208069
121666,librosa,29.976598639455784,0.4694242477416992,0.1397804170846939
121734,librosa,29.976598639455784,1.0847842693328857,0.24219177663326263
121735,librosa,29.976598639455784,0.9844263792037964,0.19237364828586578
121736,librosa,30.0,1.1088826656341553,0.30360129475593567
121737,librosa,30.0,1.0162910223007202,0.2677414119243622
121738,librosa,29.976598639455784,1.0172443389892578,0.23615868389606476
121739,librosa,29.976598639455784,0.7121645212173462,0.1699870228767395
121740,librosa,29.976598639455784,1.03007173538208,0.2752404510974884
121813,librosa,30.0,0.9349170923233032,0.2346114218235016
121866,librosa,29.976598639455784,0.935124397277832,0.22397679090499878
121867,librosa,29.976598639455784,0.9710480570793152,0.24257579445838928
121869,librosa,30.0,0.9514052867889404,0.23747718334197998
121913,librosa,29.976598639455784,1.0746997594833374,0.10618893057107925
121915,librosa,30.0,1.154989242553711,0.32598385214805603
121922,librosa,30.0,1.1431270837783813,0.2986820340156555
121926,librosa,29.976598639455784,1.073289155960083,0.300918310880661
121929,librosa,29.976598639455784,1.1763402223587036,0.29301372170448303
121930,librosa,29.976598639455784,0.8494225144386292,0.2840796709060669
121976,librosa,29.976598639455784,0.891282856464386,0.13871438801288605
121985,librosa,29.976598639455784,0.906624972820282,0.24683520197868347
121987,librosa,30.0,0.6846979856491089,0.09161046892404556
121998,librosa,30.0,0.5077964067459106,0.10867636650800705
122001,librosa,29.976598639455784,0.721514105796814,0.20853574573993683
122003,librosa,29.976598639455784,0.9650141000747681,0.19165706634521484
122004,librosa,30.0,0.6862679719924927,0.18444426357746124
122066,librosa,29.988979591836735,0.9677702188491821,0.1654006689786911
122077,librosa,29.988979591836735,0.9393683671951294,0.1634431779384613
122079,librosa,29.988979591836735,0.5594920516014099,0.12015184015035629
122080,librosa,29.988979591836735,0.8604441285133362,0.16221612691879272
122081,librosa,29.988979591836735,0.9768826365470886,0.20224669575691223
122082,librosa,29.988979591836735,0.9717587828636169,0.17028403282165527
122083,librosa,29.988979591836735,0.9853051900863647,0.16190125048160553
122084,librosa,29.988979591836735,0.938730776309967,0.14927713572978973
122085,librosa,29.988979591836735,0.9586002826690674,0.1615801453590393
122086,librosa,29.988979591836735,0.9616580009460449,0.16251246631145477
122087,librosa,29.988979591836735,0.9823874235153198,0.19883857667446136
122088,librosa,29.988979591836735,0.9595691561698914,0.16004721820354462
122106,librosa,30.0,0.8623404502868652,0.13067780435085297
122107,librosa,30.0,0.8511565923690796,0.12250704318284988
122132,librosa,30.0,0.8239144086837769,0.16299837827682495
122143,librosa,29.976598639455784,0.5641241073608398,0.145563006401062
122153,librosa,30.0,0.8273547887802124,0.1550915688276291
122155,librosa,29.976598639455784,0.8428988456726074,0.19808492064476013
122166,librosa,30.0,0.974162757396698,0.2253476083278656
122168,librosa,30.0,0.9189258813858032,0.1448160856962204
122190,librosa,29.976598639455784,0.9547138810157776,0.2018064260482788
122199,librosa,30.0,0.8822799324989319,0.15891973674297333
122201,librosa,29.976598639455784,0.9683809280395508,0.12437531352043152
122204,librosa,29.976598639455784,0.9897315502166748,0.188813254237175
122247,librosa,29.976598639455784,0.8848934769630432,0.20902743935585022
122261,librosa,29.976598639455784,0.9976953864097595,0.3051227629184723
122352,librosa,29.976598639455784,0.8646848201751709,0.12403354793787003
122353,librosa,30.0,0.8509893417358398,0.08071181178092957
122354,librosa,30.0,0.925831139087677,0.13351881504058838
122355,librosa,30.0,0.8908385634422302,0.12165229767560959
122356,librosa,29.976598639455784,0.7493453025817871,0.12290998548269272
122357,librosa,29.976598639455784,0.9522935152053833,0.15573003888130188
122358,librosa,30.0,0.9543271064758301,0.12150410562753677
122359,librosa,30.0,0.9697569012641907,0.14601165056228638
122360,librosa,30.0,0.5166338086128235,0.09063219279050827
122362,librosa,29.976598639455784,0.669097363948822,0.09240799397230148
122363,librosa,29.976598639455784,0.679301381111145,0.08510715514421463
122364,librosa,30.0,0.7616374492645264,0.09490135312080383
122365,librosa,30.0,0.2895534038543701,0.04270028695464134
122395,librosa,29.976598639455784,0.941015362739563,0.15134426951408386
122397,librosa,30.0,0.9612778425216675,0.16198207437992096
122398,librosa,29.976598639455784,0.9603658318519592,0.15910261869430542
122399,librosa,30.0,0.8216240406036377,0.10553784668445587
122400,librosa,30.0,0.8546000719070435,0.1305311620235443
122456,librosa,30.0,0.9568812251091003,0.26068270206451416
122457,librosa,30.0,0.9045171141624451,0.21183153986930847
122472,librosa,30.0,0.9970896244049072,0.28302034735679626
122473,librosa,29.976598639455784,1.040421724319458,0.31232357025146484
122474,librosa,30.0,1.0091888904571533,0.26201149821281433
122475,librosa,29.976598639455784,0.9602127075195312,0.19443932175636292
122498,librosa,30.0,0.9650534391403198,0.21180225908756256
122499,librosa,30.0,0.7172893285751343,0.1264384388923645
122500,librosa,30.0,0.962384819984436,0.35539963841438293
122503,librosa,29.976598639455784,0.9855080842971802,0.2731296718120575
122504,librosa,29.976598639455784,0.6422091722488403,0.050800152122974396
122510,librosa,29.976598639455784,0.9065204858779907,0.20923832058906555
122511,librosa,30.0,0.8834824562072754,0.11630179733037949
122533,librosa,30.0,0.8826205730438232,0.3603784739971161
122534,librosa,30.0,0.43618613481521606,0.10002920031547546
122578,librosa,30.0,0.3276515603065491,0.0562131442129612
122579,librosa,29.976598639455784,0.9089610576629639,0.20786671340465546
122620,librosa,30.0,0.9044634699821472,0.18938134610652924
122621,librosa,29.976598639455784,0.7489340305328369,0.11839976906776428
122622,librosa,29.988979591836735,0.9004868268966675,0.11222397536039352
122623,librosa,29.976598639455784,0.7847034931182861,0.12177744507789612
122624,librosa,29.976598639455784,0.9992451667785645,0.4363718628883362
122625,librosa,30.0,0.9100155830383301,0.20416375994682312
122626,librosa,29.976598639455784,0.9749934077262878,0.24670982360839844
122627,librosa,29.976598639455784,0.872173547744751,0.1606750339269638
122628,librosa,29.976598639455784,0.9609811305999756,0.25972840189933777
122630,librosa,29.976598639455784,1.0019960403442383,0.38736990094184875
122631,librosa,30.0,0.9904053807258606,0.2362523376941681
122632,librosa,29.976598639455784,1.155719518661499,0.35186368227005005
122633,librosa,29.976598639455784,1.0143284797668457,0.3531653583049774
122634,librosa,29.976598639455784,0.8995528221130371,0.18223944306373596
122635,librosa,29.976598639455784,0.9697438478469849,0.21935473382472992
122644,librosa,29.976598639455784,1.1961764097213745,0.3306329548358917
122645,librosa,29.976598639455784,0.7660369277000427,0.1201879158616066
122646,librosa,30.0,0.941085934638977,0.22699874639511108
122647,librosa,30.0,0.9924814701080322,0.20466290414333344
122648,librosa,29.976598639455784,1.127342939376831,0.2937588393688202
122649,librosa,29.976598639455784,1.0433547496795654,0.29485490918159485
122650,librosa,29.976598639455784,1.1738606691360474,0.3931104242801666
122651,librosa,29.976598639455784,1.0157315731048584,0.2330024242401123
122654,librosa,29.976598639455784,1.053465485572815,0.28748229146003723
122671,librosa,30.0,0.5814587473869324,0.09444161504507065
122673,librosa,29.976598639455784,0.5858008861541748,0.10835184156894684
122675,librosa,30.0,0.6008603572845459,0.0938708633184433
122683,librosa,29.976598639455784,0.5815948247909546,0.12155032902956009
122685,librosa,29.976598639455784,0.6085401773452759,0.16518361866474152
122686,librosa,30.0,0.6211814880371094,0.2502721846103668
122798,librosa,30.0,0.6273471713066101,0.20608295500278473
122799,librosa,30.0,0.9283961057662964,0.21367670595645905
122800,librosa,30.0,0.9842669367790222,0.17502182722091675
122803,librosa,29.976598639455784,0.843029260635376,0.18251511454582214
122804,librosa,30.0,0.9474181532859802,0.21389171481132507
122805,librosa,29.976598639455784,0.933738112449646,0.18776771426200867
122806,librosa,30.0,0.9982211589813232,0.18519556522369385
122807,librosa,30.0,0.8712124824523926,0.22665952146053314
122808,librosa,30.0,1.0168168544769287,0.2598378360271454
122809,librosa,29.976598639455784,0.8497650623321533,0.21986114978790283
122810,librosa,30.0,1.0291657447814941,0.22039204835891724
122832,librosa,30.0,0.9757080674171448,0.352737694978714
122901,librosa,29.976598639455784,0.9509778022766113,0.2742621600627899
122910,librosa,30.0,0.5752782225608826,0.13622257113456726
122911,librosa,29.988979591836735,0.9757598638534546,0.1349410116672516
122932,librosa,29.976598639455784,0.9870189428329468,0.19814221560955048
122934,librosa,29.976598639455784,0.9931861758232117,0.2953011989593506
122935,librosa,29.976598639455784,0.9539669752120972,0.22213877737522125
122936,librosa,29.976598639455784,0.7890540361404419,0.1516164392232895
122959,librosa,29.976598639455784,0.5974745750427246,0.07746563106775284
122999,librosa,30.0,1.0241715908050537,0.25344476103782654
123000,librosa,29.976598639455784,1.0532245635986328,0.2883875370025635
123001,librosa,29.976598639455784,0.9425129890441895,0.17140701413154602
123002,librosa,30.0,1.0278135538101196,0.2414858639240265
123003,librosa,29.976598639455784,1.0113751888275146,0.1900307834148407
123004,librosa,29.976598639455784,1.0064032077789307,0.3094170093536377
123094,librosa,30.0,0.6833436489105225,0.0763799250125885
123096,librosa,30.0,0.818341851234436,0.07537008076906204
123097,librosa,30.0,0.8020826578140259,0.07888255268335342
123099,librosa,29.976598639455784,0.8473829030990601,0.07803909480571747
123147,librosa,29.976598639455784,1.0377271175384521,0.16019493341445923
123273,librosa,30.0,0.896694540977478,0.12441394478082657
123278,librosa,29.976598639455784,0.9979060888290405,0.2505895495414734
123333,librosa,30.0,1.182395100593567,0.23154675960540771
123342,librosa,29.976598639455784,1.0001221895217896,0.18867860734462738
123427,librosa,29.976598639455784,0.7691515684127808,0.11128447949886322
123438,librosa,29.976598639455784,1.0084569454193115,0.26291054487228394
123439,librosa,30.0,1.0020954608917236,0.3216079771518707
123440,librosa,30.0,1.0655944347381592,0.3734391927719116
123441,librosa,30.0,1.1967084407806396,0.314513236284256
123442,librosa,30.0,0.8990352749824524,0.2807996869087219
123458,librosa,29.976598639455784,0.788474440574646,0.13813787698745728
123461,librosa,29.976598639455784,0.7301647663116455,0.18443331122398376
123467,librosa,29.976598639455784,0.8247865438461304,0.13330583274364471
123468,librosa,30.0,0.847784161567688,0.14014926552772522
123474,librosa,29.976598639455784,0.7483428120613098,0.11656371504068375
123484,librosa,29.976598639455784,0.5251270532608032,0.09177906066179276
123485,librosa,29.976598639455784,0.7179485559463501,0.1219458281993866
123486,librosa,29.976598639455784,0.873880922794342,0.14784391224384308
123487,librosa,29.976598639455784,0.5252166986465454,0.05926680564880371
123488,librosa,30.0,0.6184890270233154,0.11445220559835434
123490,librosa,30.0,0.9710980653762817,0.21124011278152466
123494,librosa,30.0,0.7353594899177551,0.096370168030262
123501,librosa,29.976598639455784,0.9591101408004761,0.2077764868736267
123502,librosa,30.0,0.9743430614471436,0.3888377547264099
123503,librosa,29.976598639455784,0.9746193885803223,0.18076102435588837
123504,librosa,30.0,0.9724224805831909,0.1834784597158432
123505,librosa,29.976598639455784,0.8938692808151245,0.2190486043691635
123506,librosa,29.976598639455784,0.9608826637268066,0.2543010115623474
123509,librosa,29.976598639455784,0.717105507850647,0.17721472680568695
123523,librosa,29.976598639455784,0.9446114301681519,0.12307948619127274
123614,librosa,30.0,1.0165736675262451,0.2378852367401123
123641,librosa,29.976598639455784,1.0513356924057007,0.23575414717197418
123645,librosa,29.976598639455784,1.0133877992630005,0.32223430275917053
123647,librosa,29.976598639455784,1.0187914371490479,0.24967651069164276
123760,librosa,29.988979591836735,0.25444573163986206,0.037103619426488876
123761,librosa,30.0,0.5538244843482971,0.11583340913057327
123762,librosa,30.0,0.193075031042099,0.023491477593779564
123763,librosa,29.976598639455784,0.2361260950565338,0.0493616908788681
123764,librosa,30.0,0.20798133313655853,0.03212476521730423
123821,librosa,29.976598639455784,0.9692284464836121,0.19556190073490143
123825,librosa,29.976598639455784,0.8778486847877502,0.1311769038438797
123832,librosa,30.0,0.9606688022613525,0.09912857413291931
123834,librosa,30.0,1.0728121995925903,0.22857776284217834
123835,librosa,29.976598639455784,0.8650771379470825,0.09599567204713821
123866,librosa,30.0,0.9992364645004272,0.28142377734184265
123867,librosa,29.976598639455784,0.9953995943069458,0.2885489761829376
123868,librosa,30.0,0.9919440746307373,0.26027587056159973
123899,librosa,29.976598639455784,0.8915865421295166,0.08773202449083328
123932,librosa,29.976598639455784,1.0484192371368408,0.3354606330394745
123933,librosa,29.976598639455784,1.1350566148757935,0.33433055877685547
123934,librosa,29.976598639455784,1.0687873363494873,0.3439614772796631
123935,librosa,30.0,1.012566328048706,0.2751377522945404
123936,librosa,30.0,1.108555793762207,0.1996026337146759
123937,librosa,29.976598639455784,1.041053056716919,0.31250664591789246
123938,librosa,29.976598639455784,1.0438287258148193,0.2750903069972992
123964,librosa,29.976598639455784,0.9412329792976379,0.24741481244564056
123965,librosa,30.0,0.9792541265487671,0.10224553197622299
123966,librosa,30.0,0.9403776526451111,0.23605431616306305
123968,librosa,29.976598639455784,1.0039689540863037,0.23524251580238342
123969,librosa,30.0,1.0362520217895508,0.19592717289924622
123970,librosa,30.0,1.0175069570541382,0.17311666905879974
123971,librosa,29.976598639455784,0.9887230396270752,0.3111999034881592
123972,librosa,30.0,0.9810654520988464,0.2047799527645111
123973,librosa,29.976598639455784,1.0297995805740356,0.2889860272407532
123974,librosa,29.976598639455784,0.9831308126449585,0.2665449380874634
123975,librosa,29.976598639455784,0.9852309226989746,0.19492696225643158
123976,librosa,29.976598639455784,1.0161969661712646,0.2054973542690277
123977,librosa,29.976598639455784,1.0288060903549194,0.30237773060798645
123978,librosa,29.976598639455784,1.0069020986557007,0.16339443624019623
123979,librosa,30.0,0.683409571647644,0.10125235468149185
123980,librosa,30.0,0.9861510396003723,0.2128484696149826
123981,librosa,30.0,1.0044740438461304,0.3290674090385437
123986,librosa,29.976598639455784,0.986611008644104,0.2949333190917969
124154,librosa,30.0,0.4798142910003662,0.05537469685077667
124175,librosa,29.976598639455784,0.5461299419403076,0.09869391471147537
124176,librosa,29.976598639455784,0.5680010318756104,0.08396875113248825
124177,librosa,30.0,0.7123808860778809,0.16022899746894836
124178,librosa,29.976598639455784,0.5169661045074463,0.06869404762983322
124179,librosa,29.976598639455784,0.45982396602630615,0.08546341210603714
124180,librosa,30.0,0.7378052473068237,0.08844310790300369
124181,librosa,29.976598639455784,0.7040222883224487,0.07135200500488281
124183,librosa,29.976598639455784,0.6370806097984314,0.12666139006614685
124184,librosa,29.976598639455784,1.0702335834503174,0.28191396594047546
124185,librosa,30.0,1.1364772319793701,0.28750133514404297
124186,librosa,30.0,1.063757061958313,0.19617950916290283
124201,librosa,30.0,0.9747108817100525,0.2180025279521942
124231,librosa,29.976598639455784,0.9068355560302734,0.23267777264118195
124391,librosa,30.0,0.9404046535491943,0.19973161816596985
124392,librosa,30.0,0.9636921286582947,0.15545786917209625
124393,librosa,29.976598639455784,0.5019672513008118,0.07314921170473099
124394,librosa,30.0,0.8926701545715332,0.1879068911075592
124409,librosa,30.0,0.21644562482833862,0.07181686162948608
124411,librosa,30.0,0.7663816213607788,0.11327642947435379
124424,librosa,29.976598639455784,0.5445358753204346,0.1227128803730011
124425,librosa,30.0,0.9244623184204102,0.13442377746105194
124426,librosa,30.0,0.7612504959106445,0.12313972413539886
124460,librosa,30.0,0.85767662525177,0.16580361127853394
124461,librosa,29.976598639455784,0.8892323970794678,0.1545679271221161
124470,librosa,30.0,0.8696444630622864,0.1756415069103241
124474,librosa,29.976598639455784,1.1736228466033936,0.3870866894721985
124477,librosa,29.976598639455784,1.203768253326416,0.34110355377197266
124479,librosa,29.976598639455784,1.1087112426757812,0.3758790194988251
124480,librosa,29.976598639455784,1.1487122774124146,0.361115425825119
124481,librosa,29.976598639455784,1.0744179487228394,0.3641377091407776
124482,librosa,30.0,1.1956815719604492,0.4113975167274475
124483,librosa,29.976598639455784,1.1388115882873535,0.34589967131614685
124484,librosa,29.976598639455784,1.1616830825805664,0.4201851487159729
124485,librosa,30.0,0.9188923835754395,0.19172801077365875
124509,librosa,29.976598639455784,0.9465693235397339,0.18884189426898956
124517,librosa,29.976598639455784,0.5735010504722595,0.06308011710643768
124518,librosa,29.976598639455784,1.113054633140564,0.08424593508243561
124519,librosa,30.0,0.4588395953178406,0.04966862499713898
124554,librosa,29.976598639455784,0.9100304841995239,0.23387062549591064
124555,librosa,30.0,0.9209972023963928,0.23389112949371338
124702,librosa,30.0,0.8224637508392334,0.13067959249019623
124752,librosa,30.0,1.0307034254074097,0.32050198316574097
124753,librosa,30.0,1.1438798904418945,0.33014196157455444
124754,librosa,29.976598639455784,1.0058927536010742,0.3156311511993408
124755,librosa,29.976598639455784,0.9569547176361084,0.10480892658233643
124756,librosa,29.976598639455784,1.0590299367904663,0.2958047389984131
124870,librosa,29.976598639455784,0.8272415399551392,0.22956036031246185
124872,librosa,30.0,0.3736584484577179,0.05719904601573944
124873,librosa,30.0,0.6390271186828613,0.13164986670017242
124874,librosa,29.976598639455784,0.6191976070404053,0.16084139049053192
124875,librosa,30.0,0.5243829488754272,0.07808203995227814
124876,librosa,29.976598639455784,0.4780946373939514,0.10109841823577881
124877,librosa,29.976598639455784,0.539412260055542,0.06312210857868195
124891,librosa,30.0,0.9554601907730103,0.21564123034477234
124892,librosa,30.0,0.988314151763916,0.21374592185020447
124912,librosa,30.0,0.9203935861587524,0.2246093600988388
124913,librosa,29.976598639455784,1.0183229446411133,0.3074961006641388
124915,librosa,29.976598639455784,1.0514132976531982,0.20903648436069489
124916,librosa,29.976598639455784,1.0166205167770386,0.183770090341568
124917,librosa,30.0,1.0136148929595947,0.315829336643219
124918,librosa,29.976598639455784,1.0431468486785889,0.26539793610572815
124971,librosa,29.976598639455784,0.8934813737869263,0.1960086226463318
124992,librosa,29.976598639455784,0.8773869276046753,0.23825328052043915
124996,librosa,29.976598639455784,0.7712093591690063,0.21467770636081696
125001,librosa,29.976598639455784,0.9891854524612427,0.26446136832237244
125002,librosa,29.976598639455784,0.9600045680999756,0.2242053747177124
125003,librosa,29.976598639455784,0.8626384735107422,0.1779002547264099
125004,librosa,29.976598639455784,0.7593737840652466,0.18578970432281494
125154,librosa,29.976598639455784,1.0079991817474365,0.15768074989318848
125156,librosa,29.976598639455784,1.030091404914856,0.13816958665847778
125157,librosa,30.0,0.9934391379356384,0.17916694283485413
125158,librosa,30.0,1.0146241188049316,0.18341977894306183
125159,librosa,29.976598639455784,0.9214615821838379,0.1896420270204544
125160,librosa,30.0,1.046019434928894,0.23868557810783386
125161,librosa,29.976598639455784,1.032558798789978,0.19336625933647156
125182,librosa,29.976598639455784,0.9285195469856262,0.23185144364833832
125183,librosa,29.976598639455784,0.9120399951934814,0.2521264851093292
125185,librosa,29.976598639455784,0.9582781195640564,0.2920953929424286
125186,librosa,29.976598639455784,0.9650781154632568,0.26469355821609497
125187,librosa,30.0,1.0059436559677124,0.2902926206588745
125188,librosa,30.0,0.9908757209777832,0.2990383207798004
125189,librosa,29.976598639455784,0.9554446935653687,0.2595330476760864
125190,librosa,29.976598639455784,0.9364181160926819,0.24533343315124512
125191,librosa,29.976598639455784,0.9618003368377686,0.24347445368766785
125192,librosa,30.0,0.9582201838493347,0.2845481336116791
125193,librosa,29.976598639455784,0.9203392267227173,0.21302154660224915
125194,librosa,29.976598639455784,0.9315446019172668,0.2180546224117279
125195,librosa,30.0,0.9322119951248169,0.27224984765052795
125196,librosa,30.0,0.9199973344802856,0.252805233001709
125237,librosa,30.0,0.9806246161460876,0.155655637383461
125238,librosa,30.0,1.0029709339141846,0.23278222978115082
125239,librosa,30.0,0.9979968070983887,0.4824465215206146
125240,librosa,30.0,0.9307742714881897,0.18130278587341309
125286,librosa,30.0,0.9734026193618774,0.21499474346637726
125287,librosa,29.976598639455784,0.9453450441360474,0.195113867521286
125288,librosa,29.976598639455784,1.0008037090301514,0.13203765451908112
125289,librosa,29.976598639455784,0.9535398483276367,0.262780100107193
125291,librosa,29.976598639455784,1.002239465713501,0.282474160194397
125293,librosa,29.976598639455784,0.95488440990448,0.29389289021492004
125298,librosa,30.0,0.9611252546310425,0.24342148005962372
125299,librosa,29.976598639455784,0.9557095766067505,0.26179805397987366
125312,librosa,30.0,0.9336953163146973,0.21519237756729126
125313,librosa,29.976598639455784,0.9817057847976685,0.36160120368003845
125314,librosa,29.976598639455784,0.988193154335022,0.23629365861415863
125315,librosa,30.0,1.0070103406906128,0.23511888086795807
125333,librosa,30.0,0.9887580871582031,0.08691269159317017
125337,librosa,30.0,0.8576250076293945,0.036883968859910965
125375,librosa,30.0,1.0683735609054565,0.21471844613552094
125377,librosa,29.976598639455784,1.1500709056854248,0.4269351661205292
125432,librosa,29.988979591836735,0.9682477712631226,0.24241994321346283
125551,librosa,30.0,0.9064973592758179,0.134922057390213
125612,librosa,30.0,0.3478645086288452,0.020150456577539444
125614,librosa,29.976598639455784,0.6988482475280762,0.059117041528224945
125616,librosa,30.0,0.8211277723312378,0.1321578323841095
125617,librosa,29.976598639455784,0.8792551755905151,0.10374396294355392
125618,librosa,30.0,0.39744189381599426,0.040666453540325165
125620,librosa,29.976598639455784,0.6305044889450073,0.05491362139582634
125621,librosa,29.976598639455784,0.6346078515052795,0.10383765399456024
125622,librosa,30.0,0.45671147108078003,0.05828062444925308
125657,librosa,29.988979591836735,0.9841936230659485,0.17239107191562653
125659,librosa,29.988979591836735,0.9882548451423645,0.19438372552394867
125680,librosa,30.0,0.9952889680862427,0.12384746223688126
125681,librosa,30.0,0.7813646197319031,0.08151115477085114
125721,librosa,29.976598639455784,1.021904706954956,0.37711742520332336
125722,librosa,30.0,1.0185812711715698,0.38385009765625
125723,librosa,30.0,1.0008800029754639,0.381955087184906
125774,librosa,29.976598639455784,0.9980969429016113,0.2518382668495178
125776,librosa,29.976598639455784,0.991924524307251,0.2114826738834381
125777,librosa,29.976598639455784,0.9835448265075684,0.2523152530193329
125778,librosa,29.976598639455784,0.9893383979797363,0.23184745013713837
125779,librosa,30.0,0.9964088201522827,0.23324616253376007
125809,librosa,29.976598639455784,0.2469213306903839,0.03268800675868988
125812,librosa,29.976598639455784,0.6996396780014038,0.09011556208133698
125813,librosa,29.976598639455784,0.3911609947681427,0.023226864635944366
125814,librosa,29.976598639455784,0.4414408802986145,0.050216734409332275
125815,librosa,29.988979591836735,0.9592862129211426,0.12600821256637573
125816,librosa,29.988979591836735,0.7951563596725464,0.05645858496427536
125817,librosa,29.988979591836735,0.8863574266433716,0.12199424207210541
125818,librosa,29.988979591836735,0.8148521184921265,0.0696386769413948
125819,librosa,29.988979591836735,0.9704660177230835,0.13100852072238922
125820,librosa,29.988979591836735,0.9632565379142761,0.16456705331802368
125821,librosa,29.988979591836735,0.8143008947372437,0.05875588580965996
125822,librosa,29.988979591836735,0.8713269233703613,0.08925160020589828
125823,librosa,29.988979591836735,0.587609589099884,0.16406989097595215
125824,librosa,29.988979591836735,0.9469618201255798,0.10374553501605988
125825,librosa,29.988979591836735,0.5837762951850891,0.1358877420425415
125826,librosa,29.988979591836735,0.5740309953689575,0.14382827281951904
125827,librosa,29.988979591836735,0.49206602573394775,0.0924457386136055
125999,librosa,30.0,1.0475414991378784,0.2052699774503708
126014,librosa,30.0,0.6868813037872314,0.0858624279499054
126015,librosa,29.976598639455784,0.9518240094184875,0.14018751680850983
126016,librosa,30.0,0.9390183687210083,0.12449944019317627
126017,librosa,30.0,0.8729490041732788,0.11461805552244186
126018,librosa,30.0,0.8540599942207336,0.1449994146823883
126047,librosa,30.0,0.7206056714057922,0.2749320864677429
126055,librosa,30.0,0.5165800452232361,0.116461381316185
126102,librosa,29.976598639455784,1.1966596841812134,0.3638087511062622
126103,librosa,30.0,1.1051503419876099,0.3382682204246521
126104,librosa,30.0,1.3183790445327759,0.3474002182483673
126105,librosa,29.976598639455784,1.2306482791900635,0.3540645241737366
126180,librosa,29.976598639455784,0.8781062364578247,0.2036186158657074
126181,librosa,29.976598639455784,0.8669198751449585,0.2059338539838791
126182,librosa,29.976598639455784,0.9033092260360718,0.233358696103096
126183,librosa,30.0,0.8478744626045227,0.22528517246246338
126185,librosa,29.976598639455784,0.7059504985809326,0.08653845638036728
126186,librosa,30.0,0.8740339279174805,0.22417820990085602
126187,librosa,30.0,0.8208069801330566,0.16959130764007568
126188,librosa,30.0,0.8808647394180298,0.2230229675769806
126189,librosa,30.0,0.8747363090515137,0.1928338259458542
126214,librosa,29.976598639455784,0.44693422317504883,0.06945088505744934
126215,librosa,30.0,0.7184951901435852,0.1079559475183487
126216,librosa,30.0,0.3254251778125763,0.05501611530780792
126217,librosa,29.976598639455784,0.9476023316383362,0.1427420824766159
126218,librosa,30.0,0.5792610049247742,0.04161109775304794
126219,librosa,29.976598639455784,0.9230502843856812,0.13012157380580902
126220,librosa,29.976598639455784,0.6748013496398926,0.11286931484937668
126221,librosa,29.976598639455784,0.6049950122833252,0.10756692290306091
126223,librosa,30.0,0.37882211804389954,0.09793521463871002
126224,librosa,29.976598639455784,0.5032686591148376,0.057601746171712875
126225,librosa,29.976598639455784,0.5486811995506287,0.10158758610486984
126226,librosa,29.976598639455784,0.5662734508514404,0.09049580246210098
126227,librosa,29.976598639455784,0.7048475742340088,0.08417215198278427
126229,librosa,30.0,0.39301252365112305,0.021660612896084785
126230,librosa,29.976598639455784,0.7176893949508667,0.048354875296354294
126231,librosa,29.976598639455784,0.37769028544425964,0.044034745544195175
126232,librosa,29.976598639455784,0.7323029637336731,0.04534493759274483
126233,librosa,30.0,0.6072120070457458,0.023884747177362442
126234,librosa,29.976598639455784,0.8630608916282654,0.08888258039951324
126240,librosa,29.976598639455784,0.9553961753845215,0.2657981514930725
126241,librosa,29.976598639455784,0.9532676935195923,0.24845503270626068
126242,librosa,30.0,0.9540022611618042,0.23265589773654938
126243,librosa,30.0,0.9008527994155884,0.19494764506816864
126276,librosa,29.976598639455784,0.5418078899383545,0.06650989502668381
126283,librosa,30.0,0.5647119879722595,0.07320988923311234
126289,librosa,30.0,0.5624994039535522,0.07178619503974915
126290,librosa,30.0,0.8280128240585327,0.09711521118879318
126291,librosa,30.0,0.32733404636383057,0.030974652618169785
126292,librosa,30.0,0.9391428232192993,0.13680963218212128
126294,librosa,29.976598639455784,1.1029144525527954,0.18494834005832672
126295,librosa,30.0,0.9648686051368713,0.20376428961753845
126297,librosa,29.976598639455784,1.0445681810379028,0.26020821928977966
126300,librosa,29.976598639455784,1.0270311832427979,0.22168132662773132
126316,librosa,29.988979591836735,0.5996907353401184,0.0689687430858612
126317,librosa,29.988979591836735,0.5540436506271362,0.07771032303571701
126318,librosa,29.988979591836735,0.7018250226974487,0.09813427180051804
126319,librosa,29.988979591836735,0.9492745399475098,0.09275568276643753
126320,librosa,29.988979591836735,0.5588494539260864,0.10864363610744476
126321,librosa,29.988979591836735,0.7903541326522827,0.07731632888317108
126354,librosa,29.976598639455784,1.0237964391708374,0.16396193206310272
126357,librosa,30.0,0.726344645023346,0.14188474416732788
126362,librosa,29.976598639455784,0.5529923439025879,0.07321221381425858
126398,librosa,30.0,1.0000638961791992,0.15877310931682587
126400,librosa,30.0,0.979060173034668,0.18053019046783447
126401,librosa,30.0,1.1284247636795044,0.2568836510181427
126402,librosa,30.0,1.0180535316467285,0.19772294163703918
126403,librosa,30.0,0.9935333728790283,0.15714508295059204
126404,librosa,29.976598639455784,0.96148681640625,0.21740473806858063
126405,librosa,29.976598639455784,1.0391778945922852,0.12944839894771576
126406,librosa,30.0,1.166476845741272,0.2738630175590515
126407,librosa,30.0,1.062522053718567,0.2939901649951935
126408,librosa,30.0,0.4914129972457886,0.06831035017967224
126409,librosa,29.976598639455784,0.4921981692314148,0.0871465802192688
126410,librosa,30.0,0.9958526492118835,0.15457949042320251
126411,librosa,30.0,0.9803481698036194,0.16828413307666779
126412,librosa,30.0,0.9530523419380188,0.16229306161403656
126413,librosa,30.0,0.9720966815948486,0.1156722903251648
126414,librosa,29.976598639455784,0.47393545508384705,0.05116678401827812
126415,librosa,30.0,0.9747521281242371,0.14973895251750946
126416,librosa,30.0,0.7400600910186768,0.07373666763305664
126417,librosa,30.0,0.4763669967651367,0.046172138303518295
126425,librosa,29.976598639455784,1.044468641281128,0.24155659973621368
126426,librosa,29.976598639455784,1.0632092952728271,0.2916230857372284
126427,librosa,29.976598639455784,1.0582281351089478,0.27503979206085205
126428,librosa,29.976598639455784,1.0686497688293457,0.39605143666267395
126429,librosa,29.976598639455784,1.0349726676940918,0.2239336520433426
126430,librosa,29.976598639455784,0.9220713376998901,0.10001426190137863
126431,librosa,30.0,1.069249153137207,0.373492032289505
126455,librosa,29.976598639455784,0.4150037169456482,0.06648436933755875
126489,librosa,30.0,0.9892706274986267,0.159516379237175
126490,librosa,29.976598639455784,0.8930229544639587,0.1616942137479782
126491,librosa,30.0,0.8658756017684937,0.12236478179693222
126505,librosa,29.976598639455784,0.3516581356525421,0.06955786794424057
126506,librosa,30.0,0.7399661540985107,0.1544429510831833
126507,librosa,29.976598639455784,0.7035320997238159,0.1403120458126068
126508,librosa,29.976598639455784,0.4773236811161041,0.009091398678719997
126510,librosa,29.976598639455784,0.394885778427124,0.06748303025960922
126512,librosa,30.0,0.3819316327571869,0.074071004986763
126516,librosa,29.976598639455784,1.3254339694976807,0.29777300357818604
126519,librosa,29.976598639455784,0.7038368582725525,0.1584017127752304
126520,librosa,30.0,0.7723652720451355,0.09294341504573822
126521,librosa,29.976598639455784,1.0730621814727783,0.24888764321804047
126522,librosa,29.976598639455784,1.0623072385787964,0.32247599959373474
126550,librosa,29.976598639455784,0.5443435907363892,0.09779538214206696
126557,librosa,29.976598639455784,0.8683861494064331,0.18866313993930817
126559,librosa,29.976598639455784,0.8814000487327576,0.19838833808898926
126584,librosa,30.0,0.9993099570274353,0.2941741943359375
126585,librosa,30.0,1.019760251045227,0.2268231064081192
126586,librosa,29.976598639455784,1.025649070739746,0.21709616482257843
126587,librosa,29.976598639455784,0.9788365364074707,0.22519227862358093
126588,librosa,30.0,0.8454301357269287,0.19763439893722534
126589,librosa,29.976598639455784,1.000212550163269,0.2089555263519287
126598,librosa,29.988979591836735,0.7365164756774902,0.24060676991939545
126600,librosa,30.0,1.092529535293579,0.2710438668727875
126601,librosa,29.976598639455784,1.0581873655319214,0.353817343711853
126602,librosa,29.976598639455784,1.0073702335357666,0.3030887246131897
126603,librosa,29.976598639455784,1.03086519241333,0.23970752954483032
126605,librosa,29.976598639455784,1.0512514114379883,0.3201221525669098
126606,librosa,30.0,1.0749361515045166,0.4046458601951599
126607,librosa,30.0,1.0113457441329956,0.3074347674846649
126608,librosa,29.976598639455784,0.6722846627235413,0.21827185153961182
126646,librosa,29.988979591836735,1.0105082988739014,0.22094927728176117
126666,librosa,30.0,1.0103378295898438,0.24516615271568298
126667,librosa,30.0,1.0003401041030884,0.23837997019290924
126668,librosa,29.976598639455784,1.0039085149765015,0.206629678606987
126669,librosa,30.0,1.001783013343811,0.2589159309864044
126670,librosa,30.0,0.99481201171875,0.2249111831188202
126671,librosa,30.0,1.0105472803115845,0.2362845540046692
126672,librosa,29.976598639455784,0.9997655749320984,0.23472978174686432
126673,librosa,29.976598639455784,0.9452389478683472,0.17468471825122833
126674,librosa,30.0,0.9682445526123047,0.163765087723732
126675,librosa,30.0,0.9789291620254517,0.23015196621418
126676,librosa,30.0,0.9609865546226501,0.1783750355243683
126716,librosa,29.976598639455784,0.6967442631721497,0.06485030055046082
126717,librosa,29.976598639455784,0.8528540730476379,0.08462868630886078
126718,librosa,29.976598639455784,0.938106894493103,0.14002308249473572
126719,librosa,30.0,0.8240236043930054,0.08580847084522247
126720,librosa,29.976598639455784,0.7755223512649536,0.08033287525177002
126743,librosa,29.976598639455784,0.9103257656097412,0.18606458604335785
126746,librosa,30.0,0.9363231658935547,0.21575547754764557
126747,librosa,30.0,0.9508141279220581,0.21590614318847656
126748,librosa,30.0,0.9401466846466064,0.22689948976039886
126749,librosa,29.976598639455784,0.9283473491668701,0.2406575232744217
126773,librosa,30.0,0.7173726558685303,0.06324701011180878
126778,librosa,29.976598639455784,0.8660817742347717,0.1327209323644638
126781,librosa,29.976598639455784,0.8671514987945557,0.11404819041490555
126782,librosa,29.976598639455784,0.7621495723724365,0.1059100553393364
126786,librosa,30.0,0.7012616991996765,0.09857729822397232
126789,librosa,29.976598639455784,0.6906471252441406,0.11448576301336288
126790,librosa,30.0,0.91900235414505,0.12517903745174408
126882,librosa,29.976598639455784,0.8484094142913818,0.11055191606283188
126883,librosa,30.0,0.5540518760681152,0.0663788840174675
126884,librosa,30.0,0.9732738733291626,0.10764195024967194
126885,librosa,29.976598639455784,0.6172383427619934,0.08104731142520905
126886,librosa,30.0,0.8537847399711609,0.10219921171665192
126887,librosa,29.976598639455784,0.9928432106971741,0.14782993495464325
126899,librosa,29.976598639455784,1.2510087490081787,0.2115296572446823
126900,librosa,30.0,1.1374988555908203,0.3306044638156891
126944,librosa,29.976598639455784,1.07803475856781,0.2730422019958496
126979,librosa,29.976598639455784,0.3263455629348755,0.07365863025188446
127036,librosa,30.0,0.2808995842933655,0.024815546348690987
127037,librosa,30.0,0.540320634841919,0.0889613926410675
127062,librosa,30.0,0.8481601476669312,0.15331469476222992
127066,librosa,30.0,0.6541639566421509,0.09512533992528915
127155,librosa,29.976598639455784,0.7590780258178711,0.08348429203033447
127159,librosa,29.976598639455784,0.889271080493927,0.19702984392642975
127180,librosa,30.0,0.9811117649078369,0.29088032245635986
127181,librosa,29.976598639455784,0.9977132081985474,0.25160712003707886
127182,librosa,29.976598639455784,0.9885333776473999,0.2235877364873886
127183,librosa,30.0,1.0017794370651245,0.29680606722831726
127184,librosa,29.976598639455784,0.9843716025352478,0.30082967877388
127185,librosa,29.976598639455784,0.9711925983428955,0.23160842061042786
127186,librosa,30.0,0.988657534122467,0.26839718222618103
127187,librosa,29.976598639455784,0.9705132842063904,0.2382992058992386
127188,librosa,30.0,0.9803401231765747,0.21386860311031342
127189,librosa,29.976598639455784,0.7070497274398804,0.13694149255752563
127190,librosa,30.0,0.9958541989326477,0.2059420645236969
127191,librosa,30.0,0.9971047043800354,0.3142671585083008
127192,librosa,30.0,0.9633062481880188,0.21630188822746277
127193,librosa,29.976598639455784,0.9700843691825867,0.19524121284484863
127194,librosa,29.976598639455784,0.9817252159118652,0.2221856266260147
127203,librosa,29.976598639455784,0.9870026111602783,0.3149092197418213
127204,librosa,29.976598639455784,1.0400798320770264,0.2523701786994934
127205,librosa,29.976598639455784,0.9658598899841309,0.2814653515815735
127206,librosa,29.976598639455784,0.96767258644104,0.28271162509918213
127207,librosa,30.0,0.8540669083595276,0.15194463729858398
127208,librosa,30.0,0.7563294172286987,0.12074755877256393
127209,librosa,29.976598639455784,0.990096390247345,0.12728698551654816
127210,librosa,29.976598639455784,0.9445887207984924,0.07611972093582153
127211,librosa,29.976598639455784,0.6341637372970581,0.08596165478229523
127212,librosa,29.976598639455784,0.7681785225868225,0.08181237429380417
127263,librosa,30.0,0.9824497699737549,0.20118707418441772
127265,librosa,29.976598639455784,0.9052516222000122,0.13114161789417267
127266,librosa,30.0,0.7086329460144043,0.1052866280078888
127267,librosa,29.976598639455784,0.8153143525123596,0.15182410180568695
127268,librosa,29.976598639455784,1.0143078565597534,0.2980324625968933
127269,librosa,29.976598639455784,1.1079691648483276,0.3531162440776825
127271,librosa,29.976598639455784,0.9698426723480225,0.292025625705719
127273,librosa,30.0,1.022575855255127,0.3295949101448059
127274,librosa,29.976598639455784,1.0520148277282715,0.2769862711429596
127275,librosa,29.976598639455784,1.0062898397445679,0.2788144052028656
127276,librosa,30.0,0.9932436943054199,0.29432618618011475
127277,librosa,29.976598639455784,0.9906381368637085,0.2764661908149719
127278,librosa,29.976598639455784,0.9969703555107117,0.3276732861995697
127279,librosa,30.0,0.9919434189796448,0.1798592507839203
127280,librosa,29.976598639455784,0.9950070381164551,0.27381736040115356
127281,librosa,29.976598639455784,1.0100343227386475,0.2566831409931183
127285,librosa,29.976598639455784,1.0960197448730469,0.3729252517223358
127286,librosa,30.0,1.0386412143707275,0.2700475752353668
127287,librosa,29.976598639455784,0.8445450067520142,0.16415587067604065
127288,librosa,29.976598639455784,1.0021004676818848,0.2641904056072235
127289,librosa,30.0,0.9957488179206848,0.220359668135643
127290,librosa,30.0,1.038346767425537,0.39274436235427856
127294,librosa,29.976598639455784,1.0527958869934082,0.442161500453949
127295,librosa,30.0,1.083587646484375,0.4431782364845276
127296,librosa,30.0,0.9880385398864746,0.2336372435092926
127297,librosa,29.976598639455784,1.0256327390670776,0.42079171538352966
127298,librosa,30.0,1.0083732604980469,0.33053088188171387
127299,librosa,30.0,1.0191452503204346,0.38888922333717346
127300,librosa,29.976598639455784,1.0151288509368896,0.35476410388946533
127301,librosa,29.976598639455784,1.0299216508865356,0.35450705885887146
127302,librosa,29.976598639455784,0.9971804022789001,0.3076624274253845
127303,librosa,30.0,0.9817484617233276,0.23057438433170319
127330,librosa,30.0,0.9709481000900269,0.3635266125202179
127331,librosa,30.0,0.9650453925132751,0.26520541310310364
127339,librosa,29.976598639455784,0.9777392148971558,0.1904335767030716
127343,librosa,30.0,1.0135631561279297,0.42557549476623535
127349,librosa,30.0,0.9682575464248657,0.30192095041275024
127350,librosa,29.976598639455784,0.7951712608337402,0.20284876227378845
127356,librosa,29.976598639455784,0.9020318984985352,0.16110007464885712
127357,librosa,30.0,1.0131980180740356,0.15994125604629517
127358,librosa,30.0,0.9874966144561768,0.15752765536308289
127359,librosa,29.976598639455784,1.0053250789642334,0.167275533080101
127360,librosa,30.0,0.9311591386795044,0.17118054628372192
127402,librosa,29.988979591836735,1.0513309240341187,0.18524329364299774
127422,librosa,29.976598639455784,0.3856077790260315,0.06122680753469467
127469,librosa,30.0,0.3997710347175598,0.0644863024353981
127484,librosa,30.0,0.6806742548942566,0.11126648634672165
127494,librosa,30.0,0.9749398231506348,0.11642394959926605
127495,librosa,30.0,0.21471628546714783,0.026570985093712807
127496,librosa,29.976598639455784,0.9893224835395813,0.22703027725219727
127497,librosa,29.976598639455784,0.9735524654388428,0.1581818014383316
127498,librosa,30.0,1.0085316896438599,0.3130873739719391
127499,librosa,29.976598639455784,0.9976866245269775,0.1714756339788437
127519,librosa,30.0,0.9753411412239075,0.3045805096626282
127520,librosa,29.976598639455784,0.9542123675346375,0.2743323743343353
127532,librosa,30.0,0.9785244464874268,0.2935478389263153
127541,librosa,30.0,0.9791992902755737,0.3464541733264923
127542,librosa,29.976598639455784,1.0013266801834106,0.3577015995979309
127559,librosa,29.976598639455784,0.8994030952453613,0.3194323778152466
127620,librosa,29.976598639455784,0.8159373998641968,0.15770137310028076
127623,librosa,29.976598639455784,0.9753671288490295,0.23547548055648804
127648,librosa,30.0,0.9822397232055664,0.1231909692287445
127660,librosa,30.0,0.9442423582077026,0.16720306873321533
127661,librosa,29.976598639455784,0.8972200751304626,0.16071096062660217
127662,librosa,29.976598639455784,0.9985395669937134,0.1689252406358719
127663,librosa,29.976598639455784,1.0046709775924683,0.22248993813991547
127720,librosa,29.988979591836735,1.0158658027648926,0.2777990996837616
127722,librosa,29.976598639455784,0.8214703798294067,0.08706064522266388
127726,librosa,30.0,1.0310192108154297,0.16015948355197906
127798,librosa,29.976598639455784,0.8597754240036011,0.28437671065330505
127804,librosa,29.976598639455784,0.8321655988693237,0.22424711287021637
127806,librosa,29.976598639455784,0.9383887648582458,0.22432202100753784
127865,librosa,29.988979591836735,0.5978646874427795,0.120887391269207
127866,librosa,29.988979591836735,0.5746102929115295,0.07555193454027176
127867,librosa,29.988979591836735,0.703826367855072,0.18400900065898895
127868,librosa,29.988979591836735,0.9662509560585022,0.17824943363666534
127869,librosa,29.988979591836735,0.7333391308784485,0.1651601940393448
127870,librosa,29.988979591836735,0.6935597062110901,0.16046413779258728
127871,librosa,29.988979591836735,0.7470465898513794,0.131111279129982
127878,librosa,29.988979591836735,0.9528164863586426,0.19479557871818542
127908,librosa,29.976598639455784,0.9760735034942627,0.2542940378189087
127909,librosa,29.976598639455784,0.9859906435012817,0.25839561223983765
127910,librosa,29.976598639455784,0.9741115570068359,0.259387731552124
127911,librosa,29.976598639455784,0.9715784788131714,0.26817864179611206
127912,librosa,29.976598639455784,0.9705010652542114,0.24522614479064941
127913,librosa,30.0,0.9650242328643799,0.2512859106063843
127914,librosa,30.0,0.9695799946784973,0.25120142102241516
127915,librosa,30.0,0.9746973514556885,0.2436230480670929
127916,librosa,30.0,0.9872701168060303,0.2167655974626541
127936,librosa,29.988979591836735,0.5574547052383423,0.08940969407558441
127996,librosa,30.0,0.8864575624465942,0.13941776752471924
128441,librosa,29.976598639455784,1.0,0.2989748418331146
128443,librosa,30.0,0.963919997215271,0.24346929788589478
128448,librosa,30.0,0.669954776763916,0.19761508703231812
128469,librosa,29.976598639455784,0.591524600982666,0.06709324568510056
128470,librosa,29.976598639455784,0.675611138343811,0.09537503868341446
128471,librosa,29.976598639455784,0.8586457967758179,0.1242242157459259
128472,librosa,29.976598639455784,0.3809736967086792,0.06507893651723862
128473,librosa,30.0,0.8991159200668335,0.12355522811412811
128476,librosa,29.976598639455784,0.6044248342514038,0.2103702574968338
128477,librosa,29.988979591836735,0.7075121998786926,0.24005863070487976
128482,librosa,29.988979591836735,0.9646381735801697,0.25027215480804443
128484,librosa,30.0,0.957074761390686,0.19850483536720276
128494,librosa,29.976598639455784,0.9158933758735657,0.3121906816959381
128500,librosa,30.0,0.9758334159851074,0.22661219537258148
128504,librosa,30.0,0.9435388445854187,0.28236332535743713
128619,librosa,30.0,0.6726490259170532,0.1222214475274086
128666,librosa,29.976598639455784,1.0153443813323975,0.4007408022880554
128668,librosa,30.0,1.0178070068359375,0.36954906582832336
128699,librosa,30.0,1.1044169664382935,0.2774471640586853
128709,librosa,29.976598639455784,0.9512836933135986,0.16741186380386353
128710,librosa,29.976598639455784,0.9485084414482117,0.1692715734243393
128711,librosa,29.976598639455784,0.9498805403709412,0.17264670133590698
128758,librosa,29.988979591836735,0.7784624099731445,0.21264514327049255
128759,librosa,29.988979591836735,0.9015583395957947,0.17157453298568726
128760,librosa,29.988979591836735,0.9723984003067017,0.26169830560684204
128799,librosa,29.988979591836735,1.0003087520599365,0.24817045032978058
128811,librosa,30.0,0.6362862586975098,0.06542585045099258
128812,librosa,29.976598639455784,0.697206974029541,0.07110921293497086
128813,librosa,30.0,0.8143883943557739,0.10380715876817703
128814,librosa,30.0,0.9211965799331665,0.10071942955255508
128815,librosa,29.976598639455784,0.3346763253211975,0.0588153675198555
128816,librosa,29.976598639455784,0.1975039541721344,0.03750192001461983
128825,librosa,30.0,0.7934362888336182,0.19437292218208313
128827,librosa,29.976598639455784,0.6700986623764038,0.14048130810260773
128828,librosa,29.976598639455784,0.7256758213043213,0.17102020978927612
128835,librosa,29.976598639455784,0.5301700830459595,0.10235564410686493
128845,librosa,30.0,0.6675428748130798,0.12476390600204468
128878,librosa,29.976598639455784,0.9901151657104492,0.20847196877002716
128879,librosa,29.976598639455784,0.8399529457092285,0.22683817148208618
128880,librosa,30.0,0.9414793252944946,0.21729689836502075
128881,librosa,30.0,0.864857017993927,0.12739691138267517
128882,librosa,29.976598639455784,0.9681389331817627,0.2728675603866577
128885,librosa,30.0,0.9914050698280334,0.21465037763118744
128886,librosa,30.0,0.9442895650863647,0.15701903402805328
128887,librosa,29.976598639455784,1.0252736806869507,0.2591356039047241
128888,librosa,29.976598639455784,0.8893907070159912,0.21462130546569824
128927,librosa,29.976598639455784,1.0469249486923218,0.2824360430240631
128992,librosa,29.976598639455784,0.8739634156227112,0.2176443189382553
129039,librosa,30.0,0.767460286617279,0.05873434990644455
129040,librosa,29.976598639455784,0.8366808891296387,0.06612013280391693
129042,librosa,30.0,0.5268442630767822,0.09836549311876297
129043,librosa,29.976598639455784,0.6474747657775879,0.09046890586614609
129044,librosa,30.0,0.9278010725975037,0.10779104381799698
129046,librosa,30.0,0.9957299828529358,0.35244840383529663
129048,librosa,29.976598639455784,1.055638074874878,0.4011637270450592
129049,librosa,30.0,1.0389925241470337,0.2939366102218628
129051,librosa,30.0,0.9862070083618164,0.3393474817276001
129052,librosa,29.976598639455784,0.8602328300476074,0.13523969054222107
129053,librosa,29.976598639455784,1.0362789630889893,0.33819636702537537
129054,librosa,30.0,0.9484502077102661,0.2596924602985382
129055,librosa,30.0,0.908604085445404,0.29306602478027344
129056,librosa,29.976598639455784,0.7106828093528748,0.14008828997612
129088,librosa,30.0,0.9777841567993164,0.3853139579296112
129089,librosa,29.976598639455784,0.9644898176193237,0.3270759582519531
129090,librosa,30.0,0.970657467842102,0.3603667616844177
129091,librosa,29.976598639455784,0.9781062602996826,0.3705194890499115
129092,librosa,30.0,0.9673182964324951,0.35079294443130493
129093,librosa,30.0,0.9857467412948608,0.38493281602859497
129094,librosa,30.0,0.9939801692962646,0.3842492401599884
129095,librosa,30.0,0.9816036820411682,0.36656779050827026
129096,librosa,29.976598639455784,0.9650275111198425,0.3093379735946655
129097,librosa,30.0,0.9707074165344238,0.3515331447124481
129098,librosa,29.976598639455784,0.9742366075515747,0.38426417112350464
129184,librosa,30.0,0.9858027696609497,0.15705396234989166
129185,librosa,30.0,0.5684667229652405,0.07147698104381561
129186,librosa,29.976598639455784,0.6396151781082153,0.0803401917219162
129187,librosa,30.0,0.6738998889923096,0.089853435754776
129188,librosa,29.976598639455784,0.4931178689002991,0.04914233461022377
129189,librosa,30.0,0.3081626296043396,0.04815962165594101
129190,librosa,30.0,0.802240788936615,0.1121865063905716
129268,librosa,29.976598639455784,0.9118064045906067,0.1645304560661316
129362,librosa,29.976598639455784,0.9818329811096191,0.2688484489917755
129372,librosa,29.976598639455784,0.9975403547286987,0.29676324129104614
129374,librosa,30.0,1.0301551818847656,0.3836440145969391
129375,librosa,30.0,0.987086832523346,0.27908384799957275
129391,librosa,30.0,0.8743842244148254,0.14867419004440308
129392,librosa,29.976598639455784,0.8831638097763062,0.17259596288204193
129393,librosa,29.976598639455784,0.864266037940979,0.13172276318073273
129395,librosa,30.0,0.9213263988494873,0.15348461270332336
129396,librosa,30.0,0.8816014528274536,0.16000621020793915
129397,librosa,29.976598639455784,0.8664934635162354,0.13838577270507812
129398,librosa,29.988979591836735,0.9372084736824036,0.14672791957855225
129399,librosa,29.976598639455784,0.9326314926147461,0.19868913292884827
129400,librosa,30.0,0.8830779194831848,0.2306184619665146
129401,librosa,29.976598639455784,0.9525870680809021,0.24745137989521027
129402,librosa,30.0,0.8700803518295288,0.24402889609336853
129403,librosa,29.976598639455784,0.8908514976501465,0.2535278797149658
129404,librosa,30.0,0.9427970051765442,0.201852485537529
129405,librosa,30.0,0.9139564037322998,0.24825474619865417
129406,librosa,29.976598639455784,0.9652500748634338,0.22354215383529663
129407,librosa,30.0,0.9558011889457703,0.20766349136829376
129439,librosa,29.988979591836735,0.9753978252410889,0.20669735968112946
129442,librosa,29.988979591836735,0.970476508140564,0.20667944848537445
129444,librosa,29.988979591836735,0.981906533241272,0.23897889256477356
129620,librosa,29.988979591836735,0.5156142115592957,0.05880669876933098
129622,librosa,30.0,0.13002599775791168,0.05604921653866768
129624,librosa,29.988979591836735,0.1338563710451126,0.06813295930624008
129674,librosa,30.0,1.004692792892456,0.24011485278606415
129675,librosa,29.976598639455784,0.9715379476547241,0.32223963737487793
129683,librosa,29.976598639455784,0.9599989056587219,0.19295090436935425
129694,librosa,30.0,0.9579137563705444,0.22935807704925537
129695,librosa,29.976598639455784,0.9437150359153748,0.22450490295886993
129696,librosa,30.0,1.0081114768981934,0.21457591652870178
129742,librosa,29.976598639455784,1.2257671356201172,0.3547719717025757
129806,librosa,29.976598639455784,1.1399638652801514,0.40877169370651245
129807,librosa,29.976598639455784,1.0918996334075928,0.25124838948249817
129808,librosa,30.0,1.0118358135223389,0.2734760344028473
129816,librosa,29.988979591836735,0.3967219889163971,0.05236975848674774
129874,librosa,29.976598639455784,0.8740217685699463,0.13719376921653748
129875,librosa,29.976598639455784,0.967721700668335,0.24493281543254852
129876,librosa,30.0,1.079293131828308,0.2836824953556061
129879,librosa,30.0,1.1445157527923584,0.25566360354423523
129880,librosa,29.976598639455784,0.8786182403564453,0.13832075893878937
129882,librosa,30.0,0.8355646729469299,0.12204578518867493
129883,librosa,29.976598639455784,0.930105447769165,0.08680227398872375
129884,librosa,30.0,0.73795086145401,0.11309527605772018
129885,librosa,29.976598639455784,0.6413233280181885,0.09022797644138336
129886,librosa,30.0,0.8344525694847107,0.19309017062187195
129887,librosa,29.976598639455784,0.6998486518859863,0.06546785682439804
129889,librosa,29.976598639455784,0.9257216453552246,0.17392145097255707
129904,librosa,30.0,1.0377110242843628,0.25694766640663147
129910,librosa,29.976598639455784,0.983782172203064,0.240916445851326
129914,librosa,29.976598639455784,1.0083024501800537,0.23562242090702057
129915,librosa,30.0,1.003051996231079,0.2824682891368866
129918,librosa,29.976598639455784,1.0043385028839111,0.2995682656764984
129919,librosa,30.0,1.0296423435211182,0.29813528060913086
129920,librosa,29.976598639455784,0.9894436001777649,0.21969588100910187
129922,librosa,29.988979591836735,0.46599024534225464,0.07850263267755508
129923,librosa,29.988979591836735,0.7121996879577637,0.09460487961769104
129924,librosa,29.988979591836735,0.7195054888725281,0.124125637114048
129925,librosa,29.988979591836735,0.5291426777839661,0.08225874602794647
129926,librosa,29.988979591836735,0.767787516117096,0.11239148676395416
129927,librosa,29.988979591836735,0.6527905464172363,0.08643700927495956
129962,librosa,29.976598639455784,0.6368600130081177,0.12174578011035919
129968,librosa,29.976598639455784,0.7033237218856812,0.12088661640882492
129969,librosa,30.0,0.7755489349365234,0.12573876976966858
129970,librosa,30.0,0.5234984159469604,0.11491451412439346
129972,librosa,30.0,0.8090471625328064,0.08911706507205963
129973,librosa,29.976598639455784,0.7285518646240234,0.10254963487386703
129997,librosa,29.976598639455784,1.008494257926941,0.27779361605644226
130016,librosa,29.976598639455784,0.77024245262146,0.14648425579071045
130084,librosa,29.988979591836735,0.9807473421096802,0.18098875880241394
130129,librosa,29.976598639455784,1.067949652671814,0.36285528540611267
130130,librosa,29.976598639455784,0.9871770739555359,0.3502371609210968
130131,librosa,30.0,1.0054614543914795,0.19313444197177887
130132,librosa,29.976598639455784,1.013146162033081,0.37701311707496643
130133,librosa,29.976598639455784,1.0059833526611328,0.38948822021484375
130134,librosa,30.0,1.0560822486877441,0.3997357487678528
130135,librosa,29.976598639455784,1.0025769472122192,0.3482568562030792
130136,librosa,30.0,1.004790186882019,0.3944697380065918
130137,librosa,29.976598639455784,1.0100855827331543,0.2984037399291992
130168,librosa,29.976598639455784,0.8773716688156128,0.15965507924556732
130170,librosa,29.976598639455784,0.9228324890136719,0.19122734665870667
130218,librosa,29.976598639455784,0.8504074811935425,0.18801571428775787
130265,librosa,29.976598639455784,0.9365559816360474,0.1712275892496109
130347,librosa,29.988979591836735,0.8718165755271912,0.10607234388589859
130349,librosa,29.988979591836735,0.5633190870285034,0.07149430364370346
130367,librosa,30.0,0.9611655473709106,0.25500041246414185
130368,librosa,29.976598639455784,0.9848772287368774,0.15704479813575745
130369,librosa,29.976598639455784,0.9963468909263611,0.22135749459266663
130370,librosa,30.0,0.9559481739997864,0.20981834828853607
130371,librosa,30.0,0.8741578459739685,0.18198953568935394
130372,librosa,29.976598639455784,0.9718154668807983,0.2170955389738083
130440,librosa,30.0,0.8942341804504395,0.22098727524280548
130454,librosa,29.976598639455784,0.8715775609016418,0.14348161220550537
130456,librosa,29.976598639455784,0.8745383620262146,0.13152873516082764
130650,librosa,29.976598639455784,0.9228324890136719,0.19122734665870667
130667,librosa,29.988979591836735,0.9568772315979004,0.15961962938308716
130682,librosa,29.976598639455784,0.8691391944885254,0.1679786592721939
130683,librosa,29.976598639455784,0.978375256061554,0.2197442352771759
130689,librosa,30.0,0.664171040058136,0.11632248759269714
130691,librosa,30.0,0.5298311710357666,0.06752767413854599
130692,librosa,30.0,0.4638749957084656,0.07951856404542923
130693,librosa,30.0,0.4786585569381714,0.13703800737857819
130702,librosa,29.976598639455784,1.0196750164031982,0.20424607396125793
130709,librosa,30.0,0.9778827428817749,0.20295372605323792
130710,librosa,30.0,1.1003592014312744,0.23459376394748688
130711,librosa,29.976598639455784,1.0017443895339966,0.21098604798316956
130752,librosa,29.976598639455784,0.2971993386745453,0.05248899757862091
130758,librosa,29.976598639455784,0.5323927402496338,0.09933903068304062
130920,librosa,30.0,0.5465211868286133,0.14417757093906403
130921,librosa,29.976598639455784,0.5095766186714172,0.10001043975353241
130922,librosa,30.0,0.9319975972175598,0.18749184906482697
130923,librosa,29.976598639455784,0.7254002094268799,0.1767263561487198
130927,librosa,30.0,0.8746066093444824,0.15902237594127655
130929,librosa,30.0,0.6674474477767944,0.08468303829431534
130930,librosa,30.0,0.8970062732696533,0.11741939932107925
130931,librosa,30.0,0.9414713978767395,0.0878465324640274
130932,librosa,30.0,0.9360038638114929,0.13553978502750397
130933,librosa,29.976598639455784,0.45384353399276733,0.0687410905957222
130934,librosa,30.0,0.9818044900894165,0.09637504070997238
130937,librosa,30.0,0.9930171370506287,0.2620801329612732
130940,librosa,30.0,1.011783242225647,0.2791534662246704
130944,librosa,30.0,0.9526777267456055,0.18879778683185577
130945,librosa,29.976598639455784,0.9996075630187988,0.21871870756149292
130948,librosa,29.976598639455784,0.9383078813552856,0.13596126437187195
130950,librosa,30.0,0.9319484233856201,0.15850675106048584
130951,librosa,30.0,0.9734311103820801,0.15898653864860535
130952,librosa,30.0,0.8274940252304077,0.11069666594266891
130953,librosa,29.976598639455784,0.9392597675323486,0.17329829931259155
130954,librosa,29.976598639455784,0.9997267723083496,0.1438995748758316
130955,librosa,30.0,0.8504449129104614,0.1399228572845459
130956,librosa,30.0,0.9907798767089844,0.11582976579666138
130963,librosa,29.976598639455784,0.9830363392829895,0.17584383487701416
130964,librosa,30.0,0.3477631211280823,0.05841801315546036
130986,librosa,29.976598639455784,1.0768734216690063,0.22791297733783722
130988,librosa,30.0,0.3235298991203308,0.037970926612615585
130989,librosa,30.0,0.530867338180542,0.07453088462352753
130990,librosa,29.976598639455784,0.41107815504074097,0.0605328232049942
130991,librosa,30.0,0.5457562208175659,0.09836211055517197
130992,librosa,30.0,0.7414095401763916,0.10300564765930176
130993,librosa,29.976598639455784,0.9117122888565063,0.1138775572180748
131016,librosa,29.976598639455784,0.9171291589736938,0.14329871535301208
131019,librosa,29.976598639455784,0.8815262913703918,0.10112806409597397
131020,librosa,30.0,0.7508004307746887,0.10662137717008591
131021,librosa,29.976598639455784,0.900762140750885,0.12415216118097305
131024,librosa,29.976598639455784,0.9320811629295349,0.386128306388855
131166,librosa,30.0,0.38771191239356995,0.03338789567351341
131292,librosa,30.0,0.9577152729034424,0.2206278294324875
131323,librosa,30.0,0.8932103514671326,0.127171128988266
131324,librosa,30.0,0.9655044674873352,0.15375974774360657
131325,librosa,30.0,0.9908048510551453,0.1788945198059082
131326,librosa,29.976598639455784,0.9431094527244568,0.16503965854644775
131327,librosa,29.976598639455784,0.68294358253479,0.13257668912410736
131385,librosa,29.976598639455784,0.9717350006103516,0.24153783917427063
131410,librosa,30.0,0.8727606534957886,0.2087976187467575
131422,librosa,29.976598639455784,0.9012295007705688,0.2588827908039093
131425,librosa,30.0,0.392372727394104,0.07580722868442535
131426,librosa,29.976598639455784,0.90521240234375,0.20222559571266174
131436,librosa,29.988979591836735,1.050355315208435,0.25632667541503906
131439,librosa,29.988979591836735,1.025260329246521,0.23228707909584045
131444,librosa,29.988979591836735,0.7033480405807495,0.09285201877355576
131446,librosa,29.988979591836735,0.9254667162895203,0.1568634808063507
131448,librosa,29.988979591836735,1.0262315273284912,0.20382645726203918
131449,librosa,29.988979591836735,1.034294605255127,0.18951207399368286
131451,librosa,29.988979591836735,1.0157831907272339,0.2553521692752838
131452,librosa,29.988979591836735,1.0092524290084839,0.19691583514213562
131453,librosa,29.988979591836735,1.0254321098327637,0.20103415846824646
131454,librosa,29.988979591836735,1.015054702758789,0.20029743015766144
131476,librosa,30.0,0.6952111721038818,0.08265811204910278
131536,librosa,29.976598639455784,1.107276201248169,0.31780004501342773
131540,librosa,29.976598639455784,0.9340226650238037,0.3207348585128784
131552,librosa,29.988979591836735,1.0461912155151367,0.18664126098155975
131553,librosa,29.988979591836735,0.9919241666793823,0.20188485085964203
131554,librosa,29.988979591836735,1.1072852611541748,0.26596322655677795
131567,librosa,30.0,1.0685064792633057,0.2506813108921051
131624,librosa,29.976598639455784,0.9443702697753906,0.20356903970241547
131656,librosa,29.976598639455784,0.9600725769996643,0.19095668196678162
131657,librosa,29.976598639455784,0.9609938859939575,0.18306350708007812
131658,librosa,29.976598639455784,0.9643733501434326,0.19373852014541626
131764,librosa,29.976598639455784,1.1138601303100586,0.36176618933677673
131767,librosa,29.976598639455784,1.0299842357635498,0.35474514961242676
131770,librosa,29.976598639455784,1.0479817390441895,0.4786691665649414
131771,librosa,30.0,0.8910974264144897,0.29634562134742737
131772,librosa,29.976598639455784,1.0422511100769043,0.498224139213562
131773,librosa,30.0,1.057356595993042,0.3173113465309143
131774,librosa,29.976598639455784,1.1155954599380493,0.5588448643684387
131787,librosa,29.976598639455784,0.8109533786773682,0.14021235704421997
131789,librosa,30.0,0.9911292791366577,0.2373410016298294
131791,librosa,29.976598639455784,0.9443427920341492,0.214959055185318
131792,librosa,30.0,1.0075478553771973,0.22795483469963074
131794,librosa,30.0,0.9970455765724182,0.2317270040512085
131795,librosa,30.0,0.9988925457000732,0.205058291554451
131796,librosa,29.976598639455784,0.992935299873352,0.2545601725578308
131797,librosa,29.976598639455784,0.9907885193824768,0.253354549407959
131837,librosa,29.988979591836735,0.940890371799469,0.12534937262535095
131897,librosa,29.976598639455784,0.9492824673652649,0.14435917139053345
131899,librosa,29.976598639455784,0.993560791015625,0.1119067594408989
131900,librosa,30.0,1.0065817832946777,0.11521358788013458
131901,librosa,30.0,0.9310547113418579,0.1654193252325058
131902,librosa,29.976598639455784,0.9010715484619141,0.06998275220394135
131903,librosa,30.0,0.9405691623687744,0.14386701583862305
131904,librosa,30.0,0.939719557762146,0.16846148669719696
131911,librosa,29.976598639455784,0.5994369983673096,0.13474832475185394
131912,librosa,30.0,0.4235435724258423,0.05718464404344559
131913,librosa,30.0,0.8955414295196533,0.17192955315113068
131914,librosa,29.976598639455784,0.7148424983024597,0.146831676363945
131917,librosa,29.976598639455784,0.7249237895011902,0.10938426107168198
131918,librosa,29.976598639455784,0.6069082617759705,0.10577978193759918
131919,librosa,29.976598639455784,0.7962822914123535,0.07859209924936295
131922,librosa,30.0,0.7846518754959106,0.08860402554273605
131923,librosa,29.976598639455784,0.9762387275695801,0.22063730657100677
131924,librosa,29.976598639455784,0.577980637550354,0.05272587761282921
131925,librosa,29.976598639455784,0.9604805707931519,0.14496517181396484
131932,librosa,29.976598639455784,0.7540126442909241,0.09941653907299042
131933,librosa,30.0,0.6717209815979004,0.0994139313697815
131934,librosa,30.0,0.7714880704879761,0.09620584547519684
131935,librosa,29.976598639455784,0.8266545534133911,0.1331687867641449
131936,librosa,30.0,0.9012353420257568,0.10879983007907867
131938,librosa,29.988979591836735,0.9922519326210022,0.1393216848373413
131939,librosa,29.988979591836735,1.0028808116912842,0.14612384140491486
131940,librosa,29.988979591836735,1.0081562995910645,0.1457492709159851
131941,librosa,29.988979591836735,0.9898868799209595,0.13599151372909546
131942,librosa,29.988979591836735,0.887816309928894,0.12451586872339249
131950,librosa,29.988979591836735,0.7611790895462036,0.10052555799484253
131951,librosa,29.988979591836735,0.7316799163818359,0.09046494215726852
131952,librosa,29.988979591836735,0.5255435705184937,0.07677552849054337
131953,librosa,29.988979591836735,0.7454757690429688,0.08966901898384094
131978,librosa,29.976598639455784,0.9922128319740295,0.2961348295211792
131979,librosa,29.976598639455784,1.0558817386627197,0.23341844975948334
131980,librosa,29.976598639455784,0.9881168603897095,0.15938329696655273
131982,librosa,30.0,0.8698845505714417,0.1289144903421402
131983,librosa,29.976598639455784,0.7855570316314697,0.11117140203714371
131984,librosa,29.976598639455784,0.5555805563926697,0.08750300109386444
131985,librosa,29.976598639455784,0.6800079345703125,0.11537490785121918
131986,librosa,30.0,0.9513412714004517,0.1607564389705658
132019,librosa,29.976598639455784,0.40375208854675293,0.06330350786447525
132040,librosa,29.976598639455784,0.7633518576622009,0.10636236518621445
132041,librosa,29.976598639455784,0.6797040700912476,0.07499641180038452
132042,librosa,29.976598639455784,0.46587318181991577,0.07782088965177536
132045,librosa,30.0,0.728254497051239,0.08443941175937653
132117,librosa,29.976598639455784,0.9568887948989868,0.26871490478515625
132118,librosa,29.976598639455784,0.864554226398468,0.24867001175880432
132122,librosa,29.976598639455784,0.8074221611022949,0.23751354217529297
132134,librosa,29.976598639455784,0.9897915124893188,0.20865988731384277
132138,librosa,30.0,0.9871494770050049,0.1870630830526352
132139,librosa,29.988979591836735,0.8999866247177124,0.07311616092920303
132140,librosa,29.988979591836735,0.6283448934555054,0.0810062512755394
132141,librosa,29.988979591836735,0.6766653656959534,0.08071678131818771
132142,librosa,29.988979591836735,0.5813150405883789,0.05900083854794502
132171,librosa,30.0,1.008281946182251,0.32177630066871643
132272,librosa,30.0,1.021148443222046,0.3452116847038269
132310,librosa,29.976598639455784,0.6076614260673523,0.09948574751615524
132420,librosa,29.976598639455784,0.8199965953826904,0.19773735105991364
132424,librosa,30.0,1.0086190700531006,0.1774500012397766
132434,librosa,29.976598639455784,0.47202879190444946,0.13608109951019287
132436,librosa,29.976598639455784,1.2982947826385498,0.5859854221343994
132448,librosa,30.0,0.7384259700775146,0.14370296895503998
132449,librosa,29.988979591836735,0.6761744022369385,0.12933191657066345
132453,librosa,29.988979591836735,0.8035345077514648,0.09593348950147629
132454,librosa,29.988979591836735,0.9139907360076904,0.09941674023866653
132455,librosa,29.988979591836735,0.9023287296295166,0.13648107647895813
132456,librosa,29.988979591836735,0.4239526689052582,0.08515847474336624
132561,librosa,30.0,0.5420316457748413,0.09198612719774246
132566,librosa,29.976598639455784,0.23373788595199585,0.03990919515490532
132567,librosa,29.988979591836735,1.1600773334503174,0.4091273248195648
132568,librosa,29.976598639455784,0.2564607560634613,0.07504164427518845
132589,librosa,30.0,0.4394029378890991,0.012993736192584038
132675,librosa,29.976598639455784,0.6680449843406677,0.13950495421886444
132677,librosa,29.976598639455784,0.9489253163337708,0.12139319628477097
132678,librosa,29.976598639455784,0.5849218368530273,0.14356015622615814
132679,librosa,29.976598639455784,0.5106745362281799,0.0827249214053154
132773,librosa,29.976598639455784,0.3153146505355835,0.05250179022550583
132774,librosa,30.0,0.15841183066368103,0.032817572355270386
132775,librosa,29.976598639455784,0.8408733606338501,0.11609836667776108
132778,librosa,29.988979591836735,0.9214054346084595,0.23473747074604034
132779,librosa,29.988979591836735,1.0029053688049316,0.20142009854316711
132781,librosa,29.988979591836735,0.5788037776947021,0.11421666294336319
132784,librosa,29.988979591836735,1.0338635444641113,0.26097944378852844
132786,librosa,29.988979591836735,0.7976635694503784,0.16671693325042725
132787,librosa,29.988979591836735,0.9206054210662842,0.2150360494852066
132788,librosa,29.988979591836735,1.0175189971923828,0.27287864685058594
132789,librosa,29.988979591836735,0.878095269203186,0.12394087761640549
132790,librosa,29.988979591836735,0.9944748878479004,0.19042713940143585
132791,librosa,29.988979591836735,0.8989487886428833,0.2249196469783783
132792,librosa,29.988979591836735,0.9572036862373352,0.2518884837627411
132793,librosa,29.988979591836735,0.9669997692108154,0.1951490044593811
132794,librosa,29.988979591836735,0.9583448767662048,0.16419801115989685
132795,librosa,29.988979591836735,1.0689483880996704,0.24809513986110687
132914,librosa,29.976598639455784,0.9070074558258057,0.16318222880363464
132954,librosa,29.988979591836735,0.9359055757522583,0.15239658951759338
132961,librosa,29.988979591836735,0.9878065586090088,0.29043710231781006
132962,librosa,29.988979591836735,0.6137391328811646,0.11071200668811798
132963,librosa,29.988979591836735,0.7750922441482544,0.10872124880552292
132964,librosa,29.988979591836735,0.94072425365448,0.20170067250728607
132965,librosa,29.988979591836735,0.7366206049919128,0.14310134947299957
133015,librosa,30.0,0.9900525808334351,0.23126037418842316
133016,librosa,30.0,1.075899600982666,0.3737800717353821
133019,librosa,30.0,0.7212435603141785,0.1216050386428833
133020,librosa,30.0,0.8917506337165833,0.16986918449401855
133022,librosa,30.0,1.036022424697876,0.4761996269226074
133023,librosa,30.0,1.0561041831970215,0.2011490762233734
133024,librosa,29.976598639455784,0.9666094779968262,0.33454403281211853
133025,librosa,30.0,0.9333726763725281,0.3249189555644989
133026,librosa,29.976598639455784,0.714591383934021,0.10303790867328644
133027,librosa,29.976598639455784,0.9444543123245239,0.2582045793533325
133028,librosa,30.0,0.6086847186088562,0.10294125229120255
133029,librosa,29.976598639455784,1.031585454940796,0.1005997434258461
133100,librosa,29.976598639455784,0.8632029294967651,0.12391669303178787
133102,librosa,30.0,0.9644787311553955,0.2950676381587982
133272,librosa,30.0,1.17108154296875,0.4067012369632721
133273,librosa,30.0,1.116770625114441,0.3206295073032379
133274,librosa,29.976598639455784,1.1307300329208374,0.381451278924942
133275,librosa,29.976598639455784,1.1075931787490845,0.32002517580986023
133276,librosa,30.0,1.0806052684783936,0.21133410930633545
133293,librosa,29.976598639455784,1.0486891269683838,0.27767080068588257
133294,librosa,30.0,0.9981759190559387,0.2999391555786133
133332,librosa,29.988979591836735,0.9562587738037109,0.16278301179409027
133333,librosa,30.0,0.5841089487075806,0.08660639822483063
133431,librosa,29.976598639455784,0.7222118377685547,0.14237506687641144
133432,librosa,30.0,0.9495698809623718,0.22704125940799713
133433,librosa,29.976598639455784,0.6682543754577637,0.1416996419429779
133434,librosa,29.976598639455784,0.6045624017715454,0.11318640410900116
133435,librosa,30.0,0.8302801251411438,0.10907188802957535
133436,librosa,29.976598639455784,0.8067073225975037,0.16523078083992004
133437,librosa,29.976598639455784,0.6016043424606323,0.13530556857585907
133438,librosa,29.976598639455784,0.8195548057556152,0.17488031089305878
133439,librosa,30.0,0.7094233632087708,0.14745762944221497
133440,librosa,30.0,0.6735674142837524,0.13337022066116333
133441,librosa,29.976598639455784,0.885286271572113,0.14425012469291687
133442,librosa,29.976598639455784,0.7663025856018066,0.14408992230892181
133443,librosa,30.0,0.6666392087936401,0.13422119617462158
133444,librosa,30.0,0.8435496687889099,0.14687807857990265
133445,librosa,30.0,0.6660135984420776,0.15214554965496063
133446,librosa,29.976598639455784,0.5421198606491089,0.09641596674919128
133447,librosa,29.976598639455784,0.645317554473877,0.10541810840368271
133448,librosa,29.976598639455784,0.7861950993537903,0.13887524604797363
133449,librosa,30.0,0.8077867031097412,0.16241319477558136
133450,librosa,30.0,0.611767053604126,0.11273027956485748
133451,librosa,30.0,0.7393907308578491,0.12144332379102707
133452,librosa,30.0,0.8476412892341614,0.1545596569776535
133453,librosa,30.0,0.6921955943107605,0.13878901302814484
133454,librosa,29.976598639455784,0.656852126121521,0.13278073072433472
133455,librosa,29.976598639455784,0.8757476806640625,0.17144452035427094
133456,librosa,30.0,0.609233558177948,0.11880332231521606
133457,librosa,29.976598639455784,0.6538208723068237,0.13460089266300201
133459,librosa,29.976598639455784,0.8107945919036865,0.14969170093536377
133479,librosa,29.976598639455784,0.9651938676834106,0.2871812582015991
133535,librosa,30.0,0.9871320724487305,0.17286470532417297
133537,librosa,29.976598639455784,0.5900306701660156,0.10443132370710373
133538,librosa,29.976598639455784,0.6461514234542847,0.14122280478477478
133544,librosa,30.0,0.54688560962677,0.19178882241249084
133545,librosa,30.0,0.9870022535324097,0.16718466579914093
133546,librosa,29.976598639455784,0.9873658418655396,0.1373782455921173
133551,librosa,30.0,0.6244865655899048,0.07733072340488434
133553,librosa,30.0,0.9631727933883667,0.23065567016601562
133560,librosa,29.976598639455784,0.5347210168838501,0.06628240644931793
133561,librosa,29.976598639455784,0.520535945892334,0.09155192226171494
133562,librosa,29.976598639455784,0.6733709573745728,0.160131573677063
133563,librosa,30.0,0.9962593913078308,0.23852510750293732
133564,librosa,30.0,0.7790077924728394,0.15701816976070404
133567,librosa,30.0,0.4851456582546234,0.10923172533512115
133571,librosa,30.0,0.7766999006271362,0.14096078276634216
133572,librosa,29.976598639455784,0.9753791093826294,0.14007505774497986
133573,librosa,30.0,0.5153541564941406,0.08600090444087982
133574,librosa,30.0,0.20548364520072937,0.032808396965265274
133576,librosa,30.0,0.9691379070281982,0.17835921049118042
133579,librosa,30.0,0.7899951338768005,0.10028500109910965
133580,librosa,30.0,0.38296157121658325,0.10538112372159958
133632,librosa,29.988979591836735,0.9097932577133179,0.1390727460384369
133638,librosa,29.988979591836735,0.7401909828186035,0.0966615155339241
133639,librosa,29.988979591836735,0.7853752970695496,0.08596992492675781
133681,librosa,30.0,0.658466100692749,0.08301643282175064
133729,librosa,29.976598639455784,0.9848839640617371,0.21851427853107452
133731,librosa,29.976598639455784,0.9978549480438232,0.258266419172287
133770,librosa,30.0,0.8888127207756042,0.20969046652317047
133772,librosa,29.988979591836735,0.9876111149787903,0.23761244118213654
133780,librosa,29.976598639455784,0.9694565534591675,0.17994193732738495
133781,librosa,30.0,1.0211617946624756,0.21633140742778778
133788,librosa,30.0,0.8574259281158447,0.15159758925437927
133793,librosa,29.976598639455784,0.887590765953064,0.14371804893016815
133798,librosa,30.0,0.8946083188056946,0.1555430144071579
133802,librosa,30.0,0.8808678984642029,0.12445364147424698
133803,librosa,30.0,0.8586593866348267,0.12310796976089478
133833,librosa,30.0,0.5639670491218567,0.09548167884349823
133835,librosa,29.988979591836735,0.9252206087112427,0.20149113237857819
133836,librosa,29.988979591836735,0.9013677835464478,0.1837286353111267
133837,librosa,29.988979591836735,0.9435116052627563,0.14504162967205048
133838,librosa,29.988979591836735,0.9630584120750427,0.15620814263820648
133916,librosa,30.0,1.0105355978012085,0.41734275221824646
133942,librosa,29.976598639455784,0.9592342376708984,0.24563778936862946
133943,librosa,29.976598639455784,0.980881929397583,0.2553791403770447
133967,librosa,29.976598639455784,0.8512144088745117,0.1446385681629181
133968,librosa,29.976598639455784,0.9688659906387329,0.2721916139125824
133969,librosa,29.976598639455784,0.9934061765670776,0.230666384100914
133970,librosa,30.0,0.530447244644165,0.08440188318490982
133971,librosa,30.0,0.6027935743331909,0.0977141335606575
133972,librosa,29.976598639455784,0.9640794992446899,0.23387837409973145
133973,librosa,29.976598639455784,0.7223612070083618,0.12709912657737732
133974,librosa,29.976598639455784,0.9556350708007812,0.18716028332710266
133975,librosa,29.976598639455784,0.6147480607032776,0.1256718933582306
133976,librosa,29.976598639455784,0.9853477478027344,0.21912233531475067
133977,librosa,30.0,0.9812760353088379,0.2028733789920807
133978,librosa,30.0,1.0433800220489502,0.27102941274642944
134034,librosa,29.976598639455784,0.8988925218582153,0.2308024913072586
134052,librosa,29.988979591836735,0.9036902189254761,0.2218204289674759
134053,librosa,29.988979591836735,1.0064318180084229,0.22508211433887482
134054,librosa,29.988979591836735,0.8134608268737793,0.20353740453720093
134073,librosa,29.976598639455784,0.9064242839813232,0.24349331855773926
134077,librosa,29.976598639455784,0.9202604293823242,0.26586198806762695
134084,librosa,30.0,0.9166973829269409,0.20252709090709686
134094,librosa,30.0,1.4687724113464355,0.7065079212188721
134359,librosa,30.0,0.8036115765571594,0.16845671832561493
134384,librosa,30.0,1.0898114442825317,0.20448437333106995
134385,librosa,29.976598639455784,0.8866265416145325,0.09171997010707855
134388,librosa,29.976598639455784,0.7155739068984985,0.14005570113658905
134389,librosa,30.0,1.2664029598236084,0.19086870551109314
134443,librosa,30.0,0.7100223302841187,0.1438758373260498
134444,librosa,29.976598639455784,0.7676815986633301,0.13187941908836365
134445,librosa,29.976598639455784,0.6894249320030212,0.11783487349748611
134446,librosa,30.0,1.0421113967895508,0.27726006507873535
134447,librosa,29.976598639455784,0.8955273628234863,0.11144684255123138
134448,librosa,29.976598639455784,1.0503668785095215,0.26935362815856934
134449,librosa,30.0,0.6865459084510803,0.12681931257247925
134452,librosa,29.976598639455784,0.5541071891784668,0.10526443272829056
134453,librosa,30.0,0.5725427865982056,0.1043863594532013
134454,librosa,29.976598639455784,0.8104793429374695,0.15245038270950317
134455,librosa,30.0,0.6989328861236572,0.13379578292369843
134486,librosa,30.0,0.5411700010299683,0.05789187550544739
134509,librosa,30.0,0.9300605058670044,0.16493909060955048
134510,librosa,29.976598639455784,0.9817381501197815,0.22615113854408264
134580,librosa,30.0,0.45302072167396545,0.0796828493475914
134586,librosa,29.976598639455784,0.8044412136077881,0.14266939461231232
134594,librosa,29.976598639455784,0.8224480748176575,0.1703822761774063
134610,librosa,30.0,0.9793202877044678,0.2632691264152527
134631,librosa,29.976598639455784,0.7790442109107971,0.12461291998624802
134643,librosa,30.0,1.0907628536224365,0.3025228679180145
134790,librosa,29.976598639455784,1.003136396408081,0.2656087279319763
134791,librosa,30.0,0.8871020674705505,0.20060835778713226
134792,librosa,30.0,1.000226378440857,0.3450174927711487
134793,librosa,30.0,0.8178379535675049,0.14541937410831451
134794,librosa,30.0,0.9341330528259277,0.28371256589889526
134795,librosa,30.0,0.918810248374939,0.1901606172323227
134796,librosa,29.976598639455784,1.0201504230499268,0.3320903778076172
134797,librosa,29.976598639455784,0.9688712358474731,0.246205136179924
134801,librosa,29.976598639455784,0.6554903388023376,0.09167023003101349
134823,librosa,30.0,1.0332581996917725,0.3483862280845642
134824,librosa,29.976598639455784,1.0339562892913818,0.31154316663742065
134825,librosa,29.976598639455784,1.0951064825057983,0.36375945806503296
134826,librosa,30.0,1.0637128353118896,0.2996633052825928
134827,librosa,29.976598639455784,1.1149343252182007,0.3486543595790863
134918,librosa,30.0,0.7837691903114319,0.11413741856813431
134919,librosa,30.0,0.7711473703384399,0.1045830249786377
134922,librosa,29.976598639455784,0.7887080907821655,0.12359826266765594
134923,librosa,29.976598639455784,0.8685060739517212,0.15050718188285828
134928,librosa,30.0,0.6626369953155518,0.11176343262195587
134929,librosa,29.976598639455784,0.7060351967811584,0.07324368506669998
134930,librosa,30.0,0.8236521482467651,0.13757647573947906
134931,librosa,30.0,0.779678225517273,0.1563594490289688
134932,librosa,30.0,0.810173511505127,0.16890591382980347
134933,librosa,29.976598639455784,0.8014984130859375,0.11605942994356155
134934,librosa,30.0,0.8377950191497803,0.08562269806861877
134935,librosa,30.0,0.7635939121246338,0.1411459594964981
134936,librosa,29.976598639455784,0.55376136302948,0.04125979542732239
134937,librosa,29.976598639455784,0.6629093885421753,0.09407452493906021
134938,librosa,29.976598639455784,0.44102010130882263,0.07133559137582779
134939,librosa,29.976598639455784,0.6165906190872192,0.08938794583082199
134940,librosa,30.0,0.9026170969009399,0.1608285754919052
134941,librosa,30.0,0.5328629016876221,0.05963386222720146
134942,librosa,29.976598639455784,0.7886638641357422,0.14074967801570892
134943,librosa,29.976598639455784,0.9935395121574402,0.1433819830417633
134947,librosa,29.976598639455784,0.9887928366661072,0.16978614032268524
134948,librosa,30.0,0.5838493704795837,0.043758146464824677
134949,librosa,30.0,0.8853893280029297,0.1535416841506958
134950,librosa,30.0,0.9924941062927246,0.1768786609172821
134951,librosa,29.976598639455784,0.9313158988952637,0.15405891835689545
134952,librosa,29.976598639455784,0.6129318475723267,0.08710197359323502
134956,librosa,30.0,0.9209816455841064,0.18507717549800873
134959,librosa,30.0,0.9652296900749207,0.09639536589384079
134962,librosa,29.976598639455784,0.999796986579895,0.1989586502313614
134979,librosa,30.0,0.9875907897949219,0.1644718497991562
134981,librosa,29.976598639455784,0.1655542105436325,0.03500615060329437
135010,librosa,29.976598639455784,0.9174476861953735,0.18255515396595
135028,librosa,29.976598639455784,0.9219468235969543,0.2437777817249298
135039,librosa,29.976598639455784,0.7736753225326538,0.16836898028850555
135043,librosa,30.0,0.7219343185424805,0.14026328921318054
135044,librosa,29.976598639455784,0.7836521863937378,0.1531112790107727
135054,librosa,30.0,0.6376228332519531,0.08403768390417099
135089,librosa,29.976598639455784,0.3118106722831726,0.06143452599644661
135091,librosa,29.976598639455784,0.20232802629470825,0.029752114787697792
135092,librosa,29.976598639455784,0.5423059463500977,0.11496076732873917
135219,librosa,29.976598639455784,1.0809152126312256,0.2056058794260025
135220,librosa,29.976598639455784,1.0172317028045654,0.1820574402809143
135221,librosa,29.976598639455784,1.422023057937622,0.178647980093956
135222,librosa,29.976598639455784,1.0652960538864136,0.21401654183864594
135223,librosa,29.976598639455784,1.0118978023529053,0.19356420636177063
135224,librosa,30.0,1.0376054048538208,0.15903496742248535
135225,librosa,29.976598639455784,1.0353792905807495,0.16789719462394714
135226,librosa,30.0,1.0043060779571533,0.1543324589729309
135227,librosa,30.0,1.072947382926941,0.18025685846805573
135228,librosa,30.0,0.9926244020462036,0.11207764595746994
135229,librosa,29.976598639455784,0.7544228434562683,0.10119955241680145
135336,librosa,29.976598639455784,1.0486476421356201,0.2728721499443054
135337,librosa,30.0,0.9644127488136292,0.20298805832862854
135338,librosa,30.0,1.0159142017364502,0.2747774124145508
135339,librosa,29.976598639455784,0.9311362504959106,0.10298340767621994
135340,librosa,30.0,1.0849709510803223,0.1908826231956482
135341,librosa,29.976598639455784,0.9267294406890869,0.154954731464386
135342,librosa,29.976598639455784,0.9701972007751465,0.17672641575336456
135363,librosa,30.0,0.9502094984054565,0.21476276218891144
135364,librosa,29.976598639455784,0.9822497367858887,0.20502035319805145
135365,librosa,30.0,1.133157730102539,0.2964131832122803
135368,librosa,29.976598639455784,1.0433083772659302,0.24328650534152985
135369,librosa,29.976598639455784,1.0161417722702026,0.15787558257579803
135370,librosa,30.0,1.066075325012207,0.18790088593959808
135371,librosa,29.976598639455784,0.9253278970718384,0.20142821967601776
135372,librosa,30.0,1.0968093872070312,0.2971339523792267
135373,librosa,29.976598639455784,1.0365514755249023,0.31782612204551697
135374,librosa,30.0,1.050270438194275,0.34090572595596313
135375,librosa,30.0,1.0081427097320557,0.26295843720436096
135986,librosa,29.976598639455784,0.9798112511634827,0.2470838576555252
135989,librosa,30.0,0.8786906599998474,0.28025391697883606
135990,librosa,29.976598639455784,0.97281813621521,0.2685104310512543
136054,librosa,29.976598639455784,0.9808502197265625,0.20560409128665924
136091,librosa,29.988979591836735,0.8729556798934937,0.12983179092407227
136094,librosa,29.988979591836735,0.9676944017410278,0.16272881627082825
136134,librosa,30.0,0.9542771577835083,0.17518170177936554
136137,librosa,30.0,0.9708335399627686,0.19058899581432343
136138,librosa,29.976598639455784,0.7619909048080444,0.12631721794605255
136275,librosa,29.988979591836735,1.0113921165466309,0.33575111627578735
136276,librosa,30.0,0.924391508102417,0.11161896586418152
136320,librosa,30.0,1.048362135887146,0.2905410826206207
136321,librosa,29.976598639455784,1.2332756519317627,0.3024415075778961
136322,librosa,29.976598639455784,1.0467958450317383,0.19082048535346985
136323,librosa,29.976598639455784,0.8622717261314392,0.10408038645982742
136324,librosa,29.976598639455784,0.5856823921203613,0.07457980513572693
136331,librosa,29.976598639455784,0.5953930020332336,0.12052756547927856
136404,librosa,30.0,0.9719815254211426,0.27301400899887085
136424,librosa,29.976598639455784,0.743674635887146,0.13339871168136597
136449,librosa,29.976598639455784,0.9920132756233215,0.27308428287506104
136465,librosa,29.976598639455784,0.9873150587081909,0.2148335874080658
136466,librosa,30.0,1.0442482233047485,0.3020224869251251
136467,librosa,29.976598639455784,0.9569435119628906,0.15491460263729095
136468,librosa,29.976598639455784,1.0223556756973267,0.24914585053920746
136469,librosa,29.976598639455784,0.9706273078918457,0.2671259939670563
136705,librosa,29.976598639455784,1.0331754684448242,0.24519795179367065
136706,librosa,29.976598639455784,0.9978660345077515,0.1894378364086151
136707,librosa,29.976598639455784,1.0116584300994873,0.3066246211528778
136708,librosa,29.976598639455784,1.0054317712783813,0.3434028923511505
136709,librosa,29.976598639455784,0.9711417555809021,0.3416019678115845
136928,librosa,29.976598639455784,0.14632216095924377,0.008548151701688766
136994,librosa,30.0,0.9508970975875854,0.2264886498451233
136995,librosa,30.0,0.9612347483634949,0.2617199718952179
137054,librosa,29.976598639455784,0.9594307541847229,0.13750480115413666
137151,librosa,30.0,0.7674577832221985,0.10920757800340652
137152,librosa,29.976598639455784,0.8736321926116943,0.2884880602359772
137166,librosa,29.976598639455784,0.44101420044898987,0.09550998359918594
137167,librosa,30.0,0.45161256194114685,0.09731736779212952
137168,librosa,30.0,0.47347986698150635,0.07738802582025528
137169,librosa,29.976598639455784,0.49752277135849,0.09633772075176239
137170,librosa,30.0,0.37258854508399963,0.07388940453529358
137171,librosa,30.0,0.40976688265800476,0.09103372693061829
137172,librosa,29.976598639455784,0.381219744682312,0.08200878649950027
137173,librosa,30.0,0.2652384638786316,0.05104631930589676
137174,librosa,29.976598639455784,0.5815720558166504,0.09249219298362732
137175,librosa,29.976598639455784,0.31884798407554626,0.06425191462039948
137176,librosa,30.0,0.40104854106903076,0.07726500183343887
137211,librosa,29.976598639455784,0.9886669516563416,0.16806365549564362
137212,librosa,29.976598639455784,1.0016779899597168,0.24926668405532837
137213,librosa,30.0,0.581384539604187,0.060529451817274094
137214,librosa,29.976598639455784,1.0008492469787598,0.20085878670215607
137356,librosa,29.976598639455784,1.0031259059906006,0.30930885672569275
137417,librosa,30.0,1.0135120153427124,0.20829816162586212
137418,librosa,30.0,0.9964843988418579,0.22865790128707886
137419,librosa,29.976598639455784,1.0024570226669312,0.2203226536512375
137423,librosa,29.976598639455784,0.954552412033081,0.18623845279216766
137424,librosa,30.0,0.9809186458587646,0.207576185464859
137425,librosa,29.976598639455784,0.9711166620254517,0.23448137938976288
137426,librosa,29.976598639455784,1.0043225288391113,0.21008993685245514
137462,librosa,29.976598639455784,0.9616841673851013,0.10193710029125214
137463,librosa,30.0,1.0055391788482666,0.13627269864082336
137484,librosa,29.976598639455784,0.5659708380699158,0.07224058359861374
137500,librosa,29.976598639455784,0.8370124101638794,0.2111019492149353
137551,librosa,29.988979591836735,0.3243923783302307,0.006019711494445801
137561,librosa,30.0,0.524254560470581,0.07617523521184921
137563,librosa,29.988979591836735,0.5309697389602661,0.042319655418395996
137567,librosa,30.0,0.3308182656764984,0.07321067899465561
137593,librosa,29.976598639455784,1.0564912557601929,0.29055872559547424
137605,librosa,29.988979591836735,0.9117368459701538,0.1364067792892456
137624,librosa,30.0,1.003631353378296,0.26579970121383667
137627,librosa,29.976598639455784,0.6500070095062256,0.09624689072370529
137630,librosa,30.0,0.8121463060379028,0.12355019897222519
137631,librosa,30.0,0.9260264039039612,0.18603990972042084
137632,librosa,30.0,1.0053207874298096,0.23977960646152496
137715,librosa,29.988979591836735,1.0635854005813599,0.4843977093696594
137716,librosa,29.988979591836735,1.0343348979949951,0.4600016474723816
137717,librosa,29.988979591836735,1.0329761505126953,0.4418688118457794
137719,librosa,29.976598639455784,1.0185742378234863,0.43903452157974243
137720,librosa,30.0,1.0750919580459595,0.41316163539886475
137721,librosa,30.0,1.0527539253234863,0.487667441368103
137722,librosa,29.976598639455784,0.9809033870697021,0.38130536675453186
137723,librosa,30.0,1.0657262802124023,0.43056899309158325
137724,librosa,30.0,2.1033689975738525,0.4468674659729004
137725,librosa,29.976598639455784,1.0598224401474,0.40588510036468506
137740,librosa,29.988979591836735,0.9817299842834473,0.28055834770202637
137895,librosa,30.0,1.0248730182647705,0.3181999921798706
137896,librosa,29.976598639455784,0.9949936866760254,0.307149201631546
137898,librosa,29.976598639455784,1.0006682872772217,0.30289027094841003
137899,librosa,29.976598639455784,1.009248971939087,0.33314067125320435
137900,librosa,29.976598639455784,0.978394627571106,0.23706156015396118
137901,librosa,30.0,1.0293920040130615,0.31968367099761963
137907,librosa,29.976598639455784,0.11605989933013916,0.026359323412179947
137935,librosa,29.976598639455784,0.9148416519165039,0.20698677003383636
137990,librosa,30.0,0.96015465259552,0.17321094870567322
137998,librosa,29.976598639455784,0.4574908912181854,0.09129898250102997
138010,librosa,29.976598639455784,1.0797131061553955,0.2720966637134552
138015,librosa,30.0,0.8890485167503357,0.14260758459568024
138016,librosa,29.976598639455784,0.8811181783676147,0.16096152365207672
138017,librosa,29.976598639455784,0.8148925304412842,0.16401804983615875
138018,librosa,30.0,0.35969245433807373,0.030758099630475044
138019,librosa,29.976598639455784,0.48011747002601624,0.09769386798143387
138020,librosa,30.0,0.7796679139137268,0.04189842566847801
138021,librosa,30.0,0.5938311815261841,0.13846047222614288
138022,librosa,30.0,0.32505378127098083,0.03867553547024727
138023,librosa,30.0,0.34876930713653564,0.06357970833778381
138024,librosa,30.0,0.6933972835540771,0.11408308893442154
138025,librosa,29.976598639455784,0.7795678377151489,0.14551587402820587
138026,librosa,30.0,0.6663058400154114,0.09976174682378769
138038,librosa,30.0,1.02972412109375,0.23723278939723969
138039,librosa,29.976598639455784,1.0371291637420654,0.23909389972686768
138040,librosa,29.976598639455784,1.0413665771484375,0.2714352011680603
138041,librosa,30.0,1.1698263883590698,0.28515440225601196
138053,librosa,29.976598639455784,1.0189898014068604,0.2417372465133667
138060,librosa,29.976598639455784,0.8695610165596008,0.11945322901010513
138061,librosa,29.976598639455784,0.9505667090415955,0.1659480184316635
138062,librosa,30.0,1.0082076787948608,0.3058561682701111
138063,librosa,30.0,0.9970135688781738,0.3167453110218048
138064,librosa,30.0,1.012234091758728,0.345782071352005
138065,librosa,30.0,1.019890308380127,0.34687599539756775
138066,librosa,30.0,0.9958282113075256,0.22963577508926392
138067,librosa,30.0,1.006681203842163,0.2951453626155853
138068,librosa,30.0,0.984050989151001,0.29550883173942566
138069,librosa,30.0,0.9977724552154541,0.2561541199684143
138070,librosa,30.0,1.017698049545288,0.3025122880935669
138071,librosa,30.0,0.9902908205986023,0.285942405462265
138207,librosa,29.976598639455784,0.9646502733230591,0.2181798666715622
138210,librosa,29.976598639455784,0.9708881378173828,0.24056567251682281
138211,librosa,29.976598639455784,0.9415004253387451,0.19534704089164734
138212,librosa,30.0,1.0183489322662354,0.2866893708705902
138213,librosa,29.976598639455784,1.0140894651412964,0.28090763092041016
138215,librosa,30.0,1.0444869995117188,0.3581414818763733
138216,librosa,29.976598639455784,1.0034984350204468,0.2661512792110443
138217,librosa,30.0,0.9848538637161255,0.3030179738998413
138218,librosa,29.976598639455784,0.9993013739585876,0.31606754660606384
138256,librosa,30.0,0.6773451566696167,0.13190361857414246
138282,librosa,29.976598639455784,0.9975976943969727,0.2593092620372772
138306,librosa,30.0,1.0004780292510986,0.3566659986972809
138311,librosa,30.0,0.9816545248031616,0.13450376689434052
138317,librosa,30.0,0.982612133026123,0.21398435533046722
138318,librosa,29.976598639455784,0.9670975208282471,0.17825321853160858
138319,librosa,29.976598639455784,0.7665387988090515,0.12319765985012054
138320,librosa,30.0,0.9457095861434937,0.15242506563663483
138351,librosa,29.976598639455784,0.973933756351471,0.18849647045135498
138355,librosa,30.0,1.1093703508377075,0.31709322333335876
138406,librosa,29.976598639455784,0.9771223664283752,0.25899916887283325
138410,librosa,29.976598639455784,0.9706881642341614,0.21754597127437592
138413,librosa,29.976598639455784,0.9842032194137573,0.22578799724578857
138414,librosa,29.976598639455784,0.9682151079177856,0.239907369017601
138415,librosa,30.0,0.9625498652458191,0.19231820106506348
138416,librosa,30.0,0.9440010786056519,0.186477929353714
138578,librosa,29.976598639455784,0.9990766644477844,0.23805050551891327
138579,librosa,30.0,1.0135343074798584,0.29059311747550964
138580,librosa,29.976598639455784,1.232007622718811,0.2850223481655121
138581,librosa,30.0,1.0466935634613037,0.2979651987552643
139003,librosa,29.976598639455784,0.5082814693450928,0.0699005052447319
139043,librosa,29.976598639455784,0.9655483365058899,0.19800949096679688
139110,librosa,29.988979591836735,0.8328158259391785,0.21784338355064392
139112,librosa,29.976598639455784,0.8398652672767639,0.2305416315793991
139117,librosa,29.976598639455784,0.9362493753433228,0.21030525863170624
139123,librosa,29.976598639455784,0.9232531785964966,0.18802207708358765
139226,librosa,29.976598639455784,1.052189826965332,0.3231067955493927
139329,librosa,29.976598639455784,0.8706675171852112,0.15608763694763184
139330,librosa,30.0,0.7257892489433289,0.14165954291820526
139461,librosa,30.0,0.9819276332855225,0.22375226020812988
139485,librosa,29.976598639455784,0.3446793854236603,0.07573740184307098
139491,librosa,29.976598639455784,0.3869944214820862,0.07045820355415344
139520,librosa,30.0,0.9395279884338379,0.14237871766090393
139521,librosa,30.0,0.9422599077224731,0.13985565304756165
139522,librosa,30.0,0.7189024090766907,0.10876873135566711
139523,librosa,30.0,0.49934422969818115,0.09134846925735474
139524,librosa,30.0,0.8447531461715698,0.12927348911762238
139532,librosa,29.976598639455784,0.9154297113418579,0.13053259253501892
139534,librosa,30.0,0.9712924957275391,0.17230729758739471
139536,librosa,30.0,0.7011899948120117,0.13023364543914795
139537,librosa,29.976598639455784,0.9091150164604187,0.17519648373126984
139637,librosa,30.0,0.5482838153839111,0.11985963582992554
139638,librosa,29.976598639455784,0.6372326016426086,0.11782524734735489
139663,librosa,29.976598639455784,0.9752891063690186,0.3232872784137726
139681,librosa,29.976598639455784,0.4785641133785248,0.15482285618782043
139687,librosa,29.976598639455784,0.4542275667190552,0.048293910920619965
139688,librosa,29.976598639455784,0.42266616225242615,0.07511574774980545
139769,librosa,29.976598639455784,1.0150129795074463,0.2749250829219818
139770,librosa,29.976598639455784,1.0250874757766724,0.2818942070007324
139771,librosa,29.976598639455784,0.7104178667068481,0.08842151612043381
139772,librosa,29.976598639455784,0.8939943313598633,0.26650482416152954
139773,librosa,30.0,0.8980014324188232,0.2568884491920471
139774,librosa,30.0,0.774396538734436,0.19845913350582123
139775,librosa,30.0,0.8940784931182861,0.19960732758045197
139776,librosa,29.976598639455784,0.5798580050468445,0.12030021101236343
139777,librosa,29.976598639455784,0.8267269134521484,0.11750416457653046
139804,librosa,30.0,0.9579256772994995,0.3179072439670563
139862,librosa,29.988979591836735,0.873870849609375,0.13865594565868378
139876,librosa,30.0,0.6598848104476929,0.15190118551254272
139933,librosa,29.976598639455784,1.1830992698669434,0.39979836344718933
139934,librosa,29.976598639455784,1.1129302978515625,0.36457839608192444
139935,librosa,29.976598639455784,1.1485638618469238,0.23139648139476776
139936,librosa,30.0,0.9701825380325317,0.2611965239048004
139937,librosa,29.976598639455784,1.0451757907867432,0.2281693071126938
139954,librosa,30.0,0.20777341723442078,0.03388113155961037
139990,librosa,30.0,0.5579389333724976,0.05706818774342537
139991,librosa,30.0,0.7294677495956421,0.09278646856546402
139992,librosa,29.976598639455784,0.6128687858581543,0.13879013061523438
139993,librosa,30.0,0.49840688705444336,0.08751758188009262
139994,librosa,30.0,0.8312354683876038,0.16571463644504547
139995,librosa,30.0,0.9914717674255371,0.12525935471057892
140043,librosa,30.0,0.5122619867324829,0.07962584495544434
140134,librosa,29.976598639455784,0.7104545831680298,0.19102029502391815
140135,librosa,30.0,0.7017226219177246,0.1710158735513687
140258,librosa,29.976598639455784,0.9027076959609985,0.16735437512397766
140259,librosa,30.0,0.9754364490509033,0.2584940493106842
140260,librosa,29.976598639455784,0.8828788995742798,0.1954907923936844
140261,librosa,29.976598639455784,1.084079623222351,0.17386725544929504
140262,librosa,30.0,1.0416946411132812,0.14254112541675568
140263,librosa,30.0,1.269402265548706,0.3279339373111725
140266,librosa,29.976598639455784,0.08988574147224426,0.012615210376679897
140316,librosa,29.976598639455784,0.5660803318023682,0.18032518029212952
140344,librosa,30.0,0.4919229745864868,0.10685702413320541
140421,librosa,30.0,1.0040652751922607,0.18398535251617432
140564,librosa,29.988979591836735,1.0130350589752197,0.2480061650276184
140565,librosa,29.988979591836735,1.0485515594482422,0.25003859400749207
140566,librosa,29.976598639455784,0.9830996990203857,0.24705180525779724
140576,librosa,30.0,1.0372297763824463,0.3018380105495453
140583,librosa,29.976598639455784,1.0337873697280884,0.2130497545003891
140584,librosa,30.0,1.0553486347198486,0.23726621270179749
140609,librosa,30.0,1.0568159818649292,0.3115074932575226
140620,librosa,30.0,0.9553786516189575,0.24406111240386963
140621,librosa,29.976598639455784,0.9952863454818726,0.3122647702693939
140623,librosa,29.976598639455784,0.9816670417785645,0.34106534719467163
140625,librosa,30.0,0.9859030246734619,0.3018440902233124
140626,librosa,30.0,0.9785645008087158,0.28068843483924866
140788,librosa,29.976598639455784,0.9593532681465149,0.06934338063001633
140789,librosa,30.0,0.7751128673553467,0.1453663557767868
140790,librosa,30.0,1.020433783531189,0.18200241029262543
140791,librosa,30.0,0.9747398495674133,0.1817931979894638
140794,librosa,30.0,1.0519441366195679,0.24361900985240936
140871,librosa,29.988979591836735,0.4811576008796692,0.07783724367618561
140872,librosa,29.988979591836735,0.5547565817832947,0.08074060827493668
140873,librosa,29.988979591836735,0.534417986869812,0.08229853957891464
140874,librosa,29.988979591836735,0.5087235569953918,0.07756739109754562
140875,librosa,29.988979591836735,0.5539684295654297,0.07478401809930801
140922,librosa,29.976598639455784,0.7162512540817261,0.14882640540599823
140923,librosa,30.0,0.6912521123886108,0.17792978882789612
140924,librosa,29.976598639455784,0.913865327835083,0.24056348204612732
140925,librosa,30.0,0.9468417167663574,0.2797805070877075
140926,librosa,29.976598639455784,0.684136152267456,0.18964552879333496
140933,librosa,29.976598639455784,0.7577243447303772,0.12943217158317566
140934,librosa,29.976598639455784,0.9372516870498657,0.20823629200458527
140935,librosa,30.0,1.1787681579589844,0.4292057156562805
140939,librosa,29.976598639455784,1.1652052402496338,0.3441460430622101
141074,librosa,30.0,0.8858739137649536,0.2001722902059555
141137,librosa,29.976598639455784,0.4241967499256134,0.08884904533624649
141139,librosa,30.0,0.7470260262489319,0.15977269411087036
141141,librosa,29.976598639455784,0.26082396507263184,0.050717879086732864
141143,librosa,29.976598639455784,0.401660680770874,0.07470256090164185
141144,librosa,30.0,0.6309341788291931,0.11399313807487488
141164,librosa,30.0,0.9696453213691711,0.2352827787399292
141166,librosa,30.0,0.9970462322235107,0.18424980342388153
141167,librosa,29.976598639455784,0.9491415619850159,0.22364485263824463
141168,librosa,29.976598639455784,0.9779856204986572,0.26922607421875
141173,librosa,29.988979591836735,0.8077394962310791,0.24538831412792206
141179,librosa,30.0,0.9503010511398315,0.2361452281475067
141180,librosa,29.976598639455784,0.7977352142333984,0.15523310005664825
141181,librosa,29.976598639455784,0.7813791036605835,0.13638706505298615
141182,librosa,30.0,0.532182514667511,0.11740559339523315
141264,librosa,29.976598639455784,1.037521481513977,0.5188469290733337
141282,librosa,30.0,0.8452643156051636,0.09323319047689438
141283,librosa,29.976598639455784,0.8123497366905212,0.16213150322437286
141284,librosa,29.976598639455784,0.8425557017326355,0.1280212551355362
141285,librosa,29.976598639455784,0.8827100396156311,0.1271374225616455
141286,librosa,30.0,0.8725346326828003,0.17428040504455566
141287,librosa,29.976598639455784,0.8841606974601746,0.16468578577041626
141288,librosa,30.0,0.8492438793182373,0.13529515266418457
141289,librosa,30.0,0.8601889610290527,0.1695536971092224
141290,librosa,30.0,0.8859760761260986,0.20427188277244568
141291,librosa,29.976598639455784,0.8718445301055908,0.16030113399028778
141292,librosa,30.0,0.8537943959236145,0.12368585914373398
141293,librosa,29.976598639455784,0.8825089335441589,0.16607682406902313
141295,librosa,29.976598639455784,0.905036985874176,0.17964863777160645
141296,librosa,29.976598639455784,0.8780243992805481,0.10417380183935165
141297,librosa,29.976598639455784,0.8578174114227295,0.17575018107891083
141299,librosa,29.976598639455784,0.6202630996704102,0.11770858615636826
141300,librosa,29.976598639455784,0.45547667145729065,0.06990506500005722
141303,librosa,30.0,0.8871862888336182,0.1188446581363678
141304,librosa,30.0,0.8778945207595825,0.17230163514614105
141310,librosa,29.976598639455784,1.000051498413086,0.2702140212059021
141375,librosa,29.976598639455784,1.0222846269607544,0.1897963285446167
141561,librosa,29.976598639455784,1.1012015342712402,0.3019607663154602
141562,librosa,29.976598639455784,0.980323851108551,0.2614305913448334
141564,librosa,29.976598639455784,0.9245510101318359,0.12002803385257721
141566,librosa,30.0,1.0712313652038574,0.2703898847103119
141567,librosa,29.976598639455784,1.1409721374511719,0.31439825892448425
141568,librosa,30.0,0.8076355457305908,0.27374714612960815
141569,librosa,29.976598639455784,0.802681028842926,0.1836201697587967
141590,librosa,29.976598639455784,1.1371595859527588,0.39201945066452026
141591,librosa,30.0,0.9870753288269043,0.3595077693462372
141592,librosa,29.976598639455784,0.9858227968215942,0.2953581213951111
141593,librosa,29.976598639455784,1.2612905502319336,0.4117078483104706
141594,librosa,29.976598639455784,1.044547200202942,0.4226185083389282
141616,librosa,29.976598639455784,0.7439315915107727,0.16943441331386566
141617,librosa,30.0,0.9234482645988464,0.16098932921886444
141618,librosa,29.976598639455784,0.9043663144111633,0.13518860936164856
141619,librosa,30.0,1.1670030355453491,0.2689591646194458
141735,librosa,30.0,1.2533591985702515,0.3262596130371094
141873,librosa,29.976598639455784,0.6959929466247559,0.2493162900209427
141874,librosa,29.976598639455784,0.742941677570343,0.2818947732448578
141875,librosa,29.976598639455784,0.6973797082901001,0.2168378382921219
141876,librosa,30.0,0.5757303237915039,0.08351556211709976
141877,librosa,29.976598639455784,0.5951972007751465,0.15258097648620605
141878,librosa,29.976598639455784,0.5889925956726074,0.13731178641319275
141894,librosa,30.0,0.7658746242523193,0.2500939667224884
141901,librosa,29.976598639455784,0.9450876116752625,0.23249095678329468
141902,librosa,29.976598639455784,0.9444218277931213,0.20467515289783478
141903,librosa,30.0,0.9447973966598511,0.2182113528251648
141972,librosa,29.976598639455784,0.7150280475616455,0.18154317140579224
142078,librosa,29.976598639455784,1.291205883026123,0.4109801650047302
142079,librosa,30.0,1.2237462997436523,0.434166818857193
142080,librosa,30.0,1.43070387840271,0.3806414306163788
142081,librosa,29.976598639455784,0.9985854625701904,0.19697917997837067
142082,librosa,29.988979591836735,0.8303554058074951,0.16484256088733673
142083,librosa,29.976598639455784,1.0395588874816895,0.28373953700065613
142084,librosa,29.988979591836735,1.1954569816589355,0.3072095215320587
142085,librosa,29.976598639455784,1.1313881874084473,0.31462547183036804
142086,librosa,29.976598639455784,1.0330679416656494,0.23093897104263306
142087,librosa,29.988979591836735,1.1842105388641357,0.2794623374938965
142088,librosa,30.0,0.9976097345352173,0.27143383026123047
142089,librosa,29.988979591836735,1.037062168121338,0.1837603747844696
142091,librosa,29.976598639455784,1.0313842296600342,0.30231356620788574
142092,librosa,29.988979591836735,0.9001871943473816,0.13269992172718048
142093,librosa,30.0,0.900001049041748,0.15569616854190826
142094,librosa,29.976598639455784,0.968097984790802,0.20815931260585785
142096,librosa,29.976598639455784,0.724907398223877,0.15217246115207672
142097,librosa,30.0,0.9058704972267151,0.2132105827331543
142098,librosa,29.976598639455784,0.7332435250282288,0.1449383646249771
142128,librosa,30.0,0.9389832019805908,0.1367894560098648
142129,librosa,29.976598639455784,0.7896759510040283,0.14354141056537628
142132,librosa,29.976598639455784,0.525732696056366,0.06495819985866547
142133,librosa,30.0,0.5749282836914062,0.07604120671749115
142358,librosa,30.0,0.9844861030578613,0.28701063990592957
142359,librosa,29.976598639455784,1.0271499156951904,0.26365894079208374
142360,librosa,29.976598639455784,1.0498976707458496,0.27029603719711304
142361,librosa,30.0,1.0003623962402344,0.31253933906555176
142362,librosa,29.976598639455784,1.0098289251327515,0.2442626804113388
142381,librosa,29.976598639455784,0.9685162901878357,0.23935477435588837
142402,librosa,29.976598639455784,0.9695456027984619,0.23587670922279358
142418,librosa,29.976598639455784,0.9939599633216858,0.37137407064437866
142433,librosa,30.0,1.0891647338867188,0.2552047073841095
142511,librosa,29.976598639455784,0.9616945385932922,0.23300188779830933
142516,librosa,30.0,0.9793230891227722,0.25414592027664185
142517,librosa,29.976598639455784,0.9777536988258362,0.2493048757314682
142519,librosa,30.0,0.9769159555435181,0.28645116090774536
142528,librosa,29.976598639455784,0.8793320655822754,0.2154182344675064
142529,librosa,29.976598639455784,0.9667073488235474,0.29809537529945374
142530,librosa,29.976598639455784,0.9287420511245728,0.17144055664539337
142531,librosa,30.0,0.9468430280685425,0.14103159308433533
142532,librosa,29.976598639455784,0.8932433128356934,0.15693828463554382
142533,librosa,29.976598639455784,1.0971770286560059,0.26667922735214233
142534,librosa,30.0,1.005910038948059,0.27237167954444885
142535,librosa,29.976598639455784,1.0350737571716309,0.31236428022384644
142536,librosa,30.0,0.9928823709487915,0.2797393500804901
142537,librosa,30.0,1.0676811933517456,0.32039403915405273
142538,librosa,29.976598639455784,1.0051376819610596,0.2708326578140259
142539,librosa,30.0,0.9328991174697876,0.17064382135868073
142549,librosa,29.976598639455784,0.9825760126113892,0.2123657912015915
142550,librosa,29.976598639455784,1.0276176929473877,0.2961479425430298
142551,librosa,30.0,1.0035386085510254,0.275564044713974
142552,librosa,30.0,0.985300600528717,0.28470930457115173
142553,librosa,30.0,0.9840066432952881,0.2568243443965912
142563,librosa,29.976598639455784,0.7888426184654236,0.14567537605762482
142564,librosa,29.976598639455784,0.9914124608039856,0.29310256242752075
142565,librosa,30.0,0.9853512048721313,0.2894359230995178
142566,librosa,29.976598639455784,0.9945968389511108,0.33725860714912415
142567,librosa,30.0,1.0056824684143066,0.31659671664237976
142568,librosa,29.976598639455784,0.9889643788337708,0.2749359905719757
142569,librosa,29.976598639455784,1.0051648616790771,0.2434726357460022
142570,librosa,29.976598639455784,0.9807007908821106,0.2651292085647583
142571,librosa,29.976598639455784,1.016030192375183,0.3014078140258789
142572,librosa,29.976598639455784,0.9808636903762817,0.2708413004875183
142573,librosa,29.976598639455784,0.981852650642395,0.2652246356010437
142574,librosa,30.0,1.0854508876800537,0.2878173589706421
142575,librosa,30.0,1.0287470817565918,0.286495178937912
142576,librosa,29.976598639455784,1.0090413093566895,0.26911911368370056
142577,librosa,29.976598639455784,1.2296735048294067,0.30170825123786926
142579,librosa,30.0,1.2151511907577515,0.2711080312728882
142641,librosa,29.976598639455784,1.070257306098938,0.3186693489551544
142666,librosa,30.0,0.9744430184364319,0.24866995215415955
142668,librosa,29.976598639455784,1.00910222530365,0.3550061881542206
142669,librosa,30.0,0.9847269058227539,0.2116219699382782
142670,librosa,29.976598639455784,1.0288324356079102,0.31848248839378357
142671,librosa,29.976598639455784,1.0167467594146729,0.47490984201431274
142672,librosa,29.976598639455784,0.9833437204360962,0.24363312125205994
142947,librosa,29.976598639455784,0.9141954779624939,0.12642356753349304
142948,librosa,30.0,0.9314629435539246,0.11973084509372711
142949,librosa,30.0,0.9763157367706299,0.13971562683582306
142950,librosa,30.0,0.9669502973556519,0.12886252999305725
143039,librosa,29.976598639455784,1.01736319065094,0.18639828264713287
143046,librosa,29.976598639455784,1.06776762008667,0.26158010959625244
143055,librosa,30.0,1.001451849937439,0.18163232505321503
143056,librosa,29.976598639455784,0.9404408931732178,0.10419484972953796
143057,librosa,30.0,0.8593509793281555,0.10836994647979736
143058,librosa,29.976598639455784,1.0484020709991455,0.1928388774394989
143059,librosa,29.976598639455784,1.0292751789093018,0.25303035974502563
143060,librosa,30.0,0.672751784324646,0.06091706454753876
143061,librosa,29.976598639455784,0.5396212339401245,0.06470823287963867
143095,librosa,29.976598639455784,0.9426678419113159,0.14137962460517883
143097,librosa,30.0,0.9361915588378906,0.12384676933288574
143098,librosa,30.0,0.9729137420654297,0.16620254516601562
143099,librosa,30.0,0.9820743799209595,0.12495752424001694
143106,librosa,30.0,0.9932399988174438,0.14893335103988647
143186,librosa,29.976598639455784,0.7562719583511353,0.1564030647277832
143214,librosa,30.0,1.0129618644714355,0.21644249558448792
143215,librosa,29.976598639455784,1.0154318809509277,0.2834230065345764
143216,librosa,29.976598639455784,0.9803257584571838,0.26298436522483826
143217,librosa,29.976598639455784,1.0006381273269653,0.2200111448764801
143218,librosa,30.0,0.9327536821365356,0.12488047778606415
143219,librosa,29.976598639455784,1.0204294919967651,0.21579739451408386
143220,librosa,30.0,1.0140180587768555,0.3122614920139313
143221,librosa,30.0,1.010956883430481,0.28548765182495117
143237,librosa,30.0,0.8016787767410278,0.18868978321552277
143239,librosa,30.0,1.0321987867355347,0.23737125098705292
143290,librosa,29.976598639455784,0.7484484910964966,0.14030179381370544
143295,librosa,30.0,0.7697188854217529,0.1400057077407837
143296,librosa,30.0,0.6884363889694214,0.14210420846939087
143299,librosa,30.0,0.7544659972190857,0.14337857067584991
143300,librosa,30.0,0.598722517490387,0.08898857980966568
143303,librosa,29.976598639455784,0.42668581008911133,0.09290697425603867
143304,librosa,30.0,0.41944801807403564,0.08156955242156982
143305,librosa,29.976598639455784,0.5930523872375488,0.12383950501680374
143306,librosa,30.0,0.42205810546875,0.08727509528398514
143307,librosa,29.976598639455784,0.5041611194610596,0.12758290767669678
143308,librosa,30.0,0.43054133653640747,0.10541077703237534
143309,librosa,29.976598639455784,0.458141028881073,0.0963195338845253
143318,librosa,30.0,1.1171975135803223,0.35207676887512207
143319,librosa,29.976598639455784,1.0415284633636475,0.33329442143440247
143532,librosa,30.0,0.986916184425354,0.12995785474777222
143941,librosa,30.0,0.7401922941207886,0.13566778600215912
143989,librosa,29.976598639455784,0.966126561164856,0.23942206799983978
143995,librosa,30.0,0.9592355489730835,0.2644849121570587
144170,librosa,30.0,1.0176351070404053,0.3183169662952423
144171,librosa,29.976598639455784,1.0016552209854126,0.2973799407482147
144172,librosa,30.0,1.0587637424468994,0.3443760871887207
144173,librosa,30.0,1.02422034740448,0.2891809940338135
144179,librosa,30.0,1.0382174253463745,0.29163289070129395
144180,librosa,30.0,0.9958439469337463,0.22425103187561035
144181,librosa,29.976598639455784,0.9930629134178162,0.24466964602470398
144182,librosa,30.0,1.0344356298446655,0.2800358533859253
144212,librosa,30.0,0.9958748817443848,0.3092593848705292
144213,librosa,30.0,1.0519530773162842,0.2945907413959503
144214,librosa,29.976598639455784,1.0283087491989136,0.2619779706001282
144215,librosa,29.976598639455784,1.0467774868011475,0.3020886480808258
144216,librosa,29.976598639455784,0.9651961922645569,0.2155831754207611
144423,librosa,29.976598639455784,1.0393109321594238,0.3577147424221039
144424,librosa,30.0,0.9851300716400146,0.2710008919239044
144454,librosa,30.0,0.7820543646812439,0.14856410026550293
144465,librosa,30.0,0.34907066822052,0.043671898543834686
144466,librosa,29.976598639455784,0.6903585195541382,0.1256445199251175
144467,librosa,29.976598639455784,0.2612377405166626,0.03511064127087593
144468,librosa,29.976598639455784,0.28766068816185,0.05615520849823952
144469,librosa,30.0,0.48073166608810425,0.09171119332313538
144470,librosa,30.0,0.392914354801178,0.05868516117334366
144471,librosa,30.0,0.3595151901245117,0.06357821077108383
144472,librosa,29.976598639455784,0.3902451992034912,0.04103438928723335
144473,librosa,30.0,0.13644254207611084,0.03310612589120865
144474,librosa,29.976598639455784,0.96932053565979,0.15268777310848236
144475,librosa,29.976598639455784,0.19784897565841675,0.03790374845266342
144476,librosa,29.976598639455784,0.1265603005886078,0.019980326294898987
144477,librosa,29.976598639455784,0.6566872596740723,0.12994259595870972
144487,librosa,30.0,0.6692876219749451,0.06624434888362885
144492,librosa,29.976598639455784,0.6110088229179382,0.0805540382862091
144542,librosa,29.976598639455784,0.9544368982315063,0.24363955855369568
144543,librosa,29.976598639455784,0.9873789548873901,0.15907226502895355
144544,librosa,29.976598639455784,0.9722847938537598,0.19042742252349854
144545,librosa,29.976598639455784,0.9412102699279785,0.15435992181301117
144546,librosa,30.0,0.7728166580200195,0.1221182644367218
144547,librosa,30.0,0.9765713810920715,0.1863386183977127
144548,librosa,29.976598639455784,0.9458060264587402,0.15410116314888
144549,librosa,29.976598639455784,0.6902263164520264,0.13629485666751862
144550,librosa,29.976598639455784,0.8137778639793396,0.12518876791000366
144551,librosa,30.0,0.9718468189239502,0.16685758531093597
144552,librosa,30.0,0.8985815644264221,0.16552415490150452
144587,librosa,30.0,0.8923696279525757,0.20656031370162964
144592,librosa,29.976598639455784,0.5926856994628906,0.21608538925647736
144600,librosa,30.0,1.0612291097640991,0.31159693002700806
144733,librosa,29.976598639455784,0.917472243309021,0.16369032859802246
144740,librosa,30.0,0.9985442161560059,0.2921384871006012
144741,librosa,29.976598639455784,1.0083200931549072,0.31636202335357666
144801,librosa,30.0,1.0032050609588623,0.2184196263551712
144809,librosa,30.0,0.8953999280929565,0.09412816166877747
144810,librosa,30.0,0.9579051733016968,0.15334618091583252
144933,librosa,29.976598639455784,1.0177481174468994,0.29761895537376404
144934,librosa,29.976598639455784,0.9606305956840515,0.22721849381923676
144935,librosa,30.0,1.0166919231414795,0.3404356837272644
144936,librosa,29.976598639455784,1.0941226482391357,0.24280501902103424
144937,librosa,29.976598639455784,0.9656429290771484,0.2683646082878113
144938,librosa,29.976598639455784,1.0353189706802368,0.2825770974159241
144939,librosa,30.0,1.0474004745483398,0.27005842328071594
144940,librosa,29.976598639455784,0.959051251411438,0.24155887961387634
144941,librosa,30.0,1.0838470458984375,0.2731766104698181
144942,librosa,29.976598639455784,0.981273353099823,0.3212972581386566
144943,librosa,30.0,1.030768871307373,0.23502443730831146
144944,librosa,30.0,0.9309847950935364,0.4083525240421295
144945,librosa,30.0,1.0299146175384521,0.32926562428474426
144946,librosa,30.0,1.1150895357131958,0.3983069956302643
145002,librosa,29.976598639455784,0.5500814318656921,0.055529430508613586
145003,librosa,29.976598639455784,1.0066266059875488,0.26637324690818787
145004,librosa,29.976598639455784,0.9986329674720764,0.16147072613239288
145005,librosa,29.976598639455784,0.9954378008842468,0.24029172956943512
145020,librosa,29.976598639455784,0.9817436337471008,0.2853323817253113
145027,librosa,29.976598639455784,0.9625698924064636,0.22832728922367096
145041,librosa,29.976598639455784,0.9877969026565552,0.296535462141037
145042,librosa,30.0,0.9695138931274414,0.2232663780450821
145043,librosa,29.976598639455784,0.9292852878570557,0.39901813864707947
145058,librosa,30.0,0.621293842792511,0.197567418217659
145059,librosa,30.0,0.7754515409469604,0.17457540333271027
145067,librosa,30.0,1.7723956108093262,0.8038191795349121
145068,librosa,29.976598639455784,1.3638166189193726,0.7877066731452942
145074,librosa,29.976598639455784,0.9171798229217529,0.504719078540802
145183,librosa,29.976598639455784,0.251958429813385,0.03511803597211838
145189,librosa,29.976598639455784,0.18335409462451935,0.037110090255737305
145199,librosa,29.976598639455784,0.6530309915542603,0.09730264544487
145241,librosa,30.0,0.7801738977432251,0.1346704065799713
145257,librosa,29.976598639455784,0.9363813400268555,0.2970072031021118
145258,librosa,29.976598639455784,0.9274972677230835,0.3046192526817322
145259,librosa,29.976598639455784,0.9123311638832092,0.18646185100078583
145260,librosa,29.976598639455784,0.9658933877944946,0.3116339445114136
145431,librosa,30.0,0.683795154094696,0.06623367220163345
145432,librosa,29.976598639455784,0.741111159324646,0.12570174038410187
145457,librosa,30.0,0.8199812769889832,0.15545637905597687
145458,librosa,30.0,0.9829013347625732,0.2945740520954132
145462,librosa,29.976598639455784,0.7105939388275146,0.09873669594526291
145464,librosa,30.0,0.6816423535346985,0.1690582036972046
145475,librosa,30.0,0.42023617029190063,0.0782417431473732
145476,librosa,29.976598639455784,0.5957179069519043,0.11128636449575424
145477,librosa,30.0,0.8868145942687988,0.1334008425474167
145549,librosa,30.0,0.87735915184021,0.23620961606502533
145550,librosa,29.976598639455784,0.4626215100288391,0.06784702837467194
145551,librosa,29.976598639455784,0.6480599641799927,0.06969955563545227
145552,librosa,30.0,0.6300075650215149,0.0797671303153038
145553,librosa,29.976598639455784,0.4795420169830322,0.07189246267080307
145554,librosa,29.976598639455784,0.9811994433403015,0.12915512919425964
145555,librosa,30.0,0.5246829390525818,0.05236850306391716
145556,librosa,29.976598639455784,0.6109820604324341,0.08274278044700623
145606,librosa,29.976598639455784,1.1648154258728027,0.43766123056411743
145607,librosa,30.0,1.1473348140716553,0.3513057827949524
145608,librosa,29.976598639455784,1.0830578804016113,0.37756603956222534
145609,librosa,30.0,1.1064261198043823,0.33344778418540955
145610,librosa,29.976598639455784,1.0456295013427734,0.3180710971355438
145645,librosa,30.0,0.6497063636779785,0.13364383578300476
145646,librosa,30.0,0.4701020121574402,0.04247715696692467
145653,librosa,30.0,0.9150012731552124,0.11978299170732498
145702,librosa,29.976598639455784,1.0177481174468994,0.29761895537376404
145703,librosa,30.0,0.9743013381958008,0.21215146780014038
145704,librosa,30.0,0.9849437475204468,0.16898660361766815
145705,librosa,29.976598639455784,0.9951090812683105,0.25557002425193787
145706,librosa,30.0,1.0451149940490723,0.25332555174827576
145707,librosa,29.976598639455784,1.0353189706802368,0.2825770974159241
145708,librosa,29.976598639455784,1.129957914352417,0.30302372574806213
145709,librosa,30.0,0.9691558480262756,0.1818215548992157
145710,librosa,30.0,0.9317163825035095,0.22245538234710693
145711,librosa,29.976598639455784,1.018334984779358,0.3076358735561371
145724,librosa,30.0,1.0287818908691406,0.16644734144210815
145727,librosa,29.976598639455784,1.0306320190429688,0.1969435065984726
145728,librosa,29.976598639455784,1.0517600774765015,0.15980514883995056
145729,librosa,29.976598639455784,1.1086840629577637,0.22749249637126923
145730,librosa,30.0,0.9690247774124146,0.17501398921012878
145741,librosa,29.976598639455784,0.956263542175293,0.19873705506324768
145742,librosa,30.0,0.9555195569992065,0.19782231748104095
145743,librosa,30.0,0.9717309474945068,0.20003625750541687
145744,librosa,29.976598639455784,0.9838387966156006,0.1804249882698059
145745,librosa,29.976598639455784,0.9601230025291443,0.24492478370666504
145746,librosa,29.976598639455784,0.9636419415473938,0.20249521732330322
145747,librosa,29.976598639455784,1.0171234607696533,0.30402201414108276
145748,librosa,30.0,1.0017635822296143,0.3738858699798584
145749,librosa,29.976598639455784,1.0096033811569214,0.328784316778183
145750,librosa,29.976598639455784,1.024475336074829,0.3866897523403168
145751,librosa,30.0,1.0629340410232544,0.40465205907821655
145752,librosa,30.0,1.3837063312530518,0.4502734839916229
145754,librosa,29.976598639455784,1.3003244400024414,0.310140460729599
145755,librosa,29.976598639455784,1.215867042541504,0.35345548391342163
145756,librosa,29.976598639455784,1.1733254194259644,0.3147580921649933
145757,librosa,30.0,1.1741455793380737,0.2937818467617035
145758,librosa,30.0,1.3411706686019897,0.276972234249115
145759,librosa,29.976598639455784,1.2597370147705078,0.3726043403148651
145760,librosa,30.0,1.3268060684204102,0.29523029923439026
145761,librosa,29.976598639455784,1.0205879211425781,0.24789129197597504
145762,librosa,30.0,0.816053032875061,0.10519111156463623
145777,librosa,29.976598639455784,0.8022050857543945,0.08369924873113632
145780,librosa,29.988979591836735,0.9720466732978821,0.16824090480804443
145783,librosa,29.988979591836735,0.9913172125816345,0.21346117556095123
145887,librosa,29.976598639455784,0.6622494459152222,0.06937969475984573
145917,librosa,29.976598639455784,0.7361619472503662,0.13468779623508453
145918,librosa,30.0,0.8420299887657166,0.19302409887313843
146017,librosa,30.0,0.5721669793128967,0.08928009122610092
146018,librosa,29.976598639455784,0.6175845861434937,0.06222710758447647
146019,librosa,30.0,0.5246232748031616,0.10803765803575516
146020,librosa,29.976598639455784,0.5276594758033752,0.051034316420555115
146070,librosa,29.976598639455784,1.77816903591156,0.5971981883049011
146147,librosa,29.976598639455784,1.031002163887024,0.2189497947692871
146148,librosa,29.976598639455784,1.0476317405700684,0.28050318360328674
146149,librosa,30.0,1.0204778909683228,0.33314886689186096
146150,librosa,29.976598639455784,1.0178859233856201,0.2658361792564392
146151,librosa,29.976598639455784,1.0592315196990967,0.3031125068664551
146152,librosa,29.976598639455784,1.0027402639389038,0.3226914703845978
146153,librosa,30.0,0.999068558216095,0.2952997088432312
146343,librosa,29.976598639455784,0.9519917964935303,0.2629464566707611
146458,librosa,29.976598639455784,1.166137933731079,0.22106072306632996
146478,librosa,30.0,0.966454029083252,0.2846192717552185
146481,librosa,29.976598639455784,0.9630253314971924,0.24821551144123077
146482,librosa,29.976598639455784,0.977686882019043,0.2715611457824707
146483,librosa,29.976598639455784,1.002993106842041,0.25667691230773926
146639,librosa,30.0,1.0202538967132568,0.2145572006702423
146681,librosa,29.976598639455784,0.9628029465675354,0.26327821612358093
146683,librosa,29.976598639455784,1.036779761314392,0.2673879861831665
146685,librosa,29.976598639455784,0.9494177103042603,0.2925540804862976
146687,librosa,29.976598639455784,1.1132256984710693,0.337204247713089
146689,librosa,29.976598639455784,0.9688838720321655,0.2595021426677704
146713,librosa,29.976598639455784,0.8660898208618164,0.19447197020053864
146716,librosa,30.0,0.8567291498184204,0.24638935923576355
146724,librosa,29.976598639455784,0.851746678352356,0.18403568863868713
146725,librosa,29.976598639455784,1.0130136013031006,0.30017557740211487
146726,librosa,29.976598639455784,0.8982419967651367,0.2646464407444
146727,librosa,29.976598639455784,0.9378479719161987,0.1889517456293106
146879,librosa,30.0,0.7157731056213379,0.18029960989952087
146961,librosa,29.976598639455784,0.9345308542251587,0.2444297969341278
146968,librosa,29.976598639455784,0.9208110570907593,0.2214181125164032
146969,librosa,30.0,0.9282475113868713,0.23102495074272156
146970,librosa,30.0,0.9130082130432129,0.20964248478412628
146988,librosa,30.0,0.9049046039581299,0.1541551649570465
146989,librosa,30.0,0.7284529209136963,0.13966359198093414
147020,librosa,29.976598639455784,1.0807995796203613,0.37221643328666687
147021,librosa,29.976598639455784,1.0256762504577637,0.4030994474887848
147022,librosa,29.976598639455784,1.0589128732681274,0.37350520491600037
147023,librosa,30.0,1.0835576057434082,0.33355647325515747
147024,librosa,30.0,1.0223559141159058,0.3070218861103058
147059,librosa,29.976598639455784,0.9444247484207153,0.11026383191347122
147085,librosa,29.976598639455784,0.9342344403266907,0.1833888739347458
147086,librosa,29.976598639455784,0.8246329426765442,0.15172868967056274
147087,librosa,29.976598639455784,1.0237722396850586,0.27384746074676514
147126,librosa,30.0,0.7410483956336975,0.12624165415763855
147191,librosa,29.976598639455784,0.9503287672996521,0.20050477981567383
147261,librosa,29.976598639455784,0.6389310359954834,0.13276264071464539
147265,librosa,29.976598639455784,0.9304906129837036,0.17990919947624207
147267,librosa,30.0,0.9356521964073181,0.22249215841293335
147268,librosa,29.976598639455784,0.8586751222610474,0.11866778880357742
147269,librosa,29.976598639455784,0.9769883155822754,0.20151042938232422
147295,librosa,29.976598639455784,0.9184186458587646,0.17431369423866272
147309,librosa,29.976598639455784,0.9733423590660095,0.09557182341814041
147409,librosa,29.976598639455784,0.8395432233810425,0.13123223185539246
147412,librosa,30.0,0.7735256552696228,0.14829786121845245
147413,librosa,29.976598639455784,0.850029706954956,0.15332967042922974
147780,librosa,30.0,1.1118149757385254,0.3483729660511017
147815,librosa,29.976598639455784,0.7678062319755554,0.12581995129585266
147886,librosa,30.0,0.9887319207191467,0.17652654647827148
147956,librosa,30.0,1.0309371948242188,0.2749873697757721
148002,librosa,29.976598639455784,0.9430667161941528,0.15209265053272247
148028,librosa,29.976598639455784,1.2212200164794922,0.3337034583091736
148031,librosa,29.976598639455784,0.9316421747207642,0.1440466195344925
148032,librosa,29.976598639455784,1.117854356765747,0.34818848967552185
148066,librosa,30.0,1.0102887153625488,0.27315327525138855
148070,librosa,29.976598639455784,0.9749888181686401,0.20293664932250977
148074,librosa,29.976598639455784,0.8551715612411499,0.16465502977371216
148075,librosa,29.976598639455784,0.9967032670974731,0.33754944801330566
148076,librosa,29.976598639455784,0.7393832206726074,0.16908864676952362
148077,librosa,29.976598639455784,1.0038185119628906,0.19412167370319366
148078,librosa,29.976598639455784,0.9817278385162354,0.20642288029193878
148079,librosa,29.976598639455784,0.8652479648590088,0.23394516110420227
148082,librosa,30.0,0.7591107487678528,0.1604430377483368
148099,librosa,30.0,0.3709027171134949,0.09604020416736603
148112,librosa,30.0,0.7709499597549438,0.1239483505487442
148113,librosa,29.976598639455784,1.0161843299865723,0.36670199036598206
148114,librosa,30.0,0.9961444735527039,0.33921316266059875
148120,librosa,30.0,1.0123841762542725,0.2930010259151459
148121,librosa,29.976598639455784,0.9739698171615601,0.27513331174850464
148124,librosa,29.976598639455784,0.9335572123527527,0.13678237795829773
148130,librosa,30.0,1.0094213485717773,0.2835428714752197
148131,librosa,29.976598639455784,0.9337731599807739,0.19097882509231567
148132,librosa,29.976598639455784,1.0485000610351562,0.28759604692459106
148133,librosa,30.0,1.0689035654067993,0.2550249695777893
148168,librosa,29.988979591836735,0.7950470447540283,0.12184491008520126
148186,librosa,29.976598639455784,0.9108487367630005,0.161629319190979
148187,librosa,29.976598639455784,0.822985053062439,0.09804458916187286
148190,librosa,29.976598639455784,0.8899477124214172,0.13369406759738922
148208,librosa,30.0,0.9709743857383728,0.2186986356973648
148210,librosa,29.976598639455784,0.9508975744247437,0.19946666061878204
148211,librosa,29.976598639455784,0.962077796459198,0.14712364971637726
148212,librosa,30.0,0.968936562538147,0.16463057696819305
148213,librosa,29.976598639455784,0.769040584564209,0.1677548736333847
148214,librosa,30.0,0.9044438600540161,0.18150782585144043
148215,librosa,30.0,0.9375292062759399,0.1817016899585724
148216,librosa,30.0,0.8130962252616882,0.14568999409675598
148217,librosa,30.0,0.6355717182159424,0.14970898628234863
148218,librosa,30.0,0.9683490991592407,0.18333125114440918
148231,librosa,30.0,0.7877708673477173,0.08692073076963425
148233,librosa,30.0,0.8135518431663513,0.10527661442756653
148234,librosa,29.976598639455784,0.8110160827636719,0.06239384412765503
148235,librosa,29.976598639455784,0.8347259759902954,0.10044348984956741
148246,librosa,29.988979591836735,0.5333647727966309,0.09830797463655472
148285,librosa,29.976598639455784,0.8949987888336182,0.11266764253377914
148286,librosa,29.976598639455784,0.9386050701141357,0.13665786385536194
148287,librosa,29.976598639455784,0.7498794794082642,0.12639248371124268
148288,librosa,29.976598639455784,0.7638732194900513,0.13099950551986694
148289,librosa,30.0,0.8739368915557861,0.1303713023662567
148290,librosa,29.976598639455784,0.6721479892730713,0.1103726401925087
148302,librosa,29.976598639455784,0.38125672936439514,0.04717310518026352
148303,librosa,30.0,0.4820367991924286,0.017680013552308083
148305,librosa,29.976598639455784,0.3448353409767151,0.04431227967143059
148429,librosa,30.0,0.7628999352455139,0.23224647343158722
148430,librosa,30.0,0.8990163803100586,0.2456808239221573
148439,librosa,29.976598639455784,0.939105212688446,0.1946459412574768
148441,librosa,29.976598639455784,0.9969237446784973,0.2562294900417328
148443,librosa,30.0,1.0175328254699707,0.29867807030677795
148444,librosa,30.0,0.9730750918388367,0.11976241320371628
148510,librosa,30.0,0.9869242906570435,0.2704922556877136
148513,librosa,30.0,0.9915612936019897,0.2375320941209793
148514,librosa,29.976598639455784,0.9840773940086365,0.27023833990097046
148516,librosa,29.976598639455784,0.9760509729385376,0.27688226103782654
148517,librosa,29.976598639455784,0.959343671798706,0.24787011742591858
148518,librosa,29.976598639455784,1.0195434093475342,0.23428218066692352
148519,librosa,29.976598639455784,0.9796397089958191,0.2567613124847412
148532,librosa,30.0,0.9206962585449219,0.16101756691932678
148535,librosa,29.976598639455784,1.0135315656661987,0.2249975949525833
148536,librosa,29.976598639455784,0.9627569913864136,0.25419020652770996
148537,librosa,29.976598639455784,0.9424871206283569,0.1745203137397766
148584,librosa,30.0,1.0039772987365723,0.3111377954483032
148585,librosa,30.0,1.025154948234558,0.40705010294914246
148586,librosa,29.976598639455784,1.0373071432113647,0.43664631247520447
148587,librosa,29.976598639455784,1.0075864791870117,0.3594088852405548
148602,librosa,29.976598639455784,0.6849303245544434,0.10741287469863892
148603,librosa,30.0,0.9499573111534119,0.14285977184772491
148604,librosa,29.976598639455784,0.9461971521377563,0.16230574250221252
148605,librosa,30.0,0.6140328645706177,0.12723176181316376
148606,librosa,30.0,0.9611812829971313,0.24849511682987213
148607,librosa,29.976598639455784,0.9719783067703247,0.2999074161052704
148608,librosa,30.0,0.9656971096992493,0.2871483266353607
148609,librosa,30.0,0.9598512649536133,0.32216522097587585
148610,librosa,30.0,0.9504402875900269,0.24131076037883759
148611,librosa,29.976598639455784,0.9490664601325989,0.225792795419693
148612,librosa,30.0,0.9447495937347412,0.2103184163570404
148613,librosa,30.0,0.9697376489639282,0.28323987126350403
148773,librosa,29.976598639455784,0.35788166522979736,0.04699280858039856
149075,librosa,30.0,0.8764311075210571,0.13029378652572632
149078,librosa,30.0,1.0123988389968872,0.16197025775909424
149082,librosa,29.976598639455784,0.9977223873138428,0.14927080273628235
149083,librosa,30.0,1.0609819889068604,0.2496158480644226
149099,librosa,30.0,0.9660714864730835,0.15754617750644684
149100,librosa,29.976598639455784,0.9662582278251648,0.14283917844295502
149101,librosa,30.0,0.9648255705833435,0.10520225763320923
149102,librosa,29.976598639455784,0.9599242210388184,0.11678353697061539
149103,librosa,29.976598639455784,0.9758590459823608,0.2158949226140976
149118,librosa,30.0,1.0220205783843994,0.2094365507364273
149124,librosa,30.0,0.8208599090576172,0.22047820687294006
149138,librosa,30.0,1.0089929103851318,0.21811926364898682
149139,librosa,30.0,1.0044821500778198,0.24569553136825562
149140,librosa,29.976598639455784,0.9967098236083984,0.27165487408638
149141,librosa,30.0,0.9946821331977844,0.2659238874912262
149142,librosa,29.976598639455784,0.9893670082092285,0.17529167234897614
149143,librosa,29.976598639455784,1.0276758670806885,0.2831597924232483
149185,librosa,29.976598639455784,1.267397403717041,0.22180551290512085
149369,librosa,29.976598639455784,1.0158681869506836,0.22815941274166107
149370,librosa,30.0,0.9660581350326538,0.17356419563293457
149416,librosa,29.976598639455784,0.9949268102645874,0.2672247886657715
149417,librosa,30.0,0.9949911832809448,0.2458444982767105
149422,librosa,30.0,1.1605628728866577,0.05812004953622818
149452,librosa,29.976598639455784,0.7714664936065674,0.2373959869146347
149488,librosa,30.0,0.4784649610519409,0.11084949225187302
149523,librosa,30.0,0.7633132338523865,0.11510007083415985
149623,librosa,29.988979591836735,0.9574676752090454,0.10073079913854599
149625,librosa,29.988979591836735,0.8951306343078613,0.12124824523925781
149626,librosa,29.988979591836735,0.6410833597183228,0.07596361637115479
149687,librosa,29.976598639455784,0.9162476658821106,0.28048232197761536
149689,librosa,29.976598639455784,1.2003318071365356,0.29302671551704407
149690,librosa,29.976598639455784,1.087013602256775,0.3014093041419983
149700,librosa,29.976598639455784,0.9633520841598511,0.29580575227737427
149701,librosa,29.976598639455784,1.0472841262817383,0.2801474630832672
149712,librosa,30.0,0.6926047205924988,0.18810829520225525
149714,librosa,30.0,0.693766713142395,0.1903093457221985
149727,librosa,29.976598639455784,0.7236263751983643,0.11214973032474518
149750,librosa,29.976598639455784,1.0493814945220947,0.27717679738998413
149775,librosa,30.0,0.6957060098648071,0.1857873499393463
149776,librosa,30.0,0.7066166996955872,0.3106115162372589
149777,librosa,30.0,0.7323030233383179,0.27105745673179626
149778,librosa,30.0,0.6900994777679443,0.13224758207798004
149842,librosa,29.988979591836735,0.9492145776748657,0.148565411567688
149951,librosa,30.0,0.9397862553596497,0.2868892252445221
149953,librosa,30.0,1.1147741079330444,0.1848033219575882
150015,librosa,30.0,0.8010358810424805,0.15201851725578308
150017,librosa,30.0,0.9096167087554932,0.13530971109867096
150018,librosa,30.0,0.9393539428710938,0.16676610708236694
150062,librosa,30.0,0.9997990727424622,0.22490857541561127
150063,librosa,29.976598639455784,0.9371458292007446,0.13905452191829681
150064,librosa,29.976598639455784,1.0022016763687134,0.1390950232744217
150073,librosa,30.0,1.0870331525802612,0.19472065567970276
150078,librosa,29.976598639455784,1.0019028186798096,0.17763350903987885
150079,librosa,30.0,1.0458463430404663,0.2791231870651245
150080,librosa,29.976598639455784,1.0079705715179443,0.24947303533554077
150265,librosa,29.976598639455784,1.0416933298110962,0.2698230743408203
150266,librosa,30.0,0.8469665050506592,0.12821325659751892
150267,librosa,29.976598639455784,0.6381641626358032,0.10551851242780685
150268,librosa,29.976598639455784,1.040497899055481,0.2451295703649521
150287,librosa,30.0,1.0389997959136963,0.28761547803878784
150288,librosa,30.0,1.00352942943573,0.37337827682495117
151404,librosa,30.0,0.6831389665603638,0.2149280458688736
152103,librosa,30.0,0.9954732656478882,0.2132967710494995
152253,librosa,29.976598639455784,0.8497066497802734,0.09432070702314377
152254,librosa,29.976598639455784,0.991955041885376,0.2100391834974289
152258,librosa,30.0,1.03135347366333,0.2900846600532532
152261,librosa,30.0,0.9964455366134644,0.21681568026542664
152262,librosa,30.0,1.0601801872253418,0.3058110475540161
152324,librosa,30.0,1.0903414487838745,0.2682214081287384
152418,librosa,30.0,0.7166221737861633,0.125807523727417
152425,librosa,30.0,0.974193811416626,0.159568190574646
152480,librosa,30.0,0.8817588090896606,0.16743406653404236
152543,librosa,30.0,1.2598419189453125,0.3192999064922333
152545,librosa,29.976598639455784,1.1039766073226929,0.30740246176719666
152568,librosa,30.0,0.6639608144760132,0.11017639189958572
152569,librosa,29.976598639455784,0.8440174460411072,0.18048229813575745
152570,librosa,29.976598639455784,0.6988067626953125,0.09474019706249237
153337,librosa,30.0,1.3150235414505005,0.414642333984375
153383,librosa,30.0,1.02536940574646,0.34904947876930237
153452,librosa,29.976598639455784,0.9537397623062134,0.24237298965454102
153946,librosa,30.0,0.8756521940231323,0.1267818957567215
153955,librosa,29.976598639455784,0.9774973392486572,0.2513918876647949
153956,librosa,30.0,0.9075556993484497,0.1362476497888565
154303,librosa,29.976598639455784,0.7498712539672852,0.0941680520772934
154305,librosa,30.0,0.4894697666168213,0.07280877977609634
154306,librosa,30.0,0.5385419726371765,0.06517675518989563
154307,librosa,29.976598639455784,1.0383973121643066,0.14248082041740417
154308,librosa,29.976598639455784,0.8647769689559937,0.09196478128433228
154309,librosa,29.976598639455784,0.7360079288482666,0.09855654835700989
154413,librosa,30.0,0.752467155456543,0.16141782701015472
154414,librosa,29.976598639455784,0.9161382913589478,0.1319599449634552
155066,librosa,29.976598639455784,1.0116064548492432,0.2549629807472229
