track_id,nodes,edges,temporal_edges,similarity_edges,similarity_edges_per_node,segmentation_mode
2,20,126,38,88,4.4,beat_bar
5,13,80,24,56,4.3076923076923075,beat_bar
10,14,90,26,64,4.571428571428571,beat_bar
140,13,84,24,60,4.615384615384615,beat_bar
141,13,74,24,50,3.8461538461538463,beat_bar
148,11,64,20,44,4.0,beat_bar
182,18,108,34,74,4.111111111111111,beat_bar
190,13,78,24,54,4.153846153846154,beat_bar
193,12,72,22,50,4.166666666666667,beat_bar
194,13,76,24,52,4.0,beat_bar
197,14,86,26,60,4.285714285714286,beat_bar
200,12,76,22,54,4.5,beat_bar
203,15,82,28,54,3.6,beat_bar
204,14,82,26,56,4.0,beat_bar
207,15,82,28,54,3.6,beat_bar
210,12,72,22,50,4.166666666666667,beat_bar
211,12,72,22,50,4.166666666666667,beat_bar
212,12,70,22,48,4.0,beat_bar
213,17,102,32,70,4.117647058823529,beat_bar
255,15,94,28,66,4.4,beat_bar
256,15,96,28,68,4.533333333333333,beat_bar
368,15,96,28,68,4.533333333333333,beat_bar
424,13,76,24,52,4.0,beat_bar
459,12,78,22,56,4.666666666666667,beat_bar
534,19,118,36,82,4.315789473684211,beat_bar
540,18,118,34,84,4.666666666666667,beat_bar
546,13,76,24,52,4.0,beat_bar
574,15,92,28,64,4.266666666666667,beat_bar
602,19,110,36,74,3.8947368421052633,beat_bar
615,12,70,22,48,4.0,beat_bar
620,17,100,32,68,4.0,beat_bar
621,12,68,22,46,3.8333333333333335,beat_bar
625,12,76,22,54,4.5,beat_bar
666,16,96,30,66,4.125,beat_bar
667,14,80,26,54,3.857142857142857,beat_bar
676,12,70,22,48,4.0,beat_bar
690,15,96,28,68,4.533333333333333,beat_bar
694,14,88,26,62,4.428571428571429,beat_bar
695,24,144,46,98,4.083333333333333,beat_bar
704,17,100,32,68,4.0,beat_bar
705,12,68,22,46,3.8333333333333335,beat_bar
706,21,132,40,92,4.380952380952381,beat_bar
707,17,92,32,60,3.5294117647058822,beat_bar
708,21,134,40,94,4.476190476190476,beat_bar
709,11,60,20,40,3.6363636363636362,beat_bar
714,14,94,26,68,4.857142857142857,beat_bar
715,17,94,32,62,3.6470588235294117,beat_bar
716,16,98,30,68,4.25,beat_bar
718,14,82,26,56,4.0,beat_bar
777,10,56,18,38,3.8,beat_bar
814,9,52,16,36,4.0,beat_bar
821,13,80,24,56,4.3076923076923075,beat_bar
822,8,46,14,32,4.0,beat_bar
825,10,56,18,38,3.8,beat_bar
853,18,102,34,68,3.7777777777777777,beat_bar
890,11,68,20,48,4.363636363636363,beat_bar
892,22,126,42,84,3.8181818181818183,beat_bar
897,17,112,32,80,4.705882352941177,beat_bar
993,16,98,30,68,4.25,beat_bar
995,7,38,12,26,3.7142857142857144,beat_bar
997,18,106,34,72,4.0,beat_bar
998,12,78,22,56,4.666666666666667,beat_bar
1039,15,98,28,70,4.666666666666667,beat_bar
1040,15,88,28,60,4.0,beat_bar
1066,13,70,24,46,3.5384615384615383,beat_bar
1069,12,76,22,54,4.5,beat_bar
1073,15,88,28,60,4.0,beat_bar
1075,17,104,32,72,4.235294117647059,beat_bar
1082,11,64,20,44,4.0,beat_bar
1083,22,136,42,94,4.2727272727272725,beat_bar
1087,12,78,22,56,4.666666666666667,beat_bar
1102,7,38,12,26,3.7142857142857144,beat_bar
1193,13,80,24,56,4.3076923076923075,beat_bar
1195,14,88,26,62,4.428571428571429,beat_bar
1196,12,78,22,56,4.666666666666667,beat_bar
1197,15,88,28,60,4.0,beat_bar
1249,13,70,24,46,3.5384615384615383,beat_bar
1259,12,78,22,56,4.666666666666667,beat_bar
1270,10,58,18,40,4.0,beat_bar
1276,15,86,28,58,3.8666666666666667,beat_bar
1277,16,106,30,76,4.75,beat_bar
1278,20,122,38,84,4.2,beat_bar
1417,15,88,28,60,4.0,beat_bar
1427,16,104,30,74,4.625,beat_bar
1443,19,120,36,84,4.421052631578948,beat_bar
1482,24,146,46,100,4.166666666666667,beat_bar
1510,10,64,18,46,4.6,beat_bar
1544,16,92,30,62,3.875,beat_bar
1642,12,74,22,52,4.333333333333333,beat_bar
1644,17,98,32,66,3.8823529411764706,beat_bar
1649,15,82,28,54,3.6,beat_bar
1661,20,120,38,82,4.1,beat_bar
1663,20,120,38,82,4.1,beat_bar
1666,16,92,30,62,3.875,beat_bar
1673,12,74,22,52,4.333333333333333,beat_bar
1680,14,88,26,62,4.428571428571429,beat_bar
1681,14,76,26,50,3.5714285714285716,beat_bar
1682,17,104,32,72,4.235294117647059,beat_bar
1683,12,68,22,46,3.8333333333333335,beat_bar
1684,21,120,40,80,3.8095238095238093,beat_bar
1685,15,96,28,68,4.533333333333333,beat_bar
1686,15,92,28,64,4.266666666666667,beat_bar
1687,13,72,24,48,3.6923076923076925,beat_bar
1688,21,122,40,82,3.9047619047619047,beat_bar
1689,17,104,32,72,4.235294117647059,beat_bar
1701,17,114,32,82,4.823529411764706,beat_bar
1702,16,98,30,68,4.25,beat_bar
1703,17,102,32,70,4.117647058823529,beat_bar
1704,8,46,14,32,4.0,beat_bar
1706,15,84,28,56,3.7333333333333334,beat_bar
1720,14,80,26,54,3.857142857142857,beat_bar
1732,19,120,36,84,4.421052631578948,beat_bar
1733,12,74,22,52,4.333333333333333,beat_bar
1735,10,58,18,40,4.0,beat_bar
1736,22,134,42,92,4.181818181818182,beat_bar
1883,21,130,40,90,4.285714285714286,beat_bar
1891,19,120,36,84,4.421052631578948,beat_bar
1893,14,78,26,52,3.7142857142857144,beat_bar
1924,11,64,20,44,4.0,beat_bar
1925,12,74,22,52,4.333333333333333,beat_bar
1929,12,74,22,52,4.333333333333333,beat_bar
1930,15,82,28,54,3.6,beat_bar
2012,15,92,28,64,4.266666666666667,beat_bar
2096,18,118,34,84,4.666666666666667,beat_bar
2097,9,54,16,38,4.222222222222222,beat_bar
2099,20,126,38,88,4.4,beat_bar
3263,13,82,24,58,4.461538461538462,beat_bar
3264,10,58,18,40,4.0,fixed_fallback
3265,12,68,22,46,3.8333333333333335,beat_bar
3266,9,46,16,30,3.3333333333333335,beat_bar
3270,16,102,30,72,4.5,beat_bar
3271,15,84,28,56,3.7333333333333334,beat_bar
3272,21,130,40,90,4.285714285714286,beat_bar
3273,14,94,26,68,4.857142857142857,beat_bar
3274,16,98,30,68,4.25,beat_bar
3492,10,62,18,44,4.4,beat_bar
3532,19,122,36,86,4.526315789473684,beat_bar
3533,15,94,28,66,4.4,beat_bar
3534,9,48,16,32,3.5555555555555554,beat_bar
3535,13,82,24,58,4.461538461538462,beat_bar
3537,15,84,28,56,3.7333333333333334,beat_bar
3538,23,140,44,96,4.173913043478261,beat_bar
3573,11,68,20,48,4.363636363636363,beat_bar
3598,13,76,24,52,4.0,beat_bar
3624,17,104,32,72,4.235294117647059,beat_bar
3707,19,116,36,80,4.2105263157894735,beat_bar
3708,18,108,34,74,4.111111111111111,beat_bar
3720,14,74,26,48,3.4285714285714284,beat_bar
3721,7,38,12,26,3.7142857142857144,beat_bar
3722,12,74,22,52,4.333333333333333,beat_bar
3724,14,86,26,60,4.285714285714286,beat_bar
3725,15,88,28,60,4.0,beat_bar
3761,11,64,20,44,4.0,beat_bar
3762,17,100,32,68,4.0,beat_bar
3763,20,118,38,80,4.0,beat_bar
3765,15,88,28,60,4.0,beat_bar
3766,8,44,14,30,3.75,beat_bar
3775,14,90,26,64,4.571428571428571,beat_bar
3776,19,110,36,74,3.8947368421052633,beat_bar
3777,17,114,32,82,4.823529411764706,beat_bar
3778,14,90,26,64,4.571428571428571,beat_bar
3779,20,122,38,84,4.2,beat_bar
3832,14,84,26,58,4.142857142857143,beat_bar
3833,22,132,42,90,4.090909090909091,beat_bar
3840,20,126,38,88,4.4,beat_bar
3880,17,108,32,76,4.470588235294118,beat_bar
3895,17,96,32,64,3.764705882352941,beat_bar
3896,15,84,28,56,3.7333333333333334,beat_bar
3904,20,120,38,82,4.1,beat_bar
3905,10,52,18,34,3.4,beat_bar
3906,20,116,38,78,3.9,beat_bar
3908,11,68,20,48,4.363636363636363,beat_bar
3909,20,120,38,82,4.1,beat_bar
3910,10,60,18,42,4.2,fixed_fallback
3911,15,78,28,50,3.3333333333333335,beat_bar
3912,12,74,22,52,4.333333333333333,beat_bar
3913,19,112,36,76,4.0,beat_bar
3920,14,80,26,54,3.857142857142857,beat_bar
3921,14,86,26,60,4.285714285714286,beat_bar
3950,14,82,26,56,4.0,beat_bar
4013,15,84,28,56,3.7333333333333334,beat_bar
4017,14,82,26,56,4.0,beat_bar
4022,14,86,26,60,4.285714285714286,beat_bar
4037,21,132,40,92,4.380952380952381,beat_bar
4066,16,106,30,76,4.75,beat_bar
4067,12,66,22,44,3.6666666666666665,beat_bar
4068,15,88,28,60,4.0,beat_bar
4069,15,96,28,68,4.533333333333333,beat_bar
4070,12,72,22,50,4.166666666666667,beat_bar
4071,12,72,22,50,4.166666666666667,beat_bar
4072,18,118,34,84,4.666666666666667,beat_bar
4073,18,108,34,74,4.111111111111111,beat_bar
4074,13,80,24,56,4.3076923076923075,beat_bar
4075,14,76,26,50,3.5714285714285716,beat_bar
4076,13,74,24,50,3.8461538461538463,beat_bar
4077,16,100,30,70,4.375,beat_bar
4078,14,82,26,56,4.0,beat_bar
4079,17,96,32,64,3.764705882352941,beat_bar
4080,16,94,30,64,4.0,beat_bar
4091,15,90,28,62,4.133333333333334,beat_bar
4092,15,92,28,64,4.266666666666667,beat_bar
4093,13,72,24,48,3.6923076923076925,beat_bar
4094,12,66,22,44,3.6666666666666665,beat_bar
4095,10,58,18,40,4.0,beat_bar
4096,23,134,44,90,3.9130434782608696,beat_bar
4097,11,64,20,44,4.0,beat_bar
4098,14,88,26,62,4.428571428571429,beat_bar
4099,17,102,32,70,4.117647058823529,beat_bar
4100,21,126,40,86,4.095238095238095,beat_bar
4101,11,66,20,46,4.181818181818182,beat_bar
4102,16,98,30,68,4.25,beat_bar
4103,11,68,20,48,4.363636363636363,beat_bar
4108,23,154,44,110,4.782608695652174,beat_bar
4232,14,76,26,50,3.5714285714285716,beat_bar
4233,23,142,44,98,4.260869565217392,beat_bar
4234,12,74,22,52,4.333333333333333,beat_bar
4235,15,84,28,56,3.7333333333333334,beat_bar
4236,15,90,28,62,4.133333333333334,beat_bar
4239,16,102,30,72,4.5,beat_bar
4450,18,110,34,76,4.222222222222222,beat_bar
4507,12,68,22,46,3.8333333333333335,beat_bar
4508,13,78,24,54,4.153846153846154,beat_bar
4509,15,92,28,64,4.266666666666667,beat_bar
4510,15,94,28,66,4.4,beat_bar
4511,20,124,38,86,4.3,beat_bar
4519,12,64,22,42,3.5,beat_bar
4520,19,116,36,80,4.2105263157894735,beat_bar
4521,16,88,30,58,3.625,beat_bar
4522,12,66,22,44,3.6666666666666665,beat_bar
4682,22,138,42,96,4.363636363636363,beat_bar
4684,21,126,40,86,4.095238095238095,beat_bar
4685,20,120,38,82,4.1,beat_bar
4688,20,116,38,78,3.9,beat_bar
4777,16,100,30,70,4.375,beat_bar
4778,14,86,26,60,4.285714285714286,beat_bar
4779,14,84,26,58,4.142857142857143,beat_bar
4780,10,60,18,42,4.2,beat_bar
4781,17,108,32,76,4.470588235294118,beat_bar
4782,16,98,30,68,4.25,beat_bar
4784,18,114,34,80,4.444444444444445,beat_bar
4785,14,86,26,60,4.285714285714286,beat_bar
4786,16,90,30,60,3.75,beat_bar
4787,21,114,40,74,3.5238095238095237,beat_bar
4788,16,94,30,64,4.0,beat_bar
4799,9,56,16,40,4.444444444444445,beat_bar
4835,15,92,28,64,4.266666666666667,beat_bar
4836,14,80,26,54,3.857142857142857,beat_bar
4838,16,98,30,68,4.25,beat_bar
4846,16,94,30,64,4.0,beat_bar
4848,14,82,26,56,4.0,beat_bar
4849,13,80,24,56,4.3076923076923075,beat_bar
5006,11,66,20,46,4.181818181818182,beat_bar
5156,16,92,30,62,3.875,beat_bar
5157,11,64,20,44,4.0,beat_bar
5158,20,128,38,90,4.5,beat_bar
5159,15,88,28,60,4.0,beat_bar
5169,17,98,32,66,3.8823529411764706,beat_bar
5170,11,60,20,40,3.6363636363636362,beat_bar
5171,10,58,18,40,4.0,fixed_fallback
5191,21,130,40,90,4.285714285714286,beat_bar
5264,21,136,40,96,4.571428571428571,beat_bar
5268,14,84,26,58,4.142857142857143,beat_bar
5376,11,58,20,38,3.4545454545454546,beat_bar
5381,16,90,30,60,3.75,beat_bar
5521,16,100,30,70,4.375,beat_bar
5879,17,104,32,72,4.235294117647059,beat_bar
5936,21,130,40,90,4.285714285714286,beat_bar
5940,15,94,28,66,4.4,beat_bar
6329,16,100,30,70,4.375,beat_bar
6330,13,80,24,56,4.3076923076923075,beat_bar
6331,13,74,24,50,3.8461538461538463,beat_bar
6332,12,70,22,48,4.0,beat_bar
6333,13,76,24,52,4.0,beat_bar
6342,13,76,24,52,4.0,beat_bar
6354,15,92,28,64,4.266666666666667,beat_bar
6357,15,86,28,58,3.8666666666666667,beat_bar
6358,8,44,14,30,3.75,beat_bar
6360,15,84,28,56,3.7333333333333334,beat_bar
6363,14,76,26,50,3.5714285714285716,beat_bar
6366,14,92,26,66,4.714285714285714,beat_bar
6367,21,122,40,82,3.9047619047619047,beat_bar
6368,15,88,28,60,4.0,beat_bar
6370,13,82,24,58,4.461538461538462,beat_bar
6372,15,88,28,60,4.0,beat_bar
6373,19,118,36,82,4.315789473684211,beat_bar
6376,15,92,28,64,4.266666666666667,beat_bar
6379,12,68,22,46,3.8333333333333335,beat_bar
6380,15,86,28,58,3.8666666666666667,beat_bar
6381,18,100,34,66,3.6666666666666665,beat_bar
6382,18,112,34,78,4.333333333333333,beat_bar
6383,11,68,20,48,4.363636363636363,beat_bar
6385,16,94,30,64,4.0,beat_bar
6387,11,68,20,48,4.363636363636363,beat_bar
6389,20,122,38,84,4.2,beat_bar
6390,18,102,34,68,3.7777777777777777,beat_bar
6393,16,100,30,70,4.375,beat_bar
6394,15,100,28,72,4.8,beat_bar
6396,12,72,22,50,4.166666666666667,beat_bar
6406,17,106,32,74,4.352941176470588,beat_bar
6407,16,102,30,72,4.5,beat_bar
6439,13,68,24,44,3.3846153846153846,beat_bar
6440,14,90,26,64,4.571428571428571,beat_bar
6442,12,70,22,48,4.0,beat_bar
6443,13,70,24,46,3.5384615384615383,beat_bar
6448,12,70,22,48,4.0,beat_bar
6459,13,78,24,54,4.153846153846154,beat_bar
6461,10,60,18,42,4.2,beat_bar
6463,11,66,20,46,4.181818181818182,beat_bar
6467,9,52,16,36,4.0,beat_bar
6469,15,86,28,58,3.8666666666666667,beat_bar
6517,14,80,26,54,3.857142857142857,beat_bar
6519,14,84,26,58,4.142857142857143,beat_bar
6603,13,82,24,58,4.461538461538462,beat_bar
6605,17,106,32,74,4.352941176470588,beat_bar
6606,9,54,16,38,4.222222222222222,beat_bar
6607,14,84,26,58,4.142857142857143,beat_bar
6608,22,134,42,92,4.181818181818182,beat_bar
6609,11,62,20,42,3.8181818181818183,beat_bar
6610,16,94,30,64,4.0,beat_bar
6611,21,118,40,78,3.7142857142857144,beat_bar
6674,12,72,22,50,4.166666666666667,beat_bar
6675,13,74,24,50,3.8461538461538463,beat_bar
6677,19,116,36,80,4.2105263157894735,beat_bar
6679,15,94,28,66,4.4,beat_bar
6680,21,134,40,94,4.476190476190476,beat_bar
6684,17,110,32,78,4.588235294117647,beat_bar
6762,10,58,18,40,4.0,beat_bar
6776,19,106,36,70,3.6842105263157894,beat_bar
6778,17,104,32,72,4.235294117647059,beat_bar
6779,9,52,16,36,4.0,beat_bar
6782,20,122,38,84,4.2,beat_bar
6783,13,76,24,52,4.0,beat_bar
6788,16,100,30,70,4.375,beat_bar
6802,18,118,34,84,4.666666666666667,beat_bar
6803,15,86,28,58,3.8666666666666667,beat_bar
6854,20,122,38,84,4.2,beat_bar
6855,14,84,26,58,4.142857142857143,beat_bar
6856,14,84,26,58,4.142857142857143,beat_bar
6857,15,96,28,68,4.533333333333333,beat_bar
7011,15,92,28,64,4.266666666666667,beat_bar
7373,12,72,22,50,4.166666666666667,beat_bar
7374,16,92,30,62,3.875,beat_bar
7375,12,70,22,48,4.0,beat_bar
7376,17,98,32,66,3.8823529411764706,beat_bar
7377,16,100,30,70,4.375,beat_bar
7378,14,84,26,58,4.142857142857143,beat_bar
7379,14,94,26,68,4.857142857142857,beat_bar
7381,12,66,22,44,3.6666666666666665,beat_bar
7383,12,76,22,54,4.5,beat_bar
7385,13,76,24,52,4.0,beat_bar
7386,9,50,16,34,3.7777777777777777,beat_bar
7388,24,150,46,104,4.333333333333333,beat_bar
7391,11,64,20,44,4.0,beat_bar
7393,10,58,18,40,4.0,beat_bar
7481,20,132,38,94,4.7,beat_bar
7482,12,72,22,50,4.166666666666667,beat_bar
7483,12,74,22,52,4.333333333333333,beat_bar
7487,11,68,20,48,4.363636363636363,beat_bar
7488,12,76,22,54,4.5,beat_bar
7489,12,74,22,52,4.333333333333333,beat_bar
7490,11,62,20,42,3.8181818181818183,beat_bar
7491,13,80,24,56,4.3076923076923075,beat_bar
7492,11,64,20,44,4.0,beat_bar
7495,20,124,38,86,4.3,beat_bar
7526,14,86,26,60,4.285714285714286,beat_bar
7527,20,114,38,76,3.8,beat_bar
7528,21,124,40,84,4.0,beat_bar
7529,14,84,26,58,4.142857142857143,beat_bar
7548,12,70,22,48,4.0,beat_bar
7554,17,112,32,80,4.705882352941177,beat_bar
7709,11,66,20,46,4.181818181818182,beat_bar
7710,14,88,26,62,4.428571428571429,beat_bar
7711,15,94,28,66,4.4,beat_bar
7712,15,92,28,64,4.266666666666667,beat_bar
7713,10,54,18,36,3.6,fixed_fallback
7872,12,74,22,52,4.333333333333333,beat_bar
8056,19,122,36,86,4.526315789473684,beat_bar
8208,20,136,38,98,4.9,beat_bar
8256,15,94,28,66,4.4,beat_bar
8259,15,86,28,58,3.8666666666666667,beat_bar
8261,14,78,26,52,3.7142857142857144,beat_bar
8345,22,140,42,98,4.454545454545454,beat_bar
8357,20,124,38,86,4.3,beat_bar
8363,14,84,26,58,4.142857142857143,beat_bar
8372,14,86,26,60,4.285714285714286,beat_bar
8416,11,60,20,40,3.6363636363636362,beat_bar
9152,16,92,30,62,3.875,beat_bar
9155,11,68,20,48,4.363636363636363,beat_bar
9307,10,52,18,34,3.4,fixed_fallback
9476,14,86,26,60,4.285714285714286,beat_bar
9477,9,52,16,36,4.0,beat_bar
9491,16,90,30,60,3.75,beat_bar
9505,14,78,26,52,3.7142857142857144,beat_bar
9511,20,124,38,86,4.3,beat_bar
9512,22,138,42,96,4.363636363636363,beat_bar
9513,18,106,34,72,4.0,beat_bar
9550,23,136,44,92,4.0,beat_bar
9553,12,74,22,52,4.333333333333333,beat_bar
9555,18,114,34,80,4.444444444444445,beat_bar
9557,11,56,20,36,3.272727272727273,beat_bar
9559,15,86,28,58,3.8666666666666667,beat_bar
9560,14,84,26,58,4.142857142857143,beat_bar
9678,18,110,34,76,4.222222222222222,beat_bar
9721,14,84,26,58,4.142857142857143,beat_bar
9846,12,68,22,46,3.8333333333333335,beat_bar
9887,16,96,30,66,4.125,beat_bar
9888,15,90,28,62,4.133333333333334,beat_bar
9918,14,90,26,64,4.571428571428571,beat_bar
9962,19,124,36,88,4.631578947368421,beat_bar
10186,19,116,36,80,4.2105263157894735,beat_bar
10192,8,44,14,30,3.75,beat_bar
10250,17,104,32,72,4.235294117647059,beat_bar
10374,18,102,34,68,3.7777777777777777,beat_bar
10375,9,52,16,36,4.0,beat_bar
10376,14,80,26,54,3.857142857142857,beat_bar
10377,11,66,20,46,4.181818181818182,beat_bar
10381,15,90,28,62,4.133333333333334,beat_bar
10382,17,96,32,64,3.764705882352941,beat_bar
10383,13,74,24,50,3.8461538461538463,beat_bar
10384,21,132,40,92,4.380952380952381,beat_bar
10385,15,90,28,62,4.133333333333334,beat_bar
10386,15,90,28,62,4.133333333333334,beat_bar
10387,10,56,18,38,3.8,beat_bar
10388,8,42,14,28,3.5,beat_bar
10389,10,56,18,38,3.8,beat_bar
10435,14,92,26,66,4.714285714285714,beat_bar
10438,15,92,28,64,4.266666666666667,beat_bar
10439,13,74,24,50,3.8461538461538463,beat_bar
10440,11,62,20,42,3.8181818181818183,beat_bar
10441,17,100,32,68,4.0,beat_bar
10442,12,76,22,54,4.5,beat_bar
10443,11,66,20,46,4.181818181818182,beat_bar
10444,11,62,20,42,3.8181818181818183,beat_bar
10447,11,64,20,44,4.0,beat_bar
10458,24,150,46,104,4.333333333333333,beat_bar
10480,14,84,26,58,4.142857142857143,beat_bar
10481,17,92,32,60,3.5294117647058822,beat_bar
10485,12,68,22,46,3.8333333333333335,beat_bar
10521,15,94,28,66,4.4,beat_bar
10527,10,60,18,42,4.2,beat_bar
10535,13,72,24,48,3.6923076923076925,beat_bar
10541,15,88,28,60,4.0,beat_bar
10575,12,68,22,46,3.8333333333333335,beat_bar
10577,12,62,22,40,3.3333333333333335,beat_bar
10668,16,98,30,68,4.25,beat_bar
10669,16,100,30,70,4.375,beat_bar
10670,15,92,28,64,4.266666666666667,beat_bar
10671,15,80,28,52,3.466666666666667,beat_bar
10672,9,52,16,36,4.0,beat_bar
10673,14,86,26,60,4.285714285714286,beat_bar
10674,13,76,24,52,4.0,beat_bar
10675,10,60,18,42,4.2,fixed_fallback
10676,10,60,18,42,4.2,beat_bar
10677,16,96,30,66,4.125,beat_bar
10678,13,72,24,48,3.6923076923076925,beat_bar
10679,21,126,40,86,4.095238095238095,beat_bar
10682,22,146,42,104,4.7272727272727275,beat_bar
10684,15,90,28,62,4.133333333333334,beat_bar
10693,21,128,40,88,4.190476190476191,beat_bar
10694,12,72,22,50,4.166666666666667,beat_bar
10695,11,64,20,44,4.0,beat_bar
10696,22,128,42,86,3.909090909090909,beat_bar
10697,20,114,38,76,3.8,beat_bar
10698,12,70,22,48,4.0,beat_bar
10699,12,76,22,54,4.5,beat_bar
10805,18,108,34,74,4.111111111111111,beat_bar
10806,14,86,26,60,4.285714285714286,beat_bar
10807,12,70,22,48,4.0,beat_bar
10808,16,102,30,72,4.5,beat_bar
10809,17,98,32,66,3.8823529411764706,beat_bar
10810,21,134,40,94,4.476190476190476,beat_bar
10983,13,82,24,58,4.461538461538462,beat_bar
10992,13,82,24,58,4.461538461538462,beat_bar
10993,19,102,36,66,3.473684210526316,beat_bar
11019,19,108,36,72,3.789473684210526,beat_bar
11020,13,74,24,50,3.8461538461538463,beat_bar
11059,15,98,28,70,4.666666666666667,beat_bar
11198,18,106,34,72,4.0,beat_bar
11199,15,96,28,68,4.533333333333333,beat_bar
11200,13,80,24,56,4.3076923076923075,beat_bar
11204,12,74,22,52,4.333333333333333,beat_bar
11206,12,76,22,54,4.5,beat_bar
11234,12,78,22,56,4.666666666666667,beat_bar
11237,10,60,18,42,4.2,beat_bar
11239,17,102,32,70,4.117647058823529,beat_bar
11242,16,110,30,80,5.0,beat_bar
11261,17,94,32,62,3.6470588235294117,beat_bar
11262,17,104,32,72,4.235294117647059,beat_bar
11264,17,102,32,70,4.117647058823529,beat_bar
11268,9,52,16,36,4.0,beat_bar
11298,14,86,26,60,4.285714285714286,beat_bar
11299,11,64,20,44,4.0,beat_bar
11306,17,110,32,78,4.588235294117647,beat_bar
11333,16,98,30,68,4.25,beat_bar
11334,12,74,22,52,4.333333333333333,beat_bar
11503,11,62,20,42,3.8181818181818183,beat_bar
11504,19,112,36,76,4.0,beat_bar
11505,12,76,22,54,4.5,beat_bar
11508,16,94,30,64,4.0,beat_bar
11544,18,118,34,84,4.666666666666667,beat_bar
11638,9,52,16,36,4.0,beat_bar
11671,21,130,40,90,4.285714285714286,beat_bar
11672,13,78,24,54,4.153846153846154,beat_bar
11673,17,112,32,80,4.705882352941177,beat_bar
11674,17,104,32,72,4.235294117647059,beat_bar
11675,14,80,26,54,3.857142857142857,beat_bar
11677,11,60,20,40,3.6363636363636362,beat_bar
11679,14,78,26,52,3.7142857142857144,beat_bar
11681,22,136,42,94,4.2727272727272725,beat_bar
11682,14,86,26,60,4.285714285714286,beat_bar
11683,10,54,18,36,3.6,beat_bar
11763,12,80,22,58,4.833333333333333,beat_bar
11764,17,100,32,68,4.0,beat_bar
11765,11,64,20,44,4.0,beat_bar
11766,10,54,18,36,3.6,beat_bar
11767,23,146,44,102,4.434782608695652,beat_bar
11768,12,66,22,44,3.6666666666666665,beat_bar
11769,11,64,20,44,4.0,beat_bar
11770,11,64,20,44,4.0,beat_bar
11771,11,66,20,46,4.181818181818182,beat_bar
11772,11,66,20,46,4.181818181818182,beat_bar
11773,12,68,22,46,3.8333333333333335,beat_bar
11774,23,138,44,94,4.086956521739131,beat_bar
11775,15,92,28,64,4.266666666666667,beat_bar
11776,11,62,20,42,3.8181818181818183,beat_bar
11777,11,68,20,48,4.363636363636363,beat_bar
11778,21,130,40,90,4.285714285714286,beat_bar
11779,11,68,20,48,4.363636363636363,beat_bar
11780,11,66,20,46,4.181818181818182,beat_bar
11781,7,38,12,26,3.7142857142857144,beat_bar
11782,13,82,24,58,4.461538461538462,beat_bar
11783,11,66,20,46,4.181818181818182,beat_bar
11784,15,86,28,58,3.8666666666666667,beat_bar
11785,13,70,24,46,3.5384615384615383,beat_bar
11786,22,130,42,88,4.0,beat_bar
11787,15,86,28,58,3.8666666666666667,beat_bar
11788,11,68,20,48,4.363636363636363,beat_bar
11789,12,74,22,52,4.333333333333333,beat_bar
11790,6,30,10,20,3.3333333333333335,beat_bar
11791,12,68,22,46,3.8333333333333335,beat_bar
11792,12,68,22,46,3.8333333333333335,beat_bar
11793,10,54,18,36,3.6,beat_bar
11794,11,64,20,44,4.0,beat_bar
11795,10,58,18,40,4.0,beat_bar
11803,11,64,20,44,4.0,beat_bar
11818,11,66,20,46,4.181818181818182,beat_bar
11839,13,84,24,60,4.615384615384615,beat_bar
11861,19,118,36,82,4.315789473684211,beat_bar
11862,16,104,30,74,4.625,beat_bar
11867,13,72,24,48,3.6923076923076925,beat_bar
11868,12,68,22,46,3.8333333333333335,beat_bar
11916,20,120,38,82,4.1,beat_bar
11917,17,96,32,64,3.764705882352941,beat_bar
11918,12,68,22,46,3.8333333333333335,beat_bar
11919,12,70,22,48,4.0,beat_bar
11920,14,84,26,58,4.142857142857143,beat_bar
11921,13,78,24,54,4.153846153846154,beat_bar
11922,12,74,22,52,4.333333333333333,beat_bar
11933,17,94,32,62,3.6470588235294117,beat_bar
11937,12,74,22,52,4.333333333333333,beat_bar
11942,20,130,38,92,4.6,beat_bar
11946,23,146,44,102,4.434782608695652,beat_bar
11947,10,54,18,36,3.6,beat_bar
11951,22,134,42,92,4.181818181818182,beat_bar
12045,13,84,24,60,4.615384615384615,beat_bar
12046,12,68,22,46,3.8333333333333335,beat_bar
12047,11,62,20,42,3.8181818181818183,beat_bar
12048,15,84,28,56,3.7333333333333334,beat_bar
12049,20,124,38,86,4.3,beat_bar
12050,14,78,26,52,3.7142857142857144,beat_bar
12051,15,96,28,68,4.533333333333333,beat_bar
12052,15,90,28,62,4.133333333333334,beat_bar
12053,12,72,22,50,4.166666666666667,beat_bar
12058,11,58,20,38,3.4545454545454546,beat_bar
12059,16,94,30,64,4.0,beat_bar
12060,14,84,26,58,4.142857142857143,beat_bar
12061,14,80,26,54,3.857142857142857,beat_bar
12062,13,76,24,52,4.0,beat_bar
12064,9,54,16,38,4.222222222222222,beat_bar
12065,12,64,22,42,3.5,beat_bar
12066,11,68,20,48,4.363636363636363,beat_bar
12067,13,74,24,50,3.8461538461538463,beat_bar
12109,16,98,30,68,4.25,beat_bar
12146,15,90,28,62,4.133333333333334,beat_bar
12147,15,92,28,64,4.266666666666667,beat_bar
12173,21,120,40,80,3.8095238095238093,beat_bar
12174,11,66,20,46,4.181818181818182,beat_bar
12179,13,78,24,54,4.153846153846154,beat_bar
12188,13,82,24,58,4.461538461538462,beat_bar
12189,11,64,20,44,4.0,beat_bar
12346,14,86,26,60,4.285714285714286,beat_bar
12348,16,94,30,64,4.0,beat_bar
12349,18,110,34,76,4.222222222222222,beat_bar
12350,9,50,16,34,3.7777777777777777,beat_bar
12351,14,88,26,62,4.428571428571429,beat_bar
12352,14,80,26,54,3.857142857142857,beat_bar
12353,16,90,30,60,3.75,beat_bar
12355,16,92,30,62,3.875,beat_bar
12376,15,88,28,60,4.0,beat_bar
12387,15,90,28,62,4.133333333333334,beat_bar
12390,13,76,24,52,4.0,beat_bar
12394,15,92,28,64,4.266666666666667,beat_bar
12481,12,74,22,52,4.333333333333333,beat_bar
12482,15,90,28,62,4.133333333333334,beat_bar
12484,14,86,26,60,4.285714285714286,beat_bar
12485,14,82,26,56,4.0,beat_bar
12486,18,112,34,78,4.333333333333333,beat_bar
12487,12,66,22,44,3.6666666666666665,beat_bar
12488,13,78,24,54,4.153846153846154,beat_bar
12489,14,80,26,54,3.857142857142857,beat_bar
12490,15,96,28,68,4.533333333333333,beat_bar
12508,15,88,28,60,4.0,beat_bar
12513,13,80,24,56,4.3076923076923075,beat_bar
12514,17,104,32,72,4.235294117647059,beat_bar
12518,12,70,22,48,4.0,beat_bar
12521,13,74,24,50,3.8461538461538463,beat_bar
12526,13,80,24,56,4.3076923076923075,beat_bar
12527,14,86,26,60,4.285714285714286,beat_bar
12530,10,58,18,40,4.0,beat_bar
12531,11,64,20,44,4.0,beat_bar
12532,12,70,22,48,4.0,beat_bar
12537,11,68,20,48,4.363636363636363,beat_bar
12551,19,120,36,84,4.421052631578948,beat_bar
12552,19,116,36,80,4.2105263157894735,beat_bar
12654,15,88,28,60,4.0,beat_bar
12690,18,114,34,80,4.444444444444445,beat_bar
12691,18,108,34,74,4.111111111111111,beat_bar
12692,16,98,30,68,4.25,beat_bar
12737,13,76,24,52,4.0,beat_bar
12985,15,86,28,58,3.8666666666666667,beat_bar
12986,10,52,18,34,3.4,beat_bar
13191,12,62,22,40,3.3333333333333335,beat_bar
13197,7,38,12,26,3.7142857142857144,beat_bar
13199,12,74,22,52,4.333333333333333,beat_bar
13201,12,64,22,42,3.5,beat_bar
13218,12,74,22,52,4.333333333333333,beat_bar
13220,16,86,30,56,3.5,beat_bar
13325,17,100,32,68,4.0,beat_bar
13328,14,82,26,56,4.0,beat_bar
13362,12,66,22,44,3.6666666666666665,beat_bar
13378,15,88,28,60,4.0,beat_bar
13474,13,84,24,60,4.615384615384615,beat_bar
13537,19,118,36,82,4.315789473684211,beat_bar
13538,17,110,32,78,4.588235294117647,beat_bar
13539,15,90,28,62,4.133333333333334,beat_bar
13540,15,86,28,58,3.8666666666666667,beat_bar
13556,21,122,40,82,3.9047619047619047,beat_bar
13561,13,76,24,52,4.0,beat_bar
13562,13,78,24,54,4.153846153846154,beat_bar
13566,11,60,20,40,3.6363636363636362,beat_bar
13571,9,54,16,38,4.222222222222222,beat_bar
13578,17,98,32,66,3.8823529411764706,beat_bar
13591,12,70,22,48,4.0,beat_bar
13596,18,106,34,72,4.0,beat_bar
13666,16,98,30,68,4.25,beat_bar
13668,13,80,24,56,4.3076923076923075,beat_bar
13670,12,72,22,50,4.166666666666667,beat_bar
13706,12,64,22,42,3.5,beat_bar
13707,16,98,30,68,4.25,beat_bar
13708,11,62,20,42,3.8181818181818183,beat_bar
13709,9,50,16,34,3.7777777777777777,beat_bar
13710,16,94,30,64,4.0,beat_bar
13711,15,90,28,62,4.133333333333334,beat_bar
13735,15,82,28,54,3.6,beat_bar
13747,21,126,40,86,4.095238095238095,beat_bar
13748,12,66,22,44,3.6666666666666665,beat_bar
13749,11,66,20,46,4.181818181818182,beat_bar
13767,12,74,22,52,4.333333333333333,beat_bar
13768,12,76,22,54,4.5,beat_bar
13804,13,82,24,58,4.461538461538462,beat_bar
13927,18,104,34,70,3.888888888888889,beat_bar
13928,11,62,20,42,3.8181818181818183,beat_bar
13929,13,80,24,56,4.3076923076923075,beat_bar
13930,16,102,30,72,4.5,beat_bar
14063,10,60,18,42,4.2,beat_bar
14208,11,62,20,42,3.8181818181818183,beat_bar
14315,19,116,36,80,4.2105263157894735,beat_bar
14316,19,116,36,80,4.2105263157894735,beat_bar
14317,20,116,38,78,3.9,beat_bar
14318,15,90,28,62,4.133333333333334,beat_bar
14319,13,84,24,60,4.615384615384615,beat_bar
14320,16,96,30,66,4.125,beat_bar
14344,24,152,46,106,4.416666666666667,beat_bar
14358,21,118,40,78,3.7142857142857144,beat_bar
14363,14,84,26,58,4.142857142857143,beat_bar
14365,14,84,26,58,4.142857142857143,beat_bar
14386,11,64,20,44,4.0,beat_bar
14391,12,68,22,46,3.8333333333333335,beat_bar
14538,13,74,24,50,3.8461538461538463,beat_bar
14539,12,68,22,46,3.8333333333333335,beat_bar
14541,14,82,26,56,4.0,beat_bar
14542,16,106,30,76,4.75,beat_bar
14568,18,102,34,68,3.7777777777777777,beat_bar
14569,10,56,18,38,3.8,beat_bar
14570,12,70,22,48,4.0,beat_bar
14571,14,76,26,50,3.5714285714285716,beat_bar
14572,21,124,40,84,4.0,beat_bar
14576,14,88,26,62,4.428571428571429,beat_bar
14577,22,134,42,92,4.181818181818182,beat_bar
14578,15,98,28,70,4.666666666666667,beat_bar
14579,16,88,30,58,3.625,beat_bar
14580,22,126,42,84,3.8181818181818183,beat_bar
14581,14,84,26,58,4.142857142857143,beat_bar
14583,15,90,28,62,4.133333333333334,beat_bar
14584,15,86,28,58,3.8666666666666667,beat_bar
14585,14,84,26,58,4.142857142857143,beat_bar
14586,12,64,22,42,3.5,beat_bar
14588,12,62,22,40,3.3333333333333335,beat_bar
14589,16,94,30,64,4.0,beat_bar
14590,20,118,38,80,4.0,beat_bar
14601,18,116,34,82,4.555555555555555,beat_bar
14602,19,108,36,72,3.789473684210526,beat_bar
14603,16,102,30,72,4.5,beat_bar
14604,21,130,40,90,4.285714285714286,beat_bar
14653,14,82,26,56,4.0,beat_bar
14661,10,58,18,40,4.0,beat_bar
14663,13,72,24,48,3.6923076923076925,beat_bar
14684,10,62,18,44,4.4,fixed_fallback
14690,14,88,26,62,4.428571428571429,beat_bar
14693,13,84,24,60,4.615384615384615,beat_bar
14733,13,76,24,52,4.0,beat_bar
14734,12,82,22,60,5.0,beat_bar
14735,14,84,26,58,4.142857142857143,beat_bar
14736,16,102,30,72,4.5,beat_bar
14737,15,92,28,64,4.266666666666667,beat_bar
14738,13,76,24,52,4.0,beat_bar
14739,8,46,14,32,4.0,beat_bar
14740,10,60,18,42,4.2,beat_bar
14741,9,50,16,34,3.7777777777777777,beat_bar
14742,16,102,30,72,4.5,beat_bar
14743,15,88,28,60,4.0,beat_bar
14744,11,64,20,44,4.0,beat_bar
14745,8,44,14,30,3.75,beat_bar
14809,12,68,22,46,3.8333333333333335,beat_bar
14869,15,84,28,56,3.7333333333333334,beat_bar
15094,13,82,24,58,4.461538461538462,beat_bar
15210,12,70,22,48,4.0,beat_bar
15464,13,82,24,58,4.461538461538462,beat_bar
15469,10,62,18,44,4.4,fixed_fallback
15471,14,80,26,54,3.857142857142857,beat_bar
15475,10,56,18,38,3.8,beat_bar
15476,12,76,22,54,4.5,beat_bar
15487,14,86,26,60,4.285714285714286,beat_bar
15488,19,130,36,94,4.947368421052632,beat_bar
15540,12,70,22,48,4.0,beat_bar
15541,13,76,24,52,4.0,beat_bar
15542,15,100,28,72,4.8,beat_bar
15543,9,52,16,36,4.0,beat_bar
15625,10,54,18,36,3.6,beat_bar
15769,22,124,42,82,3.727272727272727,beat_bar
15770,11,62,20,42,3.8181818181818183,beat_bar
15771,13,74,24,50,3.8461538461538463,beat_bar
15772,16,98,30,68,4.25,beat_bar
15773,15,84,28,56,3.7333333333333334,beat_bar
15880,17,106,32,74,4.352941176470588,beat_bar
16095,16,102,30,72,4.5,beat_bar
16155,14,86,26,60,4.285714285714286,beat_bar
16158,14,78,26,52,3.7142857142857144,beat_bar
16162,11,68,20,48,4.363636363636363,beat_bar
16163,17,106,32,74,4.352941176470588,beat_bar
16334,15,90,28,62,4.133333333333334,beat_bar
16337,13,80,24,56,4.3076923076923075,beat_bar
16338,17,96,32,64,3.764705882352941,beat_bar
16339,11,64,20,44,4.0,beat_bar
16340,20,116,38,78,3.9,beat_bar
16354,14,92,26,66,4.714285714285714,beat_bar
16743,17,96,32,64,3.764705882352941,beat_bar
16744,18,104,34,70,3.888888888888889,beat_bar
16745,17,108,32,76,4.470588235294118,beat_bar
16747,17,102,32,70,4.117647058823529,beat_bar
16819,12,74,22,52,4.333333333333333,beat_bar
16820,18,116,34,82,4.555555555555555,beat_bar
16821,19,116,36,80,4.2105263157894735,beat_bar
16822,17,102,32,70,4.117647058823529,beat_bar
16878,14,88,26,62,4.428571428571429,beat_bar
16879,10,58,18,40,4.0,beat_bar
16880,11,64,20,44,4.0,beat_bar
16895,18,106,34,72,4.0,beat_bar
16994,11,66,20,46,4.181818181818182,beat_bar
16995,15,94,28,66,4.4,beat_bar
16997,14,88,26,62,4.428571428571429,beat_bar
17132,12,74,22,52,4.333333333333333,beat_bar
17344,13,80,24,56,4.3076923076923075,beat_bar
17345,15,84,28,56,3.7333333333333334,beat_bar
17462,11,58,20,38,3.4545454545454546,beat_bar
17491,11,70,20,50,4.545454545454546,beat_bar
17496,19,112,36,76,4.0,beat_bar
17499,14,80,26,54,3.857142857142857,beat_bar
17500,11,60,20,40,3.6363636363636362,beat_bar
17573,19,126,36,90,4.7368421052631575,beat_bar
17588,15,90,28,62,4.133333333333334,beat_bar
17605,12,70,22,48,4.0,beat_bar
17606,13,72,24,48,3.6923076923076925,beat_bar
17607,11,66,20,46,4.181818181818182,beat_bar
17608,15,92,28,64,4.266666666666667,beat_bar
17609,12,74,22,52,4.333333333333333,beat_bar
17610,13,76,24,52,4.0,beat_bar
17611,18,102,34,68,3.7777777777777777,beat_bar
17631,18,108,34,74,4.111111111111111,beat_bar
17632,17,102,32,70,4.117647058823529,beat_bar
17633,20,122,38,84,4.2,beat_bar
17634,14,80,26,54,3.857142857142857,beat_bar
17635,19,120,36,84,4.421052631578948,beat_bar
17636,18,110,34,76,4.222222222222222,beat_bar
17637,19,112,36,76,4.0,beat_bar
17644,17,96,32,64,3.764705882352941,beat_bar
17735,10,62,18,44,4.4,fixed_fallback
17782,19,118,36,82,4.315789473684211,beat_bar
17884,17,112,32,80,4.705882352941177,beat_bar
17906,16,96,30,66,4.125,beat_bar
18031,12,72,22,50,4.166666666666667,beat_bar
18032,10,54,18,36,3.6,beat_bar
18033,12,70,22,48,4.0,beat_bar
18034,12,70,22,48,4.0,beat_bar
18037,19,116,36,80,4.2105263157894735,beat_bar
18038,21,130,40,90,4.285714285714286,beat_bar
18039,11,58,20,38,3.4545454545454546,beat_bar
18043,9,54,16,38,4.222222222222222,beat_bar
18044,14,82,26,56,4.0,beat_bar
18112,16,102,30,72,4.5,beat_bar
18124,15,84,28,56,3.7333333333333334,beat_bar
18144,17,96,32,64,3.764705882352941,beat_bar
18145,11,66,20,46,4.181818181818182,beat_bar
18146,18,108,34,74,4.111111111111111,beat_bar
18159,18,114,34,80,4.444444444444445,beat_bar
18197,14,84,26,58,4.142857142857143,beat_bar
18350,15,92,28,64,4.266666666666667,beat_bar
18607,18,104,34,70,3.888888888888889,beat_bar
18611,16,88,30,58,3.625,beat_bar
18876,15,80,28,52,3.466666666666667,beat_bar
18877,11,66,20,46,4.181818181818182,beat_bar
18887,16,98,30,68,4.25,beat_bar
19073,15,86,28,58,3.8666666666666667,beat_bar
19074,17,96,32,64,3.764705882352941,beat_bar
19179,15,80,28,52,3.466666666666667,beat_bar
19184,14,86,26,60,4.285714285714286,beat_bar
19187,18,104,34,70,3.888888888888889,beat_bar
19192,12,66,22,44,3.6666666666666665,beat_bar
19412,17,102,32,70,4.117647058823529,beat_bar
19413,12,68,22,46,3.8333333333333335,beat_bar
19415,12,72,22,50,4.166666666666667,beat_bar
19416,10,62,18,44,4.4,beat_bar
19417,12,72,22,50,4.166666666666667,beat_bar
19418,14,84,26,58,4.142857142857143,beat_bar
19420,19,108,36,72,3.789473684210526,beat_bar
19422,10,58,18,40,4.0,beat_bar
19423,15,88,28,60,4.0,beat_bar
19425,15,78,28,50,3.3333333333333335,beat_bar
19438,11,62,20,42,3.8181818181818183,beat_bar
19439,11,64,20,44,4.0,beat_bar
19441,16,102,30,72,4.5,beat_bar
19442,16,104,30,74,4.625,beat_bar
19459,15,90,28,62,4.133333333333334,beat_bar
19673,15,86,28,58,3.8666666666666667,beat_bar
19674,13,84,24,60,4.615384615384615,beat_bar
19685,22,130,42,88,4.0,beat_bar
19689,13,74,24,50,3.8461538461538463,beat_bar
19707,23,146,44,102,4.434782608695652,beat_bar
19708,22,146,42,104,4.7272727272727275,beat_bar
19729,10,58,18,40,4.0,fixed_fallback
19758,12,66,22,44,3.6666666666666665,beat_bar
19759,12,74,22,52,4.333333333333333,beat_bar
19760,15,92,28,64,4.266666666666667,beat_bar
19889,18,106,34,72,4.0,beat_bar
19890,16,100,30,70,4.375,beat_bar
19891,19,122,36,86,4.526315789473684,beat_bar
20050,19,112,36,76,4.0,beat_bar
20296,16,102,30,72,4.5,beat_bar
20361,18,110,34,76,4.222222222222222,beat_bar
20362,16,96,30,66,4.125,beat_bar
20364,12,70,22,48,4.0,beat_bar
20365,10,56,18,38,3.8,beat_bar
20366,12,72,22,50,4.166666666666667,beat_bar
20369,14,86,26,60,4.285714285714286,beat_bar
20372,16,104,30,74,4.625,beat_bar
20373,11,64,20,44,4.0,beat_bar
20374,12,76,22,54,4.5,beat_bar
20375,14,88,26,62,4.428571428571429,beat_bar
20376,14,88,26,62,4.428571428571429,beat_bar
20424,18,116,34,82,4.555555555555555,beat_bar
20432,14,82,26,56,4.0,beat_bar
20469,21,122,40,82,3.9047619047619047,beat_bar
20667,18,116,34,82,4.555555555555555,beat_bar
20704,16,80,30,50,3.125,beat_bar
20818,17,102,32,70,4.117647058823529,beat_bar
21058,10,60,18,42,4.2,fixed_fallback
21085,17,100,32,68,4.0,beat_bar
21087,8,42,14,28,3.5,beat_bar
21167,15,88,28,60,4.0,beat_bar
21228,12,66,22,44,3.6666666666666665,beat_bar
21231,16,90,30,60,3.75,beat_bar
21232,20,124,38,86,4.3,beat_bar
21400,18,108,34,74,4.111111111111111,beat_bar
21401,16,90,30,60,3.75,beat_bar
21402,17,102,32,70,4.117647058823529,beat_bar
21403,15,88,28,60,4.0,beat_bar
21404,15,88,28,60,4.0,beat_bar
21409,16,94,30,64,4.0,beat_bar
21422,14,78,26,52,3.7142857142857144,beat_bar
21565,17,106,32,74,4.352941176470588,beat_bar
21587,14,84,26,58,4.142857142857143,beat_bar
21657,19,112,36,76,4.0,beat_bar
21672,16,98,30,68,4.25,beat_bar
21676,19,116,36,80,4.2105263157894735,beat_bar
21677,16,94,30,64,4.0,beat_bar
21707,13,74,24,50,3.8461538461538463,beat_bar
21774,11,62,20,42,3.8181818181818183,beat_bar
21842,10,54,18,36,3.6,fixed_fallback
21859,17,102,32,70,4.117647058823529,beat_bar
21860,14,82,26,56,4.0,beat_bar
21891,15,84,28,56,3.7333333333333334,beat_bar
21895,17,110,32,78,4.588235294117647,beat_bar
21995,10,60,18,42,4.2,beat_bar
21996,13,88,24,64,4.923076923076923,beat_bar
21997,18,106,34,72,4.0,beat_bar
21998,21,130,40,90,4.285714285714286,beat_bar
21999,23,142,44,98,4.260869565217392,beat_bar
22000,17,100,32,68,4.0,beat_bar
22001,13,80,24,56,4.3076923076923075,beat_bar
22088,20,124,38,86,4.3,beat_bar
22091,12,68,22,46,3.8333333333333335,beat_bar
22093,18,112,34,78,4.333333333333333,beat_bar
22094,20,120,38,82,4.1,beat_bar
22095,21,116,40,76,3.619047619047619,beat_bar
22097,9,54,16,38,4.222222222222222,beat_bar
22150,9,52,16,36,4.0,beat_bar
22295,12,76,22,54,4.5,beat_bar
22296,22,134,42,92,4.181818181818182,beat_bar
22315,12,72,22,50,4.166666666666667,beat_bar
22348,14,88,26,62,4.428571428571429,beat_bar
22472,11,58,20,38,3.4545454545454546,beat_bar
22473,11,60,20,40,3.6363636363636362,beat_bar
22474,12,72,22,50,4.166666666666667,beat_bar
22475,13,82,24,58,4.461538461538462,beat_bar
22476,19,108,36,72,3.789473684210526,beat_bar
22477,11,64,20,44,4.0,beat_bar
22478,16,96,30,66,4.125,beat_bar
22479,14,82,26,56,4.0,beat_bar
22480,14,82,26,56,4.0,beat_bar
22481,15,86,28,58,3.8666666666666667,beat_bar
23010,12,70,22,48,4.0,beat_bar
23013,14,82,26,56,4.0,beat_bar
23014,13,74,24,50,3.8461538461538463,beat_bar
23015,22,134,42,92,4.181818181818182,beat_bar
23016,12,66,22,44,3.6666666666666665,beat_bar
23037,10,56,18,38,3.8,beat_bar
23039,12,66,22,44,3.6666666666666665,beat_bar
23041,15,90,28,62,4.133333333333334,beat_bar
23063,19,114,36,78,4.105263157894737,beat_bar
23155,12,70,22,48,4.0,beat_bar
23156,21,126,40,86,4.095238095238095,beat_bar
23172,18,106,34,72,4.0,beat_bar
23329,18,114,34,80,4.444444444444445,beat_bar
23353,14,84,26,58,4.142857142857143,beat_bar
23355,13,76,24,52,4.0,beat_bar
23371,18,104,34,70,3.888888888888889,beat_bar
23372,15,82,28,54,3.6,beat_bar
23505,15,90,28,62,4.133333333333334,beat_bar
23862,13,82,24,58,4.461538461538462,beat_bar
24216,10,50,18,32,3.2,fixed_fallback
24217,7,36,12,24,3.4285714285714284,beat_bar
24218,10,56,18,38,3.8,fixed_fallback
24362,18,106,34,72,4.0,beat_bar
24363,18,112,34,78,4.333333333333333,beat_bar
24364,11,62,20,42,3.8181818181818183,beat_bar
24365,22,136,42,94,4.2727272727272725,beat_bar
24366,15,90,28,62,4.133333333333334,beat_bar
24367,10,56,18,38,3.8,beat_bar
24368,13,80,24,56,4.3076923076923075,beat_bar
24369,13,82,24,58,4.461538461538462,beat_bar
24370,20,118,38,80,4.0,beat_bar
24371,12,74,22,52,4.333333333333333,beat_bar
24418,11,62,20,42,3.8181818181818183,beat_bar
24420,11,62,20,42,3.8181818181818183,beat_bar
24421,16,94,30,64,4.0,beat_bar
24422,11,64,20,44,4.0,beat_bar
24423,12,68,22,46,3.8333333333333335,beat_bar
24424,19,112,36,76,4.0,beat_bar
24425,12,66,22,44,3.6666666666666665,beat_bar
24426,21,126,40,86,4.095238095238095,beat_bar
24427,18,108,34,74,4.111111111111111,beat_bar
24428,22,132,42,90,4.090909090909091,beat_bar
24429,18,118,34,84,4.666666666666667,beat_bar
24430,9,46,16,30,3.3333333333333335,beat_bar
24431,19,112,36,76,4.0,beat_bar
24432,18,104,34,70,3.888888888888889,beat_bar
24512,18,112,34,78,4.333333333333333,beat_bar
24515,13,80,24,56,4.3076923076923075,beat_bar
24521,11,62,20,42,3.8181818181818183,beat_bar
24524,16,90,30,60,3.75,beat_bar
24698,16,102,30,72,4.5,beat_bar
24699,13,80,24,56,4.3076923076923075,beat_bar
24700,20,122,38,84,4.2,beat_bar
24701,14,78,26,52,3.7142857142857144,beat_bar
24702,13,80,24,56,4.3076923076923075,beat_bar
24717,20,118,38,80,4.0,beat_bar
24720,17,110,32,78,4.588235294117647,beat_bar
24739,14,76,26,50,3.5714285714285716,beat_bar
24741,18,108,34,74,4.111111111111111,beat_bar
24742,10,62,18,44,4.4,beat_bar
24745,16,102,30,72,4.5,beat_bar
24746,14,94,26,68,4.857142857142857,beat_bar
24747,18,106,34,72,4.0,beat_bar
24748,15,88,28,60,4.0,beat_bar
24749,20,130,38,92,4.6,beat_bar
24842,10,56,18,38,3.8,beat_bar
24898,13,78,24,54,4.153846153846154,beat_bar
24899,16,104,30,74,4.625,beat_bar
24901,14,92,26,66,4.714285714285714,beat_bar
24912,16,96,30,66,4.125,beat_bar
24915,15,90,28,62,4.133333333333334,beat_bar
24917,15,98,28,70,4.666666666666667,beat_bar
24963,19,104,36,68,3.5789473684210527,beat_bar
24975,17,108,32,76,4.470588235294118,beat_bar
24983,17,100,32,68,4.0,beat_bar
25028,13,82,24,58,4.461538461538462,beat_bar
25029,14,86,26,60,4.285714285714286,beat_bar
25030,12,76,22,54,4.5,beat_bar
25031,21,128,40,88,4.190476190476191,beat_bar
25032,14,84,26,58,4.142857142857143,beat_bar
25033,20,118,38,80,4.0,beat_bar
25055,7,38,12,26,3.7142857142857144,beat_bar
25063,16,98,30,68,4.25,beat_bar
25066,16,98,30,68,4.25,beat_bar
25104,9,52,16,36,4.0,beat_bar
25124,14,82,26,56,4.0,beat_bar
25215,18,110,34,76,4.222222222222222,beat_bar
25216,18,100,34,66,3.6666666666666665,beat_bar
25227,15,90,28,62,4.133333333333334,beat_bar
25232,14,80,26,54,3.857142857142857,beat_bar
25233,18,110,34,76,4.222222222222222,beat_bar
25234,16,96,30,66,4.125,beat_bar
25235,15,88,28,60,4.0,beat_bar
25324,13,70,24,46,3.5384615384615383,beat_bar
25378,16,96,30,66,4.125,beat_bar
25601,18,106,34,72,4.0,beat_bar
25603,13,76,24,52,4.0,beat_bar
25605,20,128,38,90,4.5,beat_bar
25606,17,100,32,68,4.0,beat_bar
25608,12,70,22,48,4.0,beat_bar
25609,15,80,28,52,3.466666666666667,beat_bar
25668,11,62,20,42,3.8181818181818183,beat_bar
25669,8,46,14,32,4.0,beat_bar
25670,8,46,14,32,4.0,beat_bar
25795,19,116,36,80,4.2105263157894735,beat_bar
25796,17,104,32,72,4.235294117647059,beat_bar
25797,19,110,36,74,3.8947368421052633,beat_bar
25802,22,132,42,90,4.090909090909091,beat_bar
25804,17,98,32,66,3.8823529411764706,beat_bar
26007,12,72,22,50,4.166666666666667,beat_bar
26008,12,68,22,46,3.8333333333333335,beat_bar
26010,23,140,44,96,4.173913043478261,beat_bar
26011,12,72,22,50,4.166666666666667,beat_bar
26012,12,74,22,52,4.333333333333333,beat_bar
26013,11,66,20,46,4.181818181818182,beat_bar
26014,12,76,22,54,4.5,beat_bar
26016,12,70,22,48,4.0,beat_bar
26017,21,134,40,94,4.476190476190476,beat_bar
26020,12,64,22,42,3.5,beat_bar
26021,16,100,30,70,4.375,beat_bar
26022,12,72,22,50,4.166666666666667,beat_bar
26025,12,66,22,44,3.6666666666666665,beat_bar
26026,20,134,38,96,4.8,beat_bar
26034,12,62,22,40,3.3333333333333335,beat_bar
26035,11,60,20,40,3.6363636363636362,beat_bar
26036,14,86,26,60,4.285714285714286,beat_bar
26169,10,60,18,42,4.2,beat_bar
26174,10,60,18,42,4.2,beat_bar
26298,10,60,18,42,4.2,beat_bar
26301,7,38,12,26,3.7142857142857144,beat_bar
26302,18,110,34,76,4.222222222222222,beat_bar
26307,10,58,18,40,4.0,beat_bar
26322,20,118,38,80,4.0,beat_bar
26464,15,86,28,58,3.8666666666666667,beat_bar
26465,10,62,18,44,4.4,beat_bar
26466,12,72,22,50,4.166666666666667,beat_bar
26583,17,104,32,72,4.235294117647059,beat_bar
26600,22,146,42,104,4.7272727272727275,beat_bar
26605,10,62,18,44,4.4,fixed_fallback
26629,16,86,30,56,3.5,beat_bar
26638,15,98,28,70,4.666666666666667,beat_bar
26639,15,92,28,64,4.266666666666667,beat_bar
26640,14,76,26,50,3.5714285714285716,beat_bar
26641,15,92,28,64,4.266666666666667,beat_bar
26642,13,74,24,50,3.8461538461538463,beat_bar
26643,13,80,24,56,4.3076923076923075,beat_bar
26651,15,82,28,54,3.6,beat_bar
26652,10,56,18,38,3.8,beat_bar
26653,16,94,30,64,4.0,beat_bar
26654,11,70,20,50,4.545454545454546,beat_bar
26655,16,96,30,66,4.125,beat_bar
26656,11,66,20,46,4.181818181818182,beat_bar
26657,15,98,28,70,4.666666666666667,beat_bar
26658,10,56,18,38,3.8,beat_bar
26659,20,116,38,78,3.9,beat_bar
26674,11,70,20,50,4.545454545454546,beat_bar
26681,18,104,34,70,3.888888888888889,beat_bar
26754,17,104,32,72,4.235294117647059,beat_bar
26765,13,70,24,46,3.5384615384615383,beat_bar
26859,13,70,24,46,3.5384615384615383,beat_bar
26861,14,78,26,52,3.7142857142857144,beat_bar
26902,23,148,44,104,4.521739130434782,beat_bar
26904,15,88,28,60,4.0,beat_bar
26905,14,84,26,58,4.142857142857143,beat_bar
26906,16,98,30,68,4.25,beat_bar
27164,17,108,32,76,4.470588235294118,beat_bar
27177,13,70,24,46,3.5384615384615383,beat_bar
27194,13,80,24,56,4.3076923076923075,beat_bar
27195,13,76,24,52,4.0,beat_bar
27197,16,94,30,64,4.0,beat_bar
27198,13,80,24,56,4.3076923076923075,beat_bar
27258,19,120,36,84,4.421052631578948,beat_bar
27406,16,94,30,64,4.0,beat_bar
27454,16,98,30,68,4.25,beat_bar
27455,14,90,26,64,4.571428571428571,beat_bar
27456,14,80,26,54,3.857142857142857,beat_bar
27547,22,144,42,102,4.636363636363637,beat_bar
27548,14,78,26,52,3.7142857142857144,beat_bar
27549,11,64,20,44,4.0,beat_bar
27550,14,92,26,66,4.714285714285714,beat_bar
27551,10,58,18,40,4.0,beat_bar
27552,10,58,18,40,4.0,beat_bar
27609,16,96,30,66,4.125,beat_bar
27610,14,84,26,58,4.142857142857143,beat_bar
27611,12,72,22,50,4.166666666666667,beat_bar
27612,13,74,24,50,3.8461538461538463,beat_bar
27613,9,56,16,40,4.444444444444445,beat_bar
27667,14,80,26,54,3.857142857142857,beat_bar
27673,12,68,22,46,3.8333333333333335,beat_bar
27797,10,60,18,42,4.2,fixed_fallback
27798,17,100,32,68,4.0,beat_bar
27799,13,72,24,48,3.6923076923076925,beat_bar
27802,18,100,34,66,3.6666666666666665,beat_bar
27803,11,66,20,46,4.181818181818182,beat_bar
27804,10,56,18,38,3.8,beat_bar
27805,16,96,30,66,4.125,beat_bar
27855,15,90,28,62,4.133333333333334,beat_bar
27856,21,126,40,86,4.095238095238095,beat_bar
27866,13,80,24,56,4.3076923076923075,beat_bar
27945,15,92,28,64,4.266666666666667,beat_bar
27953,16,90,30,60,3.75,beat_bar
27975,18,110,34,76,4.222222222222222,beat_bar
27978,17,100,32,68,4.0,beat_bar
27981,15,80,28,52,3.466666666666667,beat_bar
27987,9,52,16,36,4.0,beat_bar
28070,21,122,40,82,3.9047619047619047,beat_bar
28072,22,132,42,90,4.090909090909091,beat_bar
28179,13,72,24,48,3.6923076923076925,beat_bar
28241,15,94,28,66,4.4,beat_bar
28260,7,36,12,24,3.4285714285714284,beat_bar
28266,13,76,24,52,4.0,beat_bar
28274,20,118,38,80,4.0,beat_bar
28375,9,50,16,34,3.7777777777777777,beat_bar
28376,16,98,30,68,4.25,beat_bar
28477,18,112,34,78,4.333333333333333,beat_bar
28478,13,76,24,52,4.0,beat_bar
28479,17,98,32,66,3.8823529411764706,beat_bar
28480,13,76,24,52,4.0,beat_bar
28481,13,78,24,54,4.153846153846154,beat_bar
28482,15,94,28,66,4.4,beat_bar
28483,14,78,26,52,3.7142857142857144,beat_bar
28484,14,74,26,48,3.4285714285714284,beat_bar
28485,19,108,36,72,3.789473684210526,beat_bar
28546,11,60,20,40,3.6363636363636362,beat_bar
28548,16,100,30,70,4.375,beat_bar
28553,11,66,20,46,4.181818181818182,beat_bar
28571,16,102,30,72,4.5,beat_bar
28608,14,80,26,54,3.857142857142857,beat_bar
28692,14,82,26,56,4.0,beat_bar
28802,10,58,18,40,4.0,beat_bar
29037,11,62,20,42,3.8181818181818183,beat_bar
29039,10,56,18,38,3.8,beat_bar
29040,10,62,18,44,4.4,fixed_fallback
29041,11,62,20,42,3.8181818181818183,beat_bar
29042,20,122,38,84,4.2,beat_bar
29043,11,68,20,48,4.363636363636363,beat_bar
29044,22,128,42,86,3.909090909090909,beat_bar
29045,13,70,24,46,3.5384615384615383,beat_bar
29128,11,70,20,50,4.545454545454546,beat_bar
29180,10,58,18,40,4.0,beat_bar
29243,15,92,28,64,4.266666666666667,beat_bar
29245,17,94,32,62,3.6470588235294117,beat_bar
29255,11,66,20,46,4.181818181818182,beat_bar
29271,14,82,26,56,4.0,beat_bar
29272,17,96,32,64,3.764705882352941,beat_bar
29350,15,84,28,56,3.7333333333333334,beat_bar
29351,20,122,38,84,4.2,beat_bar
29355,10,54,18,36,3.6,beat_bar
29465,17,96,32,64,3.764705882352941,beat_bar
29480,18,104,34,70,3.888888888888889,beat_bar
29526,10,56,18,38,3.8,fixed_fallback
29528,14,86,26,60,4.285714285714286,beat_bar
29530,10,54,18,36,3.6,beat_bar
29587,11,60,20,40,3.6363636363636362,beat_bar
29602,14,84,26,58,4.142857142857143,beat_bar
29673,15,86,28,58,3.8666666666666667,beat_bar
29718,16,92,30,62,3.875,beat_bar
29719,15,82,28,54,3.6,beat_bar
29720,12,74,22,52,4.333333333333333,beat_bar
29721,16,86,30,56,3.5,beat_bar
29738,16,96,30,66,4.125,beat_bar
29739,16,96,30,66,4.125,beat_bar
29740,8,44,14,30,3.75,beat_bar
29741,21,122,40,82,3.9047619047619047,beat_bar
29742,21,116,40,76,3.619047619047619,beat_bar
29744,14,76,26,50,3.5714285714285716,beat_bar
29745,16,92,30,62,3.875,beat_bar
29746,11,72,20,52,4.7272727272727275,beat_bar
29747,14,80,26,54,3.857142857142857,beat_bar
29750,13,80,24,56,4.3076923076923075,beat_bar
29752,15,84,28,56,3.7333333333333334,beat_bar
29807,13,74,24,50,3.8461538461538463,beat_bar
29813,15,94,28,66,4.4,beat_bar
29816,10,54,18,36,3.6,beat_bar
29961,12,66,22,44,3.6666666666666665,beat_bar
29971,15,88,28,60,4.0,beat_bar
30041,11,68,20,48,4.363636363636363,beat_bar
30043,18,98,34,64,3.5555555555555554,beat_bar
30050,12,70,22,48,4.0,beat_bar
30056,18,102,34,68,3.7777777777777777,beat_bar
30058,12,70,22,48,4.0,beat_bar
30059,17,102,32,70,4.117647058823529,beat_bar
30090,15,84,28,56,3.7333333333333334,beat_bar
30095,13,84,24,60,4.615384615384615,beat_bar
30120,12,68,22,46,3.8333333333333335,beat_bar
30196,9,50,16,34,3.7777777777777777,beat_bar
30198,21,132,40,92,4.380952380952381,beat_bar
30230,14,86,26,60,4.285714285714286,beat_bar
30316,12,68,22,46,3.8333333333333335,beat_bar
30486,15,92,28,64,4.266666666666667,beat_bar
30487,14,86,26,60,4.285714285714286,beat_bar
30488,22,124,42,82,3.727272727272727,beat_bar
30519,16,94,30,64,4.0,beat_bar
30520,17,92,32,60,3.5294117647058822,beat_bar
30521,16,84,30,54,3.375,beat_bar
30522,17,106,32,74,4.352941176470588,beat_bar
30636,12,76,22,54,4.5,beat_bar
30682,18,112,34,78,4.333333333333333,beat_bar
30690,10,64,18,46,4.6,fixed_fallback
30702,12,72,22,50,4.166666666666667,beat_bar
30740,19,118,36,82,4.315789473684211,beat_bar
30895,12,72,22,50,4.166666666666667,beat_bar
31040,19,124,36,88,4.631578947368421,beat_bar
31041,16,94,30,64,4.0,beat_bar
31042,13,80,24,56,4.3076923076923075,beat_bar
31043,21,124,40,84,4.0,beat_bar
31044,12,68,22,46,3.8333333333333335,beat_bar
31165,19,116,36,80,4.2105263157894735,beat_bar
31356,15,96,28,68,4.533333333333333,beat_bar
31389,17,94,32,62,3.6470588235294117,beat_bar
31390,15,96,28,68,4.533333333333333,beat_bar
31391,17,96,32,64,3.764705882352941,beat_bar
31392,16,100,30,70,4.375,beat_bar
31568,15,88,28,60,4.0,beat_bar
31807,12,66,22,44,3.6666666666666665,beat_bar
31887,21,116,40,76,3.619047619047619,beat_bar
31888,17,106,32,74,4.352941176470588,beat_bar
31889,14,82,26,56,4.0,beat_bar
31999,11,64,20,44,4.0,beat_bar
32001,10,56,18,38,3.8,beat_bar
32021,17,96,32,64,3.764705882352941,beat_bar
32075,17,104,32,72,4.235294117647059,beat_bar
32081,19,122,36,86,4.526315789473684,beat_bar
32218,21,128,40,88,4.190476190476191,beat_bar
32325,15,94,28,66,4.4,beat_bar
32326,15,84,28,56,3.7333333333333334,beat_bar
32327,13,80,24,56,4.3076923076923075,beat_bar
32328,15,84,28,56,3.7333333333333334,beat_bar
32329,13,80,24,56,4.3076923076923075,beat_bar
32330,13,80,24,56,4.3076923076923075,beat_bar
32331,16,108,30,78,4.875,beat_bar
32332,20,122,38,84,4.2,beat_bar
32333,14,86,26,60,4.285714285714286,beat_bar
32334,8,46,14,32,4.0,beat_bar
32335,16,92,30,62,3.875,beat_bar
32336,19,108,36,72,3.789473684210526,beat_bar
32337,15,88,28,60,4.0,beat_bar
32338,15,80,28,52,3.466666666666667,beat_bar
32339,16,92,30,62,3.875,beat_bar
32340,13,80,24,56,4.3076923076923075,beat_bar
32433,16,102,30,72,4.5,beat_bar
32435,16,84,30,54,3.375,beat_bar
32437,16,86,30,56,3.5,beat_bar
32438,9,50,16,34,3.7777777777777777,beat_bar
32439,19,114,36,78,4.105263157894737,beat_bar
32525,19,120,36,84,4.421052631578948,beat_bar
32686,14,86,26,60,4.285714285714286,beat_bar
32687,13,80,24,56,4.3076923076923075,beat_bar
32689,21,120,40,80,3.8095238095238093,beat_bar
32693,13,74,24,50,3.8461538461538463,beat_bar
32694,22,136,42,94,4.2727272727272725,beat_bar
32695,10,60,18,42,4.2,beat_bar
32755,13,84,24,60,4.615384615384615,beat_bar
32756,17,104,32,72,4.235294117647059,beat_bar
32759,17,98,32,66,3.8823529411764706,beat_bar
32760,16,100,30,70,4.375,beat_bar
32800,16,100,30,70,4.375,beat_bar
32882,12,64,22,42,3.5,beat_bar
33020,12,70,22,48,4.0,beat_bar
33049,14,82,26,56,4.0,beat_bar
33050,9,52,16,36,4.0,beat_bar
33064,11,64,20,44,4.0,beat_bar
33067,15,86,28,58,3.8666666666666667,beat_bar
33068,13,84,24,60,4.615384615384615,beat_bar
33069,16,100,30,70,4.375,beat_bar
33070,13,74,24,50,3.8461538461538463,beat_bar
33071,15,84,28,56,3.7333333333333334,beat_bar
33072,19,108,36,72,3.789473684210526,beat_bar
33123,20,124,38,86,4.3,beat_bar
33124,14,80,26,54,3.857142857142857,beat_bar
33203,17,100,32,68,4.0,beat_bar
33216,16,96,30,66,4.125,beat_bar
33221,13,80,24,56,4.3076923076923075,beat_bar
33278,13,72,24,48,3.6923076923076925,beat_bar
33415,13,82,24,58,4.461538461538462,beat_bar
33422,12,74,22,52,4.333333333333333,beat_bar
33424,21,130,40,90,4.285714285714286,beat_bar
33426,9,48,16,32,3.5555555555555554,beat_bar
33446,16,96,30,66,4.125,beat_bar
33459,9,52,16,36,4.0,beat_bar
33460,16,94,30,64,4.0,beat_bar
33461,17,106,32,74,4.352941176470588,beat_bar
33465,21,112,40,72,3.4285714285714284,beat_bar
33477,24,134,46,88,3.6666666666666665,beat_bar
33486,14,92,26,66,4.714285714285714,beat_bar
33538,11,58,20,38,3.4545454545454546,beat_bar
33992,12,68,22,46,3.8333333333333335,beat_bar
34003,17,104,32,72,4.235294117647059,beat_bar
34147,16,98,30,68,4.25,beat_bar
34167,23,132,44,88,3.8260869565217392,beat_bar
34257,20,122,38,84,4.2,beat_bar
34258,20,130,38,92,4.6,beat_bar
34263,13,78,24,54,4.153846153846154,beat_bar
34484,20,122,38,84,4.2,beat_bar
34510,13,78,24,54,4.153846153846154,beat_bar
34511,19,110,36,74,3.8947368421052633,beat_bar
34994,14,92,26,66,4.714285714285714,beat_bar
34996,13,80,24,56,4.3076923076923075,beat_bar
35007,15,96,28,68,4.533333333333333,beat_bar
35008,11,60,20,40,3.6363636363636362,beat_bar
35182,14,84,26,58,4.142857142857143,beat_bar
35184,19,106,36,70,3.6842105263157894,beat_bar
35198,16,96,30,66,4.125,beat_bar
35199,15,90,28,62,4.133333333333334,beat_bar
35204,13,80,24,56,4.3076923076923075,beat_bar
35296,18,114,34,80,4.444444444444445,beat_bar
35299,16,100,30,70,4.375,beat_bar
35443,13,84,24,60,4.615384615384615,beat_bar
35444,19,128,36,92,4.842105263157895,beat_bar
35462,10,56,18,38,3.8,beat_bar
35527,13,78,24,54,4.153846153846154,beat_bar
35534,18,112,34,78,4.333333333333333,beat_bar
35535,16,92,30,62,3.875,beat_bar
35537,13,84,24,60,4.615384615384615,beat_bar
35539,15,82,28,54,3.6,beat_bar
35541,17,98,32,66,3.8823529411764706,beat_bar
35543,11,56,20,36,3.272727272727273,beat_bar
35544,8,44,14,30,3.75,beat_bar
35545,10,54,18,36,3.6,beat_bar
35549,13,78,24,54,4.153846153846154,beat_bar
35550,14,86,26,60,4.285714285714286,beat_bar
35569,15,88,28,60,4.0,beat_bar
35571,10,62,18,44,4.4,fixed_fallback
35608,15,84,28,56,3.7333333333333334,beat_bar
35734,16,88,30,58,3.625,beat_bar
36096,19,120,36,84,4.421052631578948,beat_bar
36097,16,106,30,76,4.75,beat_bar
36099,15,100,28,72,4.8,beat_bar
36143,16,96,30,66,4.125,beat_bar
36144,17,104,32,72,4.235294117647059,beat_bar
36145,14,86,26,60,4.285714285714286,beat_bar
36146,9,54,16,38,4.222222222222222,beat_bar
36147,15,86,28,58,3.8666666666666667,beat_bar
36245,11,68,20,48,4.363636363636363,beat_bar
36257,11,68,20,48,4.363636363636363,beat_bar
36258,12,68,22,46,3.8333333333333335,beat_bar
36261,10,60,18,42,4.2,fixed_fallback
36272,15,86,28,58,3.8666666666666667,beat_bar
36273,12,66,22,44,3.6666666666666665,beat_bar
36275,19,122,36,86,4.526315789473684,beat_bar
36277,21,126,40,86,4.095238095238095,beat_bar
36302,12,66,22,44,3.6666666666666665,beat_bar
36304,15,86,28,58,3.8666666666666667,beat_bar
36322,12,68,22,46,3.8333333333333335,beat_bar
36333,20,114,38,76,3.8,beat_bar
36371,21,124,40,84,4.0,beat_bar
36380,13,74,24,50,3.8461538461538463,beat_bar
36388,12,78,22,56,4.666666666666667,beat_bar
36428,9,54,16,38,4.222222222222222,beat_bar
36435,20,112,38,74,3.7,beat_bar
36481,19,120,36,84,4.421052631578948,beat_bar
36526,11,66,20,46,4.181818181818182,beat_bar
36560,13,76,24,52,4.0,beat_bar
36567,14,80,26,54,3.857142857142857,beat_bar
36614,15,92,28,64,4.266666666666667,beat_bar
36615,12,74,22,52,4.333333333333333,beat_bar
36616,15,90,28,62,4.133333333333334,beat_bar
36618,9,50,16,34,3.7777777777777777,beat_bar
36643,15,92,28,64,4.266666666666667,beat_bar
36659,16,92,30,62,3.875,beat_bar
36799,10,58,18,40,4.0,beat_bar
36959,8,44,14,30,3.75,beat_bar
36961,15,84,28,56,3.7333333333333334,beat_bar
36965,10,58,18,40,4.0,beat_bar
36966,14,86,26,60,4.285714285714286,beat_bar
36983,10,52,18,34,3.4,beat_bar
36984,11,62,20,42,3.8181818181818183,beat_bar
36985,19,102,36,66,3.473684210526316,beat_bar
36986,19,116,36,80,4.2105263157894735,beat_bar
36987,20,120,38,82,4.1,beat_bar
36988,11,60,20,40,3.6363636363636362,beat_bar
36990,12,68,22,46,3.8333333333333335,beat_bar
36992,18,102,34,68,3.7777777777777777,beat_bar
36994,10,54,18,36,3.6,beat_bar
36997,10,62,18,44,4.4,beat_bar
36998,15,92,28,64,4.266666666666667,beat_bar
36999,10,60,18,42,4.2,beat_bar
37041,8,42,14,28,3.5,beat_bar
37111,15,86,28,58,3.8666666666666667,beat_bar
37113,13,78,24,54,4.153846153846154,beat_bar
37119,15,88,28,60,4.0,beat_bar
37121,15,96,28,68,4.533333333333333,beat_bar
37131,14,80,26,54,3.857142857142857,beat_bar
37136,22,138,42,96,4.363636363636363,beat_bar
37141,16,100,30,70,4.375,beat_bar
37147,11,58,20,38,3.4545454545454546,beat_bar
37324,16,96,30,66,4.125,beat_bar
37325,21,122,40,82,3.9047619047619047,beat_bar
37368,12,66,22,44,3.6666666666666665,beat_bar
37369,7,38,12,26,3.7142857142857144,beat_bar
37416,13,76,24,52,4.0,beat_bar
37417,11,66,20,46,4.181818181818182,beat_bar
37423,15,88,28,60,4.0,beat_bar
37538,17,94,32,62,3.6470588235294117,beat_bar
37592,9,52,16,36,4.0,beat_bar
37725,12,70,22,48,4.0,beat_bar
37727,12,76,22,54,4.5,beat_bar
37730,18,104,34,70,3.888888888888889,beat_bar
37731,21,128,40,88,4.190476190476191,beat_bar
37779,19,120,36,84,4.421052631578948,beat_bar
37781,20,122,38,84,4.2,beat_bar
37784,15,84,28,56,3.7333333333333334,beat_bar
37859,15,94,28,66,4.4,beat_bar
37911,15,90,28,62,4.133333333333334,beat_bar
37920,10,54,18,36,3.6,beat_bar
38312,20,108,38,70,3.5,beat_bar
38321,17,92,32,60,3.5294117647058822,beat_bar
38323,13,82,24,58,4.461538461538462,beat_bar
38326,13,72,24,48,3.6923076923076925,beat_bar
38351,18,100,34,66,3.6666666666666665,beat_bar
38352,14,78,26,52,3.7142857142857144,beat_bar
38353,20,118,38,80,4.0,beat_bar
38354,15,88,28,60,4.0,beat_bar
38361,15,88,28,60,4.0,beat_bar
38362,16,100,30,70,4.375,beat_bar
38363,22,136,42,94,4.2727272727272725,beat_bar
38365,14,84,26,58,4.142857142857143,beat_bar
38399,12,68,22,46,3.8333333333333335,beat_bar
38435,10,60,18,42,4.2,beat_bar
38450,20,110,38,72,3.6,beat_bar
38522,16,104,30,74,4.625,beat_bar
38557,18,104,34,70,3.888888888888889,beat_bar
38560,11,68,20,48,4.363636363636363,beat_bar
38775,15,78,28,50,3.3333333333333335,beat_bar
38776,14,82,26,56,4.0,beat_bar
38777,12,68,22,46,3.8333333333333335,beat_bar
38778,15,84,28,56,3.7333333333333334,beat_bar
38779,15,96,28,68,4.533333333333333,beat_bar
38780,14,72,26,46,3.2857142857142856,beat_bar
38781,16,92,30,62,3.875,beat_bar
38782,14,84,26,58,4.142857142857143,beat_bar
38783,16,102,30,72,4.5,beat_bar
38784,13,72,24,48,3.6923076923076925,beat_bar
38785,15,90,28,62,4.133333333333334,beat_bar
38817,14,80,26,54,3.857142857142857,beat_bar
38818,15,88,28,60,4.0,beat_bar
38819,15,88,28,60,4.0,beat_bar
38820,19,114,36,78,4.105263157894737,beat_bar
38821,17,104,32,72,4.235294117647059,beat_bar
38822,22,132,42,90,4.090909090909091,beat_bar
38823,14,82,26,56,4.0,beat_bar
38824,15,92,28,64,4.266666666666667,beat_bar
38825,16,86,30,56,3.5,beat_bar
38826,17,102,32,70,4.117647058823529,beat_bar
38827,12,66,22,44,3.6666666666666665,beat_bar
38828,16,98,30,68,4.25,beat_bar
38829,14,82,26,56,4.0,beat_bar
38830,14,80,26,54,3.857142857142857,beat_bar
38833,8,44,14,30,3.75,beat_bar
38834,19,116,36,80,4.2105263157894735,beat_bar
38847,12,62,22,40,3.3333333333333335,beat_bar
38859,10,58,18,40,4.0,beat_bar
38878,18,112,34,78,4.333333333333333,beat_bar
38879,13,84,24,60,4.615384615384615,beat_bar
38880,15,86,28,58,3.8666666666666667,beat_bar
38881,16,90,30,60,3.75,beat_bar
38882,14,82,26,56,4.0,beat_bar
38884,15,84,28,56,3.7333333333333334,beat_bar
38886,10,60,18,42,4.2,beat_bar
38887,15,98,28,70,4.666666666666667,beat_bar
38888,17,94,32,62,3.6470588235294117,beat_bar
38890,13,70,24,46,3.5384615384615383,beat_bar
38891,13,74,24,50,3.8461538461538463,beat_bar
38892,15,82,28,54,3.6,beat_bar
38893,12,66,22,44,3.6666666666666665,beat_bar
38894,20,122,38,84,4.2,beat_bar
38895,17,98,32,66,3.8823529411764706,beat_bar
38896,17,102,32,70,4.117647058823529,beat_bar
38898,17,104,32,72,4.235294117647059,beat_bar
38899,15,94,28,66,4.4,beat_bar
38900,17,100,32,68,4.0,beat_bar
38901,16,86,30,56,3.5,beat_bar
38902,17,100,32,68,4.0,beat_bar
38904,13,72,24,48,3.6923076923076925,beat_bar
38905,6,30,10,20,3.3333333333333335,beat_bar
38906,13,80,24,56,4.3076923076923075,beat_bar
38907,10,54,18,36,3.6,beat_bar
38908,14,80,26,54,3.857142857142857,beat_bar
38910,21,132,40,92,4.380952380952381,beat_bar
38911,11,64,20,44,4.0,beat_bar
38912,13,80,24,56,4.3076923076923075,beat_bar
38914,13,78,24,54,4.153846153846154,beat_bar
38955,15,86,28,58,3.8666666666666667,beat_bar
38961,17,104,32,72,4.235294117647059,beat_bar
38964,12,74,22,52,4.333333333333333,beat_bar
38965,13,78,24,54,4.153846153846154,beat_bar
38966,12,74,22,52,4.333333333333333,beat_bar
38967,18,110,34,76,4.222222222222222,beat_bar
39188,22,136,42,94,4.2727272727272725,beat_bar
39259,14,90,26,64,4.571428571428571,beat_bar
39278,15,90,28,62,4.133333333333334,beat_bar
39291,15,90,28,62,4.133333333333334,beat_bar
39298,17,104,32,72,4.235294117647059,beat_bar
39316,13,80,24,56,4.3076923076923075,beat_bar
39317,14,84,26,58,4.142857142857143,beat_bar
39318,13,82,24,58,4.461538461538462,beat_bar
39357,21,128,40,88,4.190476190476191,beat_bar
39359,16,88,30,58,3.625,beat_bar
39378,15,90,28,62,4.133333333333334,beat_bar
39484,14,86,26,60,4.285714285714286,beat_bar
39488,15,88,28,60,4.0,beat_bar
39530,15,86,28,58,3.8666666666666667,beat_bar
39605,16,90,30,60,3.75,beat_bar
39607,11,60,20,40,3.6363636363636362,beat_bar
39658,21,124,40,84,4.0,beat_bar
39659,14,88,26,62,4.428571428571429,beat_bar
39660,14,84,26,58,4.142857142857143,beat_bar
39661,10,62,18,44,4.4,beat_bar
39662,18,110,34,76,4.222222222222222,beat_bar
39663,11,64,20,44,4.0,beat_bar
39664,14,78,26,52,3.7142857142857144,beat_bar
39665,15,94,28,66,4.4,beat_bar
39666,10,62,18,44,4.4,beat_bar
39667,10,54,18,36,3.6,beat_bar
39875,18,124,34,90,5.0,beat_bar
39900,15,84,28,56,3.7333333333333334,beat_bar
39904,17,100,32,68,4.0,beat_bar
40121,21,122,40,82,3.9047619047619047,beat_bar
40122,15,86,28,58,3.8666666666666667,beat_bar
40123,13,82,24,58,4.461538461538462,beat_bar
40133,16,92,30,62,3.875,beat_bar
40134,17,98,32,66,3.8823529411764706,beat_bar
40139,14,78,26,52,3.7142857142857144,beat_bar
40141,9,50,16,34,3.7777777777777777,beat_bar
40147,19,126,36,90,4.7368421052631575,beat_bar
40161,18,110,34,76,4.222222222222222,beat_bar
40180,14,84,26,58,4.142857142857143,beat_bar
40182,14,86,26,60,4.285714285714286,beat_bar
40229,13,84,24,60,4.615384615384615,beat_bar
40230,9,50,16,34,3.7777777777777777,beat_bar
40231,12,70,22,48,4.0,beat_bar
40232,13,72,24,48,3.6923076923076925,beat_bar
40233,15,96,28,68,4.533333333333333,beat_bar
40234,10,60,18,42,4.2,fixed_fallback
40235,12,68,22,46,3.8333333333333335,beat_bar
40236,13,76,24,52,4.0,beat_bar
40237,16,98,30,68,4.25,beat_bar
40238,13,72,24,48,3.6923076923076925,beat_bar
40239,12,72,22,50,4.166666666666667,beat_bar
40240,9,52,16,36,4.0,beat_bar
40241,13,76,24,52,4.0,beat_bar
40242,12,76,22,54,4.5,beat_bar
40243,17,100,32,68,4.0,beat_bar
40244,11,68,20,48,4.363636363636363,beat_bar
40245,10,56,18,38,3.8,beat_bar
40250,17,92,32,60,3.5294117647058822,beat_bar
40509,10,56,18,38,3.8,fixed_fallback
40525,11,62,20,42,3.8181818181818183,beat_bar
40541,11,56,20,36,3.272727272727273,beat_bar
40542,11,56,20,36,3.272727272727273,beat_bar
40598,15,90,28,62,4.133333333333334,beat_bar
40654,13,84,24,60,4.615384615384615,beat_bar
40655,15,98,28,70,4.666666666666667,beat_bar
40656,17,112,32,80,4.705882352941177,beat_bar
40657,11,70,20,50,4.545454545454546,beat_bar
40658,15,88,28,60,4.0,beat_bar
40659,16,104,30,74,4.625,beat_bar
40660,10,58,18,40,4.0,beat_bar
40683,17,94,32,62,3.6470588235294117,beat_bar
40725,20,124,38,86,4.3,beat_bar
40842,11,62,20,42,3.8181818181818183,beat_bar
40843,10,56,18,38,3.8,beat_bar
40844,14,82,26,56,4.0,beat_bar
40845,10,60,18,42,4.2,beat_bar
40851,15,100,28,72,4.8,beat_bar
40903,11,62,20,42,3.8181818181818183,beat_bar
40908,13,86,24,62,4.769230769230769,beat_bar
40909,9,54,16,38,4.222222222222222,beat_bar
40938,18,100,34,66,3.6666666666666665,beat_bar
40940,14,84,26,58,4.142857142857143,beat_bar
40984,11,64,20,44,4.0,beat_bar
40985,16,96,30,66,4.125,beat_bar
40986,11,60,20,40,3.6363636363636362,beat_bar
41018,11,62,20,42,3.8181818181818183,beat_bar
41019,10,60,18,42,4.2,beat_bar
41020,21,124,40,84,4.0,beat_bar
41054,17,98,32,66,3.8823529411764706,beat_bar
41095,14,86,26,60,4.285714285714286,beat_bar
41147,13,76,24,52,4.0,beat_bar
41191,18,108,34,74,4.111111111111111,beat_bar
41192,19,112,36,76,4.0,beat_bar
41310,15,82,28,54,3.6,beat_bar
41381,10,58,18,40,4.0,beat_bar
41568,15,98,28,70,4.666666666666667,beat_bar
41570,11,66,20,46,4.181818181818182,beat_bar
41573,16,108,30,78,4.875,beat_bar
41605,21,134,40,94,4.476190476190476,beat_bar
41709,8,48,14,34,4.25,beat_bar
41714,19,120,36,84,4.421052631578948,beat_bar
41812,12,70,22,48,4.0,beat_bar
41819,15,90,28,62,4.133333333333334,beat_bar
41820,15,86,28,58,3.8666666666666667,beat_bar
41825,12,74,22,52,4.333333333333333,beat_bar
41961,8,46,14,32,4.0,beat_bar
41962,18,104,34,70,3.888888888888889,beat_bar
41965,19,114,36,78,4.105263157894737,beat_bar
41971,23,144,44,100,4.3478260869565215,beat_bar
41983,13,78,24,54,4.153846153846154,beat_bar
42014,13,66,24,42,3.230769230769231,beat_bar
42016,19,114,36,78,4.105263157894737,beat_bar
42017,12,72,22,50,4.166666666666667,beat_bar
42018,13,74,24,50,3.8461538461538463,beat_bar
42019,18,102,34,68,3.7777777777777777,beat_bar
42020,11,64,20,44,4.0,beat_bar
42023,15,90,28,62,4.133333333333334,beat_bar
42025,21,120,40,80,3.8095238095238093,beat_bar
42029,9,54,16,38,4.222222222222222,beat_bar
42030,21,128,40,88,4.190476190476191,beat_bar
42031,21,126,40,86,4.095238095238095,beat_bar
42040,14,82,26,56,4.0,beat_bar
42044,14,90,26,64,4.571428571428571,beat_bar
42045,15,86,28,58,3.8666666666666667,beat_bar
42046,12,70,22,48,4.0,beat_bar
42048,20,122,38,84,4.2,beat_bar
42119,19,124,36,88,4.631578947368421,beat_bar
42126,19,118,36,82,4.315789473684211,beat_bar
42129,16,100,30,70,4.375,beat_bar
42135,22,136,42,94,4.2727272727272725,beat_bar
42138,11,60,20,40,3.6363636363636362,beat_bar
42139,15,92,28,64,4.266666666666667,beat_bar
42141,10,60,18,42,4.2,beat_bar
42146,13,80,24,56,4.3076923076923075,beat_bar
42234,14,90,26,64,4.571428571428571,beat_bar
42235,15,92,28,64,4.266666666666667,beat_bar
42236,16,96,30,66,4.125,beat_bar
42238,17,106,32,74,4.352941176470588,beat_bar
42240,12,74,22,52,4.333333333333333,beat_bar
42241,23,144,44,100,4.3478260869565215,beat_bar
42243,14,86,26,60,4.285714285714286,beat_bar
42245,14,82,26,56,4.0,beat_bar
42247,12,76,22,54,4.5,beat_bar
42310,16,96,30,66,4.125,beat_bar
42372,14,82,26,56,4.0,beat_bar
42373,14,88,26,62,4.428571428571429,beat_bar
42374,14,90,26,64,4.571428571428571,beat_bar
42375,16,90,30,60,3.75,beat_bar
42376,14,76,26,50,3.5714285714285716,beat_bar
42377,16,84,30,54,3.375,beat_bar
42442,16,100,30,70,4.375,beat_bar
42463,16,106,30,76,4.75,beat_bar
42475,17,104,32,72,4.235294117647059,beat_bar
42648,17,102,32,70,4.117647058823529,beat_bar
42659,17,102,32,70,4.117647058823529,beat_bar
42751,17,102,32,70,4.117647058823529,beat_bar
42761,15,92,28,64,4.266666666666667,beat_bar
42789,15,84,28,56,3.7333333333333334,beat_bar
42844,22,142,42,100,4.545454545454546,beat_bar
42851,16,96,30,66,4.125,beat_bar
42911,7,40,12,28,4.0,beat_bar
42914,20,122,38,84,4.2,beat_bar
42915,16,90,30,60,3.75,beat_bar
42966,17,100,32,68,4.0,beat_bar
42984,12,78,22,56,4.666666666666667,beat_bar
43016,13,78,24,54,4.153846153846154,beat_bar
43018,14,82,26,56,4.0,beat_bar
43019,14,84,26,58,4.142857142857143,beat_bar
43020,9,48,16,32,3.5555555555555554,beat_bar
43021,12,80,22,58,4.833333333333333,beat_bar
43022,16,86,30,56,3.5,beat_bar
43023,23,132,44,88,3.8260869565217392,beat_bar
43024,14,78,26,52,3.7142857142857144,beat_bar
43025,11,66,20,46,4.181818181818182,beat_bar
43026,12,72,22,50,4.166666666666667,beat_bar
43027,15,90,28,62,4.133333333333334,beat_bar
43028,16,92,30,62,3.875,beat_bar
43029,14,90,26,64,4.571428571428571,beat_bar
43030,15,86,28,58,3.8666666666666667,beat_bar
43063,16,106,30,76,4.75,beat_bar
43172,13,76,24,52,4.0,beat_bar
43173,21,128,40,88,4.190476190476191,beat_bar
43516,12,72,22,50,4.166666666666667,beat_bar
43517,16,92,30,62,3.875,beat_bar
43518,12,74,22,52,4.333333333333333,beat_bar
43519,18,116,34,82,4.555555555555555,beat_bar
43520,19,114,36,78,4.105263157894737,beat_bar
43521,18,118,34,84,4.666666666666667,beat_bar
43533,14,90,26,64,4.571428571428571,beat_bar
43534,18,118,34,84,4.666666666666667,beat_bar
43535,19,120,36,84,4.421052631578948,beat_bar
43536,21,132,40,92,4.380952380952381,beat_bar
43585,15,96,28,68,4.533333333333333,beat_bar
43586,14,82,26,56,4.0,beat_bar
43587,20,114,38,76,3.8,beat_bar
43588,12,70,22,48,4.0,beat_bar
43589,15,94,28,66,4.4,beat_bar
43590,15,90,28,62,4.133333333333334,beat_bar
43592,13,78,24,54,4.153846153846154,beat_bar
43593,22,138,42,96,4.363636363636363,beat_bar
43594,15,84,28,56,3.7333333333333334,beat_bar
43595,11,62,20,42,3.8181818181818183,beat_bar
43596,15,96,28,68,4.533333333333333,beat_bar
43598,15,94,28,66,4.4,beat_bar
43599,22,132,42,90,4.090909090909091,beat_bar
43600,14,78,26,52,3.7142857142857144,beat_bar
43608,11,62,20,42,3.8181818181818183,beat_bar
43621,18,106,34,72,4.0,beat_bar
43623,17,108,32,76,4.470588235294118,beat_bar
43691,17,96,32,64,3.764705882352941,beat_bar
43695,19,118,36,82,4.315789473684211,beat_bar
43696,17,108,32,76,4.470588235294118,beat_bar
43697,14,90,26,64,4.571428571428571,beat_bar
43698,17,108,32,76,4.470588235294118,beat_bar
43699,20,122,38,84,4.2,beat_bar
43761,15,82,28,54,3.6,beat_bar
43765,14,84,26,58,4.142857142857143,beat_bar
43766,17,102,32,70,4.117647058823529,beat_bar
43767,14,84,26,58,4.142857142857143,beat_bar
43768,13,80,24,56,4.3076923076923075,beat_bar
43773,12,68,22,46,3.8333333333333335,beat_bar
43796,16,104,30,74,4.625,beat_bar
43842,14,86,26,60,4.285714285714286,beat_bar
43843,18,106,34,72,4.0,beat_bar
43844,12,70,22,48,4.0,beat_bar
43856,12,70,22,48,4.0,beat_bar
43857,12,72,22,50,4.166666666666667,beat_bar
43858,11,62,20,42,3.8181818181818183,beat_bar
43859,13,76,24,52,4.0,beat_bar
43860,9,46,16,30,3.3333333333333335,beat_bar
43861,19,102,36,66,3.473684210526316,beat_bar
43863,12,70,22,48,4.0,beat_bar
43865,11,62,20,42,3.8181818181818183,beat_bar
43866,13,78,24,54,4.153846153846154,beat_bar
43867,11,62,20,42,3.8181818181818183,beat_bar
43868,12,68,22,46,3.8333333333333335,beat_bar
43869,22,126,42,84,3.8181818181818183,beat_bar
43883,13,70,24,46,3.5384615384615383,beat_bar
43886,13,76,24,52,4.0,beat_bar
43899,12,72,22,50,4.166666666666667,beat_bar
43911,10,58,18,40,4.0,beat_bar
43962,21,128,40,88,4.190476190476191,beat_bar
43965,20,118,38,80,4.0,beat_bar
44092,11,66,20,46,4.181818181818182,beat_bar
44110,8,46,14,32,4.0,beat_bar
44169,20,122,38,84,4.2,beat_bar
44236,11,64,20,44,4.0,beat_bar
44342,7,38,12,26,3.7142857142857144,beat_bar
44347,20,108,38,70,3.5,beat_bar
44354,18,110,34,76,4.222222222222222,beat_bar
44355,9,56,16,40,4.444444444444445,beat_bar
44777,16,102,30,72,4.5,beat_bar
44778,12,72,22,50,4.166666666666667,beat_bar
44779,17,104,32,72,4.235294117647059,beat_bar
44780,15,86,28,58,3.8666666666666667,beat_bar
44781,14,88,26,62,4.428571428571429,beat_bar
44782,11,60,20,40,3.6363636363636362,beat_bar
44791,19,120,36,84,4.421052631578948,beat_bar
44792,19,114,36,78,4.105263157894737,beat_bar
44793,9,48,16,32,3.5555555555555554,beat_bar
44794,12,72,22,50,4.166666666666667,beat_bar
44795,19,110,36,74,3.8947368421052633,beat_bar
44796,9,56,16,40,4.444444444444445,beat_bar
44797,17,98,32,66,3.8823529411764706,beat_bar
44798,15,90,28,62,4.133333333333334,beat_bar
44799,10,54,18,36,3.6,fixed_fallback
44800,19,116,36,80,4.2105263157894735,beat_bar
44801,14,84,26,58,4.142857142857143,beat_bar
44802,15,92,28,64,4.266666666666667,beat_bar
44803,11,64,20,44,4.0,beat_bar
44804,18,108,34,74,4.111111111111111,beat_bar
44805,16,86,30,56,3.5,beat_bar
44806,18,100,34,66,3.6666666666666665,beat_bar
44809,18,106,34,72,4.0,beat_bar
44820,12,70,22,48,4.0,beat_bar
44821,16,102,30,72,4.5,beat_bar
44822,10,62,18,44,4.4,fixed_fallback
44823,14,80,26,54,3.857142857142857,beat_bar
44848,11,68,20,48,4.363636363636363,beat_bar
44849,10,60,18,42,4.2,fixed_fallback
44850,10,54,18,36,3.6,beat_bar
44851,19,112,36,76,4.0,beat_bar
44853,12,72,22,50,4.166666666666667,beat_bar
44854,14,86,26,60,4.285714285714286,beat_bar
44917,18,116,34,82,4.555555555555555,beat_bar
44918,16,100,30,70,4.375,beat_bar
44946,15,88,28,60,4.0,beat_bar
44947,13,78,24,54,4.153846153846154,beat_bar
44948,16,92,30,62,3.875,beat_bar
44949,13,76,24,52,4.0,beat_bar
44950,13,78,24,54,4.153846153846154,beat_bar
44951,13,76,24,52,4.0,beat_bar
44952,13,72,24,48,3.6923076923076925,beat_bar
45055,11,62,20,42,3.8181818181818183,beat_bar
45099,9,54,16,38,4.222222222222222,beat_bar
45100,16,98,30,68,4.25,beat_bar
45101,11,66,20,46,4.181818181818182,beat_bar
45102,8,42,14,28,3.5,beat_bar
45103,13,78,24,54,4.153846153846154,beat_bar
45119,10,60,18,42,4.2,beat_bar
45122,17,92,32,60,3.5294117647058822,beat_bar
45125,12,66,22,44,3.6666666666666665,beat_bar
45126,10,58,18,40,4.0,fixed_fallback
45127,12,70,22,48,4.0,beat_bar
45128,8,38,14,24,3.0,beat_bar
45149,11,66,20,46,4.181818181818182,beat_bar
45150,13,82,24,58,4.461538461538462,beat_bar
45151,18,112,34,78,4.333333333333333,beat_bar
45152,12,70,22,48,4.0,beat_bar
45153,23,144,44,100,4.3478260869565215,beat_bar
45154,12,66,22,44,3.6666666666666665,beat_bar
45335,19,110,36,74,3.8947368421052633,beat_bar
45387,12,66,22,44,3.6666666666666665,beat_bar
45388,15,82,28,54,3.6,beat_bar
45389,12,70,22,48,4.0,beat_bar
45390,10,62,18,44,4.4,fixed_fallback
45391,10,56,18,38,3.8,beat_bar
45392,13,82,24,58,4.461538461538462,beat_bar
45393,15,88,28,60,4.0,beat_bar
45474,13,74,24,50,3.8461538461538463,beat_bar
45475,22,128,42,86,3.909090909090909,beat_bar
45508,14,84,26,58,4.142857142857143,beat_bar
45513,10,58,18,40,4.0,beat_bar
45514,12,72,22,50,4.166666666666667,beat_bar
45515,16,94,30,64,4.0,beat_bar
45516,11,60,20,40,3.6363636363636362,beat_bar
45517,22,130,42,88,4.0,beat_bar
45518,12,68,22,46,3.8333333333333335,beat_bar
45519,12,72,22,50,4.166666666666667,beat_bar
45520,21,124,40,84,4.0,beat_bar
45521,20,120,38,82,4.1,beat_bar
45522,12,72,22,50,4.166666666666667,beat_bar
45523,13,78,24,54,4.153846153846154,beat_bar
45934,14,82,26,56,4.0,beat_bar
45941,15,88,28,60,4.0,beat_bar
46024,11,68,20,48,4.363636363636363,beat_bar
46043,12,72,22,50,4.166666666666667,beat_bar
46058,14,82,26,56,4.0,beat_bar
46068,20,122,38,84,4.2,beat_bar
46078,20,118,38,80,4.0,beat_bar
46079,10,62,18,44,4.4,beat_bar
46157,15,90,28,62,4.133333333333334,beat_bar
46158,14,90,26,64,4.571428571428571,beat_bar
46159,19,122,36,86,4.526315789473684,beat_bar
46160,20,120,38,82,4.1,beat_bar
46161,16,106,30,76,4.75,beat_bar
46162,9,52,16,36,4.0,beat_bar
46238,13,86,24,62,4.769230769230769,beat_bar
46241,17,110,32,78,4.588235294117647,beat_bar
46525,11,60,20,40,3.6363636363636362,beat_bar
46611,13,72,24,48,3.6923076923076925,beat_bar
46711,14,96,26,70,5.0,beat_bar
46717,10,60,18,42,4.2,fixed_fallback
46718,6,28,10,18,3.0,beat_bar
46720,18,108,34,74,4.111111111111111,beat_bar
46726,11,60,20,40,3.6363636363636362,beat_bar
46732,10,56,18,38,3.8,beat_bar
46733,14,88,26,62,4.428571428571429,beat_bar
46736,16,88,30,58,3.625,beat_bar
46839,15,84,28,56,3.7333333333333334,beat_bar
46840,9,50,16,34,3.7777777777777777,beat_bar
46841,11,62,20,42,3.8181818181818183,beat_bar
46842,8,46,14,32,4.0,beat_bar
46844,17,98,32,66,3.8823529411764706,beat_bar
46846,23,140,44,96,4.173913043478261,beat_bar
46854,7,38,12,26,3.7142857142857144,beat_bar
46855,18,104,34,70,3.888888888888889,beat_bar
46928,16,96,30,66,4.125,beat_bar
46930,12,76,22,54,4.5,beat_bar
47032,14,82,26,56,4.0,beat_bar
47068,17,110,32,78,4.588235294117647,beat_bar
47069,15,88,28,60,4.0,beat_bar
47070,20,120,38,82,4.1,beat_bar
47071,15,90,28,62,4.133333333333334,beat_bar
47072,14,82,26,56,4.0,beat_bar
47073,14,82,26,56,4.0,beat_bar
47074,15,86,28,58,3.8666666666666667,beat_bar
47075,11,66,20,46,4.181818181818182,beat_bar
47076,14,84,26,58,4.142857142857143,beat_bar
47077,15,80,28,52,3.466666666666667,beat_bar
47100,13,84,24,60,4.615384615384615,beat_bar
47192,14,86,26,60,4.285714285714286,beat_bar
47193,15,86,28,58,3.8666666666666667,beat_bar
47194,16,94,30,64,4.0,beat_bar
47195,21,126,40,86,4.095238095238095,beat_bar
47196,18,106,34,72,4.0,beat_bar
47197,9,48,16,32,3.5555555555555554,beat_bar
47198,15,90,28,62,4.133333333333334,beat_bar
47199,18,110,34,76,4.222222222222222,beat_bar
47200,13,76,24,52,4.0,beat_bar
47201,16,104,30,74,4.625,beat_bar
47202,19,114,36,78,4.105263157894737,beat_bar
47260,9,52,16,36,4.0,beat_bar
47471,20,126,38,88,4.4,beat_bar
47506,13,78,24,54,4.153846153846154,beat_bar
47510,6,30,10,20,3.3333333333333335,beat_bar
47526,22,134,42,92,4.181818181818182,beat_bar
47628,12,72,22,50,4.166666666666667,beat_bar
47657,10,58,18,40,4.0,beat_bar
47658,8,46,14,32,4.0,beat_bar
47659,15,92,28,64,4.266666666666667,beat_bar
47660,15,98,28,70,4.666666666666667,beat_bar
47661,16,92,30,62,3.875,beat_bar
47662,8,48,14,34,4.25,beat_bar
47663,15,88,28,60,4.0,beat_bar
47665,11,68,20,48,4.363636363636363,beat_bar
47666,14,88,26,62,4.428571428571429,beat_bar
47670,17,100,32,68,4.0,beat_bar
47671,9,52,16,36,4.0,beat_bar
47707,9,54,16,38,4.222222222222222,beat_bar
47826,11,62,20,42,3.8181818181818183,beat_bar
47835,14,80,26,54,3.857142857142857,beat_bar
47865,22,124,42,82,3.727272727272727,beat_bar
47868,17,100,32,68,4.0,beat_bar
47894,9,52,16,36,4.0,beat_bar
47895,19,112,36,76,4.0,beat_bar
47896,13,72,24,48,3.6923076923076925,beat_bar
47897,13,74,24,50,3.8461538461538463,beat_bar
47916,12,74,22,52,4.333333333333333,beat_bar
47921,12,70,22,48,4.0,beat_bar
48015,11,64,20,44,4.0,beat_bar
48042,16,98,30,68,4.25,beat_bar
48043,14,88,26,62,4.428571428571429,beat_bar
48044,18,106,34,72,4.0,beat_bar
48046,17,104,32,72,4.235294117647059,beat_bar
48269,12,72,22,50,4.166666666666667,beat_bar
48293,12,66,22,44,3.6666666666666665,beat_bar
48307,14,86,26,60,4.285714285714286,beat_bar
48317,11,64,20,44,4.0,beat_bar
48367,11,62,20,42,3.8181818181818183,beat_bar
48368,12,80,22,58,4.833333333333333,beat_bar
48369,15,84,28,56,3.7333333333333334,beat_bar
48437,10,64,18,46,4.6,beat_bar
48439,9,50,16,34,3.7777777777777777,beat_bar
48440,16,92,30,62,3.875,beat_bar
48442,17,100,32,68,4.0,beat_bar
48443,12,68,22,46,3.8333333333333335,beat_bar
48444,10,64,18,46,4.6,beat_bar
48446,8,44,14,30,3.75,beat_bar
48450,18,114,34,80,4.444444444444445,beat_bar
48452,12,78,22,56,4.666666666666667,beat_bar
48453,12,76,22,54,4.5,beat_bar
48454,14,72,26,46,3.2857142857142856,beat_bar
48456,13,74,24,50,3.8461538461538463,beat_bar
48457,16,96,30,66,4.125,beat_bar
48462,17,98,32,66,3.8823529411764706,beat_bar
48463,10,60,18,42,4.2,beat_bar
48464,16,94,30,64,4.0,beat_bar
48465,17,94,32,62,3.6470588235294117,beat_bar
48466,12,68,22,46,3.8333333333333335,beat_bar
48488,16,98,30,68,4.25,beat_bar
48489,18,112,34,78,4.333333333333333,beat_bar
48491,15,90,28,62,4.133333333333334,beat_bar
48492,18,108,34,74,4.111111111111111,beat_bar
48493,16,92,30,62,3.875,beat_bar
48494,17,96,32,64,3.764705882352941,beat_bar
48763,16,102,30,72,4.5,beat_bar
48808,13,78,24,54,4.153846153846154,beat_bar
48815,19,120,36,84,4.421052631578948,beat_bar
48861,20,122,38,84,4.2,beat_bar
48862,14,88,26,62,4.428571428571429,beat_bar
48863,15,86,28,58,3.8666666666666667,beat_bar
48864,13,76,24,52,4.0,beat_bar
48865,14,92,26,66,4.714285714285714,beat_bar
48931,18,100,34,66,3.6666666666666665,beat_bar
48990,15,90,28,62,4.133333333333334,beat_bar
48999,17,102,32,70,4.117647058823529,beat_bar
49029,13,78,24,54,4.153846153846154,beat_bar
49030,13,76,24,52,4.0,beat_bar
49039,15,86,28,58,3.8666666666666667,beat_bar
49061,20,126,38,88,4.4,beat_bar
49062,14,88,26,62,4.428571428571429,beat_bar
49064,14,88,26,62,4.428571428571429,beat_bar
49066,16,100,30,70,4.375,beat_bar
49067,15,100,28,72,4.8,beat_bar
49068,16,96,30,66,4.125,beat_bar
49070,18,112,34,78,4.333333333333333,beat_bar
49071,9,54,16,38,4.222222222222222,beat_bar
49072,15,96,28,68,4.533333333333333,beat_bar
49073,13,78,24,54,4.153846153846154,beat_bar
49394,16,96,30,66,4.125,beat_bar
49401,17,106,32,74,4.352941176470588,beat_bar
49407,8,46,14,32,4.0,beat_bar
49408,13,80,24,56,4.3076923076923075,beat_bar
49441,22,130,42,88,4.0,beat_bar
49473,16,88,30,58,3.625,beat_bar
49476,11,58,20,38,3.4545454545454546,beat_bar
49477,12,74,22,52,4.333333333333333,beat_bar
49478,14,90,26,64,4.571428571428571,beat_bar
49479,11,60,20,40,3.6363636363636362,beat_bar
49812,8,48,14,34,4.25,beat_bar
49817,22,128,42,86,3.909090909090909,beat_bar
49842,11,66,20,46,4.181818181818182,beat_bar
49843,9,50,16,34,3.7777777777777777,beat_bar
49844,13,72,24,48,3.6923076923076925,beat_bar
49845,16,100,30,70,4.375,beat_bar
49846,10,60,18,42,4.2,beat_bar
49847,12,68,22,46,3.8333333333333335,beat_bar
49848,15,94,28,66,4.4,beat_bar
49849,12,74,22,52,4.333333333333333,beat_bar
49856,12,74,22,52,4.333333333333333,beat_bar
49857,13,78,24,54,4.153846153846154,beat_bar
50264,22,136,42,94,4.2727272727272725,beat_bar
50272,15,84,28,56,3.7333333333333334,beat_bar
50276,16,102,30,72,4.5,beat_bar
50283,14,88,26,62,4.428571428571429,beat_bar
50323,6,30,10,20,3.3333333333333335,beat_bar
50444,11,68,20,48,4.363636363636363,beat_bar
50445,11,68,20,48,4.363636363636363,beat_bar
50446,11,62,20,42,3.8181818181818183,beat_bar
50447,11,62,20,42,3.8181818181818183,beat_bar
50448,10,60,18,42,4.2,beat_bar
50449,18,116,34,82,4.555555555555555,beat_bar
50539,14,80,26,54,3.857142857142857,beat_bar
50543,10,60,18,42,4.2,beat_bar
50752,12,70,22,48,4.0,beat_bar
50753,14,82,26,56,4.0,beat_bar
50754,16,86,30,56,3.5,beat_bar
50836,12,72,22,50,4.166666666666667,beat_bar
50952,19,122,36,86,4.526315789473684,beat_bar
50955,16,90,30,60,3.75,beat_bar
50956,12,66,22,44,3.6666666666666665,beat_bar
51004,16,94,30,64,4.0,beat_bar
51005,15,90,28,62,4.133333333333334,beat_bar
51006,13,78,24,54,4.153846153846154,beat_bar
51111,15,88,28,60,4.0,beat_bar
51112,14,84,26,58,4.142857142857143,beat_bar
51113,15,100,28,72,4.8,beat_bar
51114,15,96,28,68,4.533333333333333,beat_bar
51115,13,80,24,56,4.3076923076923075,beat_bar
51117,13,76,24,52,4.0,beat_bar
51118,14,84,26,58,4.142857142857143,beat_bar
51120,16,98,30,68,4.25,beat_bar
51157,15,92,28,64,4.266666666666667,beat_bar
51158,14,80,26,54,3.857142857142857,beat_bar
51203,16,106,30,76,4.75,beat_bar
51260,16,98,30,68,4.25,beat_bar
51261,15,90,28,62,4.133333333333334,beat_bar
51262,13,74,24,50,3.8461538461538463,beat_bar
51263,12,68,22,46,3.8333333333333335,beat_bar
51265,14,84,26,58,4.142857142857143,beat_bar
51267,13,80,24,56,4.3076923076923075,beat_bar
51268,18,108,34,74,4.111111111111111,beat_bar
51269,14,80,26,54,3.857142857142857,beat_bar
51271,16,98,30,68,4.25,beat_bar
51272,11,62,20,42,3.8181818181818183,beat_bar
51273,22,128,42,86,3.909090909090909,beat_bar
51274,21,126,40,86,4.095238095238095,beat_bar
51275,14,78,26,52,3.7142857142857144,beat_bar
51276,13,78,24,54,4.153846153846154,beat_bar
51278,19,120,36,84,4.421052631578948,beat_bar
51291,11,60,20,40,3.6363636363636362,beat_bar
51292,21,134,40,94,4.476190476190476,beat_bar
51301,13,72,24,48,3.6923076923076925,beat_bar
51305,15,90,28,62,4.133333333333334,beat_bar
51333,15,98,28,70,4.666666666666667,beat_bar
51479,11,70,20,50,4.545454545454546,beat_bar
51655,15,88,28,60,4.0,beat_bar
51659,19,110,36,74,3.8947368421052633,beat_bar
51661,14,86,26,60,4.285714285714286,beat_bar
51776,9,54,16,38,4.222222222222222,beat_bar
51784,15,96,28,68,4.533333333333333,beat_bar
51785,8,42,14,28,3.5,beat_bar
51918,20,126,38,88,4.4,beat_bar
51919,14,84,26,58,4.142857142857143,beat_bar
51923,13,80,24,56,4.3076923076923075,beat_bar
51954,9,54,16,38,4.222222222222222,beat_bar
51991,18,104,34,70,3.888888888888889,beat_bar
51992,17,104,32,72,4.235294117647059,beat_bar
51998,18,112,34,78,4.333333333333333,beat_bar
51999,14,78,26,52,3.7142857142857144,beat_bar
52000,20,124,38,86,4.3,beat_bar
52001,17,108,32,76,4.470588235294118,beat_bar
52034,18,108,34,74,4.111111111111111,beat_bar
52035,8,44,14,30,3.75,beat_bar
52036,15,88,28,60,4.0,beat_bar
52037,21,122,40,82,3.9047619047619047,beat_bar
52039,15,96,28,68,4.533333333333333,beat_bar
52040,15,94,28,66,4.4,beat_bar
52041,18,106,34,72,4.0,beat_bar
52042,15,82,28,54,3.6,beat_bar
52044,14,88,26,62,4.428571428571429,beat_bar
52045,11,64,20,44,4.0,beat_bar
52118,16,94,30,64,4.0,beat_bar
52119,14,76,26,50,3.5714285714285716,beat_bar
52120,17,106,32,74,4.352941176470588,beat_bar
52121,18,116,34,82,4.555555555555555,beat_bar
52122,16,100,30,70,4.375,beat_bar
52123,19,124,36,88,4.631578947368421,beat_bar
52124,21,136,40,96,4.571428571428571,beat_bar
52125,12,70,22,48,4.0,beat_bar
52126,12,74,22,52,4.333333333333333,beat_bar
52127,11,68,20,48,4.363636363636363,beat_bar
52128,16,96,30,66,4.125,beat_bar
52129,18,114,34,80,4.444444444444445,beat_bar
52141,13,82,24,58,4.461538461538462,beat_bar
52375,8,44,14,30,3.75,beat_bar
52380,20,128,38,90,4.5,beat_bar
52389,15,90,28,62,4.133333333333334,beat_bar
52393,17,112,32,80,4.705882352941177,beat_bar
52409,16,96,30,66,4.125,beat_bar
52446,17,104,32,72,4.235294117647059,beat_bar
52447,14,78,26,52,3.7142857142857144,beat_bar
52448,19,122,36,86,4.526315789473684,beat_bar
52449,17,108,32,76,4.470588235294118,beat_bar
52451,9,50,16,34,3.7777777777777777,beat_bar
52452,22,136,42,94,4.2727272727272725,beat_bar
52500,11,62,20,42,3.8181818181818183,beat_bar
52501,11,64,20,44,4.0,beat_bar
52502,11,64,20,44,4.0,beat_bar
52508,18,104,34,70,3.888888888888889,beat_bar
52522,13,80,24,56,4.3076923076923075,beat_bar
52579,14,78,26,52,3.7142857142857144,beat_bar
52628,17,104,32,72,4.235294117647059,beat_bar
52629,15,102,28,74,4.933333333333334,beat_bar
52630,15,90,28,62,4.133333333333334,beat_bar
52631,17,96,32,64,3.764705882352941,beat_bar
52632,18,106,34,72,4.0,beat_bar
52633,16,92,30,62,3.875,beat_bar
52634,19,110,36,74,3.8947368421052633,beat_bar
52635,17,104,32,72,4.235294117647059,beat_bar
52636,13,78,24,54,4.153846153846154,beat_bar
52637,11,58,20,38,3.4545454545454546,beat_bar
52638,15,94,28,66,4.4,beat_bar
52639,17,102,32,70,4.117647058823529,beat_bar
52641,12,70,22,48,4.0,beat_bar
52642,11,66,20,46,4.181818181818182,beat_bar
52644,17,100,32,68,4.0,beat_bar
52645,19,108,36,72,3.789473684210526,beat_bar
52646,15,88,28,60,4.0,beat_bar
52647,20,120,38,82,4.1,beat_bar
52648,13,78,24,54,4.153846153846154,beat_bar
52649,15,90,28,62,4.133333333333334,beat_bar
52650,16,90,30,60,3.75,beat_bar
52859,10,54,18,36,3.6,fixed_fallback
52860,13,74,24,50,3.8461538461538463,beat_bar
52861,16,92,30,62,3.875,beat_bar
52862,13,74,24,50,3.8461538461538463,beat_bar
52945,17,100,32,68,4.0,beat_bar
52946,17,94,32,62,3.6470588235294117,beat_bar
52947,19,114,36,78,4.105263157894737,beat_bar
52948,12,74,22,52,4.333333333333333,beat_bar
52950,18,114,34,80,4.444444444444445,beat_bar
52951,16,90,30,60,3.75,beat_bar
52953,12,68,22,46,3.8333333333333335,beat_bar
52954,9,56,16,40,4.444444444444445,beat_bar
52955,10,58,18,40,4.0,beat_bar
53152,11,64,20,44,4.0,beat_bar
53154,12,68,22,46,3.8333333333333335,beat_bar
53156,19,118,36,82,4.315789473684211,beat_bar
53157,16,96,30,66,4.125,beat_bar
53158,13,80,24,56,4.3076923076923075,beat_bar
53159,15,80,28,52,3.466666666666667,beat_bar
53160,12,66,22,44,3.6666666666666665,beat_bar
53228,15,86,28,58,3.8666666666666667,beat_bar
53229,13,80,24,56,4.3076923076923075,beat_bar
53299,17,108,32,76,4.470588235294118,beat_bar
53300,18,104,34,70,3.888888888888889,beat_bar
53301,18,112,34,78,4.333333333333333,beat_bar
53302,10,60,18,42,4.2,beat_bar
53379,15,94,28,66,4.4,beat_bar
53381,14,86,26,60,4.285714285714286,beat_bar
53457,13,74,24,50,3.8461538461538463,beat_bar
53496,9,46,16,30,3.3333333333333335,beat_bar
53576,15,84,28,56,3.7333333333333334,beat_bar
53578,18,104,34,70,3.888888888888889,beat_bar
53586,21,116,40,76,3.619047619047619,beat_bar
53587,13,82,24,58,4.461538461538462,beat_bar
53588,12,76,22,54,4.5,beat_bar
53589,13,76,24,52,4.0,beat_bar
53591,15,88,28,60,4.0,beat_bar
53592,15,84,28,56,3.7333333333333334,beat_bar
53675,16,104,30,74,4.625,beat_bar
53723,9,52,16,36,4.0,beat_bar
53724,16,102,30,72,4.5,beat_bar
53725,18,114,34,80,4.444444444444445,beat_bar
53726,20,120,38,82,4.1,beat_bar
53727,16,98,30,68,4.25,beat_bar
53728,11,66,20,46,4.181818181818182,beat_bar
53729,11,68,20,48,4.363636363636363,beat_bar
53807,11,66,20,46,4.181818181818182,beat_bar
53862,16,96,30,66,4.125,beat_bar
53863,16,94,30,64,4.0,beat_bar
53937,13,72,24,48,3.6923076923076925,beat_bar
54019,17,100,32,68,4.0,beat_bar
54031,11,62,20,42,3.8181818181818183,beat_bar
54032,24,134,46,88,3.6666666666666665,beat_bar
54033,7,38,12,26,3.7142857142857144,beat_bar
54034,14,82,26,56,4.0,beat_bar
54037,16,88,30,58,3.625,beat_bar
54039,19,110,36,74,3.8947368421052633,beat_bar
54061,16,96,30,66,4.125,beat_bar
54062,18,110,34,76,4.222222222222222,beat_bar
54063,13,80,24,56,4.3076923076923075,beat_bar
54064,14,82,26,56,4.0,beat_bar
54149,13,76,24,52,4.0,beat_bar
54150,11,66,20,46,4.181818181818182,beat_bar
54151,20,120,38,82,4.1,beat_bar
54152,13,72,24,48,3.6923076923076925,beat_bar
54153,10,56,18,38,3.8,beat_bar
54154,18,110,34,76,4.222222222222222,beat_bar
54155,12,70,22,48,4.0,beat_bar
54156,15,98,28,70,4.666666666666667,beat_bar
54158,13,80,24,56,4.3076923076923075,beat_bar
54159,18,114,34,80,4.444444444444445,beat_bar
54160,12,72,22,50,4.166666666666667,beat_bar
54163,13,76,24,52,4.0,beat_bar
54234,23,134,44,90,3.9130434782608696,beat_bar
54235,14,82,26,56,4.0,beat_bar
54236,18,112,34,78,4.333333333333333,beat_bar
54237,12,64,22,42,3.5,beat_bar
54297,15,90,28,62,4.133333333333334,beat_bar
54335,13,78,24,54,4.153846153846154,beat_bar
54365,12,68,22,46,3.8333333333333335,beat_bar
54376,14,82,26,56,4.0,beat_bar
54433,12,72,22,50,4.166666666666667,beat_bar
54436,17,102,32,70,4.117647058823529,beat_bar
54437,8,46,14,32,4.0,beat_bar
54438,22,128,42,86,3.909090909090909,beat_bar
54442,20,110,38,72,3.6,beat_bar
54443,18,104,34,70,3.888888888888889,beat_bar
54463,17,96,32,64,3.764705882352941,beat_bar
54464,8,44,14,30,3.75,beat_bar
54465,11,64,20,44,4.0,beat_bar
54466,17,108,32,76,4.470588235294118,beat_bar
54467,19,110,36,74,3.8947368421052633,beat_bar
54468,10,58,18,40,4.0,beat_bar
54469,17,108,32,76,4.470588235294118,beat_bar
54470,17,98,32,66,3.8823529411764706,beat_bar
54475,17,104,32,72,4.235294117647059,beat_bar
54476,16,104,30,74,4.625,beat_bar
54479,15,90,28,62,4.133333333333334,beat_bar
54480,15,82,28,54,3.6,beat_bar
54481,17,92,32,60,3.5294117647058822,beat_bar
54482,17,94,32,62,3.6470588235294117,beat_bar
54496,15,90,28,62,4.133333333333334,beat_bar
54554,20,116,38,78,3.9,beat_bar
54568,22,128,42,86,3.909090909090909,beat_bar
54570,16,96,30,66,4.125,beat_bar
54576,13,82,24,58,4.461538461538462,beat_bar
54578,23,138,44,94,4.086956521739131,beat_bar
54580,15,88,28,60,4.0,beat_bar
54621,21,124,40,84,4.0,beat_bar
54623,21,126,40,86,4.095238095238095,beat_bar
54624,20,118,38,80,4.0,beat_bar
54625,20,116,38,78,3.9,beat_bar
54626,21,124,40,84,4.0,beat_bar
54662,16,98,30,68,4.25,beat_bar
54664,20,120,38,82,4.1,beat_bar
54665,14,88,26,62,4.428571428571429,beat_bar
54666,11,64,20,44,4.0,beat_bar
54667,15,82,28,54,3.6,beat_bar
54703,12,72,22,50,4.166666666666667,beat_bar
54719,12,72,22,50,4.166666666666667,beat_bar
54735,12,72,22,50,4.166666666666667,beat_bar
54753,21,132,40,92,4.380952380952381,beat_bar
54874,14,78,26,52,3.7142857142857144,beat_bar
54942,19,112,36,76,4.0,beat_bar
55076,11,68,20,48,4.363636363636363,beat_bar
55097,11,64,20,44,4.0,beat_bar
55100,14,80,26,54,3.857142857142857,beat_bar
55101,18,110,34,76,4.222222222222222,beat_bar
55102,12,70,22,48,4.0,beat_bar
55113,11,68,20,48,4.363636363636363,beat_bar
55119,12,80,22,58,4.833333333333333,beat_bar
55120,19,124,36,88,4.631578947368421,beat_bar
55121,11,66,20,46,4.181818181818182,beat_bar
55122,24,154,46,108,4.5,beat_bar
55123,19,116,36,80,4.2105263157894735,beat_bar
55124,12,70,22,48,4.0,beat_bar
55149,11,68,20,48,4.363636363636363,beat_bar
55183,10,56,18,38,3.8,beat_bar
55186,13,78,24,54,4.153846153846154,beat_bar
55231,20,122,38,84,4.2,beat_bar
55232,14,80,26,54,3.857142857142857,beat_bar
55233,11,58,20,38,3.4545454545454546,beat_bar
55234,16,94,30,64,4.0,beat_bar
55235,20,114,38,76,3.8,beat_bar
55236,18,108,34,74,4.111111111111111,beat_bar
55237,14,76,26,50,3.5714285714285716,beat_bar
55238,14,84,26,58,4.142857142857143,beat_bar
55240,19,112,36,76,4.0,beat_bar
55241,10,54,18,36,3.6,beat_bar
55242,14,80,26,54,3.857142857142857,beat_bar
55285,11,68,20,48,4.363636363636363,beat_bar
55286,7,38,12,26,3.7142857142857144,beat_bar
55287,15,86,28,58,3.8666666666666667,beat_bar
55288,16,90,30,60,3.75,beat_bar
55289,17,102,32,70,4.117647058823529,beat_bar
55290,19,118,36,82,4.315789473684211,beat_bar
55291,15,92,28,64,4.266666666666667,beat_bar
55292,10,60,18,42,4.2,beat_bar
55293,17,98,32,66,3.8823529411764706,beat_bar
55294,12,66,22,44,3.6666666666666665,beat_bar
55295,7,38,12,26,3.7142857142857144,beat_bar
55402,11,58,20,38,3.4545454545454546,beat_bar
55430,24,144,46,98,4.083333333333333,beat_bar
55436,15,92,28,64,4.266666666666667,beat_bar
55437,16,100,30,70,4.375,beat_bar
55480,13,78,24,54,4.153846153846154,beat_bar
55481,18,106,34,72,4.0,beat_bar
55549,18,106,34,72,4.0,beat_bar
55572,14,80,26,54,3.857142857142857,beat_bar
55709,17,108,32,76,4.470588235294118,beat_bar
55710,19,116,36,80,4.2105263157894735,beat_bar
55711,14,86,26,60,4.285714285714286,beat_bar
55712,17,102,32,70,4.117647058823529,beat_bar
55713,9,52,16,36,4.0,beat_bar
55714,13,74,24,50,3.8461538461538463,beat_bar
55715,9,50,16,34,3.7777777777777777,beat_bar
55716,12,64,22,42,3.5,beat_bar
55717,13,82,24,58,4.461538461538462,beat_bar
55718,13,84,24,60,4.615384615384615,beat_bar
55719,8,44,14,30,3.75,beat_bar
55782,14,86,26,60,4.285714285714286,beat_bar
55783,15,82,28,54,3.6,beat_bar
55786,24,142,46,96,4.0,beat_bar
55807,20,122,38,84,4.2,beat_bar
55808,16,96,30,66,4.125,beat_bar
55809,14,76,26,50,3.5714285714285716,beat_bar
55810,16,100,30,70,4.375,beat_bar
55811,17,94,32,62,3.6470588235294117,beat_bar
55826,12,70,22,48,4.0,beat_bar
55827,14,84,26,58,4.142857142857143,beat_bar
55828,12,70,22,48,4.0,beat_bar
55830,12,76,22,54,4.5,beat_bar
55831,14,82,26,56,4.0,beat_bar
55832,15,88,28,60,4.0,beat_bar
55833,11,62,20,42,3.8181818181818183,beat_bar
55900,21,132,40,92,4.380952380952381,beat_bar
56010,21,134,40,94,4.476190476190476,beat_bar
56015,14,84,26,58,4.142857142857143,beat_bar
56020,13,82,24,58,4.461538461538462,beat_bar
56028,15,86,28,58,3.8666666666666667,beat_bar
56029,16,96,30,66,4.125,beat_bar
56030,15,88,28,60,4.0,beat_bar
56031,13,76,24,52,4.0,beat_bar
56033,13,80,24,56,4.3076923076923075,beat_bar
56034,11,60,20,40,3.6363636363636362,beat_bar
56036,10,60,18,42,4.2,beat_bar
56247,15,86,28,58,3.8666666666666667,beat_bar
56248,13,78,24,54,4.153846153846154,beat_bar
56249,18,108,34,74,4.111111111111111,beat_bar
56273,17,110,32,78,4.588235294117647,beat_bar
56274,18,104,34,70,3.888888888888889,beat_bar
56275,16,92,30,62,3.875,beat_bar
56460,19,116,36,80,4.2105263157894735,beat_bar
56465,18,106,34,72,4.0,beat_bar
56466,21,136,40,96,4.571428571428571,beat_bar
56467,11,68,20,48,4.363636363636363,beat_bar
56468,13,70,24,46,3.5384615384615383,beat_bar
56469,16,102,30,72,4.5,beat_bar
56470,14,86,26,60,4.285714285714286,beat_bar
56471,13,80,24,56,4.3076923076923075,beat_bar
56472,15,88,28,60,4.0,beat_bar
56474,10,62,18,44,4.4,beat_bar
56493,16,104,30,74,4.625,beat_bar
56495,13,78,24,54,4.153846153846154,beat_bar
56496,13,82,24,58,4.461538461538462,beat_bar
56497,15,88,28,60,4.0,beat_bar
56498,12,70,22,48,4.0,beat_bar
56499,15,96,28,68,4.533333333333333,beat_bar
56516,15,92,28,64,4.266666666666667,beat_bar
56517,16,94,30,64,4.0,beat_bar
56518,15,92,28,64,4.266666666666667,beat_bar
56519,16,92,30,62,3.875,beat_bar
56520,15,90,28,62,4.133333333333334,beat_bar
56521,17,104,32,72,4.235294117647059,beat_bar
56523,12,70,22,48,4.0,beat_bar
56552,18,106,34,72,4.0,beat_bar
56559,13,80,24,56,4.3076923076923075,beat_bar
56639,11,58,20,38,3.4545454545454546,beat_bar
56640,12,72,22,50,4.166666666666667,beat_bar
56641,12,74,22,52,4.333333333333333,beat_bar
56645,14,84,26,58,4.142857142857143,beat_bar
56646,17,104,32,72,4.235294117647059,beat_bar
56648,14,88,26,62,4.428571428571429,beat_bar
56649,14,86,26,60,4.285714285714286,beat_bar
56650,10,62,18,44,4.4,beat_bar
56651,13,76,24,52,4.0,beat_bar
56686,21,126,40,86,4.095238095238095,beat_bar
56687,11,62,20,42,3.8181818181818183,beat_bar
56688,21,118,40,78,3.7142857142857144,beat_bar
56689,12,72,22,50,4.166666666666667,beat_bar
56690,22,134,42,92,4.181818181818182,beat_bar
56691,11,64,20,44,4.0,beat_bar
56692,12,64,22,42,3.5,beat_bar
56693,8,44,14,30,3.75,beat_bar
56694,12,74,22,52,4.333333333333333,beat_bar
56695,11,66,20,46,4.181818181818182,beat_bar
56696,21,132,40,92,4.380952380952381,beat_bar
56795,12,72,22,50,4.166666666666667,beat_bar
56796,22,124,42,82,3.727272727272727,beat_bar
56797,18,104,34,70,3.888888888888889,beat_bar
56798,12,66,22,44,3.6666666666666665,beat_bar
56799,14,86,26,60,4.285714285714286,beat_bar
56800,12,70,22,48,4.0,beat_bar
56801,15,92,28,64,4.266666666666667,beat_bar
56802,13,78,24,54,4.153846153846154,beat_bar
56803,14,80,26,54,3.857142857142857,beat_bar
56804,19,114,36,78,4.105263157894737,beat_bar
56805,12,62,22,40,3.3333333333333335,beat_bar
56874,10,60,18,42,4.2,beat_bar
56888,15,92,28,64,4.266666666666667,beat_bar
56895,15,90,28,62,4.133333333333334,beat_bar
56929,19,114,36,78,4.105263157894737,beat_bar
57078,14,76,26,50,3.5714285714285716,beat_bar
57164,18,114,34,80,4.444444444444445,beat_bar
57175,15,90,28,62,4.133333333333334,beat_bar
57176,17,108,32,76,4.470588235294118,beat_bar
57177,12,68,22,46,3.8333333333333335,beat_bar
57178,15,90,28,62,4.133333333333334,beat_bar
57179,10,54,18,36,3.6,beat_bar
57180,14,76,26,50,3.5714285714285716,beat_bar
57271,10,54,18,36,3.6,beat_bar
57272,11,70,20,50,4.545454545454546,beat_bar
57273,8,46,14,32,4.0,beat_bar
57274,19,100,36,64,3.3684210526315788,beat_bar
57344,8,46,14,32,4.0,beat_bar
57360,11,60,20,40,3.6363636363636362,beat_bar
57371,13,82,24,58,4.461538461538462,beat_bar
57417,18,112,34,78,4.333333333333333,beat_bar
57418,15,80,28,52,3.466666666666667,beat_bar
57435,18,112,34,78,4.333333333333333,beat_bar
57437,18,112,34,78,4.333333333333333,beat_bar
57439,20,110,38,72,3.6,beat_bar
57440,17,94,32,62,3.6470588235294117,beat_bar
57442,15,92,28,64,4.266666666666667,beat_bar
57500,20,124,38,86,4.3,beat_bar
57540,13,74,24,50,3.8461538461538463,beat_bar
57569,16,98,30,68,4.25,beat_bar
57626,13,72,24,48,3.6923076923076925,beat_bar
57627,8,46,14,32,4.0,beat_bar
57628,15,92,28,64,4.266666666666667,beat_bar
57629,16,96,30,66,4.125,beat_bar
57630,9,50,16,34,3.7777777777777777,beat_bar
57639,13,74,24,50,3.8461538461538463,beat_bar
57640,14,82,26,56,4.0,beat_bar
57648,17,100,32,68,4.0,beat_bar
57658,18,108,34,74,4.111111111111111,beat_bar
57661,19,110,36,74,3.8947368421052633,beat_bar
57662,21,122,40,82,3.9047619047619047,beat_bar
57663,10,56,18,38,3.8,beat_bar
57665,12,64,22,42,3.5,beat_bar
57691,15,90,28,62,4.133333333333334,beat_bar
57697,18,104,34,70,3.888888888888889,beat_bar
57819,13,76,24,52,4.0,beat_bar
57820,6,30,10,20,3.3333333333333335,beat_bar
57821,23,130,44,86,3.739130434782609,beat_bar
57822,11,62,20,42,3.8181818181818183,beat_bar
57823,6,30,10,20,3.3333333333333335,beat_bar
57891,20,122,38,84,4.2,beat_bar
57892,22,144,42,102,4.636363636363637,beat_bar
57936,17,102,32,70,4.117647058823529,beat_bar
57937,11,62,20,42,3.8181818181818183,beat_bar
57938,12,74,22,52,4.333333333333333,beat_bar
57939,17,98,32,66,3.8823529411764706,beat_bar
57943,15,90,28,62,4.133333333333334,beat_bar
57968,15,84,28,56,3.7333333333333334,beat_bar
58052,17,98,32,66,3.8823529411764706,beat_bar
58053,15,90,28,62,4.133333333333334,beat_bar
58054,16,84,30,54,3.375,beat_bar
58060,13,78,24,54,4.153846153846154,beat_bar
58061,14,80,26,54,3.857142857142857,beat_bar
58063,15,86,28,58,3.8666666666666667,beat_bar
58068,11,66,20,46,4.181818181818182,beat_bar
58070,12,70,22,48,4.0,beat_bar
58115,15,86,28,58,3.8666666666666667,beat_bar
58116,16,94,30,64,4.0,beat_bar
58117,14,80,26,54,3.857142857142857,beat_bar
58135,19,112,36,76,4.0,beat_bar
58140,23,148,44,104,4.521739130434782,beat_bar
58161,13,76,24,52,4.0,beat_bar
58162,15,76,28,48,3.2,beat_bar
58164,12,74,22,52,4.333333333333333,beat_bar
58166,18,104,34,70,3.888888888888889,beat_bar
58169,13,76,24,52,4.0,beat_bar
58170,15,94,28,66,4.4,beat_bar
58173,15,88,28,60,4.0,beat_bar
58174,12,68,22,46,3.8333333333333335,beat_bar
58207,13,82,24,58,4.461538461538462,beat_bar
58212,12,72,22,50,4.166666666666667,beat_bar
58213,14,86,26,60,4.285714285714286,beat_bar
58215,12,70,22,48,4.0,beat_bar
58221,19,120,36,84,4.421052631578948,beat_bar
58225,18,116,34,82,4.555555555555555,beat_bar
58333,11,68,20,48,4.363636363636363,beat_bar
58334,11,66,20,46,4.181818181818182,beat_bar
58341,21,118,40,78,3.7142857142857144,beat_bar
58474,10,56,18,38,3.8,beat_bar
58539,12,68,22,46,3.8333333333333335,beat_bar
58540,14,94,26,68,4.857142857142857,beat_bar
58541,10,58,18,40,4.0,beat_bar
58542,16,90,30,60,3.75,beat_bar
58543,17,100,32,68,4.0,beat_bar
59078,9,54,16,38,4.222222222222222,beat_bar
59373,13,76,24,52,4.0,beat_bar
59374,15,88,28,60,4.0,beat_bar
59443,17,106,32,74,4.352941176470588,beat_bar
59445,18,102,34,68,3.7777777777777777,beat_bar
59446,12,72,22,50,4.166666666666667,beat_bar
59448,16,94,30,64,4.0,beat_bar
59449,20,122,38,84,4.2,beat_bar
59451,16,96,30,66,4.125,beat_bar
59454,10,60,18,42,4.2,beat_bar
59561,12,68,22,46,3.8333333333333335,beat_bar
59562,18,104,34,70,3.888888888888889,beat_bar
59581,15,82,28,54,3.6,beat_bar
59653,13,78,24,54,4.153846153846154,beat_bar
59654,15,84,28,56,3.7333333333333334,beat_bar
59656,16,94,30,64,4.0,beat_bar
59657,20,134,38,96,4.8,beat_bar
59658,14,82,26,56,4.0,beat_bar
59659,14,82,26,56,4.0,beat_bar
59660,17,100,32,68,4.0,beat_bar
59663,18,122,34,88,4.888888888888889,beat_bar
59664,11,68,20,48,4.363636363636363,beat_bar
59666,18,108,34,74,4.111111111111111,beat_bar
59667,18,114,34,80,4.444444444444445,beat_bar
59669,13,72,24,48,3.6923076923076925,beat_bar
59671,16,98,30,68,4.25,beat_bar
59673,17,102,32,70,4.117647058823529,beat_bar
59675,14,86,26,60,4.285714285714286,beat_bar
59676,15,86,28,58,3.8666666666666667,beat_bar
59677,17,106,32,74,4.352941176470588,beat_bar
59678,12,74,22,52,4.333333333333333,beat_bar
59679,16,98,30,68,4.25,beat_bar
59680,23,146,44,102,4.434782608695652,beat_bar
59681,15,86,28,58,3.8666666666666667,beat_bar
59682,21,134,40,94,4.476190476190476,beat_bar
59683,12,78,22,56,4.666666666666667,beat_bar
59684,12,68,22,46,3.8333333333333335,beat_bar
59685,24,148,46,102,4.25,beat_bar
59686,13,80,24,56,4.3076923076923075,beat_bar
59687,18,106,34,72,4.0,beat_bar
59688,24,154,46,108,4.5,beat_bar
59695,17,108,32,76,4.470588235294118,beat_bar
59702,12,70,22,48,4.0,beat_bar
59706,14,80,26,54,3.857142857142857,beat_bar
59707,11,62,20,42,3.8181818181818183,beat_bar
59708,20,122,38,84,4.2,beat_bar
59709,18,110,34,76,4.222222222222222,beat_bar
59710,16,96,30,66,4.125,beat_bar
59711,16,104,30,74,4.625,beat_bar
59718,19,112,36,76,4.0,beat_bar
59719,13,76,24,52,4.0,beat_bar
59720,16,98,30,68,4.25,beat_bar
59721,18,108,34,74,4.111111111111111,beat_bar
59723,18,110,34,76,4.222222222222222,beat_bar
59724,16,98,30,68,4.25,beat_bar
59725,12,68,22,46,3.8333333333333335,beat_bar
59726,18,100,34,66,3.6666666666666665,beat_bar
59727,12,78,22,56,4.666666666666667,beat_bar
59823,13,76,24,52,4.0,beat_bar
59876,21,122,40,82,3.9047619047619047,beat_bar
59930,8,42,14,28,3.5,beat_bar
60037,19,106,36,70,3.6842105263157894,beat_bar
60038,7,36,12,24,3.4285714285714284,beat_bar
60041,21,118,40,78,3.7142857142857144,beat_bar
60042,15,90,28,62,4.133333333333334,beat_bar
60045,20,132,38,94,4.7,beat_bar
60048,10,54,18,36,3.6,beat_bar
60074,20,122,38,84,4.2,beat_bar
60143,10,62,18,44,4.4,fixed_fallback
60144,17,108,32,76,4.470588235294118,beat_bar
60145,23,142,44,98,4.260869565217392,beat_bar
60146,14,82,26,56,4.0,beat_bar
60170,13,78,24,54,4.153846153846154,beat_bar
60317,10,60,18,42,4.2,fixed_fallback
60331,10,58,18,40,4.0,fixed_fallback
60472,12,72,22,50,4.166666666666667,beat_bar
60474,10,58,18,40,4.0,beat_bar
60476,13,78,24,54,4.153846153846154,beat_bar
60477,11,62,20,42,3.8181818181818183,beat_bar
60478,12,70,22,48,4.0,beat_bar
60510,11,62,20,42,3.8181818181818183,beat_bar
60533,16,100,30,70,4.375,beat_bar
60534,12,66,22,44,3.6666666666666665,beat_bar
60535,15,96,28,68,4.533333333333333,beat_bar
60536,12,72,22,50,4.166666666666667,beat_bar
60537,15,96,28,68,4.533333333333333,beat_bar
60544,23,138,44,94,4.086956521739131,beat_bar
60547,15,94,28,66,4.4,beat_bar
60548,17,106,32,74,4.352941176470588,beat_bar
60549,15,92,28,64,4.266666666666667,beat_bar
60736,19,120,36,84,4.421052631578948,beat_bar
60753,8,44,14,30,3.75,beat_bar
60754,11,70,20,50,4.545454545454546,beat_bar
60755,9,50,16,34,3.7777777777777777,beat_bar
60756,11,62,20,42,3.8181818181818183,beat_bar
60757,23,144,44,100,4.3478260869565215,beat_bar
60758,12,72,22,50,4.166666666666667,beat_bar
60775,11,62,20,42,3.8181818181818183,beat_bar
60776,15,92,28,64,4.266666666666667,beat_bar
60777,8,46,14,32,4.0,beat_bar
60857,15,84,28,56,3.7333333333333334,beat_bar
60864,21,128,40,88,4.190476190476191,beat_bar
60865,18,108,34,74,4.111111111111111,beat_bar
60871,11,66,20,46,4.181818181818182,beat_bar
60872,20,112,38,74,3.7,beat_bar
60873,14,82,26,56,4.0,beat_bar
60874,10,54,18,36,3.6,fixed_fallback
60875,18,112,34,78,4.333333333333333,beat_bar
60994,16,102,30,72,4.5,beat_bar
61006,14,92,26,66,4.714285714285714,beat_bar
61007,24,146,46,100,4.166666666666667,beat_bar
61008,12,72,22,50,4.166666666666667,beat_bar
61010,12,66,22,44,3.6666666666666665,beat_bar
61011,8,44,14,30,3.75,beat_bar
61012,12,62,22,40,3.3333333333333335,beat_bar
61013,10,54,18,36,3.6,beat_bar
61159,20,122,38,84,4.2,beat_bar
61160,12,72,22,50,4.166666666666667,beat_bar
61161,17,100,32,68,4.0,beat_bar
61172,11,68,20,48,4.363636363636363,beat_bar
61174,12,70,22,48,4.0,beat_bar
61175,22,146,42,104,4.7272727272727275,beat_bar
61452,18,108,34,74,4.111111111111111,beat_bar
61453,13,78,24,54,4.153846153846154,beat_bar
61491,17,112,32,80,4.705882352941177,beat_bar
61492,14,80,26,54,3.857142857142857,beat_bar
61493,13,80,24,56,4.3076923076923075,beat_bar
61587,18,110,34,76,4.222222222222222,beat_bar
61589,15,92,28,64,4.266666666666667,beat_bar
61591,17,108,32,76,4.470588235294118,beat_bar
61592,19,120,36,84,4.421052631578948,beat_bar
61668,11,60,20,40,3.6363636363636362,beat_bar
61670,14,80,26,54,3.857142857142857,beat_bar
61679,18,110,34,76,4.222222222222222,beat_bar
61734,15,94,28,66,4.4,beat_bar
61736,15,92,28,64,4.266666666666667,beat_bar
61742,13,82,24,58,4.461538461538462,beat_bar
61814,15,92,28,64,4.266666666666667,beat_bar
61820,13,76,24,52,4.0,beat_bar
61821,14,88,26,62,4.428571428571429,beat_bar
61884,17,100,32,68,4.0,beat_bar
62001,15,82,28,54,3.6,beat_bar
62003,9,50,16,34,3.7777777777777777,beat_bar
62005,16,98,30,68,4.25,beat_bar
62007,20,134,38,96,4.8,beat_bar
62163,14,82,26,56,4.0,beat_bar
62164,16,94,30,64,4.0,beat_bar
62165,19,116,36,80,4.2105263157894735,beat_bar
62180,15,86,28,58,3.8666666666666667,beat_bar
62183,8,46,14,32,4.0,beat_bar
62184,15,88,28,60,4.0,beat_bar
62185,19,110,36,74,3.8947368421052633,beat_bar
62186,20,120,38,82,4.1,beat_bar
62187,16,98,30,68,4.25,beat_bar
62188,17,96,32,64,3.764705882352941,beat_bar
62189,16,84,30,54,3.375,beat_bar
62190,12,70,22,48,4.0,beat_bar
62191,16,100,30,70,4.375,beat_bar
62192,18,104,34,70,3.888888888888889,beat_bar
62193,18,112,34,78,4.333333333333333,beat_bar
62194,19,112,36,76,4.0,beat_bar
62195,15,94,28,66,4.4,beat_bar
62196,18,108,34,74,4.111111111111111,beat_bar
62337,15,88,28,60,4.0,beat_bar
62426,9,52,16,36,4.0,beat_bar
62436,13,74,24,50,3.8461538461538463,beat_bar
62445,13,74,24,50,3.8461538461538463,beat_bar
62446,15,86,28,58,3.8666666666666667,beat_bar
62448,12,72,22,50,4.166666666666667,beat_bar
62449,9,52,16,36,4.0,beat_bar
62450,19,114,36,78,4.105263157894737,beat_bar
62452,10,60,18,42,4.2,beat_bar
62458,11,66,20,46,4.181818181818182,beat_bar
62525,15,86,28,58,3.8666666666666667,beat_bar
62526,17,104,32,72,4.235294117647059,beat_bar
62527,18,112,34,78,4.333333333333333,beat_bar
62528,17,98,32,66,3.8823529411764706,beat_bar
62529,22,122,42,80,3.6363636363636362,beat_bar
62531,21,130,40,90,4.285714285714286,beat_bar
62532,21,124,40,84,4.0,beat_bar
62533,22,130,42,88,4.0,beat_bar
62534,14,82,26,56,4.0,beat_bar
62586,16,96,30,66,4.125,beat_bar
62589,14,86,26,60,4.285714285714286,beat_bar
62591,14,86,26,60,4.285714285714286,beat_bar
62592,14,84,26,58,4.142857142857143,beat_bar
62594,18,112,34,78,4.333333333333333,beat_bar
62595,19,122,36,86,4.526315789473684,beat_bar
62596,10,60,18,42,4.2,beat_bar
62655,21,116,40,76,3.619047619047619,beat_bar
62671,11,68,20,48,4.363636363636363,beat_bar
62742,6,30,10,20,3.3333333333333335,beat_bar
62748,15,92,28,64,4.266666666666667,beat_bar
62749,7,38,12,26,3.7142857142857144,beat_bar
62750,13,78,24,54,4.153846153846154,beat_bar
62751,14,80,26,54,3.857142857142857,beat_bar
62753,7,38,12,26,3.7142857142857144,beat_bar
63043,10,60,18,42,4.2,beat_bar
63044,13,80,24,56,4.3076923076923075,beat_bar
63045,11,64,20,44,4.0,beat_bar
63064,11,68,20,48,4.363636363636363,beat_bar
63065,14,78,26,52,3.7142857142857144,beat_bar
63117,12,72,22,50,4.166666666666667,beat_bar
63149,12,68,22,46,3.8333333333333335,beat_bar
63159,12,66,22,44,3.6666666666666665,beat_bar
63161,11,70,20,50,4.545454545454546,beat_bar
63191,14,88,26,62,4.428571428571429,beat_bar
63208,17,96,32,64,3.764705882352941,beat_bar
63224,14,84,26,58,4.142857142857143,beat_bar
63226,13,78,24,54,4.153846153846154,beat_bar
63250,10,58,18,40,4.0,beat_bar
63251,11,66,20,46,4.181818181818182,beat_bar
63252,13,72,24,48,3.6923076923076925,beat_bar
63253,9,50,16,34,3.7777777777777777,beat_bar
63255,12,70,22,48,4.0,beat_bar
63257,10,54,18,36,3.6,beat_bar
63258,8,48,14,34,4.25,beat_bar
63287,23,146,44,102,4.434782608695652,beat_bar
63289,21,132,40,92,4.380952380952381,beat_bar
63290,13,78,24,54,4.153846153846154,beat_bar
63291,23,132,44,88,3.8260869565217392,beat_bar
63292,16,100,30,70,4.375,beat_bar
63456,14,88,26,62,4.428571428571429,beat_bar
63457,12,72,22,50,4.166666666666667,beat_bar
63470,15,92,28,64,4.266666666666667,beat_bar
63471,10,56,18,38,3.8,beat_bar
63472,7,38,12,26,3.7142857142857144,beat_bar
63626,13,84,24,60,4.615384615384615,beat_bar
63655,15,86,28,58,3.8666666666666667,beat_bar
63733,11,62,20,42,3.8181818181818183,beat_bar
63747,11,56,20,36,3.272727272727273,beat_bar
63755,18,112,34,78,4.333333333333333,beat_bar
63757,21,128,40,88,4.190476190476191,beat_bar
63770,15,88,28,60,4.0,beat_bar
63789,16,84,30,54,3.375,beat_bar
63803,12,78,22,56,4.666666666666667,beat_bar
63804,11,66,20,46,4.181818181818182,beat_bar
63805,12,66,22,44,3.6666666666666665,beat_bar
63874,11,64,20,44,4.0,beat_bar
63900,8,42,14,28,3.5,beat_bar
63908,22,138,42,96,4.363636363636363,beat_bar
63922,13,76,24,52,4.0,beat_bar
63936,15,88,28,60,4.0,beat_bar
63999,14,86,26,60,4.285714285714286,beat_bar
64005,19,114,36,78,4.105263157894737,beat_bar
64006,16,92,30,62,3.875,beat_bar
64007,13,72,24,48,3.6923076923076925,beat_bar
64008,14,84,26,58,4.142857142857143,beat_bar
64009,18,116,34,82,4.555555555555555,beat_bar
64035,12,66,22,44,3.6666666666666665,beat_bar
64078,14,88,26,62,4.428571428571429,beat_bar
64079,13,72,24,48,3.6923076923076925,beat_bar
64091,17,104,32,72,4.235294117647059,beat_bar
64093,16,92,30,62,3.875,beat_bar
64247,15,88,28,60,4.0,beat_bar
64248,12,70,22,48,4.0,beat_bar
64249,16,96,30,66,4.125,beat_bar
64252,11,64,20,44,4.0,beat_bar
64253,15,92,28,64,4.266666666666667,beat_bar
64331,15,86,28,58,3.8666666666666667,beat_bar
64332,14,78,26,52,3.7142857142857144,beat_bar
64333,15,92,28,64,4.266666666666667,beat_bar
64334,15,92,28,64,4.266666666666667,beat_bar
64338,12,68,22,46,3.8333333333333335,beat_bar
64364,15,92,28,64,4.266666666666667,beat_bar
64365,20,122,38,84,4.2,beat_bar
64366,13,76,24,52,4.0,beat_bar
64407,17,106,32,74,4.352941176470588,beat_bar
64408,17,98,32,66,3.8823529411764706,beat_bar
64409,17,104,32,72,4.235294117647059,beat_bar
64410,17,104,32,72,4.235294117647059,beat_bar
64515,12,72,22,50,4.166666666666667,beat_bar
64516,23,146,44,102,4.434782608695652,beat_bar
64517,24,156,46,110,4.583333333333333,beat_bar
64519,23,134,44,90,3.9130434782608696,beat_bar
64520,13,72,24,48,3.6923076923076925,beat_bar
64521,12,72,22,50,4.166666666666667,beat_bar
64522,12,68,22,46,3.8333333333333335,beat_bar
64523,12,72,22,50,4.166666666666667,beat_bar
64535,8,44,14,30,3.75,beat_bar
64536,20,116,38,78,3.9,beat_bar
64537,12,66,22,44,3.6666666666666665,beat_bar
64538,11,70,20,50,4.545454545454546,beat_bar
64542,17,100,32,68,4.0,beat_bar
64553,16,96,30,66,4.125,beat_bar
64556,21,126,40,86,4.095238095238095,beat_bar
64567,21,124,40,84,4.0,beat_bar
64590,12,72,22,50,4.166666666666667,beat_bar
64591,20,130,38,92,4.6,beat_bar
64592,14,84,26,58,4.142857142857143,beat_bar
64593,20,124,38,86,4.3,beat_bar
64594,12,66,22,44,3.6666666666666665,beat_bar
64601,13,82,24,58,4.461538461538462,beat_bar
64604,12,68,22,46,3.8333333333333335,beat_bar
64618,14,82,26,56,4.0,beat_bar
64625,12,64,22,42,3.5,beat_bar
64626,11,66,20,46,4.181818181818182,beat_bar
64627,12,70,22,48,4.0,beat_bar
64628,11,58,20,38,3.4545454545454546,beat_bar
64629,11,64,20,44,4.0,beat_bar
64630,11,64,20,44,4.0,beat_bar
64631,24,138,46,92,3.8333333333333335,beat_bar
64659,17,102,32,70,4.117647058823529,beat_bar
64787,16,96,30,66,4.125,beat_bar
64788,13,80,24,56,4.3076923076923075,beat_bar
64789,10,52,18,34,3.4,beat_bar
64796,11,62,20,42,3.8181818181818183,beat_bar
64809,15,90,28,62,4.133333333333334,beat_bar
64834,16,98,30,68,4.25,beat_bar
64840,16,92,30,62,3.875,beat_bar
64841,17,104,32,72,4.235294117647059,beat_bar
64854,15,92,28,64,4.266666666666667,beat_bar
64855,12,72,22,50,4.166666666666667,beat_bar
64856,15,80,28,52,3.466666666666667,beat_bar
64857,16,100,30,70,4.375,beat_bar
64858,11,64,20,44,4.0,beat_bar
64859,13,76,24,52,4.0,beat_bar
64860,15,90,28,62,4.133333333333334,beat_bar
64861,8,46,14,32,4.0,beat_bar
64862,13,78,24,54,4.153846153846154,beat_bar
64863,15,90,28,62,4.133333333333334,beat_bar
64864,16,92,30,62,3.875,beat_bar
64865,11,64,20,44,4.0,beat_bar
64866,23,126,44,82,3.5652173913043477,beat_bar
64893,12,72,22,50,4.166666666666667,beat_bar
64895,18,106,34,72,4.0,beat_bar
64896,21,138,40,98,4.666666666666667,beat_bar
64918,21,128,40,88,4.190476190476191,beat_bar
64919,10,54,18,36,3.6,beat_bar
64988,12,66,22,44,3.6666666666666665,beat_bar
64989,10,64,18,46,4.6,beat_bar
64990,13,70,24,46,3.5384615384615383,beat_bar
64991,12,64,22,42,3.5,beat_bar
64992,13,76,24,52,4.0,beat_bar
64993,11,68,20,48,4.363636363636363,beat_bar
64994,10,54,18,36,3.6,fixed_fallback
64995,19,110,36,74,3.8947368421052633,beat_bar
65037,13,72,24,48,3.6923076923076925,beat_bar
65038,8,46,14,32,4.0,beat_bar
65039,15,88,28,60,4.0,beat_bar
65040,12,70,22,48,4.0,beat_bar
65063,8,44,14,30,3.75,beat_bar
65064,15,80,28,52,3.466666666666667,beat_bar
65073,9,50,16,34,3.7777777777777777,beat_bar
65076,17,94,32,62,3.6470588235294117,beat_bar
65077,15,92,28,64,4.266666666666667,beat_bar
65090,15,90,28,62,4.133333333333334,beat_bar
65234,16,90,30,60,3.75,beat_bar
65265,10,62,18,44,4.4,fixed_fallback
65488,13,78,24,54,4.153846153846154,beat_bar
65619,7,38,12,26,3.7142857142857144,beat_bar
65683,9,52,16,36,4.0,beat_bar
65685,10,56,18,38,3.8,beat_bar
65745,11,68,20,48,4.363636363636363,beat_bar
65752,12,70,22,48,4.0,beat_bar
65755,17,106,32,74,4.352941176470588,beat_bar
65756,14,80,26,54,3.857142857142857,beat_bar
65777,11,72,20,52,4.7272727272727275,beat_bar
65779,10,60,18,42,4.2,beat_bar
65780,11,66,20,46,4.181818181818182,beat_bar
65893,11,64,20,44,4.0,beat_bar
66058,17,104,32,72,4.235294117647059,beat_bar
66073,19,112,36,76,4.0,beat_bar
66074,20,132,38,94,4.7,beat_bar
66075,17,102,32,70,4.117647058823529,beat_bar
66076,18,104,34,70,3.888888888888889,beat_bar
66180,14,90,26,64,4.571428571428571,beat_bar
66187,18,102,34,68,3.7777777777777777,beat_bar
66390,15,84,28,56,3.7333333333333334,beat_bar
66394,19,120,36,84,4.421052631578948,beat_bar
66405,10,58,18,40,4.0,beat_bar
66469,15,88,28,60,4.0,beat_bar
66482,10,60,18,42,4.2,fixed_fallback
66483,10,58,18,40,4.0,fixed_fallback
66525,15,84,28,56,3.7333333333333334,beat_bar
66534,12,68,22,46,3.8333333333333335,beat_bar
66535,17,104,32,72,4.235294117647059,beat_bar
66536,11,62,20,42,3.8181818181818183,beat_bar
66537,12,64,22,42,3.5,beat_bar
66538,23,148,44,104,4.521739130434782,beat_bar
66539,14,84,26,58,4.142857142857143,beat_bar
66636,14,90,26,64,4.571428571428571,beat_bar
66637,15,82,28,54,3.6,beat_bar
66638,12,74,22,52,4.333333333333333,beat_bar
66641,14,78,26,52,3.7142857142857144,beat_bar
66643,20,126,38,88,4.4,beat_bar
66644,19,116,36,80,4.2105263157894735,beat_bar
66646,9,50,16,34,3.7777777777777777,beat_bar
66648,15,84,28,56,3.7333333333333334,beat_bar
66649,19,122,36,86,4.526315789473684,beat_bar
66650,15,90,28,62,4.133333333333334,beat_bar
66689,14,74,26,48,3.4285714285714284,beat_bar
66690,10,56,18,38,3.8,beat_bar
66717,10,60,18,42,4.2,beat_bar
66757,15,90,28,62,4.133333333333334,beat_bar
66782,16,100,30,70,4.375,beat_bar
66783,15,86,28,58,3.8666666666666667,beat_bar
67007,13,74,24,50,3.8461538461538463,beat_bar
67010,14,92,26,66,4.714285714285714,beat_bar
67011,23,142,44,98,4.260869565217392,beat_bar
67016,10,60,18,42,4.2,fixed_fallback
67017,12,68,22,46,3.8333333333333335,beat_bar
67121,18,112,34,78,4.333333333333333,beat_bar
67163,10,60,18,42,4.2,beat_bar
67232,11,68,20,48,4.363636363636363,beat_bar
67233,22,134,42,92,4.181818181818182,beat_bar
67235,11,64,20,44,4.0,beat_bar
67237,16,94,30,64,4.0,beat_bar
67308,10,56,18,38,3.8,beat_bar
67330,16,96,30,66,4.125,beat_bar
67331,10,56,18,38,3.8,beat_bar
67332,19,114,36,78,4.105263157894737,beat_bar
67333,10,60,18,42,4.2,beat_bar
67334,16,90,30,60,3.75,beat_bar
67336,15,90,28,62,4.133333333333334,beat_bar
67357,14,82,26,56,4.0,beat_bar
67358,11,66,20,46,4.181818181818182,beat_bar
67359,14,88,26,62,4.428571428571429,beat_bar
67360,15,90,28,62,4.133333333333334,beat_bar
67361,15,92,28,64,4.266666666666667,beat_bar
67362,19,108,36,72,3.789473684210526,beat_bar
67363,20,124,38,86,4.3,beat_bar
67364,12,70,22,48,4.0,beat_bar
67365,20,124,38,86,4.3,beat_bar
67366,14,84,26,58,4.142857142857143,beat_bar
67367,9,54,16,38,4.222222222222222,beat_bar
67368,11,60,20,40,3.6363636363636362,beat_bar
67412,12,60,22,38,3.1666666666666665,beat_bar
67457,7,38,12,26,3.7142857142857144,beat_bar
67470,18,98,34,64,3.5555555555555554,beat_bar
67500,15,84,28,56,3.7333333333333334,beat_bar
67553,12,70,22,48,4.0,beat_bar
67556,16,92,30,62,3.875,beat_bar
67557,17,102,32,70,4.117647058823529,beat_bar
67558,9,52,16,36,4.0,beat_bar
67597,12,70,22,48,4.0,beat_bar
67598,17,96,32,64,3.764705882352941,beat_bar
67600,17,106,32,74,4.352941176470588,beat_bar
67637,12,68,22,46,3.8333333333333335,beat_bar
67638,17,102,32,70,4.117647058823529,beat_bar
67639,19,104,36,68,3.5789473684210527,beat_bar
67640,19,116,36,80,4.2105263157894735,beat_bar
67660,11,64,20,44,4.0,beat_bar
67661,11,58,20,38,3.4545454545454546,beat_bar
67673,14,80,26,54,3.857142857142857,beat_bar
67707,19,104,36,68,3.5789473684210527,beat_bar
67760,18,104,34,70,3.888888888888889,beat_bar
67763,19,112,36,76,4.0,beat_bar
67764,15,92,28,64,4.266666666666667,beat_bar
67765,12,72,22,50,4.166666666666667,beat_bar
67766,17,102,32,70,4.117647058823529,beat_bar
67784,21,138,40,98,4.666666666666667,beat_bar
67793,10,60,18,42,4.2,beat_bar
67829,10,56,18,38,3.8,beat_bar
68353,16,102,30,72,4.5,beat_bar
68354,15,88,28,60,4.0,beat_bar
68355,14,82,26,56,4.0,beat_bar
68356,17,106,32,74,4.352941176470588,beat_bar
68404,11,64,20,44,4.0,beat_bar
68407,19,124,36,88,4.631578947368421,beat_bar
68410,10,56,18,38,3.8,beat_bar
68444,14,80,26,54,3.857142857142857,beat_bar
68531,11,64,20,44,4.0,beat_bar
68536,14,88,26,62,4.428571428571429,beat_bar
68537,11,62,20,42,3.8181818181818183,beat_bar
68538,14,84,26,58,4.142857142857143,beat_bar
68539,15,92,28,64,4.266666666666667,beat_bar
68540,16,106,30,76,4.75,beat_bar
68541,14,80,26,54,3.857142857142857,beat_bar
68543,14,86,26,60,4.285714285714286,beat_bar
68549,18,112,34,78,4.333333333333333,beat_bar
68551,15,94,28,66,4.4,beat_bar
68573,18,116,34,82,4.555555555555555,beat_bar
68579,13,82,24,58,4.461538461538462,beat_bar
68582,20,118,38,80,4.0,beat_bar
68587,15,84,28,56,3.7333333333333334,beat_bar
68592,12,74,22,52,4.333333333333333,beat_bar
68600,11,66,20,46,4.181818181818182,beat_bar
68601,11,66,20,46,4.181818181818182,beat_bar
68680,15,86,28,58,3.8666666666666667,beat_bar
68682,13,78,24,54,4.153846153846154,beat_bar
68683,14,86,26,60,4.285714285714286,beat_bar
68820,9,52,16,36,4.0,beat_bar
68821,17,92,32,60,3.5294117647058822,beat_bar
68837,20,122,38,84,4.2,beat_bar
68838,14,86,26,60,4.285714285714286,beat_bar
68839,23,130,44,86,3.739130434782609,beat_bar
68840,12,74,22,52,4.333333333333333,beat_bar
68841,13,74,24,50,3.8461538461538463,beat_bar
68842,13,70,24,46,3.5384615384615383,beat_bar
68843,14,82,26,56,4.0,beat_bar
68844,20,118,38,80,4.0,beat_bar
68851,19,112,36,76,4.0,beat_bar
68852,13,70,24,46,3.5384615384615383,beat_bar
68853,15,82,28,54,3.6,beat_bar
68854,13,74,24,50,3.8461538461538463,beat_bar
68860,22,124,42,82,3.727272727272727,beat_bar
68861,15,88,28,60,4.0,beat_bar
68862,13,82,24,58,4.461538461538462,beat_bar
68869,12,74,22,52,4.333333333333333,beat_bar
68872,17,106,32,74,4.352941176470588,beat_bar
68875,14,86,26,60,4.285714285714286,beat_bar
68891,12,82,22,60,5.0,beat_bar
68892,13,76,24,52,4.0,beat_bar
68893,12,66,22,44,3.6666666666666665,beat_bar
68894,10,60,18,42,4.2,fixed_fallback
68895,24,152,46,106,4.416666666666667,beat_bar
68896,13,74,24,50,3.8461538461538463,beat_bar
68897,11,60,20,40,3.6363636363636362,beat_bar
68898,8,46,14,32,4.0,beat_bar
68899,21,118,40,78,3.7142857142857144,beat_bar
68909,12,72,22,50,4.166666666666667,beat_bar
69001,12,68,22,46,3.8333333333333335,beat_bar
69002,16,92,30,62,3.875,beat_bar
69170,14,90,26,64,4.571428571428571,beat_bar
69181,15,84,28,56,3.7333333333333334,beat_bar
69182,9,48,16,32,3.5555555555555554,beat_bar
69188,15,84,28,56,3.7333333333333334,beat_bar
69193,14,76,26,50,3.5714285714285716,beat_bar
69194,16,90,30,60,3.75,beat_bar
69195,16,92,30,62,3.875,beat_bar
69196,9,52,16,36,4.0,beat_bar
69197,11,64,20,44,4.0,beat_bar
69198,16,84,30,54,3.375,beat_bar
69199,17,104,32,72,4.235294117647059,beat_bar
69200,11,66,20,46,4.181818181818182,beat_bar
69201,16,100,30,70,4.375,beat_bar
69202,17,100,32,68,4.0,beat_bar
69203,12,74,22,52,4.333333333333333,beat_bar
69204,17,102,32,70,4.117647058823529,beat_bar
69205,16,98,30,68,4.25,beat_bar
69206,22,134,42,92,4.181818181818182,beat_bar
69207,16,104,30,74,4.625,beat_bar
69208,20,118,38,80,4.0,beat_bar
69209,10,58,18,40,4.0,fixed_fallback
69210,16,92,30,62,3.875,beat_bar
69211,17,104,32,72,4.235294117647059,beat_bar
69221,10,60,18,42,4.2,fixed_fallback
69222,13,74,24,50,3.8461538461538463,beat_bar
69223,12,66,22,44,3.6666666666666665,beat_bar
69303,16,94,30,64,4.0,beat_bar
69554,19,114,36,78,4.105263157894737,beat_bar
69555,21,126,40,86,4.095238095238095,beat_bar
69561,11,64,20,44,4.0,beat_bar
69563,11,56,20,36,3.272727272727273,beat_bar
69564,11,58,20,38,3.4545454545454546,beat_bar
69567,11,64,20,44,4.0,beat_bar
69682,14,82,26,56,4.0,beat_bar
69723,11,68,20,48,4.363636363636363,beat_bar
69726,11,68,20,48,4.363636363636363,beat_bar
69727,12,70,22,48,4.0,beat_bar
69732,13,74,24,50,3.8461538461538463,beat_bar
69744,17,104,32,72,4.235294117647059,beat_bar
69745,10,60,18,42,4.2,fixed_fallback
69746,14,84,26,58,4.142857142857143,beat_bar
69747,16,92,30,62,3.875,beat_bar
69761,12,70,22,48,4.0,beat_bar
69762,15,92,28,64,4.266666666666667,beat_bar
69763,15,96,28,68,4.533333333333333,beat_bar
69764,14,78,26,52,3.7142857142857144,beat_bar
69765,15,92,28,64,4.266666666666667,beat_bar
69766,15,88,28,60,4.0,beat_bar
69767,12,74,22,52,4.333333333333333,beat_bar
69768,17,104,32,72,4.235294117647059,beat_bar
69781,19,116,36,80,4.2105263157894735,beat_bar
69784,10,56,18,38,3.8,beat_bar
69785,17,94,32,62,3.6470588235294117,beat_bar
69787,17,102,32,70,4.117647058823529,beat_bar
69788,18,114,34,80,4.444444444444445,beat_bar
69789,18,114,34,80,4.444444444444445,beat_bar
69791,7,34,12,22,3.142857142857143,beat_bar
69792,11,62,20,42,3.8181818181818183,beat_bar
69793,15,88,28,60,4.0,beat_bar
69798,11,64,20,44,4.0,beat_bar
69822,18,112,34,78,4.333333333333333,beat_bar
69823,11,58,20,38,3.4545454545454546,beat_bar
69824,13,74,24,50,3.8461538461538463,beat_bar
69825,23,150,44,106,4.608695652173913,beat_bar
69826,13,74,24,50,3.8461538461538463,beat_bar
69827,12,66,22,44,3.6666666666666665,beat_bar
69828,13,80,24,56,4.3076923076923075,beat_bar
69830,11,68,20,48,4.363636363636363,beat_bar
69833,22,126,42,84,3.8181818181818183,beat_bar
69904,14,84,26,58,4.142857142857143,beat_bar
69947,19,112,36,76,4.0,beat_bar
69949,18,116,34,82,4.555555555555555,beat_bar
69985,10,54,18,36,3.6,beat_bar
70002,19,120,36,84,4.421052631578948,beat_bar
70005,14,82,26,56,4.0,beat_bar
70174,13,80,24,56,4.3076923076923075,beat_bar
70206,11,64,20,44,4.0,beat_bar
70207,11,66,20,46,4.181818181818182,beat_bar
70208,11,60,20,40,3.6363636363636362,beat_bar
70299,11,66,20,46,4.181818181818182,beat_bar
70300,20,116,38,78,3.9,beat_bar
70301,10,64,18,46,4.6,fixed_fallback
70302,12,66,22,44,3.6666666666666665,beat_bar
70303,18,106,34,72,4.0,beat_bar
70402,11,66,20,46,4.181818181818182,beat_bar
70403,20,124,38,86,4.3,beat_bar
70409,17,102,32,70,4.117647058823529,beat_bar
70423,16,92,30,62,3.875,beat_bar
70424,18,110,34,76,4.222222222222222,beat_bar
70425,18,110,34,76,4.222222222222222,beat_bar
70426,16,90,30,60,3.75,beat_bar
70654,11,62,20,42,3.8181818181818183,beat_bar
70655,9,46,16,30,3.3333333333333335,beat_bar
70657,12,62,22,40,3.3333333333333335,beat_bar
70660,15,92,28,64,4.266666666666667,beat_bar
70768,13,78,24,54,4.153846153846154,beat_bar
70770,14,82,26,56,4.0,beat_bar
70772,15,80,28,52,3.466666666666667,beat_bar
70773,17,98,32,66,3.8823529411764706,beat_bar
70774,7,38,12,26,3.7142857142857144,beat_bar
70775,10,54,18,36,3.6,beat_bar
70813,16,96,30,66,4.125,beat_bar
70873,15,86,28,58,3.8666666666666667,beat_bar
70875,19,110,36,74,3.8947368421052633,beat_bar
70878,10,58,18,40,4.0,fixed_fallback
70879,14,78,26,52,3.7142857142857144,beat_bar
71096,9,52,16,36,4.0,beat_bar
71133,19,110,36,74,3.8947368421052633,beat_bar
71157,12,74,22,52,4.333333333333333,beat_bar
71158,11,60,20,40,3.6363636363636362,beat_bar
71172,8,46,14,32,4.0,beat_bar
71173,11,64,20,44,4.0,beat_bar
71174,12,66,22,44,3.6666666666666665,beat_bar
71175,10,64,18,46,4.6,beat_bar
71216,21,116,40,76,3.619047619047619,beat_bar
71225,11,70,20,50,4.545454545454546,beat_bar
71228,12,72,22,50,4.166666666666667,beat_bar
71230,11,68,20,48,4.363636363636363,beat_bar
71231,11,68,20,48,4.363636363636363,beat_bar
71240,18,114,34,80,4.444444444444445,beat_bar
71241,11,66,20,46,4.181818181818182,beat_bar
71242,21,130,40,90,4.285714285714286,beat_bar
71243,14,82,26,56,4.0,beat_bar
71244,11,66,20,46,4.181818181818182,beat_bar
71245,17,100,32,68,4.0,beat_bar
71246,23,132,44,88,3.8260869565217392,beat_bar
71247,19,108,36,72,3.789473684210526,beat_bar
71248,19,120,36,84,4.421052631578948,beat_bar
71249,20,120,38,82,4.1,beat_bar
71250,13,82,24,58,4.461538461538462,beat_bar
71251,16,94,30,64,4.0,beat_bar
71252,12,66,22,44,3.6666666666666665,beat_bar
71253,16,98,30,68,4.25,beat_bar
71254,20,118,38,80,4.0,beat_bar
71255,11,64,20,44,4.0,beat_bar
71276,13,78,24,54,4.153846153846154,beat_bar
71303,11,66,20,46,4.181818181818182,beat_bar
71304,14,84,26,58,4.142857142857143,beat_bar
71371,18,106,34,72,4.0,beat_bar
71372,17,106,32,74,4.352941176470588,beat_bar
71420,9,48,16,32,3.5555555555555554,beat_bar
71503,15,90,28,62,4.133333333333334,beat_bar
71506,18,94,34,60,3.3333333333333335,beat_bar
71507,21,126,40,86,4.095238095238095,beat_bar
71508,13,84,24,60,4.615384615384615,beat_bar
71509,17,106,32,74,4.352941176470588,beat_bar
71510,17,98,32,66,3.8823529411764706,beat_bar
71511,11,62,20,42,3.8181818181818183,beat_bar
71512,13,80,24,56,4.3076923076923075,beat_bar
71513,9,54,16,38,4.222222222222222,beat_bar
71514,21,128,40,88,4.190476190476191,beat_bar
71515,15,92,28,64,4.266666666666667,beat_bar
71516,11,62,20,42,3.8181818181818183,beat_bar
71617,13,78,24,54,4.153846153846154,beat_bar
71620,14,92,26,66,4.714285714285714,beat_bar
71622,13,78,24,54,4.153846153846154,beat_bar
71690,12,62,22,40,3.3333333333333335,beat_bar
71691,12,72,22,50,4.166666666666667,beat_bar
71692,12,66,22,44,3.6666666666666665,beat_bar
71693,12,66,22,44,3.6666666666666665,beat_bar
71694,12,72,22,50,4.166666666666667,beat_bar
71695,13,76,24,52,4.0,beat_bar
71709,16,96,30,66,4.125,beat_bar
71711,17,98,32,66,3.8823529411764706,beat_bar
71714,21,122,40,82,3.9047619047619047,beat_bar
71715,15,86,28,58,3.8666666666666667,beat_bar
71719,13,78,24,54,4.153846153846154,beat_bar
71721,20,116,38,78,3.9,beat_bar
71722,10,56,18,38,3.8,beat_bar
71822,11,66,20,46,4.181818181818182,beat_bar
71884,18,104,34,70,3.888888888888889,beat_bar
71885,12,76,22,54,4.5,beat_bar
71937,20,124,38,86,4.3,beat_bar
71938,10,56,18,38,3.8,fixed_fallback
72046,17,102,32,70,4.117647058823529,beat_bar
72047,13,74,24,50,3.8461538461538463,beat_bar
72050,15,94,28,66,4.4,beat_bar
72056,15,94,28,66,4.4,beat_bar
72058,17,100,32,68,4.0,beat_bar
72059,13,80,24,56,4.3076923076923075,beat_bar
72064,18,112,34,78,4.333333333333333,beat_bar
72067,11,64,20,44,4.0,beat_bar
72068,17,102,32,70,4.117647058823529,beat_bar
72069,12,76,22,54,4.5,beat_bar
72070,10,60,18,42,4.2,beat_bar
72071,9,52,16,36,4.0,beat_bar
72072,17,100,32,68,4.0,beat_bar
72073,12,78,22,56,4.666666666666667,beat_bar
72074,16,92,30,62,3.875,beat_bar
72075,20,114,38,76,3.8,beat_bar
72076,15,90,28,62,4.133333333333334,beat_bar
72129,11,68,20,48,4.363636363636363,beat_bar
72130,12,72,22,50,4.166666666666667,beat_bar
72131,12,72,22,50,4.166666666666667,beat_bar
72134,6,30,10,20,3.3333333333333335,beat_bar
72135,12,66,22,44,3.6666666666666665,beat_bar
72136,13,74,24,50,3.8461538461538463,beat_bar
72146,11,62,20,42,3.8181818181818183,beat_bar
72149,13,82,24,58,4.461538461538462,beat_bar
72200,6,30,10,20,3.3333333333333335,beat_bar
72206,14,82,26,56,4.0,beat_bar
72210,20,120,38,82,4.1,beat_bar
72215,12,74,22,52,4.333333333333333,beat_bar
72232,16,94,30,64,4.0,beat_bar
72233,19,116,36,80,4.2105263157894735,beat_bar
72234,16,88,30,58,3.625,beat_bar
72287,15,88,28,60,4.0,beat_bar
72288,8,44,14,30,3.75,beat_bar
72289,19,102,36,66,3.473684210526316,beat_bar
72290,11,66,20,46,4.181818181818182,beat_bar
72456,22,138,42,96,4.363636363636363,beat_bar
72468,11,62,20,42,3.8181818181818183,beat_bar
72476,10,52,18,34,3.4,beat_bar
72477,15,94,28,66,4.4,beat_bar
72513,13,74,24,50,3.8461538461538463,beat_bar
72514,14,78,26,52,3.7142857142857144,beat_bar
72562,15,90,28,62,4.133333333333334,beat_bar
72565,12,68,22,46,3.8333333333333335,beat_bar
72570,13,76,24,52,4.0,beat_bar
72604,15,84,28,56,3.7333333333333334,beat_bar
72605,11,68,20,48,4.363636363636363,beat_bar
72607,12,72,22,50,4.166666666666667,beat_bar
72612,14,82,26,56,4.0,beat_bar
72738,13,76,24,52,4.0,beat_bar
72781,12,70,22,48,4.0,beat_bar
72782,13,76,24,52,4.0,beat_bar
72783,12,70,22,48,4.0,beat_bar
72784,11,60,20,40,3.6363636363636362,beat_bar
72785,12,70,22,48,4.0,beat_bar
72786,11,64,20,44,4.0,beat_bar
72787,20,116,38,78,3.9,beat_bar
72788,11,60,20,40,3.6363636363636362,beat_bar
72789,11,60,20,40,3.6363636363636362,beat_bar
72790,9,46,16,30,3.3333333333333335,beat_bar
72926,16,96,30,66,4.125,beat_bar
72927,7,36,12,24,3.4285714285714284,beat_bar
72928,17,100,32,68,4.0,beat_bar
72930,19,110,36,74,3.8947368421052633,beat_bar
73087,16,100,30,70,4.375,beat_bar
73099,18,122,34,88,4.888888888888889,beat_bar
73100,18,112,34,78,4.333333333333333,beat_bar
73123,10,54,18,36,3.6,beat_bar
73124,11,66,20,46,4.181818181818182,beat_bar
73125,20,118,38,80,4.0,beat_bar
73169,16,102,30,72,4.5,beat_bar
73170,15,90,28,62,4.133333333333334,beat_bar
73171,15,84,28,56,3.7333333333333334,beat_bar
73172,18,106,34,72,4.0,beat_bar
73174,14,78,26,52,3.7142857142857144,beat_bar
73175,15,90,28,62,4.133333333333334,beat_bar
73192,17,110,32,78,4.588235294117647,beat_bar
73193,20,110,38,72,3.6,beat_bar
73306,15,96,28,68,4.533333333333333,beat_bar
73309,15,90,28,62,4.133333333333334,beat_bar
73318,15,90,28,62,4.133333333333334,beat_bar
73335,10,56,18,38,3.8,beat_bar
73340,14,86,26,60,4.285714285714286,beat_bar
73341,17,102,32,70,4.117647058823529,beat_bar
73342,15,84,28,56,3.7333333333333334,beat_bar
73343,12,80,22,58,4.833333333333333,beat_bar
73344,14,86,26,60,4.285714285714286,beat_bar
73363,13,82,24,58,4.461538461538462,beat_bar
73365,13,78,24,54,4.153846153846154,beat_bar
73366,20,124,38,86,4.3,beat_bar
73367,16,104,30,74,4.625,beat_bar
73368,15,90,28,62,4.133333333333334,beat_bar
73369,14,86,26,60,4.285714285714286,beat_bar
73370,17,114,32,82,4.823529411764706,beat_bar
73371,13,74,24,50,3.8461538461538463,beat_bar
73372,13,82,24,58,4.461538461538462,beat_bar
73465,12,70,22,48,4.0,beat_bar
73466,13,76,24,52,4.0,beat_bar
73467,17,92,32,60,3.5294117647058822,beat_bar
73468,13,76,24,52,4.0,beat_bar
73469,10,58,18,40,4.0,fixed_fallback
73486,18,112,34,78,4.333333333333333,beat_bar
73494,17,102,32,70,4.117647058823529,beat_bar
73495,15,94,28,66,4.4,beat_bar
73519,12,74,22,52,4.333333333333333,beat_bar
73520,17,108,32,76,4.470588235294118,beat_bar
73521,17,108,32,76,4.470588235294118,beat_bar
73522,12,72,22,50,4.166666666666667,beat_bar
73550,13,74,24,50,3.8461538461538463,beat_bar
73551,15,92,28,64,4.266666666666667,beat_bar
73560,13,68,24,44,3.3846153846153846,beat_bar
73561,20,112,38,74,3.7,beat_bar
73564,11,64,20,44,4.0,beat_bar
73565,20,116,38,78,3.9,beat_bar
73566,19,114,36,78,4.105263157894737,beat_bar
73568,17,108,32,76,4.470588235294118,beat_bar
73572,14,78,26,52,3.7142857142857144,beat_bar
73573,15,94,28,66,4.4,beat_bar
73580,11,64,20,44,4.0,beat_bar
73584,18,116,34,82,4.555555555555555,beat_bar
73585,16,92,30,62,3.875,beat_bar
73587,12,72,22,50,4.166666666666667,beat_bar
73658,14,84,26,58,4.142857142857143,beat_bar
73675,11,70,20,50,4.545454545454546,beat_bar
73760,14,72,26,46,3.2857142857142856,beat_bar
73761,21,128,40,88,4.190476190476191,beat_bar
73762,11,64,20,44,4.0,beat_bar
73763,10,64,18,46,4.6,fixed_fallback
73764,18,104,34,70,3.888888888888889,beat_bar
73765,12,66,22,44,3.6666666666666665,beat_bar
73766,14,80,26,54,3.857142857142857,beat_bar
73767,11,62,20,42,3.8181818181818183,beat_bar
73768,12,70,22,48,4.0,beat_bar
73769,16,90,30,60,3.75,beat_bar
73770,15,88,28,60,4.0,beat_bar
73771,9,48,16,32,3.5555555555555554,beat_bar
73772,13,76,24,52,4.0,beat_bar
73773,15,82,28,54,3.6,beat_bar
73774,13,72,24,48,3.6923076923076925,beat_bar
73775,10,62,18,44,4.4,fixed_fallback
73776,15,84,28,56,3.7333333333333334,beat_bar
73777,21,122,40,82,3.9047619047619047,beat_bar
73778,11,64,20,44,4.0,beat_bar
73779,15,84,28,56,3.7333333333333334,beat_bar
73792,21,130,40,90,4.285714285714286,beat_bar
73797,14,74,26,48,3.4285714285714284,beat_bar
73819,10,54,18,36,3.6,fixed_fallback
73820,10,52,18,34,3.4,fixed_fallback
73821,10,56,18,38,3.8,fixed_fallback
73822,10,62,18,44,4.4,fixed_fallback
73921,12,70,22,48,4.0,beat_bar
74002,16,88,30,58,3.625,beat_bar
74302,11,68,20,48,4.363636363636363,beat_bar
74347,11,70,20,50,4.545454545454546,beat_bar
74348,10,52,18,34,3.4,beat_bar
74362,15,102,28,74,4.933333333333334,beat_bar
74365,17,102,32,70,4.117647058823529,beat_bar
74370,13,76,24,52,4.0,beat_bar
74371,14,78,26,52,3.7142857142857144,beat_bar
74372,14,86,26,60,4.285714285714286,beat_bar
74373,20,118,38,80,4.0,beat_bar
74374,8,48,14,34,4.25,beat_bar
74375,11,64,20,44,4.0,beat_bar
74376,12,76,22,54,4.5,beat_bar
74377,20,122,38,84,4.2,beat_bar
74378,11,66,20,46,4.181818181818182,beat_bar
74380,16,98,30,68,4.25,beat_bar
74381,15,98,28,70,4.666666666666667,beat_bar
74382,24,144,46,98,4.083333333333333,beat_bar
74383,15,92,28,64,4.266666666666667,beat_bar
74384,14,82,26,56,4.0,beat_bar
74385,14,86,26,60,4.285714285714286,beat_bar
74386,11,62,20,42,3.8181818181818183,beat_bar
74387,19,116,36,80,4.2105263157894735,beat_bar
74388,15,92,28,64,4.266666666666667,beat_bar
74389,14,90,26,64,4.571428571428571,beat_bar
74390,21,130,40,90,4.285714285714286,beat_bar
74391,16,96,30,66,4.125,beat_bar
74392,18,116,34,82,4.555555555555555,beat_bar
74393,13,78,24,54,4.153846153846154,beat_bar
74421,13,82,24,58,4.461538461538462,beat_bar
74445,17,102,32,70,4.117647058823529,beat_bar
74546,12,68,22,46,3.8333333333333335,beat_bar
74669,20,126,38,88,4.4,beat_bar
74671,14,80,26,54,3.857142857142857,beat_bar
74706,17,102,32,70,4.117647058823529,beat_bar
74908,14,86,26,60,4.285714285714286,beat_bar
74937,22,136,42,94,4.2727272727272725,beat_bar
74942,11,62,20,42,3.8181818181818183,beat_bar
74945,12,76,22,54,4.5,beat_bar
74954,12,74,22,52,4.333333333333333,beat_bar
74955,12,68,22,46,3.8333333333333335,beat_bar
74959,10,56,18,38,3.8,fixed_fallback
74960,10,60,18,42,4.2,fixed_fallback
75194,13,80,24,56,4.3076923076923075,beat_bar
75211,17,94,32,62,3.6470588235294117,beat_bar
75221,19,118,36,82,4.315789473684211,beat_bar
75230,12,66,22,44,3.6666666666666665,beat_bar
75304,13,84,24,60,4.615384615384615,beat_bar
75310,15,90,28,62,4.133333333333334,beat_bar
75314,15,92,28,64,4.266666666666667,beat_bar
75317,15,86,28,58,3.8666666666666667,beat_bar
75371,15,86,28,58,3.8666666666666667,beat_bar
75372,13,80,24,56,4.3076923076923075,beat_bar
75373,14,86,26,60,4.285714285714286,beat_bar
75374,13,78,24,54,4.153846153846154,beat_bar
75375,15,80,28,52,3.466666666666667,beat_bar
75376,15,92,28,64,4.266666666666667,beat_bar
75377,12,70,22,48,4.0,beat_bar
75378,16,102,30,72,4.5,beat_bar
75379,14,84,26,58,4.142857142857143,beat_bar
75380,11,68,20,48,4.363636363636363,beat_bar
75381,20,124,38,86,4.3,beat_bar
75383,15,88,28,60,4.0,beat_bar
75386,15,86,28,58,3.8666666666666667,beat_bar
75389,12,72,22,50,4.166666666666667,beat_bar
75390,16,96,30,66,4.125,beat_bar
75391,16,104,30,74,4.625,beat_bar
75393,16,90,30,60,3.75,beat_bar
75395,16,92,30,62,3.875,beat_bar
75396,15,90,28,62,4.133333333333334,beat_bar
75398,11,62,20,42,3.8181818181818183,beat_bar
75399,16,88,30,58,3.625,beat_bar
75401,16,96,30,66,4.125,beat_bar
75403,16,94,30,64,4.0,beat_bar
75412,15,94,28,66,4.4,beat_bar
75415,16,98,30,68,4.25,beat_bar
75417,17,110,32,78,4.588235294117647,beat_bar
75418,9,52,16,36,4.0,beat_bar
75419,13,74,24,50,3.8461538461538463,beat_bar
75420,12,72,22,50,4.166666666666667,beat_bar
75425,16,104,30,74,4.625,beat_bar
75427,21,128,40,88,4.190476190476191,beat_bar
75428,16,100,30,70,4.375,beat_bar
75429,15,90,28,62,4.133333333333334,beat_bar
75430,17,102,32,70,4.117647058823529,beat_bar
75431,18,102,34,68,3.7777777777777777,beat_bar
75432,15,90,28,62,4.133333333333334,beat_bar
75433,12,66,22,44,3.6666666666666665,beat_bar
75434,10,56,18,38,3.8,beat_bar
75435,15,86,28,58,3.8666666666666667,beat_bar
75436,15,86,28,58,3.8666666666666667,beat_bar
75437,15,88,28,60,4.0,beat_bar
75438,15,88,28,60,4.0,beat_bar
75439,13,74,24,50,3.8461538461538463,beat_bar
75440,17,92,32,60,3.5294117647058822,beat_bar
75441,16,84,30,54,3.375,beat_bar
75442,21,132,40,92,4.380952380952381,beat_bar
75443,13,70,24,46,3.5384615384615383,beat_bar
75607,10,58,18,40,4.0,beat_bar
75612,15,78,28,50,3.3333333333333335,beat_bar
75692,15,84,28,56,3.7333333333333334,beat_bar
75745,15,82,28,54,3.6,beat_bar
75746,16,88,30,58,3.625,beat_bar
75747,20,116,38,78,3.9,beat_bar
75748,15,92,28,64,4.266666666666667,beat_bar
75749,12,64,22,42,3.5,beat_bar
75750,16,98,30,68,4.25,beat_bar
75751,12,76,22,54,4.5,beat_bar
75752,11,62,20,42,3.8181818181818183,beat_bar
75754,10,60,18,42,4.2,beat_bar
75755,13,76,24,52,4.0,beat_bar
75762,17,96,32,64,3.764705882352941,beat_bar
75763,16,100,30,70,4.375,beat_bar
75764,12,76,22,54,4.5,beat_bar
75782,14,84,26,58,4.142857142857143,beat_bar
75783,12,76,22,54,4.5,beat_bar
75784,15,96,28,68,4.533333333333333,beat_bar
75785,13,76,24,52,4.0,beat_bar
75786,18,122,34,88,4.888888888888889,beat_bar
75787,17,110,32,78,4.588235294117647,beat_bar
75788,13,84,24,60,4.615384615384615,beat_bar
75844,15,90,28,62,4.133333333333334,beat_bar
75862,21,124,40,84,4.0,beat_bar
75866,20,118,38,80,4.0,beat_bar
75869,17,112,32,80,4.705882352941177,beat_bar
75883,13,74,24,50,3.8461538461538463,beat_bar
75903,14,80,26,54,3.857142857142857,beat_bar
75908,17,94,32,62,3.6470588235294117,beat_bar
75925,11,62,20,42,3.8181818181818183,beat_bar
75926,19,110,36,74,3.8947368421052633,beat_bar
75927,16,100,30,70,4.375,beat_bar
75928,18,104,34,70,3.888888888888889,beat_bar
75929,10,60,18,42,4.2,fixed_fallback
75930,15,86,28,58,3.8666666666666667,beat_bar
75931,12,74,22,52,4.333333333333333,beat_bar
75932,12,74,22,52,4.333333333333333,beat_bar
75933,11,68,20,48,4.363636363636363,beat_bar
75935,10,56,18,38,3.8,beat_bar
75936,11,66,20,46,4.181818181818182,beat_bar
75937,11,66,20,46,4.181818181818182,beat_bar
75975,8,46,14,32,4.0,beat_bar
76036,13,78,24,54,4.153846153846154,beat_bar
76069,20,114,38,76,3.8,beat_bar
76071,16,92,30,62,3.875,beat_bar
76072,12,70,22,48,4.0,beat_bar
76073,19,118,36,82,4.315789473684211,beat_bar
76074,14,84,26,58,4.142857142857143,beat_bar
76075,11,60,20,40,3.6363636363636362,beat_bar
76076,22,136,42,94,4.2727272727272725,beat_bar
76077,22,124,42,82,3.727272727272727,beat_bar
76078,17,102,32,70,4.117647058823529,beat_bar
76079,18,104,34,70,3.888888888888889,beat_bar
76121,8,44,14,30,3.75,beat_bar
76128,12,74,22,52,4.333333333333333,beat_bar
76129,12,70,22,48,4.0,beat_bar
76130,12,68,22,46,3.8333333333333335,beat_bar
76131,11,62,20,42,3.8181818181818183,beat_bar
76363,13,78,24,54,4.153846153846154,beat_bar
76375,17,106,32,74,4.352941176470588,beat_bar
76381,11,68,20,48,4.363636363636363,beat_bar
76437,11,62,20,42,3.8181818181818183,beat_bar
76440,18,110,34,76,4.222222222222222,beat_bar
76654,16,86,30,56,3.5,beat_bar
76659,21,132,40,92,4.380952380952381,beat_bar
77517,14,92,26,66,4.714285714285714,beat_bar
77519,22,128,42,86,3.909090909090909,beat_bar
77521,22,124,42,82,3.727272727272727,beat_bar
77522,23,142,44,98,4.260869565217392,beat_bar
77523,10,56,18,38,3.8,beat_bar
77564,15,84,28,56,3.7333333333333334,beat_bar
77571,12,74,22,52,4.333333333333333,beat_bar
77572,15,100,28,72,4.8,beat_bar
77952,21,122,40,82,3.9047619047619047,beat_bar
78038,11,70,20,50,4.545454545454546,beat_bar
78156,10,58,18,40,4.0,beat_bar
78213,11,62,20,42,3.8181818181818183,beat_bar
78516,11,62,20,42,3.8181818181818183,beat_bar
78833,21,118,40,78,3.7142857142857144,beat_bar
78834,17,98,32,66,3.8823529411764706,beat_bar
78839,11,64,20,44,4.0,beat_bar
78841,9,50,16,34,3.7777777777777777,beat_bar
78843,16,94,30,64,4.0,beat_bar
78845,17,104,32,72,4.235294117647059,beat_bar
78847,15,84,28,56,3.7333333333333334,beat_bar
78848,18,102,34,68,3.7777777777777777,beat_bar
78849,16,84,30,54,3.375,beat_bar
78850,10,54,18,36,3.6,beat_bar
78851,16,94,30,64,4.0,beat_bar
78852,13,70,24,46,3.5384615384615383,beat_bar
78984,20,120,38,82,4.1,beat_bar
78998,14,74,26,48,3.4285714285714284,beat_bar
79087,11,68,20,48,4.363636363636363,beat_bar
79575,11,60,20,40,3.6363636363636362,beat_bar
79593,14,82,26,56,4.0,beat_bar
79605,17,104,32,72,4.235294117647059,beat_bar
79606,9,54,16,38,4.222222222222222,beat_bar
79610,13,76,24,52,4.0,beat_bar
79616,11,62,20,42,3.8181818181818183,beat_bar
79741,12,62,22,40,3.3333333333333335,beat_bar
79973,10,62,18,44,4.4,beat_bar
79975,16,100,30,70,4.375,beat_bar
79977,18,114,34,80,4.444444444444445,beat_bar
79978,10,60,18,42,4.2,beat_bar
79985,15,84,28,56,3.7333333333333334,beat_bar
79986,15,92,28,64,4.266666666666667,beat_bar
79988,15,82,28,54,3.6,beat_bar
79990,15,92,28,64,4.266666666666667,beat_bar
79995,16,90,30,60,3.75,beat_bar
80000,14,82,26,56,4.0,beat_bar
80001,14,84,26,58,4.142857142857143,beat_bar
80002,15,88,28,60,4.0,beat_bar
80003,11,64,20,44,4.0,beat_bar
80004,11,62,20,42,3.8181818181818183,beat_bar
80005,14,80,26,54,3.857142857142857,beat_bar
80035,23,140,44,96,4.173913043478261,beat_bar
80293,12,70,22,48,4.0,beat_bar
80341,16,94,30,64,4.0,beat_bar
80351,15,86,28,58,3.8666666666666667,beat_bar
80389,13,80,24,56,4.3076923076923075,beat_bar
80402,15,94,28,66,4.4,beat_bar
80515,20,124,38,86,4.3,beat_bar
80516,15,90,28,62,4.133333333333334,beat_bar
80517,13,78,24,54,4.153846153846154,beat_bar
80518,13,76,24,52,4.0,beat_bar
80519,9,54,16,38,4.222222222222222,beat_bar
80520,11,62,20,42,3.8181818181818183,beat_bar
80611,9,52,16,36,4.0,beat_bar
80680,14,84,26,58,4.142857142857143,beat_bar
80686,16,94,30,64,4.0,beat_bar
80687,23,142,44,98,4.260869565217392,beat_bar
80693,12,66,22,44,3.6666666666666665,beat_bar
80694,14,76,26,50,3.5714285714285716,beat_bar
80695,20,118,38,80,4.0,beat_bar
80696,11,66,20,46,4.181818181818182,beat_bar
80697,12,70,22,48,4.0,beat_bar
80751,10,60,18,42,4.2,fixed_fallback
80753,18,100,34,66,3.6666666666666665,beat_bar
80754,19,110,36,74,3.8947368421052633,beat_bar
80755,17,106,32,74,4.352941176470588,beat_bar
80756,11,64,20,44,4.0,beat_bar
80758,18,102,34,68,3.7777777777777777,beat_bar
80765,15,90,28,62,4.133333333333334,beat_bar
80766,16,98,30,68,4.25,beat_bar
80772,15,84,28,56,3.7333333333333334,beat_bar
80773,11,68,20,48,4.363636363636363,beat_bar
80774,12,70,22,48,4.0,beat_bar
80775,17,100,32,68,4.0,beat_bar
80776,20,120,38,82,4.1,beat_bar
80793,13,74,24,50,3.8461538461538463,beat_bar
80833,17,106,32,74,4.352941176470588,beat_bar
80834,11,60,20,40,3.6363636363636362,beat_bar
80835,11,66,20,46,4.181818181818182,beat_bar
80836,16,94,30,64,4.0,beat_bar
81033,14,78,26,52,3.7142857142857144,beat_bar
81037,13,78,24,54,4.153846153846154,beat_bar
81071,14,82,26,56,4.0,beat_bar
81082,20,128,38,90,4.5,beat_bar
81083,12,76,22,54,4.5,beat_bar
81084,18,102,34,68,3.7777777777777777,beat_bar
81085,16,98,30,68,4.25,beat_bar
81189,10,58,18,40,4.0,beat_bar
81193,16,106,30,76,4.75,beat_bar
81194,12,72,22,50,4.166666666666667,beat_bar
81195,18,118,34,84,4.666666666666667,beat_bar
81362,14,86,26,60,4.285714285714286,beat_bar
81365,17,98,32,66,3.8823529411764706,beat_bar
81436,18,108,34,74,4.111111111111111,beat_bar
81457,9,52,16,36,4.0,beat_bar
81485,19,118,36,82,4.315789473684211,beat_bar
81491,15,86,28,58,3.8666666666666667,beat_bar
81512,13,68,24,44,3.3846153846153846,beat_bar
81523,11,62,20,42,3.8181818181818183,beat_bar
81543,16,90,30,60,3.75,beat_bar
81554,16,96,30,66,4.125,beat_bar
81555,12,76,22,54,4.5,beat_bar
81565,15,94,28,66,4.4,beat_bar
81576,15,80,28,52,3.466666666666667,beat_bar
81586,20,110,38,72,3.6,beat_bar
81600,13,74,24,50,3.8461538461538463,beat_bar
81612,13,78,24,54,4.153846153846154,beat_bar
81613,24,144,46,98,4.083333333333333,beat_bar
81623,15,96,28,68,4.533333333333333,beat_bar
81638,17,94,32,62,3.6470588235294117,beat_bar
81650,7,40,12,28,4.0,beat_bar
81660,20,126,38,88,4.4,beat_bar
81781,11,60,20,40,3.6363636363636362,beat_bar
81782,13,76,24,52,4.0,beat_bar
81792,12,66,22,44,3.6666666666666665,beat_bar
81802,16,98,30,68,4.25,beat_bar
81803,8,48,14,34,4.25,beat_bar
81814,12,66,22,44,3.6666666666666665,beat_bar
81868,17,96,32,64,3.764705882352941,beat_bar
81895,11,64,20,44,4.0,beat_bar
81938,12,78,22,56,4.666666666666667,beat_bar
81945,22,134,42,92,4.181818181818182,beat_bar
81946,16,92,30,62,3.875,beat_bar
81988,13,76,24,52,4.0,beat_bar
81999,18,108,34,74,4.111111111111111,beat_bar
82157,14,80,26,54,3.857142857142857,beat_bar
82231,15,98,28,70,4.666666666666667,beat_bar
82237,15,96,28,68,4.533333333333333,beat_bar
82242,11,64,20,44,4.0,beat_bar
82250,11,62,20,42,3.8181818181818183,beat_bar
82410,16,106,30,76,4.75,beat_bar
82462,15,90,28,62,4.133333333333334,beat_bar
82464,16,88,30,58,3.625,beat_bar
82505,12,68,22,46,3.8333333333333335,beat_bar
82507,14,88,26,62,4.428571428571429,beat_bar
82628,15,90,28,62,4.133333333333334,beat_bar
82629,9,50,16,34,3.7777777777777777,beat_bar
82630,16,94,30,64,4.0,beat_bar
82631,13,76,24,52,4.0,beat_bar
82778,10,62,18,44,4.4,beat_bar
82780,12,66,22,44,3.6666666666666665,beat_bar
82881,8,44,14,30,3.75,beat_bar
82886,11,70,20,50,4.545454545454546,beat_bar
82890,13,76,24,52,4.0,beat_bar
82892,11,68,20,48,4.363636363636363,beat_bar
82893,13,80,24,56,4.3076923076923075,beat_bar
82914,15,86,28,58,3.8666666666666667,beat_bar
82915,13,82,24,58,4.461538461538462,beat_bar
82916,18,104,34,70,3.888888888888889,beat_bar
82917,14,86,26,60,4.285714285714286,beat_bar
82918,7,38,12,26,3.7142857142857144,beat_bar
82919,14,90,26,64,4.571428571428571,beat_bar
82920,12,68,22,46,3.8333333333333335,beat_bar
82921,14,84,26,58,4.142857142857143,beat_bar
82928,14,80,26,54,3.857142857142857,beat_bar
82929,12,66,22,44,3.6666666666666665,beat_bar
82930,11,60,20,40,3.6363636363636362,beat_bar
82931,11,62,20,42,3.8181818181818183,beat_bar
82932,10,56,18,38,3.8,beat_bar
83437,10,60,18,42,4.2,beat_bar
83438,15,84,28,56,3.7333333333333334,beat_bar
83439,20,116,38,78,3.9,beat_bar
83440,13,84,24,60,4.615384615384615,beat_bar
83507,8,46,14,32,4.0,beat_bar
83509,10,62,18,44,4.4,beat_bar
83511,14,86,26,60,4.285714285714286,beat_bar
83512,10,52,18,34,3.4,beat_bar
83558,14,84,26,58,4.142857142857143,beat_bar
83600,10,56,18,38,3.8,beat_bar
83612,12,68,22,46,3.8333333333333335,beat_bar
83613,18,108,34,74,4.111111111111111,beat_bar
83715,19,122,36,86,4.526315789473684,beat_bar
83717,17,106,32,74,4.352941176470588,beat_bar
83718,13,78,24,54,4.153846153846154,beat_bar
83719,21,126,40,86,4.095238095238095,beat_bar
83789,15,96,28,68,4.533333333333333,beat_bar
83790,14,84,26,58,4.142857142857143,beat_bar
83791,17,102,32,70,4.117647058823529,beat_bar
83898,15,86,28,58,3.8666666666666667,beat_bar
83903,16,100,30,70,4.375,beat_bar
83906,13,78,24,54,4.153846153846154,beat_bar
83908,13,76,24,52,4.0,beat_bar
83911,19,114,36,78,4.105263157894737,beat_bar
83913,18,106,34,72,4.0,beat_bar
83954,14,86,26,60,4.285714285714286,beat_bar
83960,14,96,26,70,5.0,beat_bar
83969,13,78,24,54,4.153846153846154,beat_bar
84009,15,96,28,68,4.533333333333333,beat_bar
84054,9,52,16,36,4.0,beat_bar
84055,13,82,24,58,4.461538461538462,beat_bar
84056,12,78,22,56,4.666666666666667,beat_bar
84057,13,84,24,60,4.615384615384615,beat_bar
84058,18,116,34,82,4.555555555555555,beat_bar
84091,18,114,34,80,4.444444444444445,beat_bar
84095,11,68,20,48,4.363636363636363,beat_bar
84096,12,68,22,46,3.8333333333333335,beat_bar
84097,12,68,22,46,3.8333333333333335,beat_bar
84111,22,126,42,84,3.8181818181818183,beat_bar
84135,11,68,20,48,4.363636363636363,beat_bar
84136,11,66,20,46,4.181818181818182,beat_bar
84139,13,74,24,50,3.8461538461538463,beat_bar
84141,15,86,28,58,3.8666666666666667,beat_bar
84142,15,92,28,64,4.266666666666667,beat_bar
84144,9,50,16,34,3.7777777777777777,beat_bar
84152,18,112,34,78,4.333333333333333,beat_bar
84154,11,66,20,46,4.181818181818182,beat_bar
84155,18,108,34,74,4.111111111111111,beat_bar
84156,15,84,28,56,3.7333333333333334,beat_bar
84157,19,112,36,76,4.0,beat_bar
84158,11,68,20,48,4.363636363636363,beat_bar
84159,11,64,20,44,4.0,beat_bar
84195,22,134,42,92,4.181818181818182,beat_bar
84198,10,54,18,36,3.6,fixed_fallback
84200,15,94,28,66,4.4,beat_bar
84201,10,56,18,38,3.8,fixed_fallback
84202,10,50,18,32,3.2,fixed_fallback
84264,19,110,36,74,3.8947368421052633,beat_bar
84290,18,104,34,70,3.888888888888889,beat_bar
84291,13,78,24,54,4.153846153846154,beat_bar
84405,18,110,34,76,4.222222222222222,beat_bar
84417,13,76,24,52,4.0,beat_bar
84423,21,134,40,94,4.476190476190476,beat_bar
84483,14,80,26,54,3.857142857142857,beat_bar
84484,17,100,32,68,4.0,beat_bar
84485,18,108,34,74,4.111111111111111,beat_bar
84486,17,100,32,68,4.0,beat_bar
84605,15,86,28,58,3.8666666666666667,beat_bar
84736,10,54,18,36,3.6,beat_bar
84743,10,60,18,42,4.2,beat_bar
84757,12,70,22,48,4.0,beat_bar
84768,15,94,28,66,4.4,beat_bar
84777,15,96,28,68,4.533333333333333,beat_bar
84788,14,88,26,62,4.428571428571429,beat_bar
84817,12,76,22,54,4.5,beat_bar
85027,8,42,14,28,3.5,beat_bar
85038,9,52,16,36,4.0,beat_bar
85039,18,106,34,72,4.0,beat_bar
85040,12,76,22,54,4.5,beat_bar
85041,9,54,16,38,4.222222222222222,beat_bar
85290,11,66,20,46,4.181818181818182,beat_bar
85291,11,68,20,48,4.363636363636363,beat_bar
85307,13,70,24,46,3.5384615384615383,beat_bar
85308,13,72,24,48,3.6923076923076925,beat_bar
85309,12,72,22,50,4.166666666666667,beat_bar
85310,13,74,24,50,3.8461538461538463,beat_bar
85311,13,76,24,52,4.0,beat_bar
85317,18,104,34,70,3.888888888888889,beat_bar
85318,17,104,32,72,4.235294117647059,beat_bar
85343,21,122,40,82,3.9047619047619047,beat_bar
85346,14,86,26,60,4.285714285714286,beat_bar
85347,20,118,38,80,4.0,beat_bar
85400,15,90,28,62,4.133333333333334,beat_bar
85419,11,64,20,44,4.0,beat_bar
85420,11,64,20,44,4.0,beat_bar
85421,18,118,34,84,4.666666666666667,beat_bar
85422,21,130,40,90,4.285714285714286,beat_bar
85423,20,126,38,88,4.4,beat_bar
85424,16,94,30,64,4.0,beat_bar
85425,15,98,28,70,4.666666666666667,beat_bar
85426,18,110,34,76,4.222222222222222,beat_bar
85427,11,56,20,36,3.272727272727273,beat_bar
85428,19,118,36,82,4.315789473684211,beat_bar
85436,10,60,18,42,4.2,fixed_fallback
85438,13,78,24,54,4.153846153846154,beat_bar
85482,16,100,30,70,4.375,beat_bar
85484,14,82,26,56,4.0,beat_bar
85485,16,94,30,64,4.0,beat_bar
85486,13,80,24,56,4.3076923076923075,beat_bar
85487,17,94,32,62,3.6470588235294117,beat_bar
85488,14,84,26,58,4.142857142857143,beat_bar
85489,16,98,30,68,4.25,beat_bar
85490,13,78,24,54,4.153846153846154,beat_bar
85491,14,86,26,60,4.285714285714286,beat_bar
85492,13,70,24,46,3.5384615384615383,beat_bar
85494,20,122,38,84,4.2,beat_bar
85592,11,62,20,42,3.8181818181818183,beat_bar
85593,15,88,28,60,4.0,beat_bar
85594,13,82,24,58,4.461538461538462,beat_bar
85595,8,46,14,32,4.0,beat_bar
85596,13,70,24,46,3.5384615384615383,beat_bar
85598,21,128,40,88,4.190476190476191,beat_bar
85599,10,56,18,38,3.8,beat_bar
85600,10,58,18,40,4.0,beat_bar
85691,17,100,32,68,4.0,beat_bar
85692,11,66,20,46,4.181818181818182,beat_bar
85693,11,62,20,42,3.8181818181818183,beat_bar
85787,10,60,18,42,4.2,beat_bar
85788,13,80,24,56,4.3076923076923075,beat_bar
85791,6,30,10,20,3.3333333333333335,beat_bar
85792,13,70,24,46,3.5384615384615383,beat_bar
85816,17,104,32,72,4.235294117647059,beat_bar
85817,16,84,30,54,3.375,beat_bar
85822,12,66,22,44,3.6666666666666665,beat_bar
85823,12,68,22,46,3.8333333333333335,beat_bar
85828,11,72,20,52,4.7272727272727275,beat_bar
85831,13,80,24,56,4.3076923076923075,beat_bar
85832,15,80,28,52,3.466666666666667,beat_bar
85833,12,74,22,52,4.333333333333333,beat_bar
85834,18,104,34,70,3.888888888888889,beat_bar
85835,15,78,28,50,3.3333333333333335,beat_bar
85836,13,80,24,56,4.3076923076923075,beat_bar
85837,17,102,32,70,4.117647058823529,beat_bar
85838,13,74,24,50,3.8461538461538463,beat_bar
85839,10,58,18,40,4.0,beat_bar
85840,17,100,32,68,4.0,beat_bar
85950,17,104,32,72,4.235294117647059,beat_bar
85951,16,96,30,66,4.125,beat_bar
85952,15,90,28,62,4.133333333333334,beat_bar
85953,15,84,28,56,3.7333333333333334,beat_bar
85954,17,108,32,76,4.470588235294118,beat_bar
85955,15,96,28,68,4.533333333333333,beat_bar
85956,16,90,30,60,3.75,beat_bar
85957,15,96,28,68,4.533333333333333,beat_bar
85963,20,122,38,84,4.2,beat_bar
85966,19,116,36,80,4.2105263157894735,beat_bar
85967,18,106,34,72,4.0,beat_bar
85968,11,64,20,44,4.0,beat_bar
85973,18,114,34,80,4.444444444444445,beat_bar
86037,12,74,22,52,4.333333333333333,beat_bar
86038,19,116,36,80,4.2105263157894735,beat_bar
86039,14,78,26,52,3.7142857142857144,beat_bar
86040,11,66,20,46,4.181818181818182,beat_bar
86077,15,90,28,62,4.133333333333334,beat_bar
86081,19,112,36,76,4.0,beat_bar
86082,16,94,30,64,4.0,beat_bar
86116,21,130,40,90,4.285714285714286,beat_bar
86117,15,92,28,64,4.266666666666667,beat_bar
86118,21,130,40,90,4.285714285714286,beat_bar
86119,21,124,40,84,4.0,beat_bar
86140,13,78,24,54,4.153846153846154,beat_bar
86256,14,84,26,58,4.142857142857143,beat_bar
86259,11,58,20,38,3.4545454545454546,beat_bar
86262,14,78,26,52,3.7142857142857144,beat_bar
86263,12,70,22,48,4.0,beat_bar
86415,13,84,24,60,4.615384615384615,beat_bar
86416,9,52,16,36,4.0,beat_bar
86417,19,112,36,76,4.0,beat_bar
86419,13,78,24,54,4.153846153846154,beat_bar
86441,12,68,22,46,3.8333333333333335,beat_bar
86443,13,80,24,56,4.3076923076923075,beat_bar
86481,17,110,32,78,4.588235294117647,beat_bar
86482,15,84,28,56,3.7333333333333334,beat_bar
86483,16,96,30,66,4.125,beat_bar
86484,13,74,24,50,3.8461538461538463,beat_bar
86485,23,138,44,94,4.086956521739131,beat_bar
86486,12,70,22,48,4.0,beat_bar
86487,14,82,26,56,4.0,beat_bar
86562,12,72,22,50,4.166666666666667,beat_bar
86576,17,94,32,62,3.6470588235294117,beat_bar
86623,19,118,36,82,4.315789473684211,beat_bar
86634,14,90,26,64,4.571428571428571,beat_bar
86678,10,54,18,36,3.6,beat_bar
86679,13,78,24,54,4.153846153846154,beat_bar
86680,18,106,34,72,4.0,beat_bar
86720,14,80,26,54,3.857142857142857,beat_bar
86721,16,96,30,66,4.125,beat_bar
86724,16,96,30,66,4.125,beat_bar
86725,15,86,28,58,3.8666666666666667,beat_bar
86730,15,94,28,66,4.4,beat_bar
86761,10,52,18,34,3.4,beat_bar
86762,16,96,30,66,4.125,beat_bar
86763,11,66,20,46,4.181818181818182,beat_bar
86788,10,60,18,42,4.2,beat_bar
86793,16,94,30,64,4.0,beat_bar
86795,9,54,16,38,4.222222222222222,beat_bar
86799,13,76,24,52,4.0,beat_bar
86993,18,116,34,82,4.555555555555555,beat_bar
87068,15,92,28,64,4.266666666666667,beat_bar
87069,17,106,32,74,4.352941176470588,beat_bar
87070,20,130,38,92,4.6,beat_bar
87096,14,74,26,48,3.4285714285714284,beat_bar
87097,16,90,30,60,3.75,beat_bar
87098,14,84,26,58,4.142857142857143,beat_bar
87099,15,84,28,56,3.7333333333333334,beat_bar
87100,15,92,28,64,4.266666666666667,beat_bar
87101,15,90,28,62,4.133333333333334,beat_bar
87102,9,52,16,36,4.0,beat_bar
87103,19,108,36,72,3.789473684210526,beat_bar
87104,7,40,12,28,4.0,beat_bar
87105,13,80,24,56,4.3076923076923075,beat_bar
87106,8,48,14,34,4.25,beat_bar
87107,10,60,18,42,4.2,beat_bar
87108,14,82,26,56,4.0,beat_bar
87121,19,114,36,78,4.105263157894737,beat_bar
87151,12,68,22,46,3.8333333333333335,beat_bar
87152,15,88,28,60,4.0,beat_bar
87153,14,76,26,50,3.5714285714285716,beat_bar
87154,13,76,24,52,4.0,beat_bar
87155,14,76,26,50,3.5714285714285716,beat_bar
87157,6,30,10,20,3.3333333333333335,beat_bar
87158,10,56,18,38,3.8,beat_bar
87159,17,100,32,68,4.0,beat_bar
87160,17,102,32,70,4.117647058823529,beat_bar
87161,18,112,34,78,4.333333333333333,beat_bar
87185,13,76,24,52,4.0,beat_bar
87186,17,110,32,78,4.588235294117647,beat_bar
87187,16,92,30,62,3.875,beat_bar
87188,13,80,24,56,4.3076923076923075,beat_bar
87189,12,70,22,48,4.0,beat_bar
87190,14,92,26,66,4.714285714285714,beat_bar
87191,13,76,24,52,4.0,beat_bar
87192,20,118,38,80,4.0,beat_bar
87193,12,68,22,46,3.8333333333333335,beat_bar
87194,16,96,30,66,4.125,beat_bar
87237,21,120,40,80,3.8095238095238093,beat_bar
87322,8,44,14,30,3.75,beat_bar
87323,15,88,28,60,4.0,beat_bar
87324,16,92,30,62,3.875,beat_bar
87325,11,60,20,40,3.6363636363636362,beat_bar
87361,16,90,30,60,3.75,beat_bar
87362,14,74,26,48,3.4285714285714284,beat_bar
87363,14,88,26,62,4.428571428571429,beat_bar
87377,6,30,10,20,3.3333333333333335,beat_bar
87430,16,96,30,66,4.125,beat_bar
87431,8,46,14,32,4.0,beat_bar
87490,12,72,22,50,4.166666666666667,beat_bar
87639,15,88,28,60,4.0,beat_bar
87641,12,70,22,48,4.0,beat_bar
87642,11,70,20,50,4.545454545454546,beat_bar
87643,14,80,26,54,3.857142857142857,beat_bar
87644,12,68,22,46,3.8333333333333335,beat_bar
87645,17,106,32,74,4.352941176470588,beat_bar
87965,13,82,24,58,4.461538461538462,beat_bar
87966,15,92,28,64,4.266666666666667,beat_bar
87967,15,86,28,58,3.8666666666666667,beat_bar
87968,17,102,32,70,4.117647058823529,beat_bar
87971,17,96,32,64,3.764705882352941,beat_bar
87972,14,84,26,58,4.142857142857143,beat_bar
88428,10,54,18,36,3.6,fixed_fallback
88429,18,110,34,76,4.222222222222222,beat_bar
88485,15,90,28,62,4.133333333333334,beat_bar
88486,11,60,20,40,3.6363636363636362,beat_bar
88846,11,68,20,48,4.363636363636363,beat_bar
88848,18,120,34,86,4.777777777777778,beat_bar
88854,17,104,32,72,4.235294117647059,beat_bar
88856,14,90,26,64,4.571428571428571,beat_bar
88858,16,98,30,68,4.25,beat_bar
88860,17,106,32,74,4.352941176470588,beat_bar
88861,16,88,30,58,3.625,beat_bar
88863,21,128,40,88,4.190476190476191,beat_bar
88864,21,118,40,78,3.7142857142857144,beat_bar
88867,6,30,10,20,3.3333333333333335,beat_bar
88868,14,86,26,60,4.285714285714286,beat_bar
88869,22,138,42,96,4.363636363636363,beat_bar
88870,15,84,28,56,3.7333333333333334,beat_bar
88871,7,38,12,26,3.7142857142857144,beat_bar
88872,18,106,34,72,4.0,beat_bar
88873,16,88,30,58,3.625,beat_bar
88874,11,68,20,48,4.363636363636363,beat_bar
88875,14,84,26,58,4.142857142857143,beat_bar
88876,14,94,26,68,4.857142857142857,beat_bar
88877,21,122,40,82,3.9047619047619047,beat_bar
88878,19,116,36,80,4.2105263157894735,beat_bar
88879,11,66,20,46,4.181818181818182,beat_bar
88892,16,96,30,66,4.125,beat_bar
88899,13,76,24,52,4.0,beat_bar
88900,21,126,40,86,4.095238095238095,beat_bar
88959,16,90,30,60,3.75,beat_bar
88960,10,58,18,40,4.0,beat_bar
89178,17,110,32,78,4.588235294117647,beat_bar
89179,11,66,20,46,4.181818181818182,beat_bar
89192,20,120,38,82,4.1,beat_bar
89195,12,76,22,54,4.5,beat_bar
89196,12,64,22,42,3.5,beat_bar
89212,19,118,36,82,4.315789473684211,beat_bar
89350,18,114,34,80,4.444444444444445,beat_bar
89376,21,130,40,90,4.285714285714286,beat_bar
89441,20,114,38,76,3.8,beat_bar
89445,13,74,24,50,3.8461538461538463,beat_bar
89447,13,80,24,56,4.3076923076923075,beat_bar
89456,12,72,22,50,4.166666666666667,beat_bar
89473,13,82,24,58,4.461538461538462,beat_bar
89474,16,94,30,64,4.0,beat_bar
89477,8,46,14,32,4.0,beat_bar
89482,14,82,26,56,4.0,beat_bar
89484,13,76,24,52,4.0,beat_bar
89485,21,132,40,92,4.380952380952381,beat_bar
89486,14,84,26,58,4.142857142857143,beat_bar
89639,12,70,22,48,4.0,beat_bar
89704,19,110,36,74,3.8947368421052633,beat_bar
89814,18,110,34,76,4.222222222222222,beat_bar
89815,18,102,34,68,3.7777777777777777,beat_bar
89816,18,110,34,76,4.222222222222222,beat_bar
89817,15,94,28,66,4.4,beat_bar
89841,22,136,42,94,4.2727272727272725,beat_bar
89843,13,74,24,50,3.8461538461538463,beat_bar
89846,15,92,28,64,4.266666666666667,beat_bar
89847,13,76,24,52,4.0,beat_bar
89848,16,90,30,60,3.75,beat_bar
89857,13,86,24,62,4.769230769230769,beat_bar
89859,16,92,30,62,3.875,beat_bar
89860,12,70,22,48,4.0,beat_bar
89991,9,50,16,34,3.7777777777777777,beat_bar
89992,13,80,24,56,4.3076923076923075,beat_bar
90027,12,74,22,52,4.333333333333333,beat_bar
90074,11,70,20,50,4.545454545454546,beat_bar
90278,13,78,24,54,4.153846153846154,beat_bar
90526,11,62,20,42,3.8181818181818183,beat_bar
90527,17,100,32,68,4.0,beat_bar
90529,16,92,30,62,3.875,beat_bar
90530,19,108,36,72,3.789473684210526,beat_bar
90570,7,36,12,24,3.4285714285714284,beat_bar
90579,14,84,26,58,4.142857142857143,beat_bar
90582,10,56,18,38,3.8,beat_bar
90583,21,124,40,84,4.0,beat_bar
90587,15,92,28,64,4.266666666666667,beat_bar
90589,19,124,36,88,4.631578947368421,beat_bar
90590,12,72,22,50,4.166666666666667,beat_bar
90591,11,62,20,42,3.8181818181818183,beat_bar
90592,19,114,36,78,4.105263157894737,beat_bar
90616,15,90,28,62,4.133333333333334,beat_bar
90617,14,84,26,58,4.142857142857143,beat_bar
90618,19,106,36,70,3.6842105263157894,beat_bar
90625,13,82,24,58,4.461538461538462,beat_bar
90639,14,80,26,54,3.857142857142857,beat_bar
90652,12,66,22,44,3.6666666666666665,beat_bar
90695,18,112,34,78,4.333333333333333,beat_bar
90804,19,114,36,78,4.105263157894737,beat_bar
90824,17,102,32,70,4.117647058823529,beat_bar
90826,10,58,18,40,4.0,fixed_fallback
90828,9,52,16,36,4.0,beat_bar
90982,12,72,22,50,4.166666666666667,beat_bar
90987,16,102,30,72,4.5,beat_bar
90993,16,100,30,70,4.375,beat_bar
91081,16,94,30,64,4.0,beat_bar
91082,16,96,30,66,4.125,beat_bar
91083,17,106,32,74,4.352941176470588,beat_bar
91084,19,114,36,78,4.105263157894737,beat_bar
91085,16,90,30,60,3.75,beat_bar
91086,15,82,28,54,3.6,beat_bar
91087,15,90,28,62,4.133333333333334,beat_bar
91088,16,100,30,70,4.375,beat_bar
91089,18,112,34,78,4.333333333333333,beat_bar
91092,11,60,20,40,3.6363636363636362,beat_bar
91093,11,62,20,42,3.8181818181818183,beat_bar
91098,13,78,24,54,4.153846153846154,beat_bar
91102,14,86,26,60,4.285714285714286,beat_bar
91130,18,110,34,76,4.222222222222222,beat_bar
91157,15,84,28,56,3.7333333333333334,beat_bar
91158,18,118,34,84,4.666666666666667,beat_bar
91159,18,98,34,64,3.5555555555555554,beat_bar
91160,22,132,42,90,4.090909090909091,beat_bar
91161,13,70,24,46,3.5384615384615383,beat_bar
91162,12,66,22,44,3.6666666666666665,beat_bar
91163,9,52,16,36,4.0,beat_bar
91164,9,52,16,36,4.0,beat_bar
91170,12,70,22,48,4.0,beat_bar
91177,17,92,32,60,3.5294117647058822,beat_bar
91178,15,80,28,52,3.466666666666667,beat_bar
91179,18,106,34,72,4.0,beat_bar
91181,11,64,20,44,4.0,beat_bar
91182,13,76,24,52,4.0,beat_bar
91183,17,96,32,64,3.764705882352941,beat_bar
91184,15,82,28,54,3.6,beat_bar
91185,18,98,34,64,3.5555555555555554,beat_bar
91186,18,102,34,68,3.7777777777777777,beat_bar
91187,13,72,24,48,3.6923076923076925,beat_bar
91205,9,52,16,36,4.0,beat_bar
91228,14,82,26,56,4.0,beat_bar
91238,14,78,26,52,3.7142857142857144,beat_bar
91306,16,100,30,70,4.375,beat_bar
91309,11,62,20,42,3.8181818181818183,beat_bar
91312,11,66,20,46,4.181818181818182,beat_bar
91315,12,66,22,44,3.6666666666666665,beat_bar
91317,12,68,22,46,3.8333333333333335,beat_bar
91318,12,72,22,50,4.166666666666667,beat_bar
91319,21,128,40,88,4.190476190476191,beat_bar
91329,16,96,30,66,4.125,beat_bar
91349,19,116,36,80,4.2105263157894735,beat_bar
91443,14,80,26,54,3.857142857142857,beat_bar
91455,17,100,32,68,4.0,beat_bar
91458,16,90,30,60,3.75,beat_bar
91459,21,118,40,78,3.7142857142857144,beat_bar
91468,15,86,28,58,3.8666666666666667,beat_bar
91471,17,96,32,64,3.764705882352941,beat_bar
91619,18,104,34,70,3.888888888888889,beat_bar
91620,9,48,16,32,3.5555555555555554,beat_bar
91621,12,72,22,50,4.166666666666667,beat_bar
91622,11,66,20,46,4.181818181818182,beat_bar
91623,18,104,34,70,3.888888888888889,beat_bar
91624,12,66,22,44,3.6666666666666665,beat_bar
91625,9,54,16,38,4.222222222222222,beat_bar
91755,22,128,42,86,3.909090909090909,beat_bar
91788,14,78,26,52,3.7142857142857144,beat_bar
91790,18,106,34,72,4.0,beat_bar
91791,13,70,24,46,3.5384615384615383,beat_bar
91793,14,82,26,56,4.0,beat_bar
91796,13,72,24,48,3.6923076923076925,beat_bar
91797,17,98,32,66,3.8823529411764706,beat_bar
91851,17,100,32,68,4.0,beat_bar
91868,23,132,44,88,3.8260869565217392,beat_bar
91869,18,100,34,66,3.6666666666666665,beat_bar
91894,11,58,20,38,3.4545454545454546,beat_bar
91897,15,84,28,56,3.7333333333333334,beat_bar
91899,19,118,36,82,4.315789473684211,beat_bar
91900,14,80,26,54,3.857142857142857,beat_bar
91933,22,130,42,88,4.0,beat_bar
91934,17,102,32,70,4.117647058823529,beat_bar
91936,13,74,24,50,3.8461538461538463,beat_bar
91937,16,102,30,72,4.5,beat_bar
91938,20,122,38,84,4.2,beat_bar
91958,16,102,30,72,4.5,beat_bar
91960,18,104,34,70,3.888888888888889,beat_bar
92124,8,44,14,30,3.75,beat_bar
92125,13,78,24,54,4.153846153846154,beat_bar
92129,21,118,40,78,3.7142857142857144,beat_bar
92130,17,104,32,72,4.235294117647059,beat_bar
92131,9,54,16,38,4.222222222222222,beat_bar
92206,16,96,30,66,4.125,beat_bar
92275,12,74,22,52,4.333333333333333,beat_bar
92282,18,108,34,74,4.111111111111111,beat_bar
92283,11,68,20,48,4.363636363636363,beat_bar
92284,17,106,32,74,4.352941176470588,beat_bar
92292,15,90,28,62,4.133333333333334,beat_bar
92366,13,82,24,58,4.461538461538462,beat_bar
92466,15,88,28,60,4.0,beat_bar
92508,10,62,18,44,4.4,fixed_fallback
92535,10,58,18,40,4.0,beat_bar
92536,10,58,18,40,4.0,fixed_fallback
92538,10,60,18,42,4.2,beat_bar
92539,24,144,46,98,4.083333333333333,beat_bar
92540,10,56,18,38,3.8,fixed_fallback
92546,16,94,30,64,4.0,beat_bar
92548,14,88,26,62,4.428571428571429,beat_bar
92549,13,80,24,56,4.3076923076923075,beat_bar
92551,13,72,24,48,3.6923076923076925,beat_bar
92554,12,70,22,48,4.0,beat_bar
92556,14,80,26,54,3.857142857142857,beat_bar
92561,16,90,30,60,3.75,beat_bar
92562,16,94,30,64,4.0,beat_bar
92564,17,96,32,64,3.764705882352941,beat_bar
92565,14,76,26,50,3.5714285714285716,beat_bar
92573,13,76,24,52,4.0,beat_bar
92574,18,120,34,86,4.777777777777778,beat_bar
92868,13,82,24,58,4.461538461538462,beat_bar
92872,14,88,26,62,4.428571428571429,beat_bar
92873,7,36,12,24,3.4285714285714284,beat_bar
92874,15,82,28,54,3.6,beat_bar
92878,12,62,22,40,3.3333333333333335,beat_bar
92881,12,68,22,46,3.8333333333333335,beat_bar
92885,15,94,28,66,4.4,beat_bar
92886,15,92,28,64,4.266666666666667,beat_bar
92887,15,90,28,62,4.133333333333334,beat_bar
92888,15,90,28,62,4.133333333333334,beat_bar
92889,19,110,36,74,3.8947368421052633,beat_bar
92947,16,100,30,70,4.375,beat_bar
92948,23,146,44,102,4.434782608695652,beat_bar
92949,19,110,36,74,3.8947368421052633,beat_bar
92950,16,100,30,70,4.375,beat_bar
92951,15,94,28,66,4.4,beat_bar
92952,15,86,28,58,3.8666666666666667,beat_bar
92953,7,38,12,26,3.7142857142857144,beat_bar
92954,13,74,24,50,3.8461538461538463,beat_bar
92955,18,108,34,74,4.111111111111111,beat_bar
93074,9,52,16,36,4.0,beat_bar
93075,21,124,40,84,4.0,beat_bar
93076,11,62,20,42,3.8181818181818183,beat_bar
93363,15,90,28,62,4.133333333333334,beat_bar
93364,14,92,26,66,4.714285714285714,beat_bar
93518,15,94,28,66,4.4,beat_bar
93519,10,56,18,38,3.8,beat_bar
93520,14,92,26,66,4.714285714285714,beat_bar
93521,12,74,22,52,4.333333333333333,beat_bar
93522,14,86,26,60,4.285714285714286,beat_bar
93523,14,80,26,54,3.857142857142857,beat_bar
93704,15,96,28,68,4.533333333333333,beat_bar
93710,17,104,32,72,4.235294117647059,beat_bar
93712,14,88,26,62,4.428571428571429,beat_bar
93716,19,108,36,72,3.789473684210526,beat_bar
93727,8,46,14,32,4.0,beat_bar
93867,14,80,26,54,3.857142857142857,beat_bar
93868,17,100,32,68,4.0,beat_bar
93915,14,80,26,54,3.857142857142857,beat_bar
93917,11,70,20,50,4.545454545454546,beat_bar
93918,11,60,20,40,3.6363636363636362,beat_bar
93919,16,96,30,66,4.125,beat_bar
93920,14,78,26,52,3.7142857142857144,beat_bar
93921,9,46,16,30,3.3333333333333335,beat_bar
93940,12,70,22,48,4.0,beat_bar
93941,19,106,36,70,3.6842105263157894,beat_bar
93942,13,68,24,44,3.3846153846153846,beat_bar
93943,16,94,30,64,4.0,beat_bar
93944,14,78,26,52,3.7142857142857144,beat_bar
93950,9,50,16,34,3.7777777777777777,beat_bar
93956,13,80,24,56,4.3076923076923075,beat_bar
93981,18,102,34,68,3.7777777777777777,beat_bar
93983,16,88,30,58,3.625,beat_bar
93985,15,84,28,56,3.7333333333333334,beat_bar
93986,8,46,14,32,4.0,beat_bar
94026,10,58,18,40,4.0,fixed_fallback
94033,16,98,30,68,4.25,beat_bar
94034,16,90,30,60,3.75,beat_bar
94035,11,60,20,40,3.6363636363636362,beat_bar
94036,16,92,30,62,3.875,beat_bar
94037,16,96,30,66,4.125,beat_bar
94038,16,90,30,60,3.75,beat_bar
94039,16,92,30,62,3.875,beat_bar
94093,15,90,28,62,4.133333333333334,beat_bar
94099,12,70,22,48,4.0,beat_bar
94101,20,116,38,78,3.9,beat_bar
94102,12,72,22,50,4.166666666666667,beat_bar
94263,18,106,34,72,4.0,beat_bar
94348,12,72,22,50,4.166666666666667,beat_bar
94411,15,84,28,56,3.7333333333333334,beat_bar
94414,14,76,26,50,3.5714285714285716,beat_bar
94415,14,86,26,60,4.285714285714286,beat_bar
94419,22,130,42,88,4.0,beat_bar
94422,9,52,16,36,4.0,beat_bar
94423,12,68,22,46,3.8333333333333335,beat_bar
94426,21,130,40,90,4.285714285714286,beat_bar
94449,18,114,34,80,4.444444444444445,beat_bar
94465,10,54,18,36,3.6,beat_bar
94467,14,82,26,56,4.0,beat_bar
94468,11,62,20,42,3.8181818181818183,beat_bar
94628,14,82,26,56,4.0,beat_bar
94630,12,66,22,44,3.6666666666666665,beat_bar
94631,15,94,28,66,4.4,beat_bar
94632,12,66,22,44,3.6666666666666665,beat_bar
94634,14,86,26,60,4.285714285714286,beat_bar
94635,12,66,22,44,3.6666666666666665,beat_bar
94638,8,46,14,32,4.0,beat_bar
94803,15,80,28,52,3.466666666666667,beat_bar
95189,12,72,22,50,4.166666666666667,beat_bar
95231,22,132,42,90,4.090909090909091,beat_bar
95248,10,60,18,42,4.2,beat_bar
95249,16,94,30,64,4.0,beat_bar
95250,14,86,26,60,4.285714285714286,beat_bar
95251,18,106,34,72,4.0,beat_bar
95308,7,36,12,24,3.4285714285714284,beat_bar
95309,12,74,22,52,4.333333333333333,beat_bar
95310,8,46,14,32,4.0,beat_bar
95452,16,92,30,62,3.875,beat_bar
95486,19,114,36,78,4.105263157894737,beat_bar
95506,17,104,32,72,4.235294117647059,beat_bar
95535,10,58,18,40,4.0,beat_bar
95564,19,116,36,80,4.2105263157894735,beat_bar
95722,13,70,24,46,3.5384615384615383,beat_bar
95724,18,108,34,74,4.111111111111111,beat_bar
95725,18,108,34,74,4.111111111111111,beat_bar
95726,15,92,28,64,4.266666666666667,beat_bar
95727,14,88,26,62,4.428571428571429,beat_bar
95908,16,100,30,70,4.375,beat_bar
95910,17,100,32,68,4.0,beat_bar
95911,10,58,18,40,4.0,beat_bar
95912,19,118,36,82,4.315789473684211,beat_bar
95914,18,104,34,70,3.888888888888889,beat_bar
95915,15,88,28,60,4.0,beat_bar
96166,20,120,38,82,4.1,beat_bar
96167,10,58,18,40,4.0,fixed_fallback
96168,10,56,18,38,3.8,beat_bar
96169,16,94,30,64,4.0,beat_bar
96399,12,74,22,52,4.333333333333333,beat_bar
96400,12,70,22,48,4.0,beat_bar
96401,11,60,20,40,3.6363636363636362,beat_bar
96402,23,136,44,92,4.0,beat_bar
96403,9,50,16,34,3.7777777777777777,beat_bar
96408,14,76,26,50,3.5714285714285716,beat_bar
96560,13,72,24,48,3.6923076923076925,beat_bar
96627,14,82,26,56,4.0,beat_bar
96657,11,60,20,40,3.6363636363636362,beat_bar
96675,23,130,44,86,3.739130434782609,beat_bar
96678,12,66,22,44,3.6666666666666665,beat_bar
96692,14,84,26,58,4.142857142857143,beat_bar
96693,6,30,10,20,3.3333333333333335,beat_bar
96694,16,90,30,60,3.75,beat_bar
96695,9,48,16,32,3.5555555555555554,beat_bar
96696,16,96,30,66,4.125,beat_bar
96697,20,118,38,80,4.0,beat_bar
96698,10,54,18,36,3.6,beat_bar
96699,17,100,32,68,4.0,beat_bar
96718,18,110,34,76,4.222222222222222,beat_bar
96726,12,68,22,46,3.8333333333333335,beat_bar
96728,17,100,32,68,4.0,beat_bar
96729,18,108,34,74,4.111111111111111,beat_bar
96730,18,100,34,66,3.6666666666666665,beat_bar
96731,18,110,34,76,4.222222222222222,beat_bar
96738,15,98,28,70,4.666666666666667,beat_bar
96742,17,106,32,74,4.352941176470588,beat_bar
96743,16,92,30,62,3.875,beat_bar
96759,13,72,24,48,3.6923076923076925,beat_bar
96898,14,84,26,58,4.142857142857143,beat_bar
96900,18,110,34,76,4.222222222222222,beat_bar
96901,20,124,38,86,4.3,beat_bar
96902,20,118,38,80,4.0,beat_bar
96935,12,68,22,46,3.8333333333333335,beat_bar
96936,13,68,24,44,3.3846153846153846,beat_bar
96944,9,54,16,38,4.222222222222222,beat_bar
96945,14,78,26,52,3.7142857142857144,beat_bar
96946,11,58,20,38,3.4545454545454546,beat_bar
97037,10,60,18,42,4.2,beat_bar
97041,18,112,34,78,4.333333333333333,beat_bar
97043,12,66,22,44,3.6666666666666665,beat_bar
97211,18,114,34,80,4.444444444444445,beat_bar
97215,15,100,28,72,4.8,beat_bar
97216,13,78,24,54,4.153846153846154,beat_bar
97279,7,36,12,24,3.4285714285714284,beat_bar
97283,14,82,26,56,4.0,beat_bar
97285,15,84,28,56,3.7333333333333334,beat_bar
97286,13,80,24,56,4.3076923076923075,beat_bar
97373,9,48,16,32,3.5555555555555554,beat_bar
97374,13,84,24,60,4.615384615384615,beat_bar
97393,19,124,36,88,4.631578947368421,beat_bar
97404,10,58,18,40,4.0,fixed_fallback
97406,15,96,28,68,4.533333333333333,beat_bar
97407,15,90,28,62,4.133333333333334,beat_bar
97424,13,74,24,50,3.8461538461538463,beat_bar
97540,16,94,30,64,4.0,beat_bar
97542,8,46,14,32,4.0,beat_bar
97544,14,82,26,56,4.0,beat_bar
97545,10,62,18,44,4.4,beat_bar
97547,16,96,30,66,4.125,beat_bar
97548,21,124,40,84,4.0,beat_bar
97568,11,60,20,40,3.6363636363636362,beat_bar
97569,13,78,24,54,4.153846153846154,beat_bar
97570,15,88,28,60,4.0,beat_bar
97585,17,100,32,68,4.0,beat_bar
97586,14,78,26,52,3.7142857142857144,beat_bar
97587,11,62,20,42,3.8181818181818183,beat_bar
97588,10,58,18,40,4.0,beat_bar
97589,14,80,26,54,3.857142857142857,beat_bar
97590,16,100,30,70,4.375,beat_bar
97690,16,88,30,58,3.625,beat_bar
97691,7,38,12,26,3.7142857142857144,beat_bar
97692,23,136,44,92,4.0,beat_bar
97697,14,84,26,58,4.142857142857143,beat_bar
97793,21,132,40,92,4.380952380952381,beat_bar
97794,12,78,22,56,4.666666666666667,beat_bar
97813,16,92,30,62,3.875,beat_bar
97814,13,74,24,50,3.8461538461538463,beat_bar
97841,11,64,20,44,4.0,beat_bar
97844,10,60,18,42,4.2,beat_bar
97845,20,114,38,76,3.8,beat_bar
97846,13,80,24,56,4.3076923076923075,beat_bar
97847,20,122,38,84,4.2,beat_bar
97848,14,78,26,52,3.7142857142857144,beat_bar
97886,13,82,24,58,4.461538461538462,beat_bar
97887,13,76,24,52,4.0,beat_bar
97894,12,66,22,44,3.6666666666666665,beat_bar
97940,15,88,28,60,4.0,beat_bar
97958,12,70,22,48,4.0,beat_bar
97959,15,88,28,60,4.0,beat_bar
97960,11,66,20,46,4.181818181818182,beat_bar
97961,12,76,22,54,4.5,beat_bar
97962,13,78,24,54,4.153846153846154,beat_bar
97980,11,60,20,40,3.6363636363636362,beat_bar
97986,12,68,22,46,3.8333333333333335,beat_bar
97987,15,84,28,56,3.7333333333333334,beat_bar
97988,11,60,20,40,3.6363636363636362,beat_bar
97989,23,148,44,104,4.521739130434782,beat_bar
98025,19,116,36,80,4.2105263157894735,beat_bar
98026,12,72,22,50,4.166666666666667,beat_bar
98028,16,100,30,70,4.375,beat_bar
98031,17,108,32,76,4.470588235294118,beat_bar
98077,15,86,28,58,3.8666666666666667,beat_bar
98202,16,90,30,60,3.75,beat_bar
98203,16,84,30,54,3.375,beat_bar
98204,16,98,30,68,4.25,beat_bar
98205,20,122,38,84,4.2,beat_bar
98206,15,80,28,52,3.466666666666667,beat_bar
98227,13,86,24,62,4.769230769230769,beat_bar
98228,14,82,26,56,4.0,beat_bar
98229,16,92,30,62,3.875,beat_bar
98235,6,30,10,20,3.3333333333333335,beat_bar
98236,15,90,28,62,4.133333333333334,beat_bar
98237,18,114,34,80,4.444444444444445,beat_bar
98238,15,88,28,60,4.0,beat_bar
98251,13,78,24,54,4.153846153846154,beat_bar
98297,23,142,44,98,4.260869565217392,beat_bar
98298,17,106,32,74,4.352941176470588,beat_bar
98299,15,96,28,68,4.533333333333333,beat_bar
98300,13,82,24,58,4.461538461538462,beat_bar
98301,16,96,30,66,4.125,beat_bar
98302,14,84,26,58,4.142857142857143,beat_bar
98339,18,98,34,64,3.5555555555555554,beat_bar
98346,22,138,42,96,4.363636363636363,beat_bar
98348,15,90,28,62,4.133333333333334,beat_bar
98349,16,94,30,64,4.0,beat_bar
98547,12,66,22,44,3.6666666666666665,beat_bar
98548,17,94,32,62,3.6470588235294117,beat_bar
98549,20,118,38,80,4.0,beat_bar
98550,11,66,20,46,4.181818181818182,beat_bar
98551,11,64,20,44,4.0,beat_bar
98552,12,68,22,46,3.8333333333333335,beat_bar
98553,14,92,26,66,4.714285714285714,beat_bar
98554,8,44,14,30,3.75,beat_bar
98555,14,80,26,54,3.857142857142857,beat_bar
98556,11,66,20,46,4.181818181818182,beat_bar
98557,16,98,30,68,4.25,beat_bar
98573,14,92,26,66,4.714285714285714,beat_bar
98574,20,114,38,76,3.8,beat_bar
98575,11,68,20,48,4.363636363636363,beat_bar
98576,12,78,22,56,4.666666666666667,beat_bar
98577,11,62,20,42,3.8181818181818183,beat_bar
98578,22,134,42,92,4.181818181818182,beat_bar
98579,15,96,28,68,4.533333333333333,beat_bar
98580,18,100,34,66,3.6666666666666665,beat_bar
98581,11,62,20,42,3.8181818181818183,beat_bar
98582,11,64,20,44,4.0,beat_bar
98583,23,150,44,106,4.608695652173913,beat_bar
98584,12,70,22,48,4.0,beat_bar
98585,16,90,30,60,3.75,beat_bar
98613,18,102,34,68,3.7777777777777777,beat_bar
98617,13,70,24,46,3.5384615384615383,beat_bar
98618,10,60,18,42,4.2,beat_bar
98619,13,72,24,48,3.6923076923076925,beat_bar
98620,19,116,36,80,4.2105263157894735,beat_bar
98621,10,54,18,36,3.6,beat_bar
98622,19,118,36,82,4.315789473684211,beat_bar
98623,19,118,36,82,4.315789473684211,beat_bar
98624,13,74,24,50,3.8461538461538463,beat_bar
98625,11,62,20,42,3.8181818181818183,beat_bar
98626,18,106,34,72,4.0,beat_bar
98627,11,70,20,50,4.545454545454546,beat_bar
98628,15,94,28,66,4.4,beat_bar
98655,20,126,38,88,4.4,beat_bar
98656,17,104,32,72,4.235294117647059,beat_bar
98657,14,84,26,58,4.142857142857143,beat_bar
98666,18,106,34,72,4.0,beat_bar
98667,14,84,26,58,4.142857142857143,beat_bar
98668,16,96,30,66,4.125,beat_bar
98669,13,84,24,60,4.615384615384615,beat_bar
98670,15,84,28,56,3.7333333333333334,beat_bar
98671,15,92,28,64,4.266666666666667,beat_bar
98680,17,112,32,80,4.705882352941177,beat_bar
98681,12,70,22,48,4.0,beat_bar
98701,14,86,26,60,4.285714285714286,beat_bar
98770,10,62,18,44,4.4,beat_bar
98838,14,78,26,52,3.7142857142857144,beat_bar
99041,15,90,28,62,4.133333333333334,beat_bar
99093,13,80,24,56,4.3076923076923075,beat_bar
99095,12,76,22,54,4.5,beat_bar
99096,12,76,22,54,4.5,beat_bar
99135,18,112,34,78,4.333333333333333,beat_bar
99214,14,78,26,52,3.7142857142857144,beat_bar
99260,13,72,24,48,3.6923076923076925,beat_bar
99261,13,74,24,50,3.8461538461538463,beat_bar
99274,12,70,22,48,4.0,beat_bar
99311,12,74,22,52,4.333333333333333,beat_bar
99313,15,88,28,60,4.0,beat_bar
99345,20,124,38,86,4.3,beat_bar
99361,14,82,26,56,4.0,beat_bar
99362,13,80,24,56,4.3076923076923075,beat_bar
99363,18,116,34,82,4.555555555555555,beat_bar
99364,15,88,28,60,4.0,beat_bar
99368,16,100,30,70,4.375,beat_bar
99369,13,80,24,56,4.3076923076923075,beat_bar
99370,17,98,32,66,3.8823529411764706,beat_bar
99371,16,94,30,64,4.0,beat_bar
99372,15,88,28,60,4.0,beat_bar
99373,13,72,24,48,3.6923076923076925,beat_bar
99374,15,88,28,60,4.0,beat_bar
99375,12,70,22,48,4.0,beat_bar
99389,19,110,36,74,3.8947368421052633,beat_bar
99390,16,94,30,64,4.0,beat_bar
99391,20,120,38,82,4.1,beat_bar
99392,11,68,20,48,4.363636363636363,beat_bar
99393,9,56,16,40,4.444444444444445,beat_bar
99394,11,70,20,50,4.545454545454546,beat_bar
99395,12,72,22,50,4.166666666666667,beat_bar
99411,13,80,24,56,4.3076923076923075,beat_bar
99419,21,138,40,98,4.666666666666667,beat_bar
99436,15,92,28,64,4.266666666666667,beat_bar
99437,19,114,36,78,4.105263157894737,beat_bar
99438,12,70,22,48,4.0,beat_bar
99439,20,116,38,78,3.9,beat_bar
99440,11,60,20,40,3.6363636363636362,beat_bar
99441,20,132,38,94,4.7,beat_bar
99442,14,86,26,60,4.285714285714286,beat_bar
99501,11,60,20,40,3.6363636363636362,beat_bar
99703,20,124,38,86,4.3,beat_bar
99704,15,90,28,62,4.133333333333334,beat_bar
99707,15,94,28,66,4.4,beat_bar
100478,12,60,22,38,3.1666666666666665,beat_bar
100479,12,68,22,46,3.8333333333333335,beat_bar
100480,13,80,24,56,4.3076923076923075,beat_bar
100497,16,100,30,70,4.375,beat_bar
100522,11,68,20,48,4.363636363636363,beat_bar
100535,12,64,22,42,3.5,beat_bar
100536,14,88,26,62,4.428571428571429,beat_bar
100544,13,82,24,58,4.461538461538462,beat_bar
100549,10,60,18,42,4.2,fixed_fallback
100550,10,62,18,44,4.4,fixed_fallback
100552,12,76,22,54,4.5,beat_bar
100745,14,82,26,56,4.0,beat_bar
100799,16,96,30,66,4.125,beat_bar
100802,9,48,16,32,3.5555555555555554,beat_bar
100835,13,74,24,50,3.8461538461538463,beat_bar
100949,11,62,20,42,3.8181818181818183,beat_bar
100958,11,64,20,44,4.0,beat_bar
100959,11,66,20,46,4.181818181818182,beat_bar
100972,14,88,26,62,4.428571428571429,beat_bar
100973,10,60,18,42,4.2,fixed_fallback
100975,19,110,36,74,3.8947368421052633,beat_bar
100976,11,64,20,44,4.0,beat_bar
101111,11,66,20,46,4.181818181818182,beat_bar
101112,14,82,26,56,4.0,beat_bar
101116,12,68,22,46,3.8333333333333335,beat_bar
101118,13,84,24,60,4.615384615384615,beat_bar
101119,16,88,30,58,3.625,beat_bar
101864,22,132,42,90,4.090909090909091,beat_bar
101868,11,68,20,48,4.363636363636363,beat_bar
101873,14,96,26,70,5.0,beat_bar
101893,15,88,28,60,4.0,beat_bar
101951,18,114,34,80,4.444444444444445,beat_bar
102092,14,78,26,52,3.7142857142857144,beat_bar
102112,14,82,26,56,4.0,beat_bar
102114,15,100,28,72,4.8,beat_bar
102195,17,102,32,70,4.117647058823529,beat_bar
103518,10,58,18,40,4.0,beat_bar
103519,17,102,32,70,4.117647058823529,beat_bar
103520,16,96,30,66,4.125,beat_bar
103521,14,84,26,58,4.142857142857143,beat_bar
103522,19,114,36,78,4.105263157894737,beat_bar
103523,9,50,16,34,3.7777777777777777,beat_bar
103600,12,66,22,44,3.6666666666666665,beat_bar
103800,11,66,20,46,4.181818181818182,beat_bar
103808,14,92,26,66,4.714285714285714,beat_bar
104008,17,108,32,76,4.470588235294118,beat_bar
104009,18,116,34,82,4.555555555555555,beat_bar
104010,13,72,24,48,3.6923076923076925,beat_bar
104062,19,110,36,74,3.8947368421052633,beat_bar
104063,12,66,22,44,3.6666666666666665,beat_bar
104064,17,100,32,68,4.0,beat_bar
104065,13,72,24,48,3.6923076923076925,beat_bar
104066,11,70,20,50,4.545454545454546,beat_bar
104067,12,74,22,52,4.333333333333333,beat_bar
104068,15,96,28,68,4.533333333333333,beat_bar
104086,10,64,18,46,4.6,beat_bar
104227,13,78,24,54,4.153846153846154,beat_bar
104276,22,138,42,96,4.363636363636363,beat_bar
104277,14,88,26,62,4.428571428571429,beat_bar
104278,13,70,24,46,3.5384615384615383,beat_bar
104279,16,94,30,64,4.0,beat_bar
104282,17,100,32,68,4.0,beat_bar
104283,17,98,32,66,3.8823529411764706,beat_bar
104284,17,106,32,74,4.352941176470588,beat_bar
104356,20,120,38,82,4.1,beat_bar
104357,18,114,34,80,4.444444444444445,beat_bar
104434,12,72,22,50,4.166666666666667,beat_bar
104625,14,84,26,58,4.142857142857143,beat_bar
104668,17,94,32,62,3.6470588235294117,beat_bar
104724,16,100,30,70,4.375,beat_bar
104725,14,86,26,60,4.285714285714286,beat_bar
104779,6,30,10,20,3.3333333333333335,beat_bar
104780,14,82,26,56,4.0,beat_bar
105022,14,76,26,50,3.5714285714285716,beat_bar
105119,16,100,30,70,4.375,beat_bar
105141,19,112,36,76,4.0,beat_bar
105142,17,98,32,66,3.8823529411764706,beat_bar
105144,22,126,42,84,3.8181818181818183,beat_bar
105145,15,92,28,64,4.266666666666667,beat_bar
105196,16,100,30,70,4.375,beat_bar
105408,20,132,38,94,4.7,beat_bar
105411,7,40,12,28,4.0,beat_bar
105412,14,88,26,62,4.428571428571429,beat_bar
105413,14,76,26,50,3.5714285714285716,beat_bar
105414,11,68,20,48,4.363636363636363,beat_bar
105443,22,140,42,98,4.454545454545454,beat_bar
105450,11,60,20,40,3.6363636363636362,beat_bar
105451,21,130,40,90,4.285714285714286,beat_bar
105662,19,116,36,80,4.2105263157894735,beat_bar
105664,21,116,40,76,3.619047619047619,beat_bar
105670,17,114,32,82,4.823529411764706,beat_bar
105671,9,54,16,38,4.222222222222222,beat_bar
105672,14,86,26,60,4.285714285714286,beat_bar
105673,10,52,18,34,3.4,fixed_fallback
105674,15,96,28,68,4.533333333333333,beat_bar
105682,17,100,32,68,4.0,beat_bar
105683,15,92,28,64,4.266666666666667,beat_bar
105685,17,104,32,72,4.235294117647059,beat_bar
105712,13,74,24,50,3.8461538461538463,beat_bar
105713,17,104,32,72,4.235294117647059,beat_bar
105714,18,110,34,76,4.222222222222222,beat_bar
105715,17,102,32,70,4.117647058823529,beat_bar
105716,13,74,24,50,3.8461538461538463,beat_bar
105717,20,122,38,84,4.2,beat_bar
105718,14,80,26,54,3.857142857142857,beat_bar
105719,14,78,26,52,3.7142857142857144,beat_bar
105720,16,102,30,72,4.5,beat_bar
105722,6,30,10,20,3.3333333333333335,beat_bar
105824,11,64,20,44,4.0,beat_bar
105825,11,58,20,38,3.4545454545454546,beat_bar
105826,11,64,20,44,4.0,beat_bar
105827,19,122,36,86,4.526315789473684,beat_bar
105887,14,80,26,54,3.857142857142857,beat_bar
105890,15,88,28,60,4.0,beat_bar
105912,16,94,30,64,4.0,beat_bar
105914,11,64,20,44,4.0,beat_bar
105915,16,100,30,70,4.375,beat_bar
105916,16,92,30,62,3.875,beat_bar
105917,21,118,40,78,3.7142857142857144,beat_bar
105918,19,114,36,78,4.105263157894737,beat_bar
105919,11,68,20,48,4.363636363636363,beat_bar
105920,12,72,22,50,4.166666666666667,beat_bar
106274,15,96,28,68,4.533333333333333,beat_bar
106277,18,98,34,64,3.5555555555555554,beat_bar
106339,19,114,36,78,4.105263157894737,beat_bar
106342,14,76,26,50,3.5714285714285716,beat_bar
106343,9,56,16,40,4.444444444444445,beat_bar
106456,17,102,32,70,4.117647058823529,beat_bar
106457,21,122,40,82,3.9047619047619047,beat_bar
106458,11,70,20,50,4.545454545454546,beat_bar
106463,18,108,34,74,4.111111111111111,beat_bar
106465,9,52,16,36,4.0,beat_bar
106502,10,56,18,38,3.8,beat_bar
106522,7,36,12,24,3.4285714285714284,beat_bar
106562,11,64,20,44,4.0,beat_bar
106563,18,112,34,78,4.333333333333333,beat_bar
106564,15,96,28,68,4.533333333333333,beat_bar
106566,20,118,38,80,4.0,beat_bar
106567,15,92,28,64,4.266666666666667,beat_bar
106568,10,58,18,40,4.0,beat_bar
106569,21,124,40,84,4.0,beat_bar
106570,18,108,34,74,4.111111111111111,beat_bar
106571,12,72,22,50,4.166666666666667,beat_bar
106629,7,38,12,26,3.7142857142857144,beat_bar
106872,15,96,28,68,4.533333333333333,beat_bar
106876,10,58,18,40,4.0,beat_bar
106877,10,62,18,44,4.4,beat_bar
106937,9,48,16,32,3.5555555555555554,beat_bar
106948,14,80,26,54,3.857142857142857,beat_bar
106951,15,90,28,62,4.133333333333334,beat_bar
106952,19,124,36,88,4.631578947368421,beat_bar
106953,15,96,28,68,4.533333333333333,beat_bar
106954,18,108,34,74,4.111111111111111,beat_bar
106955,18,108,34,74,4.111111111111111,beat_bar
106956,19,110,36,74,3.8947368421052633,beat_bar
107020,11,70,20,50,4.545454545454546,beat_bar
107021,15,88,28,60,4.0,beat_bar
107025,14,88,26,62,4.428571428571429,beat_bar
107027,11,64,20,44,4.0,beat_bar
107028,11,60,20,40,3.6363636363636362,beat_bar
107029,14,80,26,54,3.857142857142857,beat_bar
107030,19,114,36,78,4.105263157894737,beat_bar
107031,15,92,28,64,4.266666666666667,beat_bar
107046,15,90,28,62,4.133333333333334,beat_bar
107047,15,90,28,62,4.133333333333334,beat_bar
107048,12,70,22,48,4.0,beat_bar
107049,15,90,28,62,4.133333333333334,beat_bar
107050,17,108,32,76,4.470588235294118,beat_bar
107101,7,36,12,24,3.4285714285714284,beat_bar
107125,18,122,34,88,4.888888888888889,beat_bar
107126,21,130,40,90,4.285714285714286,beat_bar
107127,9,54,16,38,4.222222222222222,beat_bar
107128,7,38,12,26,3.7142857142857144,beat_bar
107129,10,64,18,46,4.6,beat_bar
107178,17,102,32,70,4.117647058823529,beat_bar
107179,17,102,32,70,4.117647058823529,beat_bar
107180,17,100,32,68,4.0,beat_bar
107181,18,122,34,88,4.888888888888889,beat_bar
107182,17,98,32,66,3.8823529411764706,beat_bar
107183,17,116,32,84,4.9411764705882355,beat_bar
107184,12,66,22,44,3.6666666666666665,beat_bar
107185,17,98,32,66,3.8823529411764706,beat_bar
107186,17,100,32,68,4.0,beat_bar
107187,17,96,32,64,3.764705882352941,beat_bar
107188,18,110,34,76,4.222222222222222,beat_bar
107189,17,104,32,72,4.235294117647059,beat_bar
107248,17,100,32,68,4.0,beat_bar
107249,15,94,28,66,4.4,beat_bar
107250,15,94,28,66,4.4,beat_bar
107251,18,110,34,76,4.222222222222222,beat_bar
107256,18,110,34,76,4.222222222222222,beat_bar
107257,21,132,40,92,4.380952380952381,beat_bar
107388,16,96,30,66,4.125,beat_bar
107389,11,64,20,44,4.0,beat_bar
107390,13,76,24,52,4.0,beat_bar
107391,15,90,28,62,4.133333333333334,beat_bar
107425,15,86,28,58,3.8666666666666667,beat_bar
107426,15,94,28,66,4.4,beat_bar
107427,15,90,28,62,4.133333333333334,beat_bar
107429,15,90,28,62,4.133333333333334,beat_bar
107432,15,86,28,58,3.8666666666666667,beat_bar
107433,16,94,30,64,4.0,beat_bar
107434,15,84,28,56,3.7333333333333334,beat_bar
107435,18,108,34,74,4.111111111111111,beat_bar
107476,16,98,30,68,4.25,beat_bar
107506,15,86,28,58,3.8666666666666667,beat_bar
107531,16,100,30,70,4.375,beat_bar
107532,8,46,14,32,4.0,beat_bar
107533,12,68,22,46,3.8333333333333335,beat_bar
107534,10,62,18,44,4.4,beat_bar
107567,14,90,26,64,4.571428571428571,beat_bar
107569,10,54,18,36,3.6,beat_bar
107571,15,92,28,64,4.266666666666667,beat_bar
107574,20,124,38,86,4.3,beat_bar
107577,8,48,14,34,4.25,beat_bar
107578,14,78,26,52,3.7142857142857144,beat_bar
107579,19,108,36,72,3.789473684210526,beat_bar
107583,12,64,22,42,3.5,beat_bar
107584,6,30,10,20,3.3333333333333335,beat_bar
107588,13,82,24,58,4.461538461538462,beat_bar
107589,10,58,18,40,4.0,beat_bar
107590,10,56,18,38,3.8,beat_bar
107591,15,90,28,62,4.133333333333334,beat_bar
107592,12,66,22,44,3.6666666666666665,beat_bar
107593,15,90,28,62,4.133333333333334,beat_bar
107594,12,68,22,46,3.8333333333333335,beat_bar
107595,14,90,26,64,4.571428571428571,beat_bar
107596,14,88,26,62,4.428571428571429,beat_bar
107597,20,132,38,94,4.7,beat_bar
107598,16,94,30,64,4.0,beat_bar
107613,15,82,28,54,3.6,beat_bar
107616,17,100,32,68,4.0,beat_bar
107617,12,64,22,42,3.5,beat_bar
107659,11,66,20,46,4.181818181818182,beat_bar
107799,18,100,34,66,3.6666666666666665,beat_bar
107804,12,66,22,44,3.6666666666666665,beat_bar
107805,20,122,38,84,4.2,beat_bar
107809,11,64,20,44,4.0,beat_bar
107810,13,74,24,50,3.8461538461538463,beat_bar
107850,22,138,42,96,4.363636363636363,beat_bar
107851,16,98,30,68,4.25,beat_bar
107852,14,88,26,62,4.428571428571429,beat_bar
107908,14,76,26,50,3.5714285714285716,beat_bar
107909,21,124,40,84,4.0,beat_bar
107910,8,44,14,30,3.75,beat_bar
107911,15,86,28,58,3.8666666666666667,beat_bar
107912,15,86,28,58,3.8666666666666667,beat_bar
107913,12,66,22,44,3.6666666666666665,beat_bar
107949,14,78,26,52,3.7142857142857144,beat_bar
107950,16,90,30,60,3.75,beat_bar
107951,15,94,28,66,4.4,beat_bar
107952,14,86,26,60,4.285714285714286,beat_bar
107953,18,104,34,70,3.888888888888889,beat_bar
107954,15,86,28,58,3.8666666666666667,beat_bar
107955,13,80,24,56,4.3076923076923075,beat_bar
107956,12,68,22,46,3.8333333333333335,beat_bar
107957,14,86,26,60,4.285714285714286,beat_bar
108012,17,102,32,70,4.117647058823529,beat_bar
108014,12,64,22,42,3.5,beat_bar
108015,23,140,44,96,4.173913043478261,beat_bar
108016,15,90,28,62,4.133333333333334,beat_bar
108017,13,78,24,54,4.153846153846154,beat_bar
108018,12,70,22,48,4.0,beat_bar
108019,11,58,20,38,3.4545454545454546,beat_bar
108020,23,138,44,94,4.086956521739131,beat_bar
108021,15,92,28,64,4.266666666666667,beat_bar
108022,11,60,20,40,3.6363636363636362,beat_bar
108023,14,80,26,54,3.857142857142857,beat_bar
108024,16,94,30,64,4.0,beat_bar
108025,12,68,22,46,3.8333333333333335,beat_bar
108026,6,28,10,18,3.0,beat_bar
108027,8,44,14,30,3.75,beat_bar
108031,16,102,30,72,4.5,beat_bar
108036,15,90,28,62,4.133333333333334,beat_bar
108037,10,54,18,36,3.6,beat_bar
108038,18,106,34,72,4.0,beat_bar
108049,12,70,22,48,4.0,beat_bar
108050,18,112,34,78,4.333333333333333,beat_bar
108059,15,102,28,74,4.933333333333334,beat_bar
108060,16,96,30,66,4.125,beat_bar
108079,15,88,28,60,4.0,beat_bar
108155,15,80,28,52,3.466666666666667,beat_bar
108230,13,80,24,56,4.3076923076923075,beat_bar
108290,16,102,30,72,4.5,beat_bar
108297,17,108,32,76,4.470588235294118,beat_bar
108298,13,76,24,52,4.0,beat_bar
108299,15,94,28,66,4.4,beat_bar
108300,10,56,18,38,3.8,beat_bar
108301,9,52,16,36,4.0,beat_bar
108302,15,90,28,62,4.133333333333334,beat_bar
108303,21,124,40,84,4.0,beat_bar
108304,15,96,28,68,4.533333333333333,beat_bar
108305,14,84,26,58,4.142857142857143,beat_bar
108306,16,98,30,68,4.25,beat_bar
108307,17,98,32,66,3.8823529411764706,beat_bar
108308,13,78,24,54,4.153846153846154,beat_bar
108313,17,100,32,68,4.0,beat_bar
108314,16,98,30,68,4.25,beat_bar
108318,18,106,34,72,4.0,beat_bar
108319,16,92,30,62,3.875,beat_bar
108339,10,60,18,42,4.2,beat_bar
108341,12,68,22,46,3.8333333333333335,beat_bar
108342,15,86,28,58,3.8666666666666667,beat_bar
108343,21,128,40,88,4.190476190476191,beat_bar
108415,16,92,30,62,3.875,beat_bar
108416,14,88,26,62,4.428571428571429,beat_bar
108418,11,60,20,40,3.6363636363636362,beat_bar
108420,15,90,28,62,4.133333333333334,beat_bar
108421,16,92,30,62,3.875,beat_bar
108422,12,76,22,54,4.5,beat_bar
108423,15,84,28,56,3.7333333333333334,beat_bar
108425,14,88,26,62,4.428571428571429,beat_bar
108426,13,80,24,56,4.3076923076923075,beat_bar
108427,14,88,26,62,4.428571428571429,beat_bar
108428,13,76,24,52,4.0,beat_bar
108429,15,90,28,62,4.133333333333334,beat_bar
108456,19,114,36,78,4.105263157894737,beat_bar
108457,17,108,32,76,4.470588235294118,beat_bar
108459,14,82,26,56,4.0,beat_bar
108460,19,114,36,78,4.105263157894737,beat_bar
108461,9,50,16,34,3.7777777777777777,beat_bar
108464,22,136,42,94,4.2727272727272725,beat_bar
108471,15,86,28,58,3.8666666666666667,beat_bar
108472,12,70,22,48,4.0,beat_bar
108473,6,30,10,20,3.3333333333333335,beat_bar
108474,16,98,30,68,4.25,beat_bar
108475,12,72,22,50,4.166666666666667,beat_bar
108476,9,54,16,38,4.222222222222222,beat_bar
108477,12,66,22,44,3.6666666666666665,beat_bar
108478,17,100,32,68,4.0,beat_bar
108487,11,62,20,42,3.8181818181818183,beat_bar
108488,20,128,38,90,4.5,beat_bar
108489,12,68,22,46,3.8333333333333335,beat_bar
108490,14,82,26,56,4.0,beat_bar
108491,12,72,22,50,4.166666666666667,beat_bar
108492,14,86,26,60,4.285714285714286,beat_bar
108493,21,132,40,92,4.380952380952381,beat_bar
108494,19,110,36,74,3.8947368421052633,beat_bar
108495,11,62,20,42,3.8181818181818183,beat_bar
108496,17,104,32,72,4.235294117647059,beat_bar
108497,21,136,40,96,4.571428571428571,beat_bar
108498,20,130,38,92,4.6,beat_bar
108499,12,76,22,54,4.5,beat_bar
108500,12,64,22,42,3.5,beat_bar
108501,11,62,20,42,3.8181818181818183,beat_bar
108502,16,104,30,74,4.625,beat_bar
108503,6,30,10,20,3.3333333333333335,beat_bar
108504,17,98,32,66,3.8823529411764706,beat_bar
108505,10,56,18,38,3.8,beat_bar
108524,16,92,30,62,3.875,beat_bar
108525,15,88,28,60,4.0,beat_bar
108526,15,94,28,66,4.4,beat_bar
108527,16,90,30,60,3.75,beat_bar
108528,15,88,28,60,4.0,beat_bar
108529,16,96,30,66,4.125,beat_bar
108530,16,102,30,72,4.5,beat_bar
108531,15,84,28,56,3.7333333333333334,beat_bar
108532,13,76,24,52,4.0,beat_bar
108533,11,62,20,42,3.8181818181818183,beat_bar
108745,13,76,24,52,4.0,beat_bar
108774,12,74,22,52,4.333333333333333,beat_bar
108799,21,126,40,86,4.095238095238095,beat_bar
108808,14,86,26,60,4.285714285714286,beat_bar
108809,14,86,26,60,4.285714285714286,beat_bar
108812,10,58,18,40,4.0,beat_bar
108836,13,64,24,40,3.076923076923077,beat_bar
108837,12,68,22,46,3.8333333333333335,beat_bar
108838,22,124,42,82,3.727272727272727,beat_bar
108839,12,70,22,48,4.0,beat_bar
108840,10,60,18,42,4.2,beat_bar
108841,18,98,34,64,3.5555555555555554,beat_bar
108842,22,130,42,88,4.0,beat_bar
108843,11,68,20,48,4.363636363636363,beat_bar
108845,12,70,22,48,4.0,beat_bar
108846,11,66,20,46,4.181818181818182,beat_bar
108847,11,62,20,42,3.8181818181818183,beat_bar
108863,10,56,18,38,3.8,fixed_fallback
108864,17,92,32,60,3.5294117647058822,beat_bar
108865,15,98,28,70,4.666666666666667,beat_bar
108866,12,70,22,48,4.0,beat_bar
108867,23,144,44,100,4.3478260869565215,beat_bar
108868,23,136,44,92,4.0,beat_bar
108878,17,106,32,74,4.352941176470588,beat_bar
108879,20,118,38,80,4.0,beat_bar
108880,17,96,32,64,3.764705882352941,beat_bar
108881,10,56,18,38,3.8,beat_bar
108882,13,78,24,54,4.153846153846154,beat_bar
108883,14,78,26,52,3.7142857142857144,beat_bar
108884,10,58,18,40,4.0,beat_bar
108885,10,62,18,44,4.4,fixed_fallback
108906,15,84,28,56,3.7333333333333334,beat_bar
108957,9,52,16,36,4.0,beat_bar
108961,10,58,18,40,4.0,beat_bar
108962,17,90,32,58,3.411764705882353,beat_bar
108967,12,68,22,46,3.8333333333333335,beat_bar
108968,13,80,24,56,4.3076923076923075,beat_bar
108969,14,80,26,54,3.857142857142857,beat_bar
108970,14,92,26,66,4.714285714285714,beat_bar
108992,9,48,16,32,3.5555555555555554,beat_bar
109068,17,102,32,70,4.117647058823529,beat_bar
109071,18,106,34,72,4.0,beat_bar
109072,11,66,20,46,4.181818181818182,beat_bar
109106,14,82,26,56,4.0,beat_bar
109144,11,62,20,42,3.8181818181818183,beat_bar
109189,10,60,18,42,4.2,beat_bar
109191,9,50,16,34,3.7777777777777777,beat_bar
109203,19,116,36,80,4.2105263157894735,beat_bar
109235,12,62,22,40,3.3333333333333335,beat_bar
109276,20,118,38,80,4.0,beat_bar
109349,10,60,18,42,4.2,beat_bar
109350,15,86,28,58,3.8666666666666667,beat_bar
109355,10,58,18,40,4.0,beat_bar
109356,15,90,28,62,4.133333333333334,beat_bar
109357,12,72,22,50,4.166666666666667,beat_bar
109445,9,46,16,30,3.3333333333333335,beat_bar
109446,15,90,28,62,4.133333333333334,beat_bar
109447,9,52,16,36,4.0,beat_bar
109448,16,106,30,76,4.75,beat_bar
109449,16,88,30,58,3.625,beat_bar
109450,16,96,30,66,4.125,beat_bar
109468,20,118,38,80,4.0,beat_bar
109480,14,84,26,58,4.142857142857143,beat_bar
109481,9,54,16,38,4.222222222222222,beat_bar
109497,9,52,16,36,4.0,beat_bar
109535,14,78,26,52,3.7142857142857144,beat_bar
109537,10,56,18,38,3.8,beat_bar
109538,16,104,30,74,4.625,beat_bar
109542,16,94,30,64,4.0,beat_bar
109543,17,104,32,72,4.235294117647059,beat_bar
109548,13,76,24,52,4.0,beat_bar
109670,11,64,20,44,4.0,beat_bar
109681,12,68,22,46,3.8333333333333335,beat_bar
109684,10,58,18,40,4.0,beat_bar
109685,14,80,26,54,3.857142857142857,beat_bar
109686,11,60,20,40,3.6363636363636362,beat_bar
109687,21,128,40,88,4.190476190476191,beat_bar
109711,19,116,36,80,4.2105263157894735,beat_bar
109712,6,30,10,20,3.3333333333333335,beat_bar
109896,12,68,22,46,3.8333333333333335,beat_bar
109900,16,90,30,60,3.75,beat_bar
109901,15,92,28,64,4.266666666666667,beat_bar
109902,15,88,28,60,4.0,beat_bar
109903,17,104,32,72,4.235294117647059,beat_bar
109904,14,74,26,48,3.4285714285714284,beat_bar
109905,14,86,26,60,4.285714285714286,beat_bar
109906,14,80,26,54,3.857142857142857,beat_bar
109925,14,82,26,56,4.0,beat_bar
109957,11,60,20,40,3.6363636363636362,beat_bar
109958,11,64,20,44,4.0,beat_bar
109960,14,82,26,56,4.0,beat_bar
109962,16,96,30,66,4.125,beat_bar
109963,12,70,22,48,4.0,beat_bar
109971,17,96,32,64,3.764705882352941,beat_bar
109972,10,58,18,40,4.0,beat_bar
109973,14,80,26,54,3.857142857142857,beat_bar
109974,13,72,24,48,3.6923076923076925,beat_bar
109975,10,56,18,38,3.8,fixed_fallback
109976,12,68,22,46,3.8333333333333335,beat_bar
109977,11,68,20,48,4.363636363636363,beat_bar
109978,16,98,30,68,4.25,beat_bar
110070,13,82,24,58,4.461538461538462,beat_bar
110082,12,76,22,54,4.5,beat_bar
110084,12,76,22,54,4.5,beat_bar
110085,18,106,34,72,4.0,beat_bar
110086,11,68,20,48,4.363636363636363,beat_bar
110102,20,120,38,82,4.1,beat_bar
110103,10,56,18,38,3.8,beat_bar
110104,11,66,20,46,4.181818181818182,beat_bar
110105,13,76,24,52,4.0,beat_bar
110106,7,38,12,26,3.7142857142857144,beat_bar
110107,22,130,42,88,4.0,beat_bar
110108,15,84,28,56,3.7333333333333334,beat_bar
110109,16,96,30,66,4.125,beat_bar
110110,16,96,30,66,4.125,beat_bar
110111,11,64,20,44,4.0,beat_bar
110166,10,60,18,42,4.2,beat_bar
110167,20,120,38,82,4.1,beat_bar
110171,13,78,24,54,4.153846153846154,beat_bar
110172,13,82,24,58,4.461538461538462,beat_bar
110204,18,108,34,74,4.111111111111111,beat_bar
110205,16,94,30,64,4.0,beat_bar
110206,16,86,30,56,3.5,beat_bar
110207,15,92,28,64,4.266666666666667,beat_bar
110208,19,112,36,76,4.0,beat_bar
110209,12,72,22,50,4.166666666666667,beat_bar
110230,15,96,28,68,4.533333333333333,beat_bar
110259,21,132,40,92,4.380952380952381,beat_bar
110260,21,124,40,84,4.0,beat_bar
110261,16,92,30,62,3.875,beat_bar
110262,16,96,30,66,4.125,beat_bar
110263,17,106,32,74,4.352941176470588,beat_bar
110264,13,82,24,58,4.461538461538462,beat_bar
110265,13,76,24,52,4.0,beat_bar
110266,13,74,24,50,3.8461538461538463,beat_bar
110267,23,136,44,92,4.0,beat_bar
110274,20,122,38,84,4.2,beat_bar
110384,13,74,24,50,3.8461538461538463,beat_bar
110410,13,74,24,50,3.8461538461538463,beat_bar
110417,12,66,22,44,3.6666666666666665,beat_bar
110436,22,140,42,98,4.454545454545454,beat_bar
110437,11,62,20,42,3.8181818181818183,beat_bar
110438,11,62,20,42,3.8181818181818183,beat_bar
110439,22,128,42,86,3.909090909090909,beat_bar
110440,11,68,20,48,4.363636363636363,beat_bar
110441,12,70,22,48,4.0,beat_bar
110447,17,104,32,72,4.235294117647059,beat_bar
110448,11,66,20,46,4.181818181818182,beat_bar
110449,16,98,30,68,4.25,beat_bar
110450,18,112,34,78,4.333333333333333,beat_bar
110451,12,62,22,40,3.3333333333333335,beat_bar
110452,11,64,20,44,4.0,beat_bar
110546,17,102,32,70,4.117647058823529,beat_bar
110610,10,60,18,42,4.2,beat_bar
110611,15,94,28,66,4.4,beat_bar
110623,13,76,24,52,4.0,beat_bar
110629,8,46,14,32,4.0,beat_bar
110630,19,124,36,88,4.631578947368421,beat_bar
110634,15,94,28,66,4.4,beat_bar
110636,19,112,36,76,4.0,beat_bar
110637,18,106,34,72,4.0,beat_bar
110647,13,66,24,42,3.230769230769231,beat_bar
110648,14,84,26,58,4.142857142857143,beat_bar
110649,13,86,24,62,4.769230769230769,beat_bar
110650,13,72,24,48,3.6923076923076925,beat_bar
110651,15,96,28,68,4.533333333333333,beat_bar
110652,18,106,34,72,4.0,beat_bar
110653,13,82,24,58,4.461538461538462,beat_bar
110654,13,78,24,54,4.153846153846154,beat_bar
110681,18,98,34,64,3.5555555555555554,beat_bar
110684,14,78,26,52,3.7142857142857144,beat_bar
110687,23,140,44,96,4.173913043478261,beat_bar
110688,22,132,42,90,4.090909090909091,beat_bar
110689,12,66,22,44,3.6666666666666665,beat_bar
110690,12,70,22,48,4.0,beat_bar
110691,16,94,30,64,4.0,beat_bar
110711,12,74,22,52,4.333333333333333,beat_bar
110735,11,62,20,42,3.8181818181818183,beat_bar
110736,10,62,18,44,4.4,fixed_fallback
110743,12,70,22,48,4.0,beat_bar
110744,12,72,22,50,4.166666666666667,beat_bar
110756,13,76,24,52,4.0,beat_bar
110764,12,72,22,50,4.166666666666667,beat_bar
110765,13,80,24,56,4.3076923076923075,beat_bar
110768,12,74,22,52,4.333333333333333,beat_bar
110771,12,72,22,50,4.166666666666667,beat_bar
110772,13,86,24,62,4.769230769230769,beat_bar
110774,12,70,22,48,4.0,beat_bar
110775,11,64,20,44,4.0,beat_bar
110776,14,76,26,50,3.5714285714285716,beat_bar
110777,12,72,22,50,4.166666666666667,beat_bar
110778,12,74,22,52,4.333333333333333,beat_bar
110779,12,66,22,44,3.6666666666666665,beat_bar
110923,11,66,20,46,4.181818181818182,beat_bar
110927,16,96,30,66,4.125,beat_bar
110928,9,50,16,34,3.7777777777777777,beat_bar
110980,16,94,30,64,4.0,beat_bar
110982,15,86,28,58,3.8666666666666667,beat_bar
110983,10,60,18,42,4.2,beat_bar
110985,15,92,28,64,4.266666666666667,beat_bar
111015,14,84,26,58,4.142857142857143,beat_bar
111146,20,116,38,78,3.9,beat_bar
111147,10,56,18,38,3.8,beat_bar
111148,8,46,14,32,4.0,beat_bar
111149,10,54,18,36,3.6,beat_bar
111150,15,88,28,60,4.0,beat_bar
111151,21,120,40,80,3.8095238095238093,beat_bar
111153,18,102,34,68,3.7777777777777777,beat_bar
111154,17,108,32,76,4.470588235294118,beat_bar
111182,24,138,46,92,3.8333333333333335,beat_bar
111186,11,64,20,44,4.0,beat_bar
111187,21,128,40,88,4.190476190476191,beat_bar
111188,20,116,38,78,3.9,beat_bar
111216,16,106,30,76,4.75,beat_bar
111220,14,86,26,60,4.285714285714286,beat_bar
111221,7,36,12,24,3.4285714285714284,beat_bar
111222,10,58,18,40,4.0,fixed_fallback
111223,16,92,30,62,3.875,beat_bar
111224,17,98,32,66,3.8823529411764706,beat_bar
111225,15,86,28,58,3.8666666666666667,beat_bar
111226,14,80,26,54,3.857142857142857,beat_bar
111227,20,116,38,78,3.9,beat_bar
111228,14,82,26,56,4.0,beat_bar
111229,7,36,12,24,3.4285714285714284,beat_bar
111230,15,90,28,62,4.133333333333334,beat_bar
111306,20,112,38,74,3.7,beat_bar
111311,13,78,24,54,4.153846153846154,beat_bar
111335,19,120,36,84,4.421052631578948,beat_bar
111367,12,68,22,46,3.8333333333333335,beat_bar
111368,17,98,32,66,3.8823529411764706,beat_bar
111371,9,52,16,36,4.0,beat_bar
111372,11,64,20,44,4.0,beat_bar
111375,8,48,14,34,4.25,beat_bar
111376,12,70,22,48,4.0,beat_bar
111377,13,78,24,54,4.153846153846154,beat_bar
111378,12,72,22,50,4.166666666666667,beat_bar
111379,14,86,26,60,4.285714285714286,beat_bar
111382,12,68,22,46,3.8333333333333335,beat_bar
111385,8,44,14,30,3.75,beat_bar
111386,16,96,30,66,4.125,beat_bar
111387,15,92,28,64,4.266666666666667,beat_bar
111388,18,106,34,72,4.0,beat_bar
111389,11,64,20,44,4.0,beat_bar
111390,15,86,28,58,3.8666666666666667,beat_bar
111391,15,90,28,62,4.133333333333334,beat_bar
111392,22,146,42,104,4.7272727272727275,beat_bar
111393,13,78,24,54,4.153846153846154,beat_bar
111394,19,112,36,76,4.0,beat_bar
111395,15,96,28,68,4.533333333333333,beat_bar
111396,7,36,12,24,3.4285714285714284,beat_bar
111397,16,94,30,64,4.0,beat_bar
111398,9,50,16,34,3.7777777777777777,beat_bar
111399,15,86,28,58,3.8666666666666667,beat_bar
111400,13,74,24,50,3.8461538461538463,beat_bar
111401,15,94,28,66,4.4,beat_bar
111402,17,106,32,74,4.352941176470588,beat_bar
111413,11,66,20,46,4.181818181818182,beat_bar
111416,17,110,32,78,4.588235294117647,beat_bar
111460,13,76,24,52,4.0,beat_bar
111579,23,146,44,102,4.434782608695652,beat_bar
111658,20,112,38,74,3.7,beat_bar
111747,16,106,30,76,4.75,beat_bar
111793,13,76,24,52,4.0,beat_bar
111819,15,86,28,58,3.8666666666666667,beat_bar
111871,10,56,18,38,3.8,fixed_fallback
111872,9,50,16,34,3.7777777777777777,beat_bar
111873,11,58,20,38,3.4545454545454546,beat_bar
111911,24,144,46,98,4.083333333333333,beat_bar
111933,13,74,24,50,3.8461538461538463,beat_bar
111934,18,108,34,74,4.111111111111111,beat_bar
111935,17,96,32,64,3.764705882352941,beat_bar
111936,8,40,14,26,3.25,beat_bar
111937,18,106,34,72,4.0,beat_bar
111938,18,112,34,78,4.333333333333333,beat_bar
111974,11,62,20,42,3.8181818181818183,beat_bar
111982,12,70,22,48,4.0,beat_bar
111994,17,98,32,66,3.8823529411764706,beat_bar
112000,16,92,30,62,3.875,beat_bar
112001,11,66,20,46,4.181818181818182,beat_bar
112020,13,76,24,52,4.0,beat_bar
112065,20,128,38,90,4.5,beat_bar
112066,14,76,26,50,3.5714285714285716,beat_bar
112088,17,106,32,74,4.352941176470588,beat_bar
112133,17,100,32,68,4.0,beat_bar
112196,10,56,18,38,3.8,beat_bar
112197,20,118,38,80,4.0,beat_bar
112198,15,90,28,62,4.133333333333334,beat_bar
112199,17,96,32,64,3.764705882352941,beat_bar
112209,14,84,26,58,4.142857142857143,beat_bar
112210,12,66,22,44,3.6666666666666665,beat_bar
112211,15,86,28,58,3.8666666666666667,beat_bar
112215,12,74,22,52,4.333333333333333,beat_bar
112252,20,116,38,78,3.9,beat_bar
112314,12,66,22,44,3.6666666666666665,beat_bar
112315,14,78,26,52,3.7142857142857144,beat_bar
112316,18,108,34,74,4.111111111111111,beat_bar
112317,11,66,20,46,4.181818181818182,beat_bar
112318,17,104,32,72,4.235294117647059,beat_bar
112468,11,68,20,48,4.363636363636363,beat_bar
112481,8,48,14,34,4.25,beat_bar
112483,18,100,34,66,3.6666666666666665,beat_bar
112484,13,78,24,54,4.153846153846154,beat_bar
112485,12,80,22,58,4.833333333333333,beat_bar
112486,24,140,46,94,3.9166666666666665,beat_bar
112487,12,68,22,46,3.8333333333333335,beat_bar
112488,10,60,18,42,4.2,beat_bar
112490,17,102,32,70,4.117647058823529,beat_bar
112526,13,80,24,56,4.3076923076923075,beat_bar
112527,11,66,20,46,4.181818181818182,beat_bar
112528,10,60,18,42,4.2,fixed_fallback
112529,16,96,30,66,4.125,beat_bar
112583,13,74,24,50,3.8461538461538463,beat_bar
112584,11,60,20,40,3.6363636363636362,beat_bar
112585,14,90,26,64,4.571428571428571,beat_bar
112586,12,76,22,54,4.5,beat_bar
112587,19,114,36,78,4.105263157894737,beat_bar
112588,19,114,36,78,4.105263157894737,beat_bar
112668,8,48,14,34,4.25,beat_bar
112733,15,90,28,62,4.133333333333334,beat_bar
112734,20,114,38,76,3.8,beat_bar
112735,10,58,18,40,4.0,beat_bar
112767,13,76,24,52,4.0,beat_bar
112768,14,84,26,58,4.142857142857143,beat_bar
112769,18,118,34,84,4.666666666666667,beat_bar
112770,20,114,38,76,3.8,beat_bar
112780,19,120,36,84,4.421052631578948,beat_bar
112781,12,74,22,52,4.333333333333333,beat_bar
112785,17,90,32,58,3.411764705882353,beat_bar
112788,16,94,30,64,4.0,beat_bar
112789,22,128,42,86,3.909090909090909,beat_bar
112790,13,76,24,52,4.0,beat_bar
112821,13,82,24,58,4.461538461538462,beat_bar
112975,19,118,36,82,4.315789473684211,beat_bar
112976,13,82,24,58,4.461538461538462,beat_bar
112977,22,134,42,92,4.181818181818182,beat_bar
112978,14,78,26,52,3.7142857142857144,beat_bar
113016,19,126,36,90,4.7368421052631575,beat_bar
113017,13,84,24,60,4.615384615384615,beat_bar
113018,12,64,22,42,3.5,beat_bar
113019,10,56,18,38,3.8,beat_bar
113020,11,70,20,50,4.545454545454546,beat_bar
113021,10,54,18,36,3.6,beat_bar
113022,10,56,18,38,3.8,fixed_fallback
113023,14,84,26,58,4.142857142857143,beat_bar
113024,9,52,16,36,4.0,beat_bar
113025,14,86,26,60,4.285714285714286,beat_bar
113026,12,76,22,54,4.5,beat_bar
113027,12,68,22,46,3.8333333333333335,beat_bar
113028,14,88,26,62,4.428571428571429,beat_bar
113030,19,112,36,76,4.0,beat_bar
113031,12,68,22,46,3.8333333333333335,beat_bar
113032,12,74,22,52,4.333333333333333,beat_bar
113033,12,70,22,48,4.0,beat_bar
113034,20,116,38,78,3.9,beat_bar
113035,11,70,20,50,4.545454545454546,beat_bar
113036,10,62,18,44,4.4,beat_bar
113037,18,112,34,78,4.333333333333333,beat_bar
113063,22,138,42,96,4.363636363636363,beat_bar
113110,6,30,10,20,3.3333333333333335,beat_bar
113164,11,62,20,42,3.8181818181818183,beat_bar
113165,12,74,22,52,4.333333333333333,beat_bar
113166,15,84,28,56,3.7333333333333334,beat_bar
113167,15,82,28,54,3.6,beat_bar
113203,12,74,22,52,4.333333333333333,beat_bar
113259,14,82,26,56,4.0,beat_bar
113260,13,78,24,54,4.153846153846154,beat_bar
113261,11,68,20,48,4.363636363636363,beat_bar
113262,13,68,24,44,3.3846153846153846,beat_bar
113263,15,80,28,52,3.466666666666667,beat_bar
113264,11,68,20,48,4.363636363636363,beat_bar
113265,14,84,26,58,4.142857142857143,beat_bar
113266,11,62,20,42,3.8181818181818183,beat_bar
113267,20,120,38,82,4.1,beat_bar
113268,14,80,26,54,3.857142857142857,beat_bar
113269,11,64,20,44,4.0,beat_bar
113270,12,72,22,50,4.166666666666667,beat_bar
113271,15,94,28,66,4.4,beat_bar
113272,16,96,30,66,4.125,beat_bar
113273,20,120,38,82,4.1,beat_bar
113274,13,80,24,56,4.3076923076923075,beat_bar
113275,10,56,18,38,3.8,beat_bar
113276,11,64,20,44,4.0,beat_bar
113277,10,58,18,40,4.0,beat_bar
113278,15,90,28,62,4.133333333333334,beat_bar
113279,11,66,20,46,4.181818181818182,beat_bar
113280,16,94,30,64,4.0,beat_bar
113281,14,86,26,60,4.285714285714286,beat_bar
113282,10,64,18,46,4.6,beat_bar
113284,16,92,30,62,3.875,beat_bar
113294,13,76,24,52,4.0,beat_bar
113303,19,118,36,82,4.315789473684211,beat_bar
113304,17,114,32,82,4.823529411764706,beat_bar
113305,17,102,32,70,4.117647058823529,beat_bar
113311,14,84,26,58,4.142857142857143,beat_bar
113334,19,112,36,76,4.0,beat_bar
113335,8,44,14,30,3.75,beat_bar
113336,19,110,36,74,3.8947368421052633,beat_bar
113342,19,114,36,78,4.105263157894737,beat_bar
113343,18,104,34,70,3.888888888888889,beat_bar
113344,18,96,34,62,3.4444444444444446,beat_bar
113357,17,94,32,62,3.6470588235294117,beat_bar
113359,10,56,18,38,3.8,beat_bar
113360,10,58,18,40,4.0,beat_bar
113453,16,90,30,60,3.75,beat_bar
113511,10,58,18,40,4.0,beat_bar
113512,13,80,24,56,4.3076923076923075,beat_bar
113513,13,74,24,50,3.8461538461538463,beat_bar
113530,19,122,36,86,4.526315789473684,beat_bar
113558,14,84,26,58,4.142857142857143,beat_bar
113564,10,62,18,44,4.4,beat_bar
113574,18,108,34,74,4.111111111111111,beat_bar
113696,16,102,30,72,4.5,beat_bar
113697,14,84,26,58,4.142857142857143,beat_bar
113698,21,134,40,94,4.476190476190476,beat_bar
113699,15,92,28,64,4.266666666666667,beat_bar
113700,11,68,20,48,4.363636363636363,beat_bar
113701,15,88,28,60,4.0,beat_bar
113702,10,60,18,42,4.2,beat_bar
113787,10,52,18,34,3.4,beat_bar
113788,10,58,18,40,4.0,beat_bar
113789,13,74,24,50,3.8461538461538463,beat_bar
113790,17,108,32,76,4.470588235294118,beat_bar
113808,12,70,22,48,4.0,beat_bar
113809,12,70,22,48,4.0,beat_bar
113810,11,60,20,40,3.6363636363636362,beat_bar
113822,13,74,24,50,3.8461538461538463,beat_bar
113932,16,90,30,60,3.75,beat_bar
113933,14,80,26,54,3.857142857142857,beat_bar
113934,19,116,36,80,4.2105263157894735,beat_bar
113935,16,90,30,60,3.75,beat_bar
113946,14,82,26,56,4.0,beat_bar
113949,14,76,26,50,3.5714285714285716,beat_bar
113950,18,102,34,68,3.7777777777777777,beat_bar
113969,19,110,36,74,3.8947368421052633,beat_bar
113970,12,62,22,40,3.3333333333333335,beat_bar
113971,15,90,28,62,4.133333333333334,beat_bar
113972,17,92,32,60,3.5294117647058822,beat_bar
113973,12,66,22,44,3.6666666666666665,beat_bar
114006,14,82,26,56,4.0,beat_bar
114007,14,76,26,50,3.5714285714285716,beat_bar
114036,20,120,38,82,4.1,beat_bar
114037,20,112,38,74,3.7,beat_bar
114040,21,124,40,84,4.0,beat_bar
114041,20,110,38,72,3.6,beat_bar
114042,11,60,20,40,3.6363636363636362,beat_bar
114044,11,68,20,48,4.363636363636363,beat_bar
114045,11,60,20,40,3.6363636363636362,beat_bar
114047,20,124,38,86,4.3,beat_bar
114048,21,124,40,84,4.0,beat_bar
114049,10,54,18,36,3.6,beat_bar
114050,10,60,18,42,4.2,beat_bar
114051,9,52,16,36,4.0,beat_bar
114061,16,90,30,60,3.75,beat_bar
114062,16,92,30,62,3.875,beat_bar
114063,16,92,30,62,3.875,beat_bar
114064,9,52,16,36,4.0,beat_bar
114065,15,84,28,56,3.7333333333333334,beat_bar
114066,16,94,30,64,4.0,beat_bar
114067,15,80,28,52,3.466666666666667,beat_bar
114069,7,36,12,24,3.4285714285714284,beat_bar
114070,11,62,20,42,3.8181818181818183,beat_bar
114072,12,74,22,52,4.333333333333333,beat_bar
114073,13,80,24,56,4.3076923076923075,beat_bar
114074,17,100,32,68,4.0,beat_bar
114076,17,96,32,64,3.764705882352941,beat_bar
114077,10,62,18,44,4.4,beat_bar
114198,11,66,20,46,4.181818181818182,beat_bar
114199,9,52,16,36,4.0,beat_bar
114200,15,86,28,58,3.8666666666666667,beat_bar
114201,15,92,28,64,4.266666666666667,beat_bar
114212,13,80,24,56,4.3076923076923075,beat_bar
114222,7,36,12,24,3.4285714285714284,beat_bar
114223,14,80,26,54,3.857142857142857,beat_bar
114231,13,76,24,52,4.0,beat_bar
114232,10,58,18,40,4.0,beat_bar
114233,13,76,24,52,4.0,beat_bar
114234,16,94,30,64,4.0,beat_bar
114235,13,82,24,58,4.461538461538462,beat_bar
114236,14,84,26,58,4.142857142857143,beat_bar
114237,14,82,26,56,4.0,beat_bar
114238,17,104,32,72,4.235294117647059,beat_bar
114239,13,82,24,58,4.461538461538462,beat_bar
114242,15,88,28,60,4.0,beat_bar
114245,9,52,16,36,4.0,beat_bar
114265,11,58,20,38,3.4545454545454546,beat_bar
114266,11,66,20,46,4.181818181818182,beat_bar
114268,12,72,22,50,4.166666666666667,beat_bar
114272,21,120,40,80,3.8095238095238093,beat_bar
114274,11,62,20,42,3.8181818181818183,beat_bar
114275,18,108,34,74,4.111111111111111,beat_bar
114279,16,90,30,60,3.75,beat_bar
114282,13,70,24,46,3.5384615384615383,beat_bar
114283,16,98,30,68,4.25,beat_bar
114289,15,84,28,56,3.7333333333333334,beat_bar
114290,15,90,28,62,4.133333333333334,beat_bar
114291,11,68,20,48,4.363636363636363,beat_bar
114292,16,90,30,60,3.75,beat_bar
114293,15,94,28,66,4.4,beat_bar
114294,15,88,28,60,4.0,beat_bar
114295,14,78,26,52,3.7142857142857144,beat_bar
114296,16,90,30,60,3.75,beat_bar
114297,16,102,30,72,4.5,beat_bar
114298,19,112,36,76,4.0,beat_bar
114371,19,106,36,70,3.6842105263157894,beat_bar
114372,18,102,34,68,3.7777777777777777,beat_bar
114373,10,54,18,36,3.6,beat_bar
114374,15,88,28,60,4.0,beat_bar
114375,14,88,26,62,4.428571428571429,beat_bar
114384,13,88,24,64,4.923076923076923,beat_bar
114385,12,70,22,48,4.0,beat_bar
114386,9,50,16,34,3.7777777777777777,beat_bar
114387,7,40,12,28,4.0,beat_bar
114388,9,50,16,34,3.7777777777777777,beat_bar
114389,8,46,14,32,4.0,beat_bar
114390,9,54,16,38,4.222222222222222,beat_bar
114391,12,74,22,52,4.333333333333333,beat_bar
114392,14,74,26,48,3.4285714285714284,beat_bar
114393,17,110,32,78,4.588235294117647,beat_bar
114395,21,130,40,90,4.285714285714286,beat_bar
114396,10,58,18,40,4.0,beat_bar
114397,19,116,36,80,4.2105263157894735,beat_bar
114398,15,92,28,64,4.266666666666667,beat_bar
114399,15,86,28,58,3.8666666666666667,beat_bar
114400,10,54,18,36,3.6,fixed_fallback
114401,12,72,22,50,4.166666666666667,beat_bar
114402,9,52,16,36,4.0,beat_bar
114403,12,76,22,54,4.5,beat_bar
114404,9,50,16,34,3.7777777777777777,beat_bar
114405,15,86,28,58,3.8666666666666667,beat_bar
114406,9,48,16,32,3.5555555555555554,beat_bar
114408,13,80,24,56,4.3076923076923075,beat_bar
114409,14,76,26,50,3.5714285714285716,beat_bar
114410,13,84,24,60,4.615384615384615,beat_bar
114411,13,84,24,60,4.615384615384615,beat_bar
114412,16,94,30,64,4.0,beat_bar
114413,13,72,24,48,3.6923076923076925,beat_bar
114414,15,90,28,62,4.133333333333334,beat_bar
114415,17,100,32,68,4.0,beat_bar
114416,15,90,28,62,4.133333333333334,beat_bar
114430,9,52,16,36,4.0,beat_bar
114532,8,44,14,30,3.75,beat_bar
114533,8,46,14,32,4.0,beat_bar
114534,14,82,26,56,4.0,beat_bar
114535,19,120,36,84,4.421052631578948,beat_bar
114536,13,78,24,54,4.153846153846154,beat_bar
114538,14,88,26,62,4.428571428571429,beat_bar
114539,20,124,38,86,4.3,beat_bar
114541,19,118,36,82,4.315789473684211,beat_bar
114544,16,96,30,66,4.125,beat_bar
114545,15,86,28,58,3.8666666666666667,beat_bar
114556,15,86,28,58,3.8666666666666667,beat_bar
114558,16,94,30,64,4.0,beat_bar
114559,15,90,28,62,4.133333333333334,beat_bar
114879,15,98,28,70,4.666666666666667,beat_bar
114880,10,60,18,42,4.2,beat_bar
114884,20,112,38,74,3.7,beat_bar
114936,17,100,32,68,4.0,beat_bar
114937,14,80,26,54,3.857142857142857,beat_bar
114938,14,84,26,58,4.142857142857143,beat_bar
114939,14,78,26,52,3.7142857142857144,beat_bar
114940,15,92,28,64,4.266666666666667,beat_bar
114941,14,82,26,56,4.0,beat_bar
114942,14,86,26,60,4.285714285714286,beat_bar
114943,12,70,22,48,4.0,beat_bar
114974,13,78,24,54,4.153846153846154,beat_bar
114976,15,88,28,60,4.0,beat_bar
115002,14,82,26,56,4.0,beat_bar
115011,10,62,18,44,4.4,beat_bar
115125,13,82,24,58,4.461538461538462,beat_bar
115176,14,84,26,58,4.142857142857143,beat_bar
115262,15,80,28,52,3.466666666666667,beat_bar
115263,24,146,46,100,4.166666666666667,beat_bar
115267,15,90,28,62,4.133333333333334,beat_bar
115268,9,52,16,36,4.0,beat_bar
115269,11,62,20,42,3.8181818181818183,beat_bar
115271,12,70,22,48,4.0,beat_bar
115272,10,60,18,42,4.2,beat_bar
115273,15,90,28,62,4.133333333333334,beat_bar
115288,14,80,26,54,3.857142857142857,beat_bar
115289,14,84,26,58,4.142857142857143,beat_bar
115290,14,80,26,54,3.857142857142857,beat_bar
115292,7,36,12,24,3.4285714285714284,beat_bar
115293,16,90,30,60,3.75,beat_bar
115294,13,80,24,56,4.3076923076923075,beat_bar
115321,12,64,22,42,3.5,beat_bar
115339,15,84,28,56,3.7333333333333334,beat_bar
115391,16,94,30,64,4.0,beat_bar
115392,16,92,30,62,3.875,beat_bar
115470,6,30,10,20,3.3333333333333335,beat_bar
115471,7,36,12,24,3.4285714285714284,beat_bar
115472,9,46,16,30,3.3333333333333335,beat_bar
115473,18,106,34,72,4.0,beat_bar
115474,11,56,20,36,3.272727272727273,beat_bar
115475,16,92,30,62,3.875,beat_bar
115591,11,68,20,48,4.363636363636363,beat_bar
115592,17,110,32,78,4.588235294117647,beat_bar
115597,15,92,28,64,4.266666666666667,beat_bar
115697,20,122,38,84,4.2,beat_bar
115698,15,84,28,56,3.7333333333333334,beat_bar
115699,15,84,28,56,3.7333333333333334,beat_bar
115700,17,108,32,76,4.470588235294118,beat_bar
115721,14,88,26,62,4.428571428571429,beat_bar
115722,17,106,32,74,4.352941176470588,beat_bar
115723,15,90,28,62,4.133333333333334,beat_bar
115724,18,112,34,78,4.333333333333333,beat_bar
115735,17,102,32,70,4.117647058823529,beat_bar
115761,17,98,32,66,3.8823529411764706,beat_bar
115762,12,70,22,48,4.0,beat_bar
115764,15,90,28,62,4.133333333333334,beat_bar
115765,13,74,24,50,3.8461538461538463,beat_bar
115766,12,68,22,46,3.8333333333333335,beat_bar
115767,14,88,26,62,4.428571428571429,beat_bar
115768,11,60,20,40,3.6363636363636362,beat_bar
115769,16,94,30,64,4.0,beat_bar
115771,9,52,16,36,4.0,beat_bar
115772,12,74,22,52,4.333333333333333,beat_bar
115773,11,66,20,46,4.181818181818182,beat_bar
115774,16,94,30,64,4.0,beat_bar
115775,12,66,22,44,3.6666666666666665,beat_bar
115811,17,98,32,66,3.8823529411764706,beat_bar
115812,17,104,32,72,4.235294117647059,beat_bar
115813,11,66,20,46,4.181818181818182,beat_bar
115814,16,90,30,60,3.75,beat_bar
115815,18,100,34,66,3.6666666666666665,beat_bar
115816,19,108,36,72,3.789473684210526,beat_bar
115817,13,76,24,52,4.0,beat_bar
115849,20,128,38,90,4.5,beat_bar
115850,12,74,22,52,4.333333333333333,beat_bar
115852,19,122,36,86,4.526315789473684,beat_bar
115888,15,88,28,60,4.0,beat_bar
115891,20,128,38,90,4.5,beat_bar
115892,19,120,36,84,4.421052631578948,beat_bar
115922,12,68,22,46,3.8333333333333335,beat_bar
115923,13,78,24,54,4.153846153846154,beat_bar
115925,13,80,24,56,4.3076923076923075,beat_bar
115926,17,102,32,70,4.117647058823529,beat_bar
115927,15,88,28,60,4.0,beat_bar
115930,17,104,32,72,4.235294117647059,beat_bar
115932,16,98,30,68,4.25,beat_bar
115935,11,68,20,48,4.363636363636363,beat_bar
115944,14,82,26,56,4.0,beat_bar
115948,13,76,24,52,4.0,beat_bar
116029,23,150,44,106,4.608695652173913,beat_bar
116068,15,94,28,66,4.4,beat_bar
116098,11,66,20,46,4.181818181818182,beat_bar
116099,10,60,18,42,4.2,beat_bar
116101,13,82,24,58,4.461538461538462,beat_bar
116116,14,78,26,52,3.7142857142857144,beat_bar
116119,16,104,30,74,4.625,beat_bar
116175,10,58,18,40,4.0,beat_bar
116176,13,78,24,54,4.153846153846154,beat_bar
116177,14,80,26,54,3.857142857142857,beat_bar
116235,13,82,24,58,4.461538461538462,beat_bar
116236,16,100,30,70,4.375,beat_bar
116237,20,118,38,80,4.0,beat_bar
116238,13,78,24,54,4.153846153846154,beat_bar
116239,20,120,38,82,4.1,beat_bar
116240,20,116,38,78,3.9,beat_bar
116241,10,56,18,38,3.8,beat_bar
116242,10,60,18,42,4.2,beat_bar
116243,20,122,38,84,4.2,beat_bar
116261,15,90,28,62,4.133333333333334,beat_bar
116344,19,114,36,78,4.105263157894737,beat_bar
116345,14,86,26,60,4.285714285714286,beat_bar
116372,12,76,22,54,4.5,beat_bar
116383,17,104,32,72,4.235294117647059,beat_bar
116388,12,72,22,50,4.166666666666667,beat_bar
116389,15,92,28,64,4.266666666666667,beat_bar
116390,11,68,20,48,4.363636363636363,beat_bar
116407,18,106,34,72,4.0,beat_bar
116446,9,50,16,34,3.7777777777777777,beat_bar
116447,9,54,16,38,4.222222222222222,beat_bar
116448,14,88,26,62,4.428571428571429,beat_bar
116449,11,68,20,48,4.363636363636363,beat_bar
116451,12,74,22,52,4.333333333333333,beat_bar
116452,18,104,34,70,3.888888888888889,beat_bar
116453,19,114,36,78,4.105263157894737,beat_bar
116454,13,82,24,58,4.461538461538462,beat_bar
116455,14,88,26,62,4.428571428571429,beat_bar
116456,20,120,38,82,4.1,beat_bar
116457,20,124,38,86,4.3,beat_bar
116458,14,92,26,66,4.714285714285714,beat_bar
116464,20,128,38,90,4.5,beat_bar
116465,12,64,22,42,3.5,beat_bar
116466,15,92,28,64,4.266666666666667,beat_bar
116467,17,104,32,72,4.235294117647059,beat_bar
116468,10,58,18,40,4.0,beat_bar
116487,11,60,20,40,3.6363636363636362,beat_bar
116488,11,60,20,40,3.6363636363636362,beat_bar
116489,14,80,26,54,3.857142857142857,beat_bar
116490,12,72,22,50,4.166666666666667,beat_bar
116491,8,44,14,30,3.75,beat_bar
116514,13,80,24,56,4.3076923076923075,beat_bar
116517,17,100,32,68,4.0,beat_bar
116525,12,72,22,50,4.166666666666667,beat_bar
116526,15,92,28,64,4.266666666666667,beat_bar
116527,15,82,28,54,3.6,beat_bar
116528,11,66,20,46,4.181818181818182,beat_bar
116547,18,112,34,78,4.333333333333333,beat_bar
116549,11,68,20,48,4.363636363636363,beat_bar
116586,12,72,22,50,4.166666666666667,beat_bar
116587,16,98,30,68,4.25,beat_bar
116704,17,88,32,56,3.2941176470588234,beat_bar
116706,13,78,24,54,4.153846153846154,beat_bar
116707,13,84,24,60,4.615384615384615,beat_bar
116709,11,58,20,38,3.4545454545454546,beat_bar
116733,20,120,38,82,4.1,beat_bar
116735,10,54,18,36,3.6,beat_bar
116736,20,124,38,86,4.3,beat_bar
116753,7,38,12,26,3.7142857142857144,beat_bar
116755,21,128,40,88,4.190476190476191,beat_bar
116756,12,66,22,44,3.6666666666666665,beat_bar
116757,9,50,16,34,3.7777777777777777,beat_bar
116758,10,58,18,40,4.0,fixed_fallback
116759,13,80,24,56,4.3076923076923075,beat_bar
116760,13,80,24,56,4.3076923076923075,beat_bar
116833,13,70,24,46,3.5384615384615383,beat_bar
116868,16,104,30,74,4.625,beat_bar
116869,7,36,12,24,3.4285714285714284,beat_bar
116870,19,114,36,78,4.105263157894737,beat_bar
116871,8,42,14,28,3.5,beat_bar
116872,19,114,36,78,4.105263157894737,beat_bar
116873,13,82,24,58,4.461538461538462,beat_bar
116874,15,96,28,68,4.533333333333333,beat_bar
116876,14,78,26,52,3.7142857142857144,beat_bar
116877,16,90,30,60,3.75,beat_bar
116878,11,62,20,42,3.8181818181818183,beat_bar
116879,20,118,38,80,4.0,beat_bar
116880,13,78,24,54,4.153846153846154,beat_bar
116881,7,38,12,26,3.7142857142857144,beat_bar
116882,15,92,28,64,4.266666666666667,beat_bar
116883,15,86,28,58,3.8666666666666667,beat_bar
117057,17,108,32,76,4.470588235294118,beat_bar
117159,15,86,28,58,3.8666666666666667,beat_bar
117160,12,70,22,48,4.0,beat_bar
117161,15,82,28,54,3.6,beat_bar
117169,8,42,14,28,3.5,beat_bar
117170,12,66,22,44,3.6666666666666665,beat_bar
117171,7,40,12,28,4.0,beat_bar
117172,15,86,28,58,3.8666666666666667,beat_bar
117173,9,50,16,34,3.7777777777777777,beat_bar
117251,14,88,26,62,4.428571428571429,beat_bar
117252,8,48,14,34,4.25,beat_bar
117253,18,110,34,76,4.222222222222222,beat_bar
117287,8,46,14,32,4.0,beat_bar
117288,16,98,30,68,4.25,beat_bar
117450,15,86,28,58,3.8666666666666667,beat_bar
117472,15,94,28,66,4.4,beat_bar
117473,14,78,26,52,3.7142857142857144,beat_bar
117609,8,44,14,30,3.75,beat_bar
117610,14,88,26,62,4.428571428571429,beat_bar
117611,7,38,12,26,3.7142857142857144,beat_bar
117612,11,68,20,48,4.363636363636363,beat_bar
117613,9,52,16,36,4.0,beat_bar
117614,13,78,24,54,4.153846153846154,beat_bar
117626,14,88,26,62,4.428571428571429,beat_bar
117627,14,84,26,58,4.142857142857143,beat_bar
117628,10,62,18,44,4.4,beat_bar
117629,11,68,20,48,4.363636363636363,beat_bar
117630,15,86,28,58,3.8666666666666667,beat_bar
117631,10,54,18,36,3.6,beat_bar
117632,14,86,26,60,4.285714285714286,beat_bar
117666,17,110,32,78,4.588235294117647,beat_bar
117667,16,106,30,76,4.75,beat_bar
117668,12,72,22,50,4.166666666666667,beat_bar
117669,17,104,32,72,4.235294117647059,beat_bar
117670,17,98,32,66,3.8823529411764706,beat_bar
117846,14,84,26,58,4.142857142857143,beat_bar
117883,21,120,40,80,3.8095238095238093,beat_bar
117884,15,88,28,60,4.0,beat_bar
117885,16,100,30,70,4.375,beat_bar
117886,17,102,32,70,4.117647058823529,beat_bar
117887,16,96,30,66,4.125,beat_bar
117942,15,94,28,66,4.4,beat_bar
117943,12,74,22,52,4.333333333333333,beat_bar
117944,8,44,14,30,3.75,beat_bar
117945,22,138,42,96,4.363636363636363,beat_bar
117946,15,94,28,66,4.4,beat_bar
117961,13,76,24,52,4.0,beat_bar
117966,10,58,18,40,4.0,fixed_fallback
117967,15,88,28,60,4.0,beat_bar
117970,10,58,18,40,4.0,beat_bar
117991,19,112,36,76,4.0,beat_bar
118000,8,48,14,34,4.25,beat_bar
118012,14,80,26,54,3.857142857142857,beat_bar
118058,9,54,16,38,4.222222222222222,beat_bar
118059,10,60,18,42,4.2,beat_bar
118060,6,30,10,20,3.3333333333333335,beat_bar
118061,15,84,28,56,3.7333333333333334,beat_bar
118062,11,62,20,42,3.8181818181818183,beat_bar
118063,10,56,18,38,3.8,beat_bar
118068,14,86,26,60,4.285714285714286,beat_bar
118070,15,94,28,66,4.4,beat_bar
118084,16,90,30,60,3.75,beat_bar
118085,15,82,28,54,3.6,beat_bar
118087,22,142,42,100,4.545454545454546,beat_bar
118195,11,62,20,42,3.8181818181818183,beat_bar
118196,18,110,34,76,4.222222222222222,beat_bar
118222,12,64,22,42,3.5,beat_bar
118223,10,62,18,44,4.4,beat_bar
118257,13,74,24,50,3.8461538461538463,beat_bar
118276,17,98,32,66,3.8823529411764706,beat_bar
118277,11,56,20,36,3.272727272727273,beat_bar
118279,17,104,32,72,4.235294117647059,beat_bar
118327,12,72,22,50,4.166666666666667,beat_bar
118384,15,94,28,66,4.4,beat_bar
118478,14,86,26,60,4.285714285714286,beat_bar
118484,16,92,30,62,3.875,beat_bar
118489,9,54,16,38,4.222222222222222,beat_bar
118496,8,44,14,30,3.75,beat_bar
118498,14,84,26,58,4.142857142857143,beat_bar
118499,23,154,44,110,4.782608695652174,beat_bar
118500,15,92,28,64,4.266666666666667,beat_bar
118502,12,74,22,52,4.333333333333333,beat_bar
118503,10,58,18,40,4.0,beat_bar
118504,13,78,24,54,4.153846153846154,beat_bar
118505,8,48,14,34,4.25,beat_bar
118507,17,94,32,62,3.6470588235294117,beat_bar
118569,15,86,28,58,3.8666666666666667,beat_bar
118618,7,38,12,26,3.7142857142857144,beat_bar
118629,16,110,30,80,5.0,beat_bar
118670,14,80,26,54,3.857142857142857,beat_bar
118671,18,108,34,74,4.111111111111111,beat_bar
118672,14,82,26,56,4.0,beat_bar
118674,9,54,16,38,4.222222222222222,beat_bar
118734,16,98,30,68,4.25,beat_bar
118735,19,116,36,80,4.2105263157894735,beat_bar
118738,15,90,28,62,4.133333333333334,beat_bar
118739,16,96,30,66,4.125,beat_bar
118886,11,68,20,48,4.363636363636363,beat_bar
118891,20,126,38,88,4.4,beat_bar
118920,15,94,28,66,4.4,beat_bar
118921,15,88,28,60,4.0,beat_bar
118922,17,98,32,66,3.8823529411764706,beat_bar
118923,7,36,12,24,3.4285714285714284,beat_bar
118950,18,98,34,64,3.5555555555555554,beat_bar
118951,15,86,28,58,3.8666666666666667,beat_bar
118952,12,66,22,44,3.6666666666666665,beat_bar
118953,18,104,34,70,3.888888888888889,beat_bar
118954,14,88,26,62,4.428571428571429,beat_bar
118955,13,72,24,48,3.6923076923076925,beat_bar
118957,18,108,34,74,4.111111111111111,beat_bar
118958,12,74,22,52,4.333333333333333,beat_bar
118972,10,62,18,44,4.4,fixed_fallback
118986,15,88,28,60,4.0,beat_bar
118987,15,88,28,60,4.0,beat_bar
118988,15,84,28,56,3.7333333333333334,beat_bar
119025,16,96,30,66,4.125,beat_bar
119026,12,66,22,44,3.6666666666666665,beat_bar
119027,11,70,20,50,4.545454545454546,beat_bar
119063,14,86,26,60,4.285714285714286,beat_bar
119086,8,44,14,30,3.75,beat_bar
119095,16,96,30,66,4.125,beat_bar
119097,15,86,28,58,3.8666666666666667,beat_bar
119118,15,92,28,64,4.266666666666667,beat_bar
119134,21,126,40,86,4.095238095238095,beat_bar
119187,10,58,18,40,4.0,fixed_fallback
119193,11,68,20,48,4.363636363636363,beat_bar
119257,11,68,20,48,4.363636363636363,beat_bar
119369,6,30,10,20,3.3333333333333335,beat_bar
119379,23,146,44,102,4.434782608695652,beat_bar
119413,20,124,38,86,4.3,beat_bar
119545,14,88,26,62,4.428571428571429,beat_bar
119569,12,72,22,50,4.166666666666667,beat_bar
119571,22,140,42,98,4.454545454545454,beat_bar
119574,19,132,36,96,5.052631578947368,beat_bar
119575,17,96,32,64,3.764705882352941,beat_bar
119578,16,100,30,70,4.375,beat_bar
119579,15,90,28,62,4.133333333333334,beat_bar
119580,9,52,16,36,4.0,beat_bar
119582,18,110,34,76,4.222222222222222,beat_bar
119583,12,70,22,48,4.0,beat_bar
119584,11,62,20,42,3.8181818181818183,beat_bar
119592,11,58,20,38,3.4545454545454546,beat_bar
119715,10,58,18,40,4.0,fixed_fallback
119719,11,64,20,44,4.0,beat_bar
119725,12,70,22,48,4.0,beat_bar
119726,13,80,24,56,4.3076923076923075,beat_bar
119727,14,84,26,58,4.142857142857143,beat_bar
119745,12,78,22,56,4.666666666666667,beat_bar
119828,23,136,44,92,4.0,beat_bar
119830,15,94,28,66,4.4,beat_bar
119831,13,72,24,48,3.6923076923076925,beat_bar
119893,18,104,34,70,3.888888888888889,beat_bar
119894,9,56,16,40,4.444444444444445,beat_bar
119895,11,66,20,46,4.181818181818182,beat_bar
119896,11,64,20,44,4.0,beat_bar
119897,10,60,18,42,4.2,beat_bar
119898,9,52,16,36,4.0,beat_bar
119899,17,104,32,72,4.235294117647059,beat_bar
119900,16,94,30,64,4.0,beat_bar
119901,11,64,20,44,4.0,beat_bar
119922,15,88,28,60,4.0,beat_bar
119938,20,122,38,84,4.2,beat_bar
119939,18,108,34,74,4.111111111111111,beat_bar
119940,12,66,22,44,3.6666666666666665,beat_bar
119941,13,72,24,48,3.6923076923076925,beat_bar
119942,11,66,20,46,4.181818181818182,beat_bar
119979,10,56,18,38,3.8,fixed_fallback
119985,13,76,24,52,4.0,beat_bar
119988,16,98,30,68,4.25,beat_bar
119991,12,66,22,44,3.6666666666666665,beat_bar
119992,11,66,20,46,4.181818181818182,beat_bar
119993,12,68,22,46,3.8333333333333335,beat_bar
119994,13,78,24,54,4.153846153846154,beat_bar
120099,12,76,22,54,4.5,beat_bar
120105,12,68,22,46,3.8333333333333335,beat_bar
120109,16,96,30,66,4.125,beat_bar
120111,16,90,30,60,3.75,beat_bar
120112,16,106,30,76,4.75,beat_bar
120150,14,84,26,58,4.142857142857143,beat_bar
120160,11,64,20,44,4.0,beat_bar
120161,15,96,28,68,4.533333333333333,beat_bar
120171,17,108,32,76,4.470588235294118,beat_bar
120172,17,106,32,74,4.352941176470588,beat_bar
120177,19,126,36,90,4.7368421052631575,beat_bar
120178,10,58,18,40,4.0,beat_bar
120179,17,110,32,78,4.588235294117647,beat_bar
120183,16,96,30,66,4.125,beat_bar
120184,13,74,24,50,3.8461538461538463,beat_bar
120188,15,92,28,64,4.266666666666667,beat_bar
120189,15,96,28,68,4.533333333333333,beat_bar
120194,14,86,26,60,4.285714285714286,beat_bar
120196,16,96,30,66,4.125,beat_bar
120199,16,102,30,72,4.5,beat_bar
120200,17,106,32,74,4.352941176470588,beat_bar
120201,13,74,24,50,3.8461538461538463,beat_bar
120203,13,82,24,58,4.461538461538462,beat_bar
120206,10,56,18,38,3.8,beat_bar
120207,14,86,26,60,4.285714285714286,beat_bar
120208,16,108,30,78,4.875,beat_bar
120296,11,68,20,48,4.363636363636363,beat_bar
120297,13,86,24,62,4.769230769230769,beat_bar
120298,16,92,30,62,3.875,beat_bar
120299,18,102,34,68,3.7777777777777777,beat_bar
120300,9,50,16,34,3.7777777777777777,beat_bar
120302,17,100,32,68,4.0,beat_bar
120303,12,74,22,52,4.333333333333333,beat_bar
120304,13,74,24,50,3.8461538461538463,beat_bar
120305,13,76,24,52,4.0,beat_bar
120306,22,128,42,86,3.909090909090909,beat_bar
120307,16,92,30,62,3.875,beat_bar
120308,15,86,28,58,3.8666666666666667,beat_bar
120309,12,62,22,40,3.3333333333333335,beat_bar
120310,14,80,26,54,3.857142857142857,beat_bar
120312,17,100,32,68,4.0,beat_bar
120313,17,98,32,66,3.8823529411764706,beat_bar
120314,17,100,32,68,4.0,beat_bar
120315,22,126,42,84,3.8181818181818183,beat_bar
120316,16,94,30,64,4.0,beat_bar
120317,16,92,30,62,3.875,beat_bar
120318,15,84,28,56,3.7333333333333334,beat_bar
120319,9,50,16,34,3.7777777777777777,beat_bar
120320,12,64,22,42,3.5,beat_bar
120321,16,96,30,66,4.125,beat_bar
120322,19,118,36,82,4.315789473684211,beat_bar
120323,16,96,30,66,4.125,beat_bar
120324,15,96,28,68,4.533333333333333,beat_bar
120325,19,114,36,78,4.105263157894737,beat_bar
120326,9,54,16,38,4.222222222222222,beat_bar
120327,14,82,26,56,4.0,beat_bar
120328,10,60,18,42,4.2,fixed_fallback
120329,15,86,28,58,3.8666666666666667,beat_bar
120330,15,86,28,58,3.8666666666666667,beat_bar
120331,16,88,30,58,3.625,beat_bar
120332,10,54,18,36,3.6,fixed_fallback
120333,14,80,26,54,3.857142857142857,beat_bar
120462,14,86,26,60,4.285714285714286,beat_bar
120466,20,116,38,78,3.9,beat_bar
120467,10,56,18,38,3.8,beat_bar
120468,17,102,32,70,4.117647058823529,beat_bar
120469,18,106,34,72,4.0,beat_bar
120470,13,76,24,52,4.0,beat_bar
120471,12,74,22,52,4.333333333333333,beat_bar
120504,13,78,24,54,4.153846153846154,beat_bar
120513,14,82,26,56,4.0,beat_bar
120514,14,88,26,62,4.428571428571429,beat_bar
120515,15,84,28,56,3.7333333333333334,beat_bar
120518,11,64,20,44,4.0,beat_bar
120769,13,76,24,52,4.0,beat_bar
120770,8,44,14,30,3.75,beat_bar
120771,7,38,12,26,3.7142857142857144,beat_bar
120772,13,82,24,58,4.461538461538462,beat_bar
120773,20,122,38,84,4.2,beat_bar
120774,14,80,26,54,3.857142857142857,beat_bar
120775,16,92,30,62,3.875,beat_bar
120776,10,62,18,44,4.4,fixed_fallback
120777,12,76,22,54,4.5,beat_bar
120778,17,100,32,68,4.0,beat_bar
120779,16,98,30,68,4.25,beat_bar
120782,14,76,26,50,3.5714285714285716,beat_bar
121251,19,116,36,80,4.2105263157894735,beat_bar
121256,12,74,22,52,4.333333333333333,beat_bar
121257,16,90,30,60,3.75,beat_bar
121273,20,126,38,88,4.4,beat_bar
121288,17,100,32,68,4.0,beat_bar
121312,13,86,24,62,4.769230769230769,beat_bar
121313,11,68,20,48,4.363636363636363,beat_bar
121314,14,82,26,56,4.0,beat_bar
121315,21,126,40,86,4.095238095238095,beat_bar
121316,11,68,20,48,4.363636363636363,beat_bar
121317,14,78,26,52,3.7142857142857144,beat_bar
121318,15,82,28,54,3.6,beat_bar
121319,21,128,40,88,4.190476190476191,beat_bar
121320,13,80,24,56,4.3076923076923075,beat_bar
121321,17,102,32,70,4.117647058823529,beat_bar
121322,11,60,20,40,3.6363636363636362,beat_bar
121323,12,74,22,52,4.333333333333333,beat_bar
121346,15,82,28,54,3.6,beat_bar
121366,16,100,30,70,4.375,beat_bar
121415,14,80,26,54,3.857142857142857,beat_bar
121449,15,80,28,52,3.466666666666667,beat_bar
121450,14,86,26,60,4.285714285714286,beat_bar
121451,13,74,24,50,3.8461538461538463,beat_bar
121452,11,62,20,42,3.8181818181818183,beat_bar
121453,20,112,38,74,3.7,beat_bar
121454,16,88,30,58,3.625,beat_bar
121472,17,102,32,70,4.117647058823529,beat_bar
121473,11,68,20,48,4.363636363636363,beat_bar
121474,15,92,28,64,4.266666666666667,beat_bar
121475,20,126,38,88,4.4,beat_bar
121570,10,54,18,36,3.6,beat_bar
121589,10,60,18,42,4.2,fixed_fallback
121590,17,108,32,76,4.470588235294118,beat_bar
121591,18,112,34,78,4.333333333333333,beat_bar
121592,19,112,36,76,4.0,beat_bar
121593,17,106,32,74,4.352941176470588,beat_bar
121594,16,98,30,68,4.25,beat_bar
121595,11,60,20,40,3.6363636363636362,beat_bar
121651,20,122,38,84,4.2,beat_bar
121652,20,114,38,76,3.8,beat_bar
121653,10,52,18,34,3.4,beat_bar
121654,12,64,22,42,3.5,beat_bar
121655,15,94,28,66,4.4,beat_bar
121656,15,86,28,58,3.8666666666666667,beat_bar
121657,14,78,26,52,3.7142857142857144,beat_bar
121658,15,80,28,52,3.466666666666667,beat_bar
121659,17,100,32,68,4.0,beat_bar
121660,7,38,12,26,3.7142857142857144,beat_bar
121661,12,76,22,54,4.5,beat_bar
121662,12,66,22,44,3.6666666666666665,beat_bar
121663,15,90,28,62,4.133333333333334,beat_bar
121664,8,44,14,30,3.75,beat_bar
121665,8,44,14,30,3.75,beat_bar
121666,8,44,14,30,3.75,beat_bar
121734,16,92,30,62,3.875,beat_bar
121735,14,80,26,54,3.857142857142857,beat_bar
121736,14,86,26,60,4.285714285714286,beat_bar
121737,16,92,30,62,3.875,beat_bar
121738,19,116,36,80,4.2105263157894735,beat_bar
121739,17,96,32,64,3.764705882352941,beat_bar
121740,15,90,28,62,4.133333333333334,beat_bar
121813,13,82,24,58,4.461538461538462,beat_bar
121866,23,142,44,98,4.260869565217392,beat_bar
121867,16,98,30,68,4.25,beat_bar
121869,20,126,38,88,4.4,beat_bar
121913,17,100,32,68,4.0,beat_bar
121915,17,100,32,68,4.0,beat_bar
121922,17,106,32,74,4.352941176470588,beat_bar
121926,11,68,20,48,4.363636363636363,beat_bar
121929,18,102,34,68,3.7777777777777777,beat_bar
121930,15,90,28,62,4.133333333333334,beat_bar
121976,10,58,18,40,4.0,beat_bar
121985,12,68,22,46,3.8333333333333335,beat_bar
121987,18,112,34,78,4.333333333333333,beat_bar
121998,12,68,22,46,3.8333333333333335,beat_bar
122001,16,96,30,66,4.125,beat_bar
122003,11,66,20,46,4.181818181818182,beat_bar
122004,14,90,26,64,4.571428571428571,beat_bar
122066,17,104,32,72,4.235294117647059,beat_bar
122077,17,102,32,70,4.117647058823529,beat_bar
122079,15,82,28,54,3.6,beat_bar
122080,9,50,16,34,3.7777777777777777,beat_bar
122081,14,76,26,50,3.5714285714285716,beat_bar
122082,11,66,20,46,4.181818181818182,beat_bar
122083,17,98,32,66,3.8823529411764706,beat_bar
122084,15,90,28,62,4.133333333333334,beat_bar
122085,13,74,24,50,3.8461538461538463,beat_bar
122086,15,84,28,56,3.7333333333333334,beat_bar
122087,16,96,30,66,4.125,beat_bar
122088,19,112,36,76,4.0,beat_bar
122106,16,100,30,70,4.375,beat_bar
122107,17,104,32,72,4.235294117647059,beat_bar
122132,17,102,32,70,4.117647058823529,beat_bar
122143,13,82,24,58,4.461538461538462,beat_bar
122153,12,74,22,52,4.333333333333333,beat_bar
122155,17,102,32,70,4.117647058823529,beat_bar
122166,19,118,36,82,4.315789473684211,beat_bar
122168,6,30,10,20,3.3333333333333335,beat_bar
122190,8,44,14,30,3.75,beat_bar
122199,16,94,30,64,4.0,beat_bar
122201,10,58,18,40,4.0,beat_bar
122204,21,134,40,94,4.476190476190476,beat_bar
122247,16,98,30,68,4.25,beat_bar
122261,8,44,14,30,3.75,beat_bar
122352,11,70,20,50,4.545454545454546,beat_bar
122353,14,84,26,58,4.142857142857143,beat_bar
122354,13,74,24,50,3.8461538461538463,beat_bar
122355,10,60,18,42,4.2,beat_bar
122356,14,82,26,56,4.0,beat_bar
122357,12,68,22,46,3.8333333333333335,beat_bar
122358,13,70,24,46,3.5384615384615383,beat_bar
122359,13,80,24,56,4.3076923076923075,beat_bar
122360,12,72,22,50,4.166666666666667,beat_bar
122362,16,100,30,70,4.375,beat_bar
122363,14,88,26,62,4.428571428571429,beat_bar
122364,12,74,22,52,4.333333333333333,beat_bar
122365,8,44,14,30,3.75,beat_bar
122395,13,74,24,50,3.8461538461538463,beat_bar
122397,18,110,34,76,4.222222222222222,beat_bar
122398,12,72,22,50,4.166666666666667,beat_bar
122399,15,84,28,56,3.7333333333333334,beat_bar
122400,18,106,34,72,4.0,beat_bar
122456,15,98,28,70,4.666666666666667,beat_bar
122457,13,70,24,46,3.5384615384615383,beat_bar
122472,11,64,20,44,4.0,beat_bar
122473,22,140,42,98,4.454545454545454,beat_bar
122474,9,46,16,30,3.3333333333333335,beat_bar
122475,7,36,12,24,3.4285714285714284,beat_bar
122498,17,88,32,56,3.2941176470588234,beat_bar
122499,6,30,10,20,3.3333333333333335,beat_bar
122500,11,62,20,42,3.8181818181818183,beat_bar
122503,16,94,30,64,4.0,beat_bar
122504,15,98,28,70,4.666666666666667,beat_bar
122510,13,74,24,50,3.8461538461538463,beat_bar
122511,14,88,26,62,4.428571428571429,beat_bar
122533,15,94,28,66,4.4,beat_bar
122534,12,70,22,48,4.0,beat_bar
122578,15,90,28,62,4.133333333333334,beat_bar
122579,19,104,36,68,3.5789473684210527,beat_bar
122620,18,112,34,78,4.333333333333333,beat_bar
122621,17,104,32,72,4.235294117647059,beat_bar
122622,16,90,30,60,3.75,beat_bar
122623,15,88,28,60,4.0,beat_bar
122624,11,68,20,48,4.363636363636363,beat_bar
122625,17,98,32,66,3.8823529411764706,beat_bar
122626,14,74,26,48,3.4285714285714284,beat_bar
122627,12,70,22,48,4.0,beat_bar
122628,14,86,26,60,4.285714285714286,beat_bar
122630,18,106,34,72,4.0,beat_bar
122631,16,92,30,62,3.875,beat_bar
122632,13,82,24,58,4.461538461538462,beat_bar
122633,12,66,22,44,3.6666666666666665,beat_bar
122634,16,90,30,60,3.75,beat_bar
122635,8,40,14,26,3.25,beat_bar
122644,17,94,32,62,3.6470588235294117,beat_bar
122645,12,72,22,50,4.166666666666667,beat_bar
122646,17,98,32,66,3.8823529411764706,beat_bar
122647,10,62,18,44,4.4,fixed_fallback
122648,17,100,32,68,4.0,beat_bar
122649,16,90,30,60,3.75,beat_bar
122650,11,68,20,48,4.363636363636363,beat_bar
122651,12,70,22,48,4.0,beat_bar
122654,10,54,18,36,3.6,beat_bar
122671,14,80,26,54,3.857142857142857,beat_bar
122673,15,82,28,54,3.6,beat_bar
122675,11,68,20,48,4.363636363636363,beat_bar
122683,18,110,34,76,4.222222222222222,beat_bar
122685,17,100,32,68,4.0,beat_bar
122686,16,92,30,62,3.875,beat_bar
122798,18,100,34,66,3.6666666666666665,beat_bar
122799,11,64,20,44,4.0,beat_bar
122800,17,102,32,70,4.117647058823529,beat_bar
122803,18,104,34,70,3.888888888888889,beat_bar
122804,17,92,32,60,3.5294117647058822,beat_bar
122805,16,102,30,72,4.5,beat_bar
122806,16,94,30,64,4.0,beat_bar
122807,19,114,36,78,4.105263157894737,beat_bar
122808,17,100,32,68,4.0,beat_bar
122809,17,100,32,68,4.0,beat_bar
122810,20,116,38,78,3.9,beat_bar
122832,12,76,22,54,4.5,beat_bar
122901,15,96,28,68,4.533333333333333,beat_bar
122910,8,44,14,30,3.75,beat_bar
122911,8,44,14,30,3.75,beat_bar
122932,15,90,28,62,4.133333333333334,beat_bar
122934,22,134,42,92,4.181818181818182,beat_bar
122935,14,78,26,52,3.7142857142857144,beat_bar
122936,15,82,28,54,3.6,beat_bar
122959,8,46,14,32,4.0,beat_bar
122999,15,88,28,60,4.0,beat_bar
123000,8,44,14,30,3.75,beat_bar
123001,13,74,24,50,3.8461538461538463,beat_bar
123002,16,92,30,62,3.875,beat_bar
123003,12,64,22,42,3.5,beat_bar
123004,11,66,20,46,4.181818181818182,beat_bar
123094,11,64,20,44,4.0,beat_bar
123096,16,98,30,68,4.25,beat_bar
123097,12,70,22,48,4.0,beat_bar
123099,12,70,22,48,4.0,beat_bar
123147,17,92,32,60,3.5294117647058822,beat_bar
123273,15,84,28,56,3.7333333333333334,beat_bar
123278,16,92,30,62,3.875,beat_bar
123333,13,80,24,56,4.3076923076923075,beat_bar
123342,8,46,14,32,4.0,beat_bar
123427,10,54,18,36,3.6,beat_bar
123438,18,108,34,74,4.111111111111111,beat_bar
123439,19,114,36,78,4.105263157894737,beat_bar
123440,20,114,38,76,3.8,beat_bar
123441,21,124,40,84,4.0,beat_bar
123442,17,98,32,66,3.8823529411764706,beat_bar
123458,12,68,22,46,3.8333333333333335,beat_bar
123461,12,68,22,46,3.8333333333333335,beat_bar
123467,21,128,40,88,4.190476190476191,beat_bar
123468,20,130,38,92,4.6,beat_bar
123474,9,56,16,40,4.444444444444445,beat_bar
123484,15,86,28,58,3.8666666666666667,beat_bar
123485,12,72,22,50,4.166666666666667,beat_bar
123486,15,88,28,60,4.0,beat_bar
123487,12,70,22,48,4.0,beat_bar
123488,14,84,26,58,4.142857142857143,beat_bar
123490,14,82,26,56,4.0,beat_bar
123494,21,126,40,86,4.095238095238095,beat_bar
123501,14,82,26,56,4.0,beat_bar
123502,15,96,28,68,4.533333333333333,beat_bar
123503,17,98,32,66,3.8823529411764706,beat_bar
123504,12,70,22,48,4.0,beat_bar
123505,12,76,22,54,4.5,beat_bar
123506,10,56,18,38,3.8,beat_bar
123509,14,78,26,52,3.7142857142857144,beat_bar
123523,17,104,32,72,4.235294117647059,beat_bar
123614,12,72,22,50,4.166666666666667,beat_bar
123641,13,76,24,52,4.0,beat_bar
123645,22,130,42,88,4.0,beat_bar
123647,13,86,24,62,4.769230769230769,beat_bar
123760,24,144,46,98,4.083333333333333,beat_bar
123761,15,96,28,68,4.533333333333333,beat_bar
123762,14,86,26,60,4.285714285714286,beat_bar
123763,21,126,40,86,4.095238095238095,beat_bar
123764,20,124,38,86,4.3,beat_bar
123821,7,38,12,26,3.7142857142857144,beat_bar
123825,19,116,36,80,4.2105263157894735,beat_bar
123832,23,138,44,94,4.086956521739131,beat_bar
123834,11,66,20,46,4.181818181818182,beat_bar
123835,17,104,32,72,4.235294117647059,beat_bar
123866,21,134,40,94,4.476190476190476,beat_bar
123867,20,124,38,86,4.3,beat_bar
123868,12,72,22,50,4.166666666666667,beat_bar
123899,20,124,38,86,4.3,beat_bar
123932,14,86,26,60,4.285714285714286,beat_bar
123933,16,100,30,70,4.375,beat_bar
123934,17,98,32,66,3.8823529411764706,beat_bar
123935,9,50,16,34,3.7777777777777777,beat_bar
123936,9,48,16,32,3.5555555555555554,beat_bar
123937,10,56,18,38,3.8,fixed_fallback
123938,12,72,22,50,4.166666666666667,beat_bar
123964,20,120,38,82,4.1,beat_bar
123965,19,108,36,72,3.789473684210526,beat_bar
123966,9,52,16,36,4.0,beat_bar
123968,12,72,22,50,4.166666666666667,beat_bar
123969,18,106,34,72,4.0,beat_bar
123970,20,124,38,86,4.3,beat_bar
123971,20,120,38,82,4.1,beat_bar
123972,20,124,38,86,4.3,beat_bar
123973,19,116,36,80,4.2105263157894735,beat_bar
123974,11,62,20,42,3.8181818181818183,beat_bar
123975,12,76,22,54,4.5,beat_bar
123976,20,116,38,78,3.9,beat_bar
123977,19,118,36,82,4.315789473684211,beat_bar
123978,15,86,28,58,3.8666666666666667,beat_bar
123979,10,58,18,40,4.0,fixed_fallback
123980,12,72,22,50,4.166666666666667,beat_bar
123981,13,84,24,60,4.615384615384615,beat_bar
123986,12,68,22,46,3.8333333333333335,beat_bar
124154,13,72,24,48,3.6923076923076925,beat_bar
124175,15,86,28,58,3.8666666666666667,beat_bar
124176,21,120,40,80,3.8095238095238093,beat_bar
124177,13,76,24,52,4.0,beat_bar
124178,13,72,24,48,3.6923076923076925,beat_bar
124179,14,80,26,54,3.857142857142857,beat_bar
124180,15,86,28,58,3.8666666666666667,beat_bar
124181,14,82,26,56,4.0,beat_bar
124183,13,80,24,56,4.3076923076923075,beat_bar
124184,16,90,30,60,3.75,beat_bar
124185,11,62,20,42,3.8181818181818183,beat_bar
124186,21,118,40,78,3.7142857142857144,beat_bar
124201,20,120,38,82,4.1,beat_bar
124231,16,100,30,70,4.375,beat_bar
124391,12,72,22,50,4.166666666666667,beat_bar
124392,17,110,32,78,4.588235294117647,beat_bar
124393,16,90,30,60,3.75,beat_bar
124394,12,66,22,44,3.6666666666666665,beat_bar
124409,10,54,18,36,3.6,fixed_fallback
124411,8,46,14,32,4.0,beat_bar
124424,11,66,20,46,4.181818181818182,beat_bar
124425,17,112,32,80,4.705882352941177,beat_bar
124426,16,94,30,64,4.0,beat_bar
124460,14,84,26,58,4.142857142857143,beat_bar
124461,19,110,36,74,3.8947368421052633,beat_bar
124470,10,54,18,36,3.6,beat_bar
124474,20,118,38,80,4.0,beat_bar
124477,17,102,32,70,4.117647058823529,beat_bar
124479,18,114,34,80,4.444444444444445,beat_bar
124480,12,68,22,46,3.8333333333333335,beat_bar
124481,11,60,20,40,3.6363636363636362,beat_bar
124482,20,120,38,82,4.1,beat_bar
124483,16,104,30,74,4.625,beat_bar
124484,11,60,20,40,3.6363636363636362,beat_bar
124485,20,116,38,78,3.9,beat_bar
124509,13,78,24,54,4.153846153846154,beat_bar
124517,13,84,24,60,4.615384615384615,beat_bar
124518,13,78,24,54,4.153846153846154,beat_bar
124519,6,28,10,18,3.0,beat_bar
124554,16,90,30,60,3.75,beat_bar
124555,14,82,26,56,4.0,beat_bar
124702,17,106,32,74,4.352941176470588,beat_bar
124752,9,52,16,36,4.0,beat_bar
124753,9,50,16,34,3.7777777777777777,beat_bar
124754,14,84,26,58,4.142857142857143,beat_bar
124755,17,96,32,64,3.764705882352941,beat_bar
124756,16,104,30,74,4.625,beat_bar
124870,20,128,38,90,4.5,beat_bar
124872,9,48,16,32,3.5555555555555554,beat_bar
124873,15,94,28,66,4.4,beat_bar
124874,14,86,26,60,4.285714285714286,beat_bar
124875,18,104,34,70,3.888888888888889,beat_bar
124876,13,76,24,52,4.0,beat_bar
124877,14,88,26,62,4.428571428571429,beat_bar
124891,12,68,22,46,3.8333333333333335,beat_bar
124892,15,94,28,66,4.4,beat_bar
124912,14,80,26,54,3.857142857142857,beat_bar
124913,16,106,30,76,4.75,beat_bar
124915,9,54,16,38,4.222222222222222,beat_bar
124916,13,76,24,52,4.0,beat_bar
124917,15,96,28,68,4.533333333333333,beat_bar
124918,12,70,22,48,4.0,beat_bar
124971,15,92,28,64,4.266666666666667,beat_bar
124992,14,88,26,62,4.428571428571429,beat_bar
124996,22,136,42,94,4.2727272727272725,beat_bar
125001,21,132,40,92,4.380952380952381,beat_bar
125002,15,88,28,60,4.0,beat_bar
125003,17,98,32,66,3.8823529411764706,beat_bar
125004,17,108,32,76,4.470588235294118,beat_bar
125154,15,82,28,54,3.6,beat_bar
125156,11,66,20,46,4.181818181818182,beat_bar
125157,17,104,32,72,4.235294117647059,beat_bar
125158,14,88,26,62,4.428571428571429,beat_bar
125159,11,64,20,44,4.0,beat_bar
125160,15,94,28,66,4.4,beat_bar
125161,20,112,38,74,3.7,beat_bar
125182,15,88,28,60,4.0,beat_bar
125183,19,116,36,80,4.2105263157894735,beat_bar
125185,14,90,26,64,4.571428571428571,beat_bar
125186,17,106,32,74,4.352941176470588,beat_bar
125187,14,86,26,60,4.285714285714286,beat_bar
125188,15,82,28,54,3.6,beat_bar
125189,16,90,30,60,3.75,beat_bar
125190,16,92,30,62,3.875,beat_bar
125191,11,64,20,44,4.0,beat_bar
125192,14,80,26,54,3.857142857142857,beat_bar
125193,15,94,28,66,4.4,beat_bar
125194,14,84,26,58,4.142857142857143,beat_bar
125195,16,94,30,64,4.0,beat_bar
125196,17,94,32,62,3.6470588235294117,beat_bar
125237,15,92,28,64,4.266666666666667,beat_bar
125238,16,94,30,64,4.0,beat_bar
125239,6,28,10,18,3.0,beat_bar
125240,13,78,24,54,4.153846153846154,beat_bar
125286,16,94,30,64,4.0,beat_bar
125287,16,86,30,56,3.5,beat_bar
125288,16,92,30,62,3.875,beat_bar
125289,10,58,18,40,4.0,beat_bar
125291,16,92,30,62,3.875,beat_bar
125293,15,94,28,66,4.4,beat_bar
125298,12,72,22,50,4.166666666666667,beat_bar
125299,16,104,30,74,4.625,beat_bar
125312,9,54,16,38,4.222222222222222,beat_bar
125313,12,74,22,52,4.333333333333333,beat_bar
125314,10,58,18,40,4.0,fixed_fallback
125315,10,58,18,40,4.0,beat_bar
125333,14,84,26,58,4.142857142857143,beat_bar
125337,16,108,30,78,4.875,beat_bar
125375,18,102,34,68,3.7777777777777777,beat_bar
125377,11,66,20,46,4.181818181818182,beat_bar
125432,10,56,18,38,3.8,beat_bar
125551,10,54,18,36,3.6,beat_bar
125612,10,56,18,38,3.8,beat_bar
125614,10,62,18,44,4.4,beat_bar
125616,12,74,22,52,4.333333333333333,beat_bar
125617,19,108,36,72,3.789473684210526,beat_bar
125618,6,30,10,20,3.3333333333333335,beat_bar
125620,10,56,18,38,3.8,beat_bar
125621,11,60,20,40,3.6363636363636362,beat_bar
125622,8,44,14,30,3.75,beat_bar
125657,11,62,20,42,3.8181818181818183,beat_bar
125659,14,84,26,58,4.142857142857143,beat_bar
125680,18,104,34,70,3.888888888888889,beat_bar
125681,14,76,26,50,3.5714285714285716,beat_bar
125721,16,92,30,62,3.875,beat_bar
125722,13,76,24,52,4.0,beat_bar
125723,15,88,28,60,4.0,beat_bar
125774,11,68,20,48,4.363636363636363,beat_bar
125776,14,78,26,52,3.7142857142857144,beat_bar
125777,14,82,26,56,4.0,beat_bar
125778,10,52,18,34,3.4,beat_bar
125779,19,122,36,86,4.526315789473684,beat_bar
125809,14,74,26,48,3.4285714285714284,beat_bar
125812,16,92,30,62,3.875,beat_bar
125813,20,122,38,84,4.2,beat_bar
125814,15,88,28,60,4.0,beat_bar
125815,18,100,34,66,3.6666666666666665,beat_bar
125816,18,110,34,76,4.222222222222222,beat_bar
125817,16,94,30,64,4.0,beat_bar
125818,8,46,14,32,4.0,beat_bar
125819,10,58,18,40,4.0,beat_bar
125820,14,84,26,58,4.142857142857143,beat_bar
125821,13,82,24,58,4.461538461538462,beat_bar
125822,16,92,30,62,3.875,beat_bar
125823,16,92,30,62,3.875,beat_bar
125824,18,104,34,70,3.888888888888889,beat_bar
125825,16,92,30,62,3.875,beat_bar
125826,15,92,28,64,4.266666666666667,beat_bar
125827,11,64,20,44,4.0,beat_bar
125999,15,84,28,56,3.7333333333333334,beat_bar
126014,13,76,24,52,4.0,beat_bar
126015,14,78,26,52,3.7142857142857144,beat_bar
126016,17,106,32,74,4.352941176470588,beat_bar
126017,14,78,26,52,3.7142857142857144,beat_bar
126018,14,84,26,58,4.142857142857143,beat_bar
126047,20,122,38,84,4.2,beat_bar
126055,10,54,18,36,3.6,fixed_fallback
126102,14,84,26,58,4.142857142857143,beat_bar
126103,15,86,28,58,3.8666666666666667,beat_bar
126104,15,86,28,58,3.8666666666666667,beat_bar
126105,14,76,26,50,3.5714285714285716,beat_bar
126180,14,82,26,56,4.0,beat_bar
126181,15,92,28,64,4.266666666666667,beat_bar
126182,13,76,24,52,4.0,beat_bar
126183,17,102,32,70,4.117647058823529,beat_bar
126185,8,44,14,30,3.75,beat_bar
126186,15,84,28,56,3.7333333333333334,beat_bar
126187,11,64,20,44,4.0,beat_bar
126188,16,82,30,52,3.25,beat_bar
126189,8,44,14,30,3.75,beat_bar
126214,10,60,18,42,4.2,beat_bar
126215,10,58,18,40,4.0,beat_bar
126216,13,82,24,58,4.461538461538462,beat_bar
126217,14,84,26,58,4.142857142857143,beat_bar
126218,13,78,24,54,4.153846153846154,beat_bar
126219,17,96,32,64,3.764705882352941,beat_bar
126220,14,84,26,58,4.142857142857143,beat_bar
126221,12,68,22,46,3.8333333333333335,beat_bar
126223,11,60,20,40,3.6363636363636362,beat_bar
126224,15,88,28,60,4.0,beat_bar
126225,13,80,24,56,4.3076923076923075,beat_bar
126226,15,92,28,64,4.266666666666667,beat_bar
126227,15,92,28,64,4.266666666666667,beat_bar
126229,10,64,18,46,4.6,beat_bar
126230,9,46,16,30,3.3333333333333335,beat_bar
126231,8,46,14,32,4.0,beat_bar
126232,12,70,22,48,4.0,beat_bar
126233,12,76,22,54,4.5,beat_bar
126234,9,52,16,36,4.0,beat_bar
126240,11,68,20,48,4.363636363636363,beat_bar
126241,12,64,22,42,3.5,beat_bar
126242,15,84,28,56,3.7333333333333334,beat_bar
126243,15,84,28,56,3.7333333333333334,beat_bar
126276,21,126,40,86,4.095238095238095,beat_bar
126283,11,56,20,36,3.272727272727273,beat_bar
126289,11,68,20,48,4.363636363636363,beat_bar
126290,14,86,26,60,4.285714285714286,beat_bar
126291,17,108,32,76,4.470588235294118,beat_bar
126292,18,102,34,68,3.7777777777777777,beat_bar
126294,11,60,20,40,3.6363636363636362,beat_bar
126295,20,130,38,92,4.6,beat_bar
126297,12,68,22,46,3.8333333333333335,beat_bar
126300,17,94,32,62,3.6470588235294117,beat_bar
126316,10,60,18,42,4.2,fixed_fallback
126317,17,102,32,70,4.117647058823529,beat_bar
126318,15,90,28,62,4.133333333333334,beat_bar
126319,11,66,20,46,4.181818181818182,beat_bar
126320,8,46,14,32,4.0,beat_bar
126321,16,92,30,62,3.875,beat_bar
126354,12,74,22,52,4.333333333333333,beat_bar
126357,15,94,28,66,4.4,beat_bar
126362,14,90,26,64,4.571428571428571,beat_bar
126398,16,98,30,68,4.25,beat_bar
126400,19,116,36,80,4.2105263157894735,beat_bar
126401,16,90,30,60,3.75,beat_bar
126402,19,110,36,74,3.8947368421052633,beat_bar
126403,21,126,40,86,4.095238095238095,beat_bar
126404,15,92,28,64,4.266666666666667,beat_bar
126405,8,44,14,30,3.75,beat_bar
126406,17,104,32,72,4.235294117647059,beat_bar
126407,14,88,26,62,4.428571428571429,beat_bar
126408,11,64,20,44,4.0,beat_bar
126409,18,106,34,72,4.0,beat_bar
126410,19,124,36,88,4.631578947368421,beat_bar
126411,12,76,22,54,4.5,beat_bar
126412,17,96,32,64,3.764705882352941,beat_bar
126413,11,68,20,48,4.363636363636363,beat_bar
126414,16,102,30,72,4.5,beat_bar
126415,13,74,24,50,3.8461538461538463,beat_bar
126416,13,80,24,56,4.3076923076923075,beat_bar
126417,8,44,14,30,3.75,beat_bar
126425,18,106,34,72,4.0,beat_bar
126426,14,80,26,54,3.857142857142857,beat_bar
126427,10,54,18,36,3.6,beat_bar
126428,21,128,40,88,4.190476190476191,beat_bar
126429,15,88,28,60,4.0,beat_bar
126430,16,96,30,66,4.125,beat_bar
126431,10,64,18,46,4.6,beat_bar
126455,11,68,20,48,4.363636363636363,beat_bar
126489,13,78,24,54,4.153846153846154,beat_bar
126490,15,88,28,60,4.0,beat_bar
126491,14,82,26,56,4.0,beat_bar
126505,18,110,34,76,4.222222222222222,beat_bar
126506,11,62,20,42,3.8181818181818183,beat_bar
126507,10,62,18,44,4.4,beat_bar
126508,15,86,28,58,3.8666666666666667,beat_bar
126510,9,50,16,34,3.7777777777777777,beat_bar
126512,23,142,44,98,4.260869565217392,beat_bar
126516,14,90,26,64,4.571428571428571,beat_bar
126519,17,98,32,66,3.8823529411764706,beat_bar
126520,12,74,22,52,4.333333333333333,beat_bar
126521,14,84,26,58,4.142857142857143,beat_bar
126522,15,96,28,68,4.533333333333333,beat_bar
126550,19,106,36,70,3.6842105263157894,beat_bar
126557,17,94,32,62,3.6470588235294117,beat_bar
126559,16,88,30,58,3.625,beat_bar
126584,13,76,24,52,4.0,beat_bar
126585,15,86,28,58,3.8666666666666667,beat_bar
126586,17,102,32,70,4.117647058823529,beat_bar
126587,14,82,26,56,4.0,beat_bar
126588,9,48,16,32,3.5555555555555554,beat_bar
126589,15,94,28,66,4.4,beat_bar
126598,15,96,28,68,4.533333333333333,beat_bar
126600,12,68,22,46,3.8333333333333335,beat_bar
126601,12,70,22,48,4.0,beat_bar
126602,18,104,34,70,3.888888888888889,beat_bar
126603,14,80,26,54,3.857142857142857,beat_bar
126605,9,54,16,38,4.222222222222222,beat_bar
126606,20,114,38,76,3.8,beat_bar
126607,13,70,24,46,3.5384615384615383,beat_bar
126608,9,54,16,38,4.222222222222222,beat_bar
126646,14,88,26,62,4.428571428571429,beat_bar
126666,9,52,16,36,4.0,beat_bar
126667,10,58,18,40,4.0,beat_bar
126668,11,68,20,48,4.363636363636363,beat_bar
126669,10,58,18,40,4.0,fixed_fallback
126670,16,98,30,68,4.25,beat_bar
126671,19,104,36,68,3.5789473684210527,beat_bar
126672,20,126,38,88,4.4,beat_bar
126673,15,88,28,60,4.0,beat_bar
126674,20,122,38,84,4.2,beat_bar
126675,16,92,30,62,3.875,beat_bar
126676,12,70,22,48,4.0,beat_bar
126716,15,86,28,58,3.8666666666666667,beat_bar
126717,16,98,30,68,4.25,beat_bar
126718,13,68,24,44,3.3846153846153846,beat_bar
126719,10,56,18,38,3.8,beat_bar
126720,12,74,22,52,4.333333333333333,beat_bar
126743,15,94,28,66,4.4,beat_bar
126746,15,86,28,58,3.8666666666666667,beat_bar
126747,18,106,34,72,4.0,beat_bar
126748,14,82,26,56,4.0,beat_bar
126749,16,98,30,68,4.25,beat_bar
126773,20,126,38,88,4.4,beat_bar
126778,15,88,28,60,4.0,beat_bar
126781,15,82,28,54,3.6,beat_bar
126782,15,90,28,62,4.133333333333334,beat_bar
126786,9,48,16,32,3.5555555555555554,beat_bar
126789,14,84,26,58,4.142857142857143,beat_bar
126790,15,90,28,62,4.133333333333334,beat_bar
126882,11,68,20,48,4.363636363636363,beat_bar
126883,7,36,12,24,3.4285714285714284,beat_bar
126884,9,52,16,36,4.0,beat_bar
126885,9,50,16,34,3.7777777777777777,beat_bar
126886,9,48,16,32,3.5555555555555554,beat_bar
126887,21,124,40,84,4.0,beat_bar
126899,12,70,22,48,4.0,beat_bar
126900,17,108,32,76,4.470588235294118,beat_bar
126944,10,58,18,40,4.0,beat_bar
126979,12,78,22,56,4.666666666666667,beat_bar
127036,18,108,34,74,4.111111111111111,beat_bar
127037,14,86,26,60,4.285714285714286,beat_bar
127062,13,82,24,58,4.461538461538462,beat_bar
127066,10,60,18,42,4.2,beat_bar
127155,15,82,28,54,3.6,beat_bar
127159,17,100,32,68,4.0,beat_bar
127180,16,98,30,68,4.25,beat_bar
127181,11,64,20,44,4.0,beat_bar
127182,9,52,16,36,4.0,beat_bar
127183,18,116,34,82,4.555555555555555,beat_bar
127184,16,92,30,62,3.875,beat_bar
127185,20,126,38,88,4.4,beat_bar
127186,16,96,30,66,4.125,beat_bar
127187,11,66,20,46,4.181818181818182,beat_bar
127188,12,66,22,44,3.6666666666666665,beat_bar
127189,11,60,20,40,3.6363636363636362,beat_bar
127190,19,116,36,80,4.2105263157894735,beat_bar
127191,19,118,36,82,4.315789473684211,beat_bar
127192,15,94,28,66,4.4,beat_bar
127193,12,70,22,48,4.0,beat_bar
127194,21,132,40,92,4.380952380952381,beat_bar
127203,12,68,22,46,3.8333333333333335,beat_bar
127204,12,68,22,46,3.8333333333333335,beat_bar
127205,12,68,22,46,3.8333333333333335,beat_bar
127206,20,122,38,84,4.2,beat_bar
127207,16,98,30,68,4.25,beat_bar
127208,21,124,40,84,4.0,beat_bar
127209,18,110,34,76,4.222222222222222,beat_bar
127210,9,56,16,40,4.444444444444445,beat_bar
127211,18,108,34,74,4.111111111111111,beat_bar
127212,7,38,12,26,3.7142857142857144,beat_bar
127263,18,98,34,64,3.5555555555555554,beat_bar
127265,18,102,34,68,3.7777777777777777,beat_bar
127266,13,76,24,52,4.0,beat_bar
127267,11,64,20,44,4.0,beat_bar
127268,21,126,40,86,4.095238095238095,beat_bar
127269,11,64,20,44,4.0,beat_bar
127271,17,100,32,68,4.0,beat_bar
127273,17,114,32,82,4.823529411764706,beat_bar
127274,13,86,24,62,4.769230769230769,beat_bar
127275,11,64,20,44,4.0,beat_bar
127276,13,82,24,58,4.461538461538462,beat_bar
127277,12,72,22,50,4.166666666666667,beat_bar
127278,13,76,24,52,4.0,beat_bar
127279,9,52,16,36,4.0,beat_bar
127280,11,60,20,40,3.6363636363636362,beat_bar
127281,13,74,24,50,3.8461538461538463,beat_bar
127285,11,62,20,42,3.8181818181818183,beat_bar
127286,15,94,28,66,4.4,beat_bar
127287,20,122,38,84,4.2,beat_bar
127288,15,100,28,72,4.8,beat_bar
127289,18,118,34,84,4.666666666666667,beat_bar
127290,18,106,34,72,4.0,beat_bar
127294,17,104,32,72,4.235294117647059,beat_bar
127295,16,100,30,70,4.375,beat_bar
127296,14,76,26,50,3.5714285714285716,beat_bar
127297,15,88,28,60,4.0,beat_bar
127298,20,124,38,86,4.3,beat_bar
127299,15,94,28,66,4.4,beat_bar
127300,13,72,24,48,3.6923076923076925,beat_bar
127301,11,60,20,40,3.6363636363636362,beat_bar
127302,17,100,32,68,4.0,beat_bar
127303,14,86,26,60,4.285714285714286,beat_bar
127330,14,84,26,58,4.142857142857143,beat_bar
127331,23,140,44,96,4.173913043478261,beat_bar
127339,16,100,30,70,4.375,beat_bar
127343,17,100,32,68,4.0,beat_bar
127349,10,56,18,38,3.8,beat_bar
127350,16,94,30,64,4.0,beat_bar
127356,20,120,38,82,4.1,beat_bar
127357,21,130,40,90,4.285714285714286,beat_bar
127358,11,64,20,44,4.0,beat_bar
127359,21,124,40,84,4.0,beat_bar
127360,10,58,18,40,4.0,beat_bar
127402,15,90,28,62,4.133333333333334,beat_bar
127422,15,94,28,66,4.4,beat_bar
127469,14,86,26,60,4.285714285714286,beat_bar
127484,15,90,28,62,4.133333333333334,beat_bar
127494,13,76,24,52,4.0,beat_bar
127495,9,52,16,36,4.0,beat_bar
127496,11,62,20,42,3.8181818181818183,beat_bar
127497,12,78,22,56,4.666666666666667,beat_bar
127498,18,98,34,64,3.5555555555555554,beat_bar
127499,17,102,32,70,4.117647058823529,beat_bar
127519,12,70,22,48,4.0,beat_bar
127520,16,92,30,62,3.875,beat_bar
127532,12,72,22,50,4.166666666666667,beat_bar
127541,13,76,24,52,4.0,beat_bar
127542,13,72,24,48,3.6923076923076925,beat_bar
127559,19,118,36,82,4.315789473684211,beat_bar
127620,14,88,26,62,4.428571428571429,beat_bar
127623,15,88,28,60,4.0,beat_bar
127648,15,86,28,58,3.8666666666666667,beat_bar
127660,15,96,28,68,4.533333333333333,beat_bar
127661,11,68,20,48,4.363636363636363,beat_bar
127662,12,70,22,48,4.0,beat_bar
127663,11,68,20,48,4.363636363636363,beat_bar
127720,17,112,32,80,4.705882352941177,beat_bar
127722,13,78,24,54,4.153846153846154,beat_bar
127726,23,138,44,94,4.086956521739131,beat_bar
127798,15,90,28,62,4.133333333333334,beat_bar
127804,15,90,28,62,4.133333333333334,beat_bar
127806,10,54,18,36,3.6,beat_bar
127865,8,42,14,28,3.5,beat_bar
127866,18,104,34,70,3.888888888888889,beat_bar
127867,10,62,18,44,4.4,beat_bar
127868,23,146,44,102,4.434782608695652,beat_bar
127869,17,106,32,74,4.352941176470588,beat_bar
127870,18,110,34,76,4.222222222222222,beat_bar
127871,13,72,24,48,3.6923076923076925,beat_bar
127878,11,70,20,50,4.545454545454546,beat_bar
127908,11,70,20,50,4.545454545454546,beat_bar
127909,11,58,20,38,3.4545454545454546,beat_bar
127910,9,52,16,36,4.0,beat_bar
127911,11,64,20,44,4.0,beat_bar
127912,13,82,24,58,4.461538461538462,beat_bar
127913,7,40,12,28,4.0,beat_bar
127914,9,50,16,34,3.7777777777777777,beat_bar
127915,12,68,22,46,3.8333333333333335,beat_bar
127916,14,82,26,56,4.0,beat_bar
127936,15,90,28,62,4.133333333333334,beat_bar
127996,10,58,18,40,4.0,fixed_fallback
128441,13,74,24,50,3.8461538461538463,beat_bar
128443,12,74,22,52,4.333333333333333,beat_bar
128448,17,106,32,74,4.352941176470588,beat_bar
128469,16,100,30,70,4.375,beat_bar
128470,15,92,28,64,4.266666666666667,beat_bar
128471,11,60,20,40,3.6363636363636362,beat_bar
128472,13,76,24,52,4.0,beat_bar
128473,20,118,38,80,4.0,beat_bar
128476,22,140,42,98,4.454545454545454,beat_bar
128477,14,82,26,56,4.0,beat_bar
128482,15,90,28,62,4.133333333333334,beat_bar
128484,16,94,30,64,4.0,beat_bar
128494,22,128,42,86,3.909090909090909,beat_bar
128500,13,80,24,56,4.3076923076923075,beat_bar
128504,16,96,30,66,4.125,beat_bar
128619,15,92,28,64,4.266666666666667,beat_bar
128666,11,62,20,42,3.8181818181818183,beat_bar
128668,21,122,40,82,3.9047619047619047,beat_bar
128699,19,110,36,74,3.8947368421052633,beat_bar
128709,22,138,42,96,4.363636363636363,beat_bar
128710,12,76,22,54,4.5,beat_bar
128711,12,68,22,46,3.8333333333333335,beat_bar
128758,16,100,30,70,4.375,beat_bar
128759,16,94,30,64,4.0,beat_bar
128760,12,70,22,48,4.0,beat_bar
128799,19,124,36,88,4.631578947368421,beat_bar
128811,14,86,26,60,4.285714285714286,beat_bar
128812,12,72,22,50,4.166666666666667,beat_bar
128813,8,46,14,32,4.0,beat_bar
128814,14,76,26,50,3.5714285714285716,beat_bar
128815,10,58,18,40,4.0,beat_bar
128816,9,56,16,40,4.444444444444445,beat_bar
128825,18,110,34,76,4.222222222222222,beat_bar
128827,21,134,40,94,4.476190476190476,beat_bar
128828,15,90,28,62,4.133333333333334,beat_bar
128835,15,94,28,66,4.4,beat_bar
128845,15,88,28,60,4.0,beat_bar
128878,14,80,26,54,3.857142857142857,beat_bar
128879,14,74,26,48,3.4285714285714284,beat_bar
128880,13,74,24,50,3.8461538461538463,beat_bar
128881,16,96,30,66,4.125,beat_bar
128882,14,78,26,52,3.7142857142857144,beat_bar
128885,10,58,18,40,4.0,beat_bar
128886,16,94,30,64,4.0,beat_bar
128887,9,50,16,34,3.7777777777777777,beat_bar
128888,17,104,32,72,4.235294117647059,beat_bar
128927,11,62,20,42,3.8181818181818183,beat_bar
128992,15,86,28,58,3.8666666666666667,beat_bar
129039,18,104,34,70,3.888888888888889,beat_bar
129040,14,82,26,56,4.0,beat_bar
129042,13,76,24,52,4.0,beat_bar
129043,11,66,20,46,4.181818181818182,beat_bar
129044,11,62,20,42,3.8181818181818183,beat_bar
129046,16,92,30,62,3.875,beat_bar
129048,17,100,32,68,4.0,beat_bar
129049,15,90,28,62,4.133333333333334,beat_bar
129051,7,38,12,26,3.7142857142857144,beat_bar
129052,17,108,32,76,4.470588235294118,beat_bar
129053,16,88,30,58,3.625,beat_bar
129054,12,68,22,46,3.8333333333333335,beat_bar
129055,13,78,24,54,4.153846153846154,beat_bar
129056,14,86,26,60,4.285714285714286,beat_bar
129088,14,88,26,62,4.428571428571429,beat_bar
129089,19,114,36,78,4.105263157894737,beat_bar
129090,18,98,34,64,3.5555555555555554,beat_bar
129091,20,120,38,82,4.1,beat_bar
129092,17,96,32,64,3.764705882352941,beat_bar
129093,14,86,26,60,4.285714285714286,beat_bar
129094,21,132,40,92,4.380952380952381,beat_bar
129095,19,110,36,74,3.8947368421052633,beat_bar
129096,17,104,32,72,4.235294117647059,beat_bar
129097,19,118,36,82,4.315789473684211,beat_bar
129098,12,66,22,44,3.6666666666666665,beat_bar
129184,8,44,14,30,3.75,beat_bar
129185,9,52,16,36,4.0,beat_bar
129186,14,86,26,60,4.285714285714286,beat_bar
129187,13,76,24,52,4.0,beat_bar
129188,13,78,24,54,4.153846153846154,beat_bar
129189,12,70,22,48,4.0,beat_bar
129190,18,102,34,68,3.7777777777777777,beat_bar
129268,15,86,28,58,3.8666666666666667,beat_bar
129362,19,106,36,70,3.6842105263157894,beat_bar
129372,12,70,22,48,4.0,beat_bar
129374,14,82,26,56,4.0,beat_bar
129375,18,104,34,70,3.888888888888889,beat_bar
129391,15,92,28,64,4.266666666666667,beat_bar
129392,15,82,28,54,3.6,beat_bar
129393,14,84,26,58,4.142857142857143,beat_bar
129395,10,60,18,42,4.2,beat_bar
129396,10,58,18,40,4.0,beat_bar
129397,10,60,18,42,4.2,beat_bar
129398,19,112,36,76,4.0,beat_bar
129399,19,114,36,78,4.105263157894737,beat_bar
129400,20,116,38,78,3.9,beat_bar
129401,21,134,40,94,4.476190476190476,beat_bar
129402,18,110,34,76,4.222222222222222,beat_bar
129403,20,110,38,72,3.6,beat_bar
129404,18,108,34,74,4.111111111111111,beat_bar
129405,11,60,20,40,3.6363636363636362,beat_bar
129406,20,134,38,96,4.8,beat_bar
129407,17,104,32,72,4.235294117647059,beat_bar
129439,17,102,32,70,4.117647058823529,beat_bar
129442,17,98,32,66,3.8823529411764706,beat_bar
129444,16,92,30,62,3.875,beat_bar
129620,15,84,28,56,3.7333333333333334,beat_bar
129622,13,72,24,48,3.6923076923076925,beat_bar
129624,11,62,20,42,3.8181818181818183,beat_bar
129674,20,120,38,82,4.1,beat_bar
129675,11,62,20,42,3.8181818181818183,beat_bar
129683,18,114,34,80,4.444444444444445,beat_bar
129694,12,72,22,50,4.166666666666667,beat_bar
129695,16,96,30,66,4.125,beat_bar
129696,14,82,26,56,4.0,beat_bar
129742,14,84,26,58,4.142857142857143,beat_bar
129806,16,96,30,66,4.125,beat_bar
129807,13,74,24,50,3.8461538461538463,beat_bar
129808,13,78,24,54,4.153846153846154,beat_bar
129816,11,62,20,42,3.8181818181818183,beat_bar
129874,13,78,24,54,4.153846153846154,beat_bar
129875,14,84,26,58,4.142857142857143,beat_bar
129876,16,92,30,62,3.875,beat_bar
129879,8,46,14,32,4.0,beat_bar
129880,16,96,30,66,4.125,beat_bar
129882,20,122,38,84,4.2,beat_bar
129883,12,72,22,50,4.166666666666667,beat_bar
129884,15,82,28,54,3.6,beat_bar
129885,15,88,28,60,4.0,beat_bar
129886,12,64,22,42,3.5,beat_bar
129887,13,72,24,48,3.6923076923076925,beat_bar
129889,15,86,28,58,3.8666666666666667,beat_bar
129904,12,66,22,44,3.6666666666666665,beat_bar
129910,10,56,18,38,3.8,beat_bar
129914,13,72,24,48,3.6923076923076925,beat_bar
129915,20,120,38,82,4.1,beat_bar
129918,10,60,18,42,4.2,beat_bar
129919,17,102,32,70,4.117647058823529,beat_bar
129920,20,122,38,84,4.2,beat_bar
129922,15,92,28,64,4.266666666666667,beat_bar
129923,15,84,28,56,3.7333333333333334,beat_bar
129924,20,122,38,84,4.2,beat_bar
129925,13,78,24,54,4.153846153846154,beat_bar
129926,17,106,32,74,4.352941176470588,beat_bar
129927,14,84,26,58,4.142857142857143,beat_bar
129962,14,80,26,54,3.857142857142857,beat_bar
129968,15,92,28,64,4.266666666666667,beat_bar
129969,19,122,36,86,4.526315789473684,beat_bar
129970,21,122,40,82,3.9047619047619047,beat_bar
129972,14,80,26,54,3.857142857142857,beat_bar
129973,16,92,30,62,3.875,beat_bar
129997,9,54,16,38,4.222222222222222,beat_bar
130016,18,108,34,74,4.111111111111111,beat_bar
130084,19,120,36,84,4.421052631578948,beat_bar
130129,17,106,32,74,4.352941176470588,beat_bar
130130,16,84,30,54,3.375,beat_bar
130131,13,76,24,52,4.0,beat_bar
130132,19,110,36,74,3.8947368421052633,beat_bar
130133,8,44,14,30,3.75,beat_bar
130134,15,100,28,72,4.8,beat_bar
130135,11,62,20,42,3.8181818181818183,beat_bar
130136,9,52,16,36,4.0,beat_bar
130137,23,136,44,92,4.0,beat_bar
130168,12,72,22,50,4.166666666666667,beat_bar
130170,12,70,22,48,4.0,beat_bar
130218,14,82,26,56,4.0,beat_bar
130265,12,70,22,48,4.0,beat_bar
130347,11,62,20,42,3.8181818181818183,beat_bar
130349,18,104,34,70,3.888888888888889,beat_bar
130367,15,96,28,68,4.533333333333333,beat_bar
130368,15,94,28,66,4.4,beat_bar
130369,16,88,30,58,3.625,beat_bar
130370,15,76,28,48,3.2,beat_bar
130371,15,86,28,58,3.8666666666666667,beat_bar
130372,23,138,44,94,4.086956521739131,beat_bar
130440,12,68,22,46,3.8333333333333335,beat_bar
130454,14,82,26,56,4.0,beat_bar
130456,13,74,24,50,3.8461538461538463,beat_bar
130650,12,70,22,48,4.0,beat_bar
130667,21,124,40,84,4.0,beat_bar
130682,21,120,40,80,3.8095238095238093,beat_bar
130683,9,52,16,36,4.0,beat_bar
130689,15,88,28,60,4.0,beat_bar
130691,10,54,18,36,3.6,fixed_fallback
130692,15,92,28,64,4.266666666666667,beat_bar
130693,10,58,18,40,4.0,fixed_fallback
130702,13,80,24,56,4.3076923076923075,beat_bar
130709,9,48,16,32,3.5555555555555554,beat_bar
130710,16,86,30,56,3.5,beat_bar
130711,14,84,26,58,4.142857142857143,beat_bar
130752,18,108,34,74,4.111111111111111,beat_bar
130758,14,84,26,58,4.142857142857143,beat_bar
130920,11,62,20,42,3.8181818181818183,beat_bar
130921,15,88,28,60,4.0,beat_bar
130922,15,88,28,60,4.0,beat_bar
130923,15,84,28,56,3.7333333333333334,beat_bar
130927,9,50,16,34,3.7777777777777777,beat_bar
130929,10,54,18,36,3.6,beat_bar
130930,13,80,24,56,4.3076923076923075,beat_bar
130931,19,114,36,78,4.105263157894737,beat_bar
130932,11,66,20,46,4.181818181818182,beat_bar
130933,13,74,24,50,3.8461538461538463,beat_bar
130934,15,94,28,66,4.4,beat_bar
130937,17,100,32,68,4.0,beat_bar
130940,12,76,22,54,4.5,beat_bar
130944,15,92,28,64,4.266666666666667,beat_bar
130945,15,86,28,58,3.8666666666666667,beat_bar
130948,13,78,24,54,4.153846153846154,beat_bar
130950,15,88,28,60,4.0,beat_bar
130951,18,114,34,80,4.444444444444445,beat_bar
130952,14,88,26,62,4.428571428571429,beat_bar
130953,18,108,34,74,4.111111111111111,beat_bar
130954,18,110,34,76,4.222222222222222,beat_bar
130955,17,100,32,68,4.0,beat_bar
130956,15,84,28,56,3.7333333333333334,beat_bar
130963,13,74,24,50,3.8461538461538463,beat_bar
130964,13,78,24,54,4.153846153846154,beat_bar
130986,18,110,34,76,4.222222222222222,beat_bar
130988,15,90,28,62,4.133333333333334,beat_bar
130989,12,72,22,50,4.166666666666667,beat_bar
130990,13,82,24,58,4.461538461538462,beat_bar
130991,15,88,28,60,4.0,beat_bar
130992,11,68,20,48,4.363636363636363,beat_bar
130993,15,96,28,68,4.533333333333333,beat_bar
131016,11,60,20,40,3.6363636363636362,beat_bar
131019,11,64,20,44,4.0,beat_bar
131020,12,70,22,48,4.0,beat_bar
131021,14,82,26,56,4.0,beat_bar
131024,19,126,36,90,4.7368421052631575,beat_bar
131166,12,76,22,54,4.5,beat_bar
131292,16,88,30,58,3.625,beat_bar
131323,16,98,30,68,4.25,beat_bar
131324,12,70,22,48,4.0,beat_bar
131325,19,108,36,72,3.789473684210526,beat_bar
131326,15,86,28,58,3.8666666666666667,beat_bar
131327,14,80,26,54,3.857142857142857,beat_bar
131385,13,76,24,52,4.0,beat_bar
131410,16,102,30,72,4.5,beat_bar
131422,6,28,10,18,3.0,beat_bar
131425,15,98,28,70,4.666666666666667,beat_bar
131426,11,64,20,44,4.0,beat_bar
131436,22,134,42,92,4.181818181818182,beat_bar
131439,20,118,38,80,4.0,beat_bar
131444,17,98,32,66,3.8823529411764706,beat_bar
131446,14,84,26,58,4.142857142857143,beat_bar
131448,14,80,26,54,3.857142857142857,beat_bar
131449,11,70,20,50,4.545454545454546,beat_bar
131451,11,66,20,46,4.181818181818182,beat_bar
131452,17,106,32,74,4.352941176470588,beat_bar
131453,12,70,22,48,4.0,beat_bar
131454,15,100,28,72,4.8,beat_bar
131476,11,58,20,38,3.4545454545454546,beat_bar
131536,11,66,20,46,4.181818181818182,beat_bar
131540,15,88,28,60,4.0,beat_bar
131552,15,96,28,68,4.533333333333333,beat_bar
131553,11,64,20,44,4.0,beat_bar
131554,15,92,28,64,4.266666666666667,beat_bar
131567,23,138,44,94,4.086956521739131,beat_bar
131624,13,76,24,52,4.0,beat_bar
131656,9,50,16,34,3.7777777777777777,beat_bar
131657,9,54,16,38,4.222222222222222,beat_bar
131658,16,96,30,66,4.125,beat_bar
131764,15,88,28,60,4.0,beat_bar
131767,20,114,38,76,3.8,beat_bar
131770,20,122,38,84,4.2,beat_bar
131771,15,98,28,70,4.666666666666667,beat_bar
131772,19,122,36,86,4.526315789473684,beat_bar
131773,14,86,26,60,4.285714285714286,beat_bar
131774,19,118,36,82,4.315789473684211,beat_bar
131787,17,100,32,68,4.0,beat_bar
131789,11,68,20,48,4.363636363636363,beat_bar
131791,18,100,34,66,3.6666666666666665,beat_bar
131792,10,60,18,42,4.2,beat_bar
131794,16,92,30,62,3.875,beat_bar
131795,18,104,34,70,3.888888888888889,beat_bar
131796,17,104,32,72,4.235294117647059,beat_bar
131797,12,72,22,50,4.166666666666667,beat_bar
131837,15,94,28,66,4.4,beat_bar
131897,17,90,32,58,3.411764705882353,beat_bar
131899,13,72,24,48,3.6923076923076925,beat_bar
131900,12,68,22,46,3.8333333333333335,beat_bar
131901,18,108,34,74,4.111111111111111,beat_bar
131902,21,118,40,78,3.7142857142857144,beat_bar
131903,15,90,28,62,4.133333333333334,beat_bar
131904,17,100,32,68,4.0,beat_bar
131911,7,38,12,26,3.7142857142857144,beat_bar
131912,11,72,20,52,4.7272727272727275,beat_bar
131913,16,94,30,64,4.0,beat_bar
131914,15,92,28,64,4.266666666666667,beat_bar
131917,8,48,14,34,4.25,beat_bar
131918,14,86,26,60,4.285714285714286,beat_bar
131919,7,36,12,24,3.4285714285714284,beat_bar
131922,10,60,18,42,4.2,beat_bar
131923,18,104,34,70,3.888888888888889,beat_bar
131924,10,58,18,40,4.0,beat_bar
131925,12,74,22,52,4.333333333333333,beat_bar
131932,12,72,22,50,4.166666666666667,beat_bar
131933,16,94,30,64,4.0,beat_bar
131934,15,92,28,64,4.266666666666667,beat_bar
131935,15,86,28,58,3.8666666666666667,beat_bar
131936,16,98,30,68,4.25,beat_bar
131938,13,80,24,56,4.3076923076923075,beat_bar
131939,16,96,30,66,4.125,beat_bar
131940,21,124,40,84,4.0,beat_bar
131941,24,144,46,98,4.083333333333333,beat_bar
131942,15,90,28,62,4.133333333333334,beat_bar
131950,10,54,18,36,3.6,beat_bar
131951,14,92,26,66,4.714285714285714,beat_bar
131952,17,106,32,74,4.352941176470588,beat_bar
131953,19,114,36,78,4.105263157894737,beat_bar
131978,11,64,20,44,4.0,beat_bar
131979,19,120,36,84,4.421052631578948,beat_bar
131980,15,88,28,60,4.0,beat_bar
131982,22,138,42,96,4.363636363636363,beat_bar
131983,15,86,28,58,3.8666666666666667,beat_bar
131984,11,68,20,48,4.363636363636363,beat_bar
131985,15,84,28,56,3.7333333333333334,beat_bar
131986,15,92,28,64,4.266666666666667,beat_bar
132019,9,50,16,34,3.7777777777777777,beat_bar
132040,11,66,20,46,4.181818181818182,beat_bar
132041,12,72,22,50,4.166666666666667,beat_bar
132042,20,118,38,80,4.0,beat_bar
132045,15,90,28,62,4.133333333333334,beat_bar
132117,13,74,24,50,3.8461538461538463,beat_bar
132118,13,80,24,56,4.3076923076923075,beat_bar
132122,9,52,16,36,4.0,beat_bar
132134,12,76,22,54,4.5,beat_bar
132138,17,92,32,60,3.5294117647058822,beat_bar
132139,14,90,26,64,4.571428571428571,beat_bar
132140,16,94,30,64,4.0,beat_bar
132141,13,70,24,46,3.5384615384615383,beat_bar
132142,10,58,18,40,4.0,beat_bar
132171,17,98,32,66,3.8823529411764706,beat_bar
132272,15,92,28,64,4.266666666666667,beat_bar
132310,16,92,30,62,3.875,beat_bar
132420,16,84,30,54,3.375,beat_bar
132424,16,94,30,64,4.0,beat_bar
132434,15,96,28,68,4.533333333333333,beat_bar
132436,14,88,26,62,4.428571428571429,beat_bar
132448,12,70,22,48,4.0,beat_bar
132449,15,94,28,66,4.4,beat_bar
132453,16,90,30,60,3.75,beat_bar
132454,11,64,20,44,4.0,beat_bar
132455,14,86,26,60,4.285714285714286,beat_bar
132456,19,110,36,74,3.8947368421052633,beat_bar
132561,10,56,18,38,3.8,beat_bar
132566,21,126,40,86,4.095238095238095,beat_bar
132567,13,74,24,50,3.8461538461538463,beat_bar
132568,23,150,44,106,4.608695652173913,beat_bar
132589,14,84,26,58,4.142857142857143,beat_bar
132675,14,84,26,58,4.142857142857143,beat_bar
132677,12,64,22,42,3.5,beat_bar
132678,15,86,28,58,3.8666666666666667,beat_bar
132679,13,82,24,58,4.461538461538462,beat_bar
132773,6,30,10,20,3.3333333333333335,beat_bar
132774,10,56,18,38,3.8,fixed_fallback
132775,8,46,14,32,4.0,beat_bar
132778,21,136,40,96,4.571428571428571,beat_bar
132779,11,62,20,42,3.8181818181818183,beat_bar
132781,18,104,34,70,3.888888888888889,beat_bar
132784,17,106,32,74,4.352941176470588,beat_bar
132786,15,98,28,70,4.666666666666667,beat_bar
132787,15,92,28,64,4.266666666666667,beat_bar
132788,20,116,38,78,3.9,beat_bar
132789,17,106,32,74,4.352941176470588,beat_bar
132790,10,60,18,42,4.2,fixed_fallback
132791,14,76,26,50,3.5714285714285716,beat_bar
132792,16,96,30,66,4.125,beat_bar
132793,11,64,20,44,4.0,beat_bar
132794,15,92,28,64,4.266666666666667,beat_bar
132795,15,92,28,64,4.266666666666667,beat_bar
132914,17,100,32,68,4.0,beat_bar
132954,12,72,22,50,4.166666666666667,beat_bar
132961,15,82,28,54,3.6,beat_bar
132962,11,70,20,50,4.545454545454546,beat_bar
132963,13,80,24,56,4.3076923076923075,beat_bar
132964,12,66,22,44,3.6666666666666665,beat_bar
132965,12,66,22,44,3.6666666666666665,beat_bar
133015,9,52,16,36,4.0,beat_bar
133016,13,76,24,52,4.0,beat_bar
133019,9,52,16,36,4.0,beat_bar
133020,17,100,32,68,4.0,beat_bar
133022,9,48,16,32,3.5555555555555554,beat_bar
133023,17,98,32,66,3.8823529411764706,beat_bar
133024,18,108,34,74,4.111111111111111,beat_bar
133025,23,152,44,108,4.695652173913044,beat_bar
133026,17,96,32,64,3.764705882352941,beat_bar
133027,17,90,32,58,3.411764705882353,beat_bar
133028,14,78,26,52,3.7142857142857144,beat_bar
133029,15,94,28,66,4.4,beat_bar
133100,12,72,22,50,4.166666666666667,beat_bar
133102,16,94,30,64,4.0,beat_bar
133272,17,98,32,66,3.8823529411764706,beat_bar
133273,15,96,28,68,4.533333333333333,beat_bar
133274,7,38,12,26,3.7142857142857144,beat_bar
133275,10,58,18,40,4.0,fixed_fallback
133276,10,56,18,38,3.8,beat_bar
133293,17,106,32,74,4.352941176470588,beat_bar
133294,19,122,36,86,4.526315789473684,beat_bar
133332,10,64,18,46,4.6,beat_bar
133333,16,92,30,62,3.875,beat_bar
133431,21,136,40,96,4.571428571428571,beat_bar
133432,17,110,32,78,4.588235294117647,beat_bar
133433,20,116,38,78,3.9,beat_bar
133434,16,94,30,64,4.0,beat_bar
133435,13,78,24,54,4.153846153846154,beat_bar
133436,12,76,22,54,4.5,beat_bar
133437,11,68,20,48,4.363636363636363,beat_bar
133438,21,124,40,84,4.0,beat_bar
133439,8,46,14,32,4.0,beat_bar
133440,13,70,24,46,3.5384615384615383,beat_bar
133441,15,88,28,60,4.0,beat_bar
133442,10,56,18,38,3.8,beat_bar
133443,8,46,14,32,4.0,beat_bar
133444,18,110,34,76,4.222222222222222,beat_bar
133445,13,80,24,56,4.3076923076923075,beat_bar
133446,10,58,18,40,4.0,fixed_fallback
133447,14,82,26,56,4.0,beat_bar
133448,15,86,28,58,3.8666666666666667,beat_bar
133449,19,110,36,74,3.8947368421052633,beat_bar
133450,17,94,32,62,3.6470588235294117,beat_bar
133451,10,56,18,38,3.8,fixed_fallback
133452,12,68,22,46,3.8333333333333335,beat_bar
133453,14,88,26,62,4.428571428571429,beat_bar
133454,16,94,30,64,4.0,beat_bar
133455,16,96,30,66,4.125,beat_bar
133456,15,86,28,58,3.8666666666666667,beat_bar
133457,15,96,28,68,4.533333333333333,beat_bar
133459,21,126,40,86,4.095238095238095,beat_bar
133479,16,90,30,60,3.75,beat_bar
133535,16,94,30,64,4.0,beat_bar
133537,13,76,24,52,4.0,beat_bar
133538,11,64,20,44,4.0,beat_bar
133544,14,82,26,56,4.0,beat_bar
133545,20,120,38,82,4.1,beat_bar
133546,10,64,18,46,4.6,beat_bar
133551,11,62,20,42,3.8181818181818183,beat_bar
133553,16,94,30,64,4.0,beat_bar
133560,12,72,22,50,4.166666666666667,beat_bar
133561,14,80,26,54,3.857142857142857,beat_bar
133562,11,72,20,52,4.7272727272727275,beat_bar
133563,17,102,32,70,4.117647058823529,beat_bar
133564,10,58,18,40,4.0,fixed_fallback
133567,17,102,32,70,4.117647058823529,beat_bar
133571,20,122,38,84,4.2,beat_bar
133572,12,74,22,52,4.333333333333333,beat_bar
133573,10,60,18,42,4.2,beat_bar
133574,8,44,14,30,3.75,beat_bar
133576,10,56,18,38,3.8,beat_bar
133579,8,42,14,28,3.5,beat_bar
133580,17,106,32,74,4.352941176470588,beat_bar
133632,15,90,28,62,4.133333333333334,beat_bar
133638,18,102,34,68,3.7777777777777777,beat_bar
133639,12,72,22,50,4.166666666666667,beat_bar
133681,11,62,20,42,3.8181818181818183,beat_bar
133729,17,102,32,70,4.117647058823529,beat_bar
133731,16,102,30,72,4.5,beat_bar
133770,16,86,30,56,3.5,beat_bar
133772,11,66,20,46,4.181818181818182,beat_bar
133780,13,78,24,54,4.153846153846154,beat_bar
133781,13,68,24,44,3.3846153846153846,beat_bar
133788,21,122,40,82,3.9047619047619047,beat_bar
133793,18,102,34,68,3.7777777777777777,beat_bar
133798,15,88,28,60,4.0,beat_bar
133802,16,98,30,68,4.25,beat_bar
133803,15,92,28,64,4.266666666666667,beat_bar
133833,13,76,24,52,4.0,beat_bar
133835,16,90,30,60,3.75,beat_bar
133836,21,122,40,82,3.9047619047619047,beat_bar
133837,11,62,20,42,3.8181818181818183,beat_bar
133838,19,116,36,80,4.2105263157894735,beat_bar
133916,9,52,16,36,4.0,beat_bar
133942,15,90,28,62,4.133333333333334,beat_bar
133943,13,70,24,46,3.5384615384615383,beat_bar
133967,9,54,16,38,4.222222222222222,beat_bar
133968,11,70,20,50,4.545454545454546,beat_bar
133969,16,92,30,62,3.875,beat_bar
133970,10,60,18,42,4.2,beat_bar
133971,12,72,22,50,4.166666666666667,beat_bar
133972,18,108,34,74,4.111111111111111,beat_bar
133973,17,94,32,62,3.6470588235294117,beat_bar
133974,9,52,16,36,4.0,beat_bar
133975,16,96,30,66,4.125,beat_bar
133976,16,90,30,60,3.75,beat_bar
133977,13,82,24,58,4.461538461538462,beat_bar
133978,15,96,28,68,4.533333333333333,beat_bar
134034,18,112,34,78,4.333333333333333,beat_bar
134052,15,92,28,64,4.266666666666667,beat_bar
134053,13,82,24,58,4.461538461538462,beat_bar
134054,15,86,28,58,3.8666666666666667,beat_bar
134073,11,66,20,46,4.181818181818182,beat_bar
134077,10,58,18,40,4.0,beat_bar
134084,19,114,36,78,4.105263157894737,beat_bar
134094,6,30,10,20,3.3333333333333335,beat_bar
134359,11,64,20,44,4.0,beat_bar
134384,12,64,22,42,3.5,beat_bar
134385,16,100,30,70,4.375,beat_bar
134388,15,92,28,64,4.266666666666667,beat_bar
134389,20,120,38,82,4.1,beat_bar
134443,17,96,32,64,3.764705882352941,beat_bar
134444,16,94,30,64,4.0,beat_bar
134445,15,90,28,62,4.133333333333334,beat_bar
134446,10,56,18,38,3.8,beat_bar
134447,20,114,38,76,3.8,beat_bar
134448,15,86,28,58,3.8666666666666667,beat_bar
134449,15,86,28,58,3.8666666666666667,beat_bar
134452,13,78,24,54,4.153846153846154,beat_bar
134453,15,90,28,62,4.133333333333334,beat_bar
134454,13,76,24,52,4.0,beat_bar
134455,14,88,26,62,4.428571428571429,beat_bar
134486,13,82,24,58,4.461538461538462,beat_bar
134509,21,132,40,92,4.380952380952381,beat_bar
134510,20,122,38,84,4.2,beat_bar
134580,19,114,36,78,4.105263157894737,beat_bar
134586,14,84,26,58,4.142857142857143,beat_bar
134594,12,74,22,52,4.333333333333333,beat_bar
134610,11,58,20,38,3.4545454545454546,beat_bar
134631,13,74,24,50,3.8461538461538463,beat_bar
134643,16,92,30,62,3.875,beat_bar
134790,15,90,28,62,4.133333333333334,beat_bar
134791,13,76,24,52,4.0,beat_bar
134792,15,86,28,58,3.8666666666666667,beat_bar
134793,15,90,28,62,4.133333333333334,beat_bar
134794,17,96,32,64,3.764705882352941,beat_bar
134795,18,110,34,76,4.222222222222222,beat_bar
134796,11,66,20,46,4.181818181818182,beat_bar
134797,14,84,26,58,4.142857142857143,beat_bar
134801,12,72,22,50,4.166666666666667,beat_bar
134823,12,68,22,46,3.8333333333333335,beat_bar
134824,23,130,44,86,3.739130434782609,beat_bar
134825,11,68,20,48,4.363636363636363,beat_bar
134826,20,116,38,78,3.9,beat_bar
134827,11,68,20,48,4.363636363636363,beat_bar
134918,8,46,14,32,4.0,beat_bar
134919,13,84,24,60,4.615384615384615,beat_bar
134922,16,90,30,60,3.75,beat_bar
134923,8,42,14,28,3.5,beat_bar
134928,17,100,32,68,4.0,beat_bar
134929,13,82,24,58,4.461538461538462,beat_bar
134930,17,98,32,66,3.8823529411764706,beat_bar
134931,12,66,22,44,3.6666666666666665,beat_bar
134932,18,106,34,72,4.0,beat_bar
134933,19,114,36,78,4.105263157894737,beat_bar
134934,18,112,34,78,4.333333333333333,beat_bar
134935,15,92,28,64,4.266666666666667,beat_bar
134936,13,78,24,54,4.153846153846154,beat_bar
134937,13,74,24,50,3.8461538461538463,beat_bar
134938,20,124,38,86,4.3,beat_bar
134939,13,80,24,56,4.3076923076923075,beat_bar
134940,12,64,22,42,3.5,beat_bar
134941,17,102,32,70,4.117647058823529,beat_bar
134942,11,66,20,46,4.181818181818182,beat_bar
134943,15,96,28,68,4.533333333333333,beat_bar
134947,15,88,28,60,4.0,beat_bar
134948,16,92,30,62,3.875,beat_bar
134949,13,72,24,48,3.6923076923076925,beat_bar
134950,17,98,32,66,3.8823529411764706,beat_bar
134951,19,108,36,72,3.789473684210526,beat_bar
134952,21,112,40,72,3.4285714285714284,beat_bar
134956,21,126,40,86,4.095238095238095,beat_bar
134959,14,84,26,58,4.142857142857143,beat_bar
134962,17,106,32,74,4.352941176470588,beat_bar
134979,19,120,36,84,4.421052631578948,beat_bar
134981,16,98,30,68,4.25,beat_bar
135010,12,68,22,46,3.8333333333333335,beat_bar
135028,13,70,24,46,3.5384615384615383,beat_bar
135039,16,92,30,62,3.875,beat_bar
135043,12,70,22,48,4.0,beat_bar
135044,15,84,28,56,3.7333333333333334,beat_bar
135054,7,36,12,24,3.4285714285714284,beat_bar
135089,13,68,24,44,3.3846153846153846,beat_bar
135091,15,84,28,56,3.7333333333333334,beat_bar
135092,17,96,32,64,3.764705882352941,beat_bar
135219,16,92,30,62,3.875,beat_bar
135220,16,100,30,70,4.375,beat_bar
135221,18,114,34,80,4.444444444444445,beat_bar
135222,11,64,20,44,4.0,beat_bar
135223,16,100,30,70,4.375,beat_bar
135224,12,76,22,54,4.5,beat_bar
135225,12,76,22,54,4.5,beat_bar
135226,13,82,24,58,4.461538461538462,beat_bar
135227,14,80,26,54,3.857142857142857,beat_bar
135228,12,70,22,48,4.0,beat_bar
135229,15,84,28,56,3.7333333333333334,beat_bar
135336,12,66,22,44,3.6666666666666665,beat_bar
135337,12,74,22,52,4.333333333333333,beat_bar
135338,14,80,26,54,3.857142857142857,beat_bar
135339,11,62,20,42,3.8181818181818183,beat_bar
135340,12,74,22,52,4.333333333333333,beat_bar
135341,11,58,20,38,3.4545454545454546,beat_bar
135342,13,70,24,46,3.5384615384615383,beat_bar
135363,19,114,36,78,4.105263157894737,beat_bar
135364,13,76,24,52,4.0,beat_bar
135365,13,80,24,56,4.3076923076923075,beat_bar
135368,15,96,28,68,4.533333333333333,beat_bar
135369,12,74,22,52,4.333333333333333,beat_bar
135370,11,60,20,40,3.6363636363636362,beat_bar
135371,15,88,28,60,4.0,beat_bar
135372,16,106,30,76,4.75,beat_bar
135373,11,60,20,40,3.6363636363636362,beat_bar
135374,17,104,32,72,4.235294117647059,beat_bar
135375,22,132,42,90,4.090909090909091,beat_bar
135986,20,110,38,72,3.6,beat_bar
135989,15,86,28,58,3.8666666666666667,beat_bar
135990,7,40,12,28,4.0,beat_bar
136054,14,80,26,54,3.857142857142857,beat_bar
136091,12,68,22,46,3.8333333333333335,beat_bar
136094,9,52,16,36,4.0,beat_bar
136134,13,82,24,58,4.461538461538462,beat_bar
136137,13,84,24,60,4.615384615384615,beat_bar
136138,15,84,28,56,3.7333333333333334,beat_bar
136275,9,52,16,36,4.0,beat_bar
136276,13,76,24,52,4.0,beat_bar
136320,18,112,34,78,4.333333333333333,beat_bar
136321,14,80,26,54,3.857142857142857,beat_bar
136322,15,86,28,58,3.8666666666666667,beat_bar
136323,15,92,28,64,4.266666666666667,beat_bar
136324,20,114,38,76,3.8,beat_bar
136331,10,62,18,44,4.4,beat_bar
136404,19,112,36,76,4.0,beat_bar
136424,15,80,28,52,3.466666666666667,beat_bar
136449,10,58,18,40,4.0,beat_bar
136465,23,138,44,94,4.086956521739131,beat_bar
136466,12,68,22,46,3.8333333333333335,beat_bar
136467,23,134,44,90,3.9130434782608696,beat_bar
136468,11,60,20,40,3.6363636363636362,beat_bar
136469,12,70,22,48,4.0,beat_bar
136705,14,84,26,58,4.142857142857143,beat_bar
136706,21,128,40,88,4.190476190476191,beat_bar
136707,14,88,26,62,4.428571428571429,beat_bar
136708,15,90,28,62,4.133333333333334,beat_bar
136709,16,88,30,58,3.625,beat_bar
136928,15,92,28,64,4.266666666666667,beat_bar
136994,12,74,22,52,4.333333333333333,beat_bar
136995,16,94,30,64,4.0,beat_bar
137054,11,64,20,44,4.0,beat_bar
137151,10,56,18,38,3.8,beat_bar
137152,10,58,18,40,4.0,beat_bar
137166,10,56,18,38,3.8,fixed_fallback
137167,12,66,22,44,3.6666666666666665,beat_bar
137168,15,92,28,64,4.266666666666667,beat_bar
137169,8,48,14,34,4.25,beat_bar
137170,10,58,18,40,4.0,fixed_fallback
137171,13,72,24,48,3.6923076923076925,beat_bar
137172,10,56,18,38,3.8,fixed_fallback
137173,10,56,18,38,3.8,fixed_fallback
137174,14,80,26,54,3.857142857142857,beat_bar
137175,14,86,26,60,4.285714285714286,beat_bar
137176,15,84,28,56,3.7333333333333334,beat_bar
137211,13,76,24,52,4.0,beat_bar
137212,16,94,30,64,4.0,beat_bar
137213,15,88,28,60,4.0,beat_bar
137214,13,82,24,58,4.461538461538462,beat_bar
137356,13,84,24,60,4.615384615384615,beat_bar
137417,12,62,22,40,3.3333333333333335,beat_bar
137418,17,100,32,68,4.0,beat_bar
137419,10,56,18,38,3.8,beat_bar
137423,15,88,28,60,4.0,beat_bar
137424,16,94,30,64,4.0,beat_bar
137425,19,112,36,76,4.0,beat_bar
137426,14,92,26,66,4.714285714285714,beat_bar
137462,13,68,24,44,3.3846153846153846,beat_bar
137463,22,130,42,88,4.0,beat_bar
137484,17,102,32,70,4.117647058823529,beat_bar
137500,14,88,26,62,4.428571428571429,beat_bar
137551,19,116,36,80,4.2105263157894735,beat_bar
137561,13,74,24,50,3.8461538461538463,beat_bar
137563,16,104,30,74,4.625,beat_bar
137567,8,46,14,32,4.0,beat_bar
137593,11,64,20,44,4.0,beat_bar
137605,17,112,32,80,4.705882352941177,beat_bar
137624,8,48,14,34,4.25,beat_bar
137627,10,54,18,36,3.6,fixed_fallback
137630,9,52,16,36,4.0,beat_bar
137631,14,78,26,52,3.7142857142857144,beat_bar
137632,11,66,20,46,4.181818181818182,beat_bar
137715,15,86,28,58,3.8666666666666667,beat_bar
137716,16,102,30,72,4.5,beat_bar
137717,18,106,34,72,4.0,beat_bar
137719,10,58,18,40,4.0,fixed_fallback
137720,19,116,36,80,4.2105263157894735,beat_bar
137721,16,88,30,58,3.625,beat_bar
137722,19,114,36,78,4.105263157894737,beat_bar
137723,17,86,32,54,3.176470588235294,beat_bar
137724,19,114,36,78,4.105263157894737,beat_bar
137725,12,70,22,48,4.0,beat_bar
137740,18,112,34,78,4.333333333333333,beat_bar
137895,13,76,24,52,4.0,beat_bar
137896,12,76,22,54,4.5,beat_bar
137898,11,64,20,44,4.0,beat_bar
137899,12,66,22,44,3.6666666666666665,beat_bar
137900,11,60,20,40,3.6363636363636362,beat_bar
137901,12,68,22,46,3.8333333333333335,beat_bar
137907,13,76,24,52,4.0,beat_bar
137935,19,118,36,82,4.315789473684211,beat_bar
137990,9,54,16,38,4.222222222222222,beat_bar
137998,14,84,26,58,4.142857142857143,beat_bar
138010,16,96,30,66,4.125,beat_bar
138015,15,96,28,68,4.533333333333333,beat_bar
138016,10,58,18,40,4.0,beat_bar
138017,13,74,24,50,3.8461538461538463,beat_bar
138018,9,50,16,34,3.7777777777777777,beat_bar
138019,10,60,18,42,4.2,fixed_fallback
138020,10,62,18,44,4.4,beat_bar
138021,15,86,28,58,3.8666666666666667,beat_bar
138022,10,58,18,40,4.0,beat_bar
138023,17,100,32,68,4.0,beat_bar
138024,13,78,24,54,4.153846153846154,beat_bar
138025,17,100,32,68,4.0,beat_bar
138026,14,90,26,64,4.571428571428571,beat_bar
138038,19,116,36,80,4.2105263157894735,beat_bar
138039,12,68,22,46,3.8333333333333335,beat_bar
138040,19,106,36,70,3.6842105263157894,beat_bar
138041,14,80,26,54,3.857142857142857,beat_bar
138053,14,76,26,50,3.5714285714285716,beat_bar
138060,10,56,18,38,3.8,beat_bar
138061,12,74,22,52,4.333333333333333,beat_bar
138062,19,100,36,64,3.3684210526315788,beat_bar
138063,12,74,22,52,4.333333333333333,beat_bar
138064,15,82,28,54,3.6,beat_bar
138065,18,108,34,74,4.111111111111111,beat_bar
138066,13,76,24,52,4.0,beat_bar
138067,12,76,22,54,4.5,beat_bar
138068,8,44,14,30,3.75,beat_bar
138069,18,100,34,66,3.6666666666666665,beat_bar
138070,14,80,26,54,3.857142857142857,beat_bar
138071,11,64,20,44,4.0,beat_bar
138207,15,90,28,62,4.133333333333334,beat_bar
138210,20,116,38,78,3.9,beat_bar
138211,10,64,18,46,4.6,beat_bar
138212,12,76,22,54,4.5,beat_bar
138213,12,72,22,50,4.166666666666667,beat_bar
138215,12,66,22,44,3.6666666666666665,beat_bar
138216,11,66,20,46,4.181818181818182,beat_bar
138217,12,66,22,44,3.6666666666666665,beat_bar
138218,11,62,20,42,3.8181818181818183,beat_bar
138256,16,100,30,70,4.375,beat_bar
138282,12,70,22,48,4.0,beat_bar
138306,18,104,34,70,3.888888888888889,beat_bar
138311,16,90,30,60,3.75,beat_bar
138317,18,114,34,80,4.444444444444445,beat_bar
138318,16,96,30,66,4.125,beat_bar
138319,13,72,24,48,3.6923076923076925,beat_bar
138320,16,94,30,64,4.0,beat_bar
138351,14,76,26,50,3.5714285714285716,beat_bar
138355,12,72,22,50,4.166666666666667,beat_bar
138406,11,64,20,44,4.0,beat_bar
138410,15,96,28,68,4.533333333333333,beat_bar
138413,14,76,26,50,3.5714285714285716,beat_bar
138414,15,90,28,62,4.133333333333334,beat_bar
138415,13,78,24,54,4.153846153846154,beat_bar
138416,16,94,30,64,4.0,beat_bar
138578,14,86,26,60,4.285714285714286,beat_bar
138579,14,84,26,58,4.142857142857143,beat_bar
138580,15,92,28,64,4.266666666666667,beat_bar
138581,15,82,28,54,3.6,beat_bar
139003,21,128,40,88,4.190476190476191,beat_bar
139043,14,76,26,50,3.5714285714285716,beat_bar
139110,14,80,26,54,3.857142857142857,beat_bar
139112,20,116,38,78,3.9,beat_bar
139117,17,96,32,64,3.764705882352941,beat_bar
139123,12,72,22,50,4.166666666666667,beat_bar
139226,16,96,30,66,4.125,beat_bar
139329,14,90,26,64,4.571428571428571,beat_bar
139330,18,116,34,82,4.555555555555555,beat_bar
139461,8,44,14,30,3.75,beat_bar
139485,18,110,34,76,4.222222222222222,beat_bar
139491,15,90,28,62,4.133333333333334,beat_bar
139520,17,102,32,70,4.117647058823529,beat_bar
139521,15,86,28,58,3.8666666666666667,beat_bar
139522,18,110,34,76,4.222222222222222,beat_bar
139523,15,90,28,62,4.133333333333334,beat_bar
139524,16,96,30,66,4.125,beat_bar
139532,11,72,20,52,4.7272727272727275,beat_bar
139534,9,50,16,34,3.7777777777777777,beat_bar
139536,12,74,22,52,4.333333333333333,beat_bar
139537,17,100,32,68,4.0,beat_bar
139637,6,30,10,20,3.3333333333333335,beat_bar
139638,14,80,26,54,3.857142857142857,beat_bar
139663,16,96,30,66,4.125,beat_bar
139681,21,124,40,84,4.0,beat_bar
139687,15,82,28,54,3.6,beat_bar
139688,17,98,32,66,3.8823529411764706,beat_bar
139769,14,88,26,62,4.428571428571429,beat_bar
139770,14,86,26,60,4.285714285714286,beat_bar
139771,17,102,32,70,4.117647058823529,beat_bar
139772,14,86,26,60,4.285714285714286,beat_bar
139773,10,60,18,42,4.2,beat_bar
139774,16,86,30,56,3.5,beat_bar
139775,12,74,22,52,4.333333333333333,beat_bar
139776,11,68,20,48,4.363636363636363,beat_bar
139777,16,90,30,60,3.75,beat_bar
139804,16,98,30,68,4.25,beat_bar
139862,12,72,22,50,4.166666666666667,beat_bar
139876,12,74,22,52,4.333333333333333,beat_bar
139933,11,60,20,40,3.6363636363636362,beat_bar
139934,17,102,32,70,4.117647058823529,beat_bar
139935,11,68,20,48,4.363636363636363,beat_bar
139936,17,102,32,70,4.117647058823529,beat_bar
139937,13,78,24,54,4.153846153846154,beat_bar
139954,7,38,12,26,3.7142857142857144,beat_bar
139990,15,94,28,66,4.4,beat_bar
139991,10,60,18,42,4.2,beat_bar
139992,15,94,28,66,4.4,beat_bar
139993,9,46,16,30,3.3333333333333335,beat_bar
139994,13,74,24,50,3.8461538461538463,beat_bar
139995,11,66,20,46,4.181818181818182,beat_bar
140043,15,92,28,64,4.266666666666667,beat_bar
140134,17,100,32,68,4.0,beat_bar
140135,8,44,14,30,3.75,beat_bar
140258,17,96,32,64,3.764705882352941,beat_bar
140259,17,96,32,64,3.764705882352941,beat_bar
140260,9,52,16,36,4.0,beat_bar
140261,15,86,28,58,3.8666666666666667,beat_bar
140262,7,38,12,26,3.7142857142857144,beat_bar
140263,11,60,20,40,3.6363636363636362,beat_bar
140266,14,80,26,54,3.857142857142857,beat_bar
140316,10,56,18,38,3.8,fixed_fallback
140344,20,114,38,76,3.8,beat_bar
140421,20,128,38,90,4.5,beat_bar
140564,14,78,26,52,3.7142857142857144,beat_bar
140565,15,88,28,60,4.0,beat_bar
140566,15,82,28,54,3.6,beat_bar
140576,15,86,28,58,3.8666666666666667,beat_bar
140583,9,50,16,34,3.7777777777777777,beat_bar
140584,18,104,34,70,3.888888888888889,beat_bar
140609,12,70,22,48,4.0,beat_bar
140620,12,76,22,54,4.5,beat_bar
140621,12,74,22,52,4.333333333333333,beat_bar
140623,13,74,24,50,3.8461538461538463,beat_bar
140625,12,76,22,54,4.5,beat_bar
140626,14,76,26,50,3.5714285714285716,beat_bar
140788,14,86,26,60,4.285714285714286,beat_bar
140789,12,64,22,42,3.5,beat_bar
140790,15,82,28,54,3.6,beat_bar
140791,13,74,24,50,3.8461538461538463,beat_bar
140794,10,56,18,38,3.8,fixed_fallback
140871,13,76,24,52,4.0,beat_bar
140872,18,104,34,70,3.888888888888889,beat_bar
140873,10,56,18,38,3.8,beat_bar
140874,17,92,32,60,3.5294117647058822,beat_bar
140875,15,84,28,56,3.7333333333333334,beat_bar
140922,17,102,32,70,4.117647058823529,beat_bar
140923,16,82,30,52,3.25,beat_bar
140924,9,52,16,36,4.0,beat_bar
140925,10,60,18,42,4.2,beat_bar
140926,15,90,28,62,4.133333333333334,beat_bar
140933,21,114,40,74,3.5238095238095237,beat_bar
140934,16,86,30,56,3.5,beat_bar
140935,15,80,28,52,3.466666666666667,beat_bar
140939,15,84,28,56,3.7333333333333334,beat_bar
141074,16,96,30,66,4.125,beat_bar
141137,10,58,18,40,4.0,beat_bar
141139,15,96,28,68,4.533333333333333,beat_bar
141141,15,92,28,64,4.266666666666667,beat_bar
141143,18,104,34,70,3.888888888888889,beat_bar
141144,14,82,26,56,4.0,beat_bar
141164,11,72,20,52,4.7272727272727275,beat_bar
141166,21,132,40,92,4.380952380952381,beat_bar
141167,21,130,40,90,4.285714285714286,beat_bar
141168,22,134,42,92,4.181818181818182,beat_bar
141173,13,82,24,58,4.461538461538462,beat_bar
141179,12,68,22,46,3.8333333333333335,beat_bar
141180,11,66,20,46,4.181818181818182,beat_bar
141181,12,60,22,38,3.1666666666666665,beat_bar
141182,13,76,24,52,4.0,beat_bar
141264,17,108,32,76,4.470588235294118,beat_bar
141282,12,72,22,50,4.166666666666667,beat_bar
141283,20,112,38,74,3.7,beat_bar
141284,16,98,30,68,4.25,beat_bar
141285,10,54,18,36,3.6,fixed_fallback
141286,12,72,22,50,4.166666666666667,beat_bar
141287,15,88,28,60,4.0,beat_bar
141288,14,74,26,48,3.4285714285714284,beat_bar
141289,15,90,28,62,4.133333333333334,beat_bar
141290,15,86,28,58,3.8666666666666667,beat_bar
141291,13,78,24,54,4.153846153846154,beat_bar
141292,11,66,20,46,4.181818181818182,beat_bar
141293,13,68,24,44,3.3846153846153846,beat_bar
141295,16,94,30,64,4.0,beat_bar
141296,7,38,12,26,3.7142857142857144,beat_bar
141297,11,60,20,40,3.6363636363636362,beat_bar
141299,9,52,16,36,4.0,beat_bar
141300,13,82,24,58,4.461538461538462,beat_bar
141303,13,74,24,50,3.8461538461538463,beat_bar
141304,12,70,22,48,4.0,beat_bar
141310,16,100,30,70,4.375,beat_bar
141375,17,98,32,66,3.8823529411764706,beat_bar
141561,9,46,16,30,3.3333333333333335,beat_bar
141562,12,70,22,48,4.0,beat_bar
141564,12,70,22,48,4.0,beat_bar
141566,12,72,22,50,4.166666666666667,beat_bar
141567,19,110,36,74,3.8947368421052633,beat_bar
141568,15,80,28,52,3.466666666666667,beat_bar
141569,11,68,20,48,4.363636363636363,beat_bar
141590,15,96,28,68,4.533333333333333,beat_bar
141591,16,96,30,66,4.125,beat_bar
141592,10,56,18,38,3.8,fixed_fallback
141593,13,80,24,56,4.3076923076923075,beat_bar
141594,9,52,16,36,4.0,beat_bar
141616,19,110,36,74,3.8947368421052633,beat_bar
141617,12,68,22,46,3.8333333333333335,beat_bar
141618,11,62,20,42,3.8181818181818183,beat_bar
141619,18,108,34,74,4.111111111111111,beat_bar
141735,16,92,30,62,3.875,beat_bar
141873,17,106,32,74,4.352941176470588,beat_bar
141874,17,92,32,60,3.5294117647058822,beat_bar
141875,17,108,32,76,4.470588235294118,beat_bar
141876,11,64,20,44,4.0,beat_bar
141877,17,104,32,72,4.235294117647059,beat_bar
141878,13,78,24,54,4.153846153846154,beat_bar
141894,13,84,24,60,4.615384615384615,beat_bar
141901,18,106,34,72,4.0,beat_bar
141902,16,94,30,64,4.0,beat_bar
141903,11,68,20,48,4.363636363636363,beat_bar
141972,17,100,32,68,4.0,beat_bar
142078,9,52,16,36,4.0,beat_bar
142079,11,68,20,48,4.363636363636363,beat_bar
142080,13,78,24,54,4.153846153846154,beat_bar
142081,12,68,22,46,3.8333333333333335,beat_bar
142082,21,132,40,92,4.380952380952381,beat_bar
142083,22,126,42,84,3.8181818181818183,beat_bar
142084,12,76,22,54,4.5,beat_bar
142085,11,64,20,44,4.0,beat_bar
142086,11,64,20,44,4.0,beat_bar
142087,12,72,22,50,4.166666666666667,beat_bar
142088,12,66,22,44,3.6666666666666665,beat_bar
142089,15,78,28,50,3.3333333333333335,beat_bar
142091,14,74,26,48,3.4285714285714284,beat_bar
142092,12,68,22,46,3.8333333333333335,beat_bar
142093,15,94,28,66,4.4,beat_bar
142094,7,38,12,26,3.7142857142857144,beat_bar
142096,10,60,18,42,4.2,fixed_fallback
142097,9,50,16,34,3.7777777777777777,beat_bar
142098,10,60,18,42,4.2,fixed_fallback
142128,20,120,38,82,4.1,beat_bar
142129,16,98,30,68,4.25,beat_bar
142132,11,64,20,44,4.0,beat_bar
142133,11,66,20,46,4.181818181818182,beat_bar
142358,11,62,20,42,3.8181818181818183,beat_bar
142359,12,66,22,44,3.6666666666666665,beat_bar
142360,12,72,22,50,4.166666666666667,beat_bar
142361,12,68,22,46,3.8333333333333335,beat_bar
142362,6,30,10,20,3.3333333333333335,beat_bar
142381,16,104,30,74,4.625,beat_bar
142402,16,102,30,72,4.5,beat_bar
142418,15,94,28,66,4.4,beat_bar
142433,14,94,26,68,4.857142857142857,beat_bar
142511,10,56,18,38,3.8,beat_bar
142516,23,140,44,96,4.173913043478261,beat_bar
142517,18,106,34,72,4.0,beat_bar
142519,13,76,24,52,4.0,beat_bar
142528,16,98,30,68,4.25,beat_bar
142529,23,132,44,88,3.8260869565217392,beat_bar
142530,10,60,18,42,4.2,beat_bar
142531,11,62,20,42,3.8181818181818183,beat_bar
142532,8,44,14,30,3.75,beat_bar
142533,18,118,34,84,4.666666666666667,beat_bar
142534,18,118,34,84,4.666666666666667,beat_bar
142535,17,100,32,68,4.0,beat_bar
142536,16,100,30,70,4.375,beat_bar
142537,11,62,20,42,3.8181818181818183,beat_bar
142538,14,86,26,60,4.285714285714286,beat_bar
142539,13,82,24,58,4.461538461538462,beat_bar
142549,15,90,28,62,4.133333333333334,beat_bar
142550,20,124,38,86,4.3,beat_bar
142551,15,88,28,60,4.0,beat_bar
142552,14,84,26,58,4.142857142857143,beat_bar
142553,16,98,30,68,4.25,beat_bar
142563,12,70,22,48,4.0,beat_bar
142564,20,122,38,84,4.2,beat_bar
142565,11,68,20,48,4.363636363636363,beat_bar
142566,18,108,34,74,4.111111111111111,beat_bar
142567,10,58,18,40,4.0,beat_bar
142568,10,56,18,38,3.8,beat_bar
142569,12,68,22,46,3.8333333333333335,beat_bar
142570,11,66,20,46,4.181818181818182,beat_bar
142571,15,94,28,66,4.4,beat_bar
142572,18,114,34,80,4.444444444444445,beat_bar
142573,20,120,38,82,4.1,beat_bar
142574,13,76,24,52,4.0,beat_bar
142575,15,88,28,60,4.0,beat_bar
142576,14,82,26,56,4.0,beat_bar
142577,15,88,28,60,4.0,beat_bar
142579,13,82,24,58,4.461538461538462,beat_bar
142641,15,84,28,56,3.7333333333333334,beat_bar
142666,10,60,18,42,4.2,beat_bar
142668,17,102,32,70,4.117647058823529,beat_bar
142669,11,56,20,36,3.272727272727273,beat_bar
142670,19,118,36,82,4.315789473684211,beat_bar
142671,14,74,26,48,3.4285714285714284,beat_bar
142672,15,86,28,58,3.8666666666666667,beat_bar
142947,19,116,36,80,4.2105263157894735,beat_bar
142948,18,110,34,76,4.222222222222222,beat_bar
142949,20,130,38,92,4.6,beat_bar
142950,19,106,36,70,3.6842105263157894,beat_bar
143039,14,82,26,56,4.0,beat_bar
143046,15,88,28,60,4.0,beat_bar
143055,10,60,18,42,4.2,beat_bar
143056,15,94,28,66,4.4,beat_bar
143057,15,82,28,54,3.6,beat_bar
143058,15,90,28,62,4.133333333333334,beat_bar
143059,15,88,28,60,4.0,beat_bar
143060,15,94,28,66,4.4,beat_bar
143061,12,74,22,52,4.333333333333333,beat_bar
143095,15,96,28,68,4.533333333333333,beat_bar
143097,13,82,24,58,4.461538461538462,beat_bar
143098,20,132,38,94,4.7,beat_bar
143099,9,50,16,34,3.7777777777777777,beat_bar
143106,17,102,32,70,4.117647058823529,beat_bar
143186,15,86,28,58,3.8666666666666667,beat_bar
143214,19,112,36,76,4.0,beat_bar
143215,19,114,36,78,4.105263157894737,beat_bar
143216,19,108,36,72,3.789473684210526,beat_bar
143217,9,52,16,36,4.0,beat_bar
143218,14,82,26,56,4.0,beat_bar
143219,19,116,36,80,4.2105263157894735,beat_bar
143220,10,60,18,42,4.2,fixed_fallback
143221,17,106,32,74,4.352941176470588,beat_bar
143237,16,100,30,70,4.375,beat_bar
143239,21,126,40,86,4.095238095238095,beat_bar
143290,16,92,30,62,3.875,beat_bar
143295,17,104,32,72,4.235294117647059,beat_bar
143296,17,104,32,72,4.235294117647059,beat_bar
143299,15,90,28,62,4.133333333333334,beat_bar
143300,16,102,30,72,4.5,beat_bar
143303,14,88,26,62,4.428571428571429,beat_bar
143304,10,56,18,38,3.8,beat_bar
143305,19,114,36,78,4.105263157894737,beat_bar
143306,14,82,26,56,4.0,beat_bar
143307,14,88,26,62,4.428571428571429,beat_bar
143308,8,46,14,32,4.0,beat_bar
143309,15,86,28,58,3.8666666666666667,beat_bar
143318,9,52,16,36,4.0,beat_bar
143319,20,122,38,84,4.2,beat_bar
143532,21,122,40,82,3.9047619047619047,beat_bar
143941,14,84,26,58,4.142857142857143,beat_bar
143989,8,46,14,32,4.0,beat_bar
143995,10,56,18,38,3.8,beat_bar
144170,11,64,20,44,4.0,beat_bar
144171,18,102,34,68,3.7777777777777777,beat_bar
144172,20,124,38,86,4.3,beat_bar
144173,11,66,20,46,4.181818181818182,beat_bar
144179,16,96,30,66,4.125,beat_bar
144180,10,56,18,38,3.8,beat_bar
144181,19,114,36,78,4.105263157894737,beat_bar
144182,15,94,28,66,4.4,beat_bar
144212,21,114,40,74,3.5238095238095237,beat_bar
144213,12,72,22,50,4.166666666666667,beat_bar
144214,12,66,22,44,3.6666666666666665,beat_bar
144215,12,70,22,48,4.0,beat_bar
144216,11,68,20,48,4.363636363636363,beat_bar
144423,14,88,26,62,4.428571428571429,beat_bar
144424,7,38,12,26,3.7142857142857144,beat_bar
144454,15,88,28,60,4.0,beat_bar
144465,16,92,30,62,3.875,beat_bar
144466,11,66,20,46,4.181818181818182,beat_bar
144467,15,90,28,62,4.133333333333334,beat_bar
144468,10,56,18,38,3.8,beat_bar
144469,18,104,34,70,3.888888888888889,beat_bar
144470,10,50,18,32,3.2,beat_bar
144471,17,100,32,68,4.0,beat_bar
144472,16,94,30,64,4.0,beat_bar
144473,21,116,40,76,3.619047619047619,beat_bar
144474,17,106,32,74,4.352941176470588,beat_bar
144475,10,56,18,38,3.8,beat_bar
144476,18,112,34,78,4.333333333333333,beat_bar
144477,16,92,30,62,3.875,beat_bar
144487,24,146,46,100,4.166666666666667,beat_bar
144492,21,122,40,82,3.9047619047619047,beat_bar
144542,17,102,32,70,4.117647058823529,beat_bar
144543,21,126,40,86,4.095238095238095,beat_bar
144544,19,116,36,80,4.2105263157894735,beat_bar
144545,13,70,24,46,3.5384615384615383,beat_bar
144546,20,118,38,80,4.0,beat_bar
144547,17,104,32,72,4.235294117647059,beat_bar
144548,12,64,22,42,3.5,beat_bar
144549,12,74,22,52,4.333333333333333,beat_bar
144550,19,120,36,84,4.421052631578948,beat_bar
144551,15,90,28,62,4.133333333333334,beat_bar
144552,12,70,22,48,4.0,beat_bar
144587,17,106,32,74,4.352941176470588,beat_bar
144592,14,76,26,50,3.5714285714285716,beat_bar
144600,10,56,18,38,3.8,beat_bar
144733,15,84,28,56,3.7333333333333334,beat_bar
144740,7,36,12,24,3.4285714285714284,beat_bar
144741,7,38,12,26,3.7142857142857144,beat_bar
144801,16,100,30,70,4.375,beat_bar
144809,15,90,28,62,4.133333333333334,beat_bar
144810,14,78,26,52,3.7142857142857144,beat_bar
144933,13,74,24,50,3.8461538461538463,beat_bar
144934,9,50,16,34,3.7777777777777777,beat_bar
144935,7,38,12,26,3.7142857142857144,beat_bar
144936,9,54,16,38,4.222222222222222,beat_bar
144937,17,100,32,68,4.0,beat_bar
144938,11,66,20,46,4.181818181818182,beat_bar
144939,12,68,22,46,3.8333333333333335,beat_bar
144940,16,92,30,62,3.875,beat_bar
144941,11,64,20,44,4.0,beat_bar
144942,15,98,28,70,4.666666666666667,beat_bar
144943,12,74,22,52,4.333333333333333,beat_bar
144944,18,110,34,76,4.222222222222222,beat_bar
144945,12,70,22,48,4.0,beat_bar
144946,19,116,36,80,4.2105263157894735,beat_bar
145002,17,106,32,74,4.352941176470588,beat_bar
145003,20,128,38,90,4.5,beat_bar
145004,17,112,32,80,4.705882352941177,beat_bar
145005,18,112,34,78,4.333333333333333,beat_bar
145020,13,80,24,56,4.3076923076923075,beat_bar
145027,11,66,20,46,4.181818181818182,beat_bar
145041,11,66,20,46,4.181818181818182,beat_bar
145042,15,96,28,68,4.533333333333333,beat_bar
145043,15,92,28,64,4.266666666666667,beat_bar
145058,10,54,18,36,3.6,beat_bar
145059,12,76,22,54,4.5,beat_bar
145067,20,112,38,74,3.7,beat_bar
145068,11,62,20,42,3.8181818181818183,beat_bar
145074,15,84,28,56,3.7333333333333334,beat_bar
145183,20,114,38,76,3.8,beat_bar
145189,10,60,18,42,4.2,fixed_fallback
145199,12,72,22,50,4.166666666666667,beat_bar
145241,9,50,16,34,3.7777777777777777,beat_bar
145257,14,82,26,56,4.0,beat_bar
145258,15,90,28,62,4.133333333333334,beat_bar
145259,9,48,16,32,3.5555555555555554,beat_bar
145260,13,80,24,56,4.3076923076923075,beat_bar
145431,10,62,18,44,4.4,fixed_fallback
145432,16,102,30,72,4.5,beat_bar
145457,11,66,20,46,4.181818181818182,beat_bar
145458,11,66,20,46,4.181818181818182,beat_bar
145462,15,88,28,60,4.0,beat_bar
145464,15,84,28,56,3.7333333333333334,beat_bar
145475,14,82,26,56,4.0,beat_bar
145476,13,70,24,46,3.5384615384615383,beat_bar
145477,14,82,26,56,4.0,beat_bar
145549,12,68,22,46,3.8333333333333335,beat_bar
145550,15,86,28,58,3.8666666666666667,beat_bar
145551,15,84,28,56,3.7333333333333334,beat_bar
145552,15,90,28,62,4.133333333333334,beat_bar
145553,13,80,24,56,4.3076923076923075,beat_bar
145554,10,58,18,40,4.0,beat_bar
145555,13,68,24,44,3.3846153846153846,beat_bar
145556,14,78,26,52,3.7142857142857144,beat_bar
145606,19,112,36,76,4.0,beat_bar
145607,12,78,22,56,4.666666666666667,beat_bar
145608,13,82,24,58,4.461538461538462,beat_bar
145609,16,98,30,68,4.25,beat_bar
145610,17,110,32,78,4.588235294117647,beat_bar
145645,16,92,30,62,3.875,beat_bar
145646,10,58,18,40,4.0,fixed_fallback
145653,16,94,30,64,4.0,beat_bar
145702,13,74,24,50,3.8461538461538463,beat_bar
145703,11,64,20,44,4.0,beat_bar
145704,14,76,26,50,3.5714285714285716,beat_bar
145705,11,64,20,44,4.0,beat_bar
145706,17,90,32,58,3.411764705882353,beat_bar
145707,11,66,20,46,4.181818181818182,beat_bar
145708,22,128,42,86,3.909090909090909,beat_bar
145709,13,80,24,56,4.3076923076923075,beat_bar
145710,19,116,36,80,4.2105263157894735,beat_bar
145711,11,66,20,46,4.181818181818182,beat_bar
145724,13,84,24,60,4.615384615384615,beat_bar
145727,23,136,44,92,4.0,beat_bar
145728,13,80,24,56,4.3076923076923075,beat_bar
145729,13,72,24,48,3.6923076923076925,beat_bar
145730,9,54,16,38,4.222222222222222,beat_bar
145741,12,74,22,52,4.333333333333333,beat_bar
145742,14,90,26,64,4.571428571428571,beat_bar
145743,14,76,26,50,3.5714285714285716,beat_bar
145744,13,82,24,58,4.461538461538462,beat_bar
145745,12,72,22,50,4.166666666666667,beat_bar
145746,16,96,30,66,4.125,beat_bar
145747,12,74,22,52,4.333333333333333,beat_bar
145748,11,66,20,46,4.181818181818182,beat_bar
145749,17,86,32,54,3.176470588235294,beat_bar
145750,13,82,24,58,4.461538461538462,beat_bar
145751,10,62,18,44,4.4,beat_bar
145752,11,62,20,42,3.8181818181818183,beat_bar
145754,9,54,16,38,4.222222222222222,beat_bar
145755,17,102,32,70,4.117647058823529,beat_bar
145756,17,102,32,70,4.117647058823529,beat_bar
145757,16,96,30,66,4.125,beat_bar
145758,9,52,16,36,4.0,beat_bar
145759,12,72,22,50,4.166666666666667,beat_bar
145760,17,100,32,68,4.0,beat_bar
145761,15,84,28,56,3.7333333333333334,beat_bar
145762,13,78,24,54,4.153846153846154,beat_bar
145777,13,76,24,52,4.0,beat_bar
145780,15,92,28,64,4.266666666666667,beat_bar
145783,20,118,38,80,4.0,beat_bar
145887,22,130,42,88,4.0,beat_bar
145917,8,48,14,34,4.25,beat_bar
145918,9,50,16,34,3.7777777777777777,beat_bar
146017,13,80,24,56,4.3076923076923075,beat_bar
146018,15,86,28,58,3.8666666666666667,beat_bar
146019,8,44,14,30,3.75,beat_bar
146020,20,122,38,84,4.2,beat_bar
146070,18,114,34,80,4.444444444444445,beat_bar
146147,12,70,22,48,4.0,beat_bar
146148,16,90,30,60,3.75,beat_bar
146149,12,68,22,46,3.8333333333333335,beat_bar
146150,11,64,20,44,4.0,beat_bar
146151,11,70,20,50,4.545454545454546,beat_bar
146152,21,122,40,82,3.9047619047619047,beat_bar
146153,13,86,24,62,4.769230769230769,beat_bar
146343,11,58,20,38,3.4545454545454546,beat_bar
146458,15,86,28,58,3.8666666666666667,beat_bar
146478,20,128,38,90,4.5,beat_bar
146481,22,134,42,92,4.181818181818182,beat_bar
146482,20,124,38,86,4.3,beat_bar
146483,17,104,32,72,4.235294117647059,beat_bar
146639,14,88,26,62,4.428571428571429,beat_bar
146681,22,124,42,82,3.727272727272727,beat_bar
146683,20,110,38,72,3.6,beat_bar
146685,11,60,20,40,3.6363636363636362,beat_bar
146687,12,64,22,42,3.5,beat_bar
146689,13,80,24,56,4.3076923076923075,beat_bar
146713,12,68,22,46,3.8333333333333335,beat_bar
146716,12,74,22,52,4.333333333333333,beat_bar
146724,11,66,20,46,4.181818181818182,beat_bar
146725,11,62,20,42,3.8181818181818183,beat_bar
146726,14,84,26,58,4.142857142857143,beat_bar
146727,12,76,22,54,4.5,beat_bar
146879,12,70,22,48,4.0,beat_bar
146961,9,52,16,36,4.0,beat_bar
146968,12,68,22,46,3.8333333333333335,beat_bar
146969,14,82,26,56,4.0,beat_bar
146970,17,98,32,66,3.8823529411764706,beat_bar
146988,13,80,24,56,4.3076923076923075,beat_bar
146989,11,62,20,42,3.8181818181818183,beat_bar
147020,14,78,26,52,3.7142857142857144,beat_bar
147021,12,72,22,50,4.166666666666667,beat_bar
147022,11,68,20,48,4.363636363636363,beat_bar
147023,12,74,22,52,4.333333333333333,beat_bar
147024,12,70,22,48,4.0,beat_bar
147059,14,76,26,50,3.5714285714285716,beat_bar
147085,12,74,22,52,4.333333333333333,beat_bar
147086,12,74,22,52,4.333333333333333,beat_bar
147087,15,84,28,56,3.7333333333333334,beat_bar
147126,12,70,22,48,4.0,beat_bar
147191,16,98,30,68,4.25,beat_bar
147261,11,60,20,40,3.6363636363636362,beat_bar
147265,20,130,38,92,4.6,beat_bar
147267,18,104,34,70,3.888888888888889,beat_bar
147268,21,126,40,86,4.095238095238095,beat_bar
147269,22,134,42,92,4.181818181818182,beat_bar
147295,20,126,38,88,4.4,beat_bar
147309,12,66,22,44,3.6666666666666665,beat_bar
147409,21,126,40,86,4.095238095238095,beat_bar
147412,22,130,42,88,4.0,beat_bar
147413,18,112,34,78,4.333333333333333,beat_bar
147780,13,82,24,58,4.461538461538462,beat_bar
147815,14,82,26,56,4.0,beat_bar
147886,11,60,20,40,3.6363636363636362,beat_bar
147956,16,94,30,64,4.0,beat_bar
148002,17,98,32,66,3.8823529411764706,beat_bar
148028,11,68,20,48,4.363636363636363,beat_bar
148031,13,78,24,54,4.153846153846154,beat_bar
148032,16,102,30,72,4.5,beat_bar
148066,18,108,34,74,4.111111111111111,beat_bar
148070,20,114,38,76,3.8,beat_bar
148074,17,96,32,64,3.764705882352941,beat_bar
148075,16,90,30,60,3.75,beat_bar
148076,17,102,32,70,4.117647058823529,beat_bar
148077,19,118,36,82,4.315789473684211,beat_bar
148078,17,104,32,72,4.235294117647059,beat_bar
148079,13,70,24,46,3.5384615384615383,beat_bar
148082,9,52,16,36,4.0,beat_bar
148099,11,68,20,48,4.363636363636363,beat_bar
148112,16,92,30,62,3.875,beat_bar
148113,10,62,18,44,4.4,fixed_fallback
148114,7,38,12,26,3.7142857142857144,beat_bar
148120,12,68,22,46,3.8333333333333335,beat_bar
148121,12,78,22,56,4.666666666666667,beat_bar
148124,12,66,22,44,3.6666666666666665,beat_bar
148130,13,80,24,56,4.3076923076923075,beat_bar
148131,12,68,22,46,3.8333333333333335,beat_bar
148132,12,70,22,48,4.0,beat_bar
148133,12,72,22,50,4.166666666666667,beat_bar
148168,14,90,26,64,4.571428571428571,beat_bar
148186,15,90,28,62,4.133333333333334,beat_bar
148187,16,92,30,62,3.875,beat_bar
148190,14,86,26,60,4.285714285714286,beat_bar
148208,14,82,26,56,4.0,beat_bar
148210,17,104,32,72,4.235294117647059,beat_bar
148211,11,68,20,48,4.363636363636363,beat_bar
148212,13,70,24,46,3.5384615384615383,beat_bar
148213,16,96,30,66,4.125,beat_bar
148214,13,78,24,54,4.153846153846154,beat_bar
148215,12,70,22,48,4.0,beat_bar
148216,13,80,24,56,4.3076923076923075,beat_bar
148217,16,102,30,72,4.5,beat_bar
148218,7,36,12,24,3.4285714285714284,beat_bar
148231,13,76,24,52,4.0,beat_bar
148233,17,102,32,70,4.117647058823529,beat_bar
148234,17,106,32,74,4.352941176470588,beat_bar
148235,8,46,14,32,4.0,beat_bar
148246,8,48,14,34,4.25,beat_bar
148285,16,98,30,68,4.25,beat_bar
148286,15,76,28,48,3.2,beat_bar
148287,11,60,20,40,3.6363636363636362,beat_bar
148288,17,96,32,64,3.764705882352941,beat_bar
148289,16,94,30,64,4.0,beat_bar
148290,13,78,24,54,4.153846153846154,beat_bar
148302,15,86,28,58,3.8666666666666667,beat_bar
148303,12,76,22,54,4.5,beat_bar
148305,8,44,14,30,3.75,beat_bar
148429,10,60,18,42,4.2,fixed_fallback
148430,14,78,26,52,3.7142857142857144,beat_bar
148439,15,92,28,64,4.266666666666667,beat_bar
148441,9,54,16,38,4.222222222222222,beat_bar
148443,10,58,18,40,4.0,beat_bar
148444,11,66,20,46,4.181818181818182,beat_bar
148510,19,118,36,82,4.315789473684211,beat_bar
148513,20,118,38,80,4.0,beat_bar
148514,17,104,32,72,4.235294117647059,beat_bar
148516,18,100,34,66,3.6666666666666665,beat_bar
148517,17,108,32,76,4.470588235294118,beat_bar
148518,18,114,34,80,4.444444444444445,beat_bar
148519,10,60,18,42,4.2,beat_bar
148532,15,88,28,60,4.0,beat_bar
148535,11,60,20,40,3.6363636363636362,beat_bar
148536,15,90,28,62,4.133333333333334,beat_bar
148537,14,76,26,50,3.5714285714285716,beat_bar
148584,16,94,30,64,4.0,beat_bar
148585,17,104,32,72,4.235294117647059,beat_bar
148586,10,56,18,38,3.8,beat_bar
148587,15,84,28,56,3.7333333333333334,beat_bar
148602,12,68,22,46,3.8333333333333335,beat_bar
148603,16,98,30,68,4.25,beat_bar
148604,10,52,18,34,3.4,beat_bar
148605,13,74,24,50,3.8461538461538463,beat_bar
148606,15,84,28,56,3.7333333333333334,beat_bar
148607,11,58,20,38,3.4545454545454546,beat_bar
148608,7,36,12,24,3.4285714285714284,beat_bar
148609,10,58,18,40,4.0,beat_bar
148610,17,104,32,72,4.235294117647059,beat_bar
148611,10,60,18,42,4.2,beat_bar
148612,11,60,20,40,3.6363636363636362,beat_bar
148613,11,62,20,42,3.8181818181818183,beat_bar
148773,20,120,38,82,4.1,beat_bar
149075,15,90,28,62,4.133333333333334,beat_bar
149078,17,102,32,70,4.117647058823529,beat_bar
149082,20,122,38,84,4.2,beat_bar
149083,10,54,18,36,3.6,fixed_fallback
149099,15,82,28,54,3.6,beat_bar
149100,14,80,26,54,3.857142857142857,beat_bar
149101,16,98,30,68,4.25,beat_bar
149102,12,74,22,52,4.333333333333333,beat_bar
149103,14,86,26,60,4.285714285714286,beat_bar
149118,11,70,20,50,4.545454545454546,beat_bar
149124,11,60,20,40,3.6363636363636362,beat_bar
149138,12,66,22,44,3.6666666666666665,beat_bar
149139,16,92,30,62,3.875,beat_bar
149140,15,86,28,58,3.8666666666666667,beat_bar
149141,19,114,36,78,4.105263157894737,beat_bar
149142,17,94,32,62,3.6470588235294117,beat_bar
149143,16,100,30,70,4.375,beat_bar
149185,14,94,26,68,4.857142857142857,beat_bar
149369,17,106,32,74,4.352941176470588,beat_bar
149370,19,116,36,80,4.2105263157894735,beat_bar
149416,11,68,20,48,4.363636363636363,beat_bar
149417,10,58,18,40,4.0,beat_bar
149422,9,52,16,36,4.0,beat_bar
149452,8,48,14,34,4.25,beat_bar
149488,10,56,18,38,3.8,beat_bar
149523,9,52,16,36,4.0,beat_bar
149623,14,84,26,58,4.142857142857143,beat_bar
149625,11,68,20,48,4.363636363636363,beat_bar
149626,16,102,30,72,4.5,beat_bar
149687,11,68,20,48,4.363636363636363,beat_bar
149689,11,64,20,44,4.0,beat_bar
149690,12,72,22,50,4.166666666666667,beat_bar
149700,18,110,34,76,4.222222222222222,beat_bar
149701,11,62,20,42,3.8181818181818183,beat_bar
149712,16,88,30,58,3.625,beat_bar
149714,23,152,44,108,4.695652173913044,beat_bar
149727,12,74,22,52,4.333333333333333,beat_bar
149750,13,78,24,54,4.153846153846154,beat_bar
149775,15,90,28,62,4.133333333333334,beat_bar
149776,18,108,34,74,4.111111111111111,beat_bar
149777,15,90,28,62,4.133333333333334,beat_bar
149778,14,92,26,66,4.714285714285714,beat_bar
149842,19,114,36,78,4.105263157894737,beat_bar
149951,17,98,32,66,3.8823529411764706,beat_bar
149953,12,64,22,42,3.5,beat_bar
150015,13,78,24,54,4.153846153846154,beat_bar
150017,14,84,26,58,4.142857142857143,beat_bar
150018,15,86,28,58,3.8666666666666667,beat_bar
150062,13,72,24,48,3.6923076923076925,beat_bar
150063,21,132,40,92,4.380952380952381,beat_bar
150064,15,94,28,66,4.4,beat_bar
150073,19,112,36,76,4.0,beat_bar
150078,15,90,28,62,4.133333333333334,beat_bar
150079,14,86,26,60,4.285714285714286,beat_bar
150080,17,98,32,66,3.8823529411764706,beat_bar
150265,10,58,18,40,4.0,fixed_fallback
150266,17,98,32,66,3.8823529411764706,beat_bar
150267,12,70,22,48,4.0,beat_bar
150268,15,88,28,60,4.0,beat_bar
150287,12,72,22,50,4.166666666666667,beat_bar
150288,14,92,26,66,4.714285714285714,beat_bar
151404,23,142,44,98,4.260869565217392,beat_bar
152103,17,102,32,70,4.117647058823529,beat_bar
152253,17,104,32,72,4.235294117647059,beat_bar
152254,18,100,34,66,3.6666666666666665,beat_bar
152258,18,108,34,74,4.111111111111111,beat_bar
152261,16,100,30,70,4.375,beat_bar
152262,16,104,30,74,4.625,beat_bar
152324,16,86,30,56,3.5,beat_bar
152418,11,66,20,46,4.181818181818182,beat_bar
152425,15,88,28,60,4.0,beat_bar
152480,15,82,28,54,3.6,beat_bar
152543,9,50,16,34,3.7777777777777777,beat_bar
152545,17,100,32,68,4.0,beat_bar
152568,13,74,24,50,3.8461538461538463,beat_bar
152569,15,92,28,64,4.266666666666667,beat_bar
152570,13,78,24,54,4.153846153846154,beat_bar
153337,14,82,26,56,4.0,beat_bar
153383,19,106,36,70,3.6842105263157894,beat_bar
153452,12,68,22,46,3.8333333333333335,beat_bar
153946,20,116,38,78,3.9,beat_bar
153955,15,86,28,58,3.8666666666666667,beat_bar
153956,12,66,22,44,3.6666666666666665,beat_bar
154303,16,84,30,54,3.375,beat_bar
154305,16,94,30,64,4.0,beat_bar
154306,13,80,24,56,4.3076923076923075,beat_bar
154307,17,96,32,64,3.764705882352941,beat_bar
154308,8,46,14,32,4.0,beat_bar
154309,12,68,22,46,3.8333333333333335,beat_bar
154413,14,88,26,62,4.428571428571429,beat_bar
154414,12,76,22,54,4.5,beat_bar
155066,17,88,32,56,3.2941176470588234,beat_bar
