hf_index,pair_id,caption,is_balanced_subset,is_audioset_eval
1,-0SdAVK79lg.wav,This song features an electric guitar as the main instrument. The guitar plays a descending run in the beginning then plays an arpeggiated chord followed by a double stop hammer on to a higher note and a descending slide followed by a descending chord run. The percussion plays a simple beat using rim shots. The percussion plays in common time. The bass plays only one note on the first count of each bar. The piano plays backing chords. There are no voices in this song. The mood of this song is relaxing. This song can be played in a coffee shop.,False,False
4,-1LrH01Ei1w.wav,This song features a rubber instrument being played. The strumming is fast. The melody is played on one fretted string and other open strings. The melody is played on the lower octave and is later repeated on the higher octave. This song can be played at a folk party.,False,False
8,-4NLarMj4xU.wav,"The Pop song features a soft female vocal singing over sustained pulsating synth lead, mellow piano melody, sustained synth brass, punchy kick, claps. tinny wide hi hats and high pitched female vocal melody. It sounds emotional, sad, passionate and like something you would hear on a radio.",False,False
11,-5f6hjZf9Yw.wav,This folk song features a male voice singing the main melody in an emotional mood. This is accompanied by an accordion playing fills in the background. A violin plays a droning melody. There is no percussion in this song. This song can be played at a Central Asian classical concert.,False,False
12,-5xOcMJpTUk.wav,"A male guitarist plays the guitar and speaks about technique in this online video tutorial. The male voice is strong and commanding, along with guitar string twang sounds, clearly demonstrating the technique. The audio quality is mediocre.",False,False
14,-6QGvxvaTkI.wav,"The low quality recording features a live performance of a traditional song and it consists of an echoing male vocal singing over acoustic strings melody, plucked strings melody and wooden percussion. There is a crowd chattering noise in the background. The recording is a bit noisy and it sounds passionate.",False,False
15,-6pcgdLfb_A.wav,This is an R&B/soul music piece. There is a male vocalist singing melodically and in a sensual manner over multiple tracks. The melody of the beat is provided by a string sample. There is a strong bass sound in the piece. The rhythm is provided by a groovy electronic drum beat. There is an urban feel to this piece. It could be used in the soundtrack of a TV series where two characters are sharing intimate moments.,False,False
17,-7wUQP6G5EQ.wav,"The low quality recording features a renaissance music that consists of soft wooden percussion and mellow, harmonized flute melody playing on top of it. The recording is a bit noisy, but it also sounds soulful, mellow, passionate, emotional and vintage - It really puts the listener in a period of renaissance.",False,False
22,-BIMKnb3tlo.wav,"This is a Hindustani classical music piece. There is a harmonium playing the main tune. A bansuri joins in to play, supporting a melody every now and then. The rhythmic background consists of the tabla percussion and the electronic drums. The atmosphere of the piece is joyful.",False,False
25,-CUp_Tmg2Y0.wav,"The low quality recording features a drum solo that consists of a double pedal kick, punchy snare, shimmering cymbals and boomy toms. It sounds energetic and manic, thanks to that kick pattern. The recording is mono and noisy.",False,False
26,-DeAdhYKbGE.wav,"A bagpipe ensemble playing a quick melody in unison, employing trills to ornament it.",False,False
27,-Dtir74TiUM.wav,This is a drum & bass music piece. There is a constantly repeating hollering sample accompanied by rapid turntable scratching. A synth sound can be heard playing an ominous tune. The rhythmic background consists of a fast-tempo electronic drum beat. The atmosphere is energetic. This piece could be used in the soundtrack of a car racing game. It could also be playing at nightclubs during early-2000s themed parties.,False,False
29,-FEPOSP7ay0.wav,The low quality recording features loud bells and metallic squeaking sounds. The recording is mono and noisy.,False,False
30,-FFx68qSAuY.wav,This is a punk rock music piece. There are male vocals singing in a grunt-like manner. The melody is being played by an electric guitar while a bass guitar plays in the background. The rhythm consists of a slightly fast-paced rock acoustic drum beat. The piece has an aggressive atmosphere. It could be used in the soundtrack of an action-filled video game.,False,False
31,-FlvaZQOr2I.wav,"The song is an instrumental. The song is medium tempo, with a horn and string section and a drum section playing to a crescendo, followed by a low frequency thumping rhythm. The song is an instrumental soundtrack for an animated show. The audio quality is poor.",False,False
34,-JVWfFPBl84.wav,"This audio clip features the sound produced at a particular frequency by a Tibetan singing bowl. This produces a continuous ringing sound. Toward the end of the clip, some other animal sounds can be heard. There are no other instruments in this song. This song can be played at a meditation center.",False,False
36,-M-6VinyMiY.wav,"The low quality recording features a rock song that consists of flat male vocal singing over sustained and arpeggiated electric guitar melodies, followed by snappy rimshots, soft kick, shimmering hi hats and groovy bass guitar. It sounds emotional and easygoing.",False,False
38,-NmjCyqIavI.wav,This is an amateur recording of a female voice beatboxing. It is a funny recording. It could be playing in the background of comedic social media content.,False,False
39,-O9mnfC61Ac.wav,"This is a country music piece. There is a fiddle playing the main melody. The acoustic guitar and the electric guitar are playing gently in the background. The song has a slow tempo. The atmosphere is sentimental. This piece can be used in the soundtrack of an American drama movie, especially during the scenes where the feeling of longing is emphasized.",False,False
44,-R0267o4lLk.wav,You can hear two people playing various percussive instruments. One is holding the same beat playing on congas while the other is playing a solo changing rhythms and percussive sounds in a complex manner. This song may be playing live demonstrating a solo run.,False,False
48,-T4GeTHKtJQ.wav,"The low quality recording features a compilation of rock songs and it consists of punchy kicks, wide electric guitar melodies, distorted bass guitar, energetic crash cymbals, shimmering hi hats and harmonizing male vocals singing over it. It sounds energetic.",False,False
51,-UuEBhule84.wav,"The low quality recording features a flat male vocal singing over acoustic rhythm guitar chords, after which that same vocal is talking. The song sounds passionate, while the recording, overall, is noisy and in mono.",False,False
52,-VI2IRq17rs.wav,"In this clip, a large bell is rung and left to ring. We can hear the resonance in the room as the bell rings. There is then the faint sound of a male speaking in the background. It's a live recording.",False,False
53,-VclCul6FrI.wav,"The low quality recording features a jazzy organ keys melody. The recording is in mono, noisy, muffled and slightly distorted.",False,False
55,-W5c6CeUMPE.wav,This is a Swiss folk music piece. There is a male vocal and there is a female vocal. They are yodeling as a duet. The melody in the background is being played by a melodeon. There is a pastoral feel to it. This piece could be used in the soundtrack of a movie that takes place in the Alps region.,False,False
57,-XN0NtrnfMY.wav,"The low quality recording features a rock song instrumental that consists of shimmering hi hats, punchy snare, groovy bass guitar, acoustic rhythm guitar in the left channel and electric guitar chord progression in the right channel of the stereo image. It sounds energetic and addictive.",False,False
58,-XkbErI_7EU.wav,This slow jazz song features male voices singing the main melody in harmony. This is accompanied by percussion playing a simple beat. The double bass plays the root notes of the chords. Trumpets play a fill in harmony in between lines. A piano plays an arpeggiated chord at the end of the first line. This song has a romantic mood. This song can be played in a classic romantic movie.,False,False
59,-YATTKBtmRA.wav,This is a hip-hop music piece. There is a crisp synth sound playing the melody. The piece has a strong bass sound. There is a melodic pad with beat repeat effect that uses a piano sample. The rhythmic background is provided by a loud electronic drum beat. The piece is energetic and modern sounding. It could be used in the soundtrack of a sci-fi movie where there is a lot of action going on.,False,False
61,-ZHpNr_KRXU.wav,Someone is playing a percussive instrument that reminds a little bit of a tabla while someone else is playing a fast melody on an accordion. A male voice is singing at a higher pitch. This song may be playing live.,False,False
62,-_6RxZyi30Q.wav,This is an amateur recording of a dance performance over a latin dance music piece in the style of zumba. There is a female dance instructor shouting directions to the dancers. There is a male vocalist singing melodically in the background piece. A strong bass and a loud electronic drum beat can be heard very distinctly. The atmosphere is energetic. The quality of the recording is quite poor.,False,False
63,-_OzT7Xyvok.wav,Amateur recording of two nylon string guitars playing in flamenco style. The playing is technically challenging yet sloppy.,False,False
65,-cLzki-B06o.wav,This is a Kurdish folk music piece. The main melody is first played by the baglama and then by the zurna. The rhythmic background consists of an electronic drum beat and supportive percussive elements. The atmosphere is lively. This piece could be used as an accompaniment piece for a folk dance course such as the halay dance.,False,False
66,-cQ-jUTEgck.wav,This is a live performance of a southern rock piece. There is an electric guitar playing a blues solo. There is a bass guitar playing in the background. The rhythm is being played by the acoustic drums. The atmosphere is groovy. This piece could be playing in the background at a rock bar.,False,False
72,-fxh7jAJR8U.wav,"Male singers sing this vocal harmony. The tempo is medium with a steady drumming rhythm, various percussion tones, keyboard accompaniment, steady bass line and tambourine percussion. The song is soothing and romantic. The song is a retro pop hit.",False,False
77,-jpbCWcz2pk.wav,This is a comedic hip-hop music piece. There is a male vocal rapping in the lead. The melody in the beat is being played by the piano and the electric guitar while a bass guitar plays in the background. The rhythm is provided by an electronic drum beat. The piece has an amusing aura to it. It could be used in the background of funny social media content.,False,False
80,-m5ZlWziIeA.wav,This amateur recording features a vinyl scratch being played on a DJ console. This is accompanied by programmed percussion playing a simple beat at a fast tempo. The hi-hat is struck in eighth notes. The snare and kick are played in a unique pattern. A synth plays a two-note lick at different intervals. Other instruments are not audible as the audio quality is low.,False,False
82,-mA_bqD1tgU.wav,"The low quality recording features a folk song that consists of a wooden percussion, groovy bass, breathy flute melody, groovy piano melody, shimmering shakers and sustained strings melody. It sounds passionate, joyful and happy.",False,False
83,-mB_XLq6g1g.wav,This audio contains an acoustic drum playing a groove along with a simple bassline. Trumpets are playing a melody that sounds out of tune and all over the place while a kids voice is streaming and you can hear some aggressive clicking sounds. This song may be playing for a parody video.,False,False
85,-o0ZtQIkM60.wav,This is a video game theme. There is a cinematic string sound playing the melody while the wind sound effect implies there is a snowstorm. A male choir starts singing alongside orchestral percussive elements. There is an epic atmosphere. This piece could fit well in the soundtrack of a thriller video game where there is a face-off about to happen.,False,False
86,-oP-XX28B0s.wav,"A male singer sings this cool hip hop love song with backup singers in vocal harmony. The tempo is medium with keyboard accompaniment, piano accompaniment, steady drumming rhythm, clapping percussion and other sonic effects. The song is emotional and romantic with a cool dance  groove,",False,False
90,-r7iz-9v9bA.wav,This song features a female voice singing in opera style using only vocables and no words. This is accompanied by violins playing eighth note patterns that change according to the chords being played. The bass follows the root notes of the chords. A muted guitar or string instrument plays arpeggiated chords. This song can be played in a fantasy game.,False,False
91,-rAhS48FkYw.wav,"The low quality recording features a pop song that consists of a passionate male vocal singing over mellow kick hits, shimmering hi hats, wide electric guitar melody, syncopated snare and wooden percussion. The first half of the loop does not consist of the vocal, snare and hi hats. It sounds happy, fun and joyful.",False,False
92,-sRFfU8k0Zs.wav,"This is an Arabic movie music piece. It is an instrumental piece. There is a clarinet playing a vague melody. The sound of knives being rubbed against one another can be heard. There is an ominous, terrifying atmosphere. This piece could be used in the soundtrack of a horror movie to imply the feeling of hopelessness.",False,False
95,-tmY1GEH3_Y.wav,"The low quality recording features a pop song that consists of an echoing male vocal singing over punchy kick and snare hits, shimmering hi hats, metallic percussions, synth lead melody, synth pad chords and groovy synth bass. It sounds energetic, nostalgic and exciting - like something you would hear in clubs during the 80s.",False,False
98,-v5hgCh3M2w.wav,"The Soft Rock song features a passionate female vocalist singing over a wide electric guitar melody, punchy snare, soft kick hits, groovy bass guitar and shimmering hi-hats. It sounds sad, emotional and passionate - like something you would listen to on a day you are feeling down.",False,False
100,-w4HLksto_k.wav,"The low quality recording features a flat male vocal singing over digital piano melody and wooden percussion. The recording is noisy, in mono, loud and distorted.",False,False
102,-wVWjl9Kq6U.wav,"This music is a melodic instrumental. The tempo is medium  with a captivating electric guitar lead, rhythmic acoustic guitar, funky bass line, keyboard accompaniment, steady drumming and trumpets. The music is soothing, atmospheric, euphonious, youthful, and soulful. This instrumental is a Soft Rock/Funk pop.",False,False
104,-zA6LL78KYU.wav,"The low quality recording features a folk song that consists of a passionate female vocal singing over harmonica solo, groovy bass, shimmering hi hats, punchy snare, boomy kicks, groovy electric guitar melody and some claps. It sounds passionate and joyful.",False,False
105,-zOybsEdM5E.wav,This is a calm type of song which features a flute being intricately played on top of the various instruments. There is a violin creating a sustained tone underneath. The music feels mystical and enchanting.,False,False
107,00M9FhCet6s.wav,This children's song features a male voice singing the main melody. There are other voices singing backing vocals. This is accompanied by percussion playing a simple beat. A guitar strums the chords accenting the strums in between lines. The bass plays the root notes of the chords with a reggae feel. The keyboards play chords in the background. This song can be played at a children's party.,False,False
108,01PzcPKT3_E.wav,"The Jazz song features a saxophone solo melody played over shimmering shakers, tinny metallic percussions and mellow sustained brass melody. It sounds passionate, emotional and soulful.",False,False
109,01hjVJN9xCg.wav,"A low fidelity recording of a gospel choir with group vocals, a female singer, a male rapper, piano, a busy kick pattern, finger snaps and a slow tempo. The mood is hopeful and spiritual.",False,False
110,0298WjE3_tk.wav,"A female singer sings and chants with Emily. The tempo is fast with a quick drumming rhythm, percussive bass line, strong drumming rhythm and keyboard accompaniment. The song is exciting  and energetic. The song is an anime show soundtrack.",False,False
111,02Qntw26enM.wav,This audio contains a theremin playing a melody in the higher register along to an acoustic piano recording in the background. This song may be practicing theremin playing along with a backing track.,False,False
112,03z0rpIkm5g.wav,"The low quality recording features a reggae/dub song that consists of a flat male vocal singing over punchy 808 bass, punchy snare, shimmering hi hats and groovy piano chords. It sounds energetic, groovy and the recording is noisy and in mono - due to the fact that the sound is coming from the right channel only.",False,False
115,05OJDYeHLMc.wav,This audio contains very strong deep percussive hits and a e-guitar sound also serving as bass. A male voice is singing with a little bit of reverb on his voice. In-between the breaks male voices are singing a melody. This song may be playing in an action movie.,False,False
116,06Brdf83RZE.wav,This is a teen pop music piece. There is a teen female vocalist singing melodically. The main tune is being played by the acoustic guitar. There is a bass guitar playing in the background. The electronic drums provide the rhythmic background. The piece has an easygoing atmosphere. This piece could be an opening theme for a teenage drama movie/TV show. It could also be playing in the background at a clothing store.,False,False
117,06IU9WsEp3s.wav,"A male vocalist sings this enthusiastic latin melody. The tempo is medium with keyboard harmony, rhythmic Spanish guitar,percussive congas, bongos and guiro with tambourine beats. There is a loud siren-like sound superimposed over the song. The song is lively, simple,emotional, youthful, rhythmic, catchy with a latin dance grove.",False,False
118,07-3grCQ8EU.wav,"This is a Polish folk music piece meant to be played at weddings. This is an instrumental piece. The melody is played by a Polish fiddle, while there are occasional notes that can be heard from the background of an instrument that sounds like a mandolin. The rhythmic background is probably from the Polish percussive instrument baraban. There is a joyful atmosphere. This piece could be played at Polish weddings or it could be used in the soundtrack of a historical movie or a TV show that takes place in an Eastern European town.",False,False
119,07-vpXo91XM.wav,"Low fidelity recording of a live concert. The crowd noise is very loud and the audience is screaming. The audio is distorting. Amidst the crowd noise, beat boxing can be heard performing a house music style beat.",False,False
121,07mS0mSTDjY.wav,"This is an amateur recording of an Afro-cuban dance music performance. There are male vocals singing joyfully. There is a percussion orchestra made up of diverse elements such as the conga, the bongo and the timbales are playing in the rhythmic background. The atmosphere is lively and vibrant. Although the audio quality is not that great, this piece can still be sampled for use in beat-making.",False,False
124,08u-jdwjM74.wav,This pop song features a male voice singing the main melody. This is accompanied by programmed percussion playing a simple beat. The snare is struck on alternate counts. The bass plays the root notes of the chords. A synth plays chords on the first count of every bar. A shaker plays a pattern in the background. The mood of this song is romantic. This song can be played in a romantic movie.,False,False
126,0ADP-O_V3vA.wav,"This song is a lively Ukrainian duet. The tempo is fast and upbeat with a bright keyboard harmony, infectious drumming , groovy bass line and rhythmic acoustic guitar. The music is energetic, enthusiastic, lively, high-spirited , cheerful, happy, warm, buoyant and catchy with a simple melody. This song is a Ukrainian Pop song.",False,False
127,0AGHo8V8HpM.wav,"This music is instrumental. The tempo is fast with a spirited cello and harpsichord accompaniment. The music is lively, intense, rich, complex , exquisite and engaging. This music a Western Classical.",False,False
128,0AhX-ReXovI.wav,"Someone is playing a simple groove on tablas. In the background you can hear a backing track playing a flute melody along with synth pads, shaker/chime sounds and a tambourine. This song may be playing practicing tablas at home.",False,False
129,0BFauf6TGGU.wav,"This is an Indian dance music piece. The piece opens with a bansuri note. Then, the harmonium starts playing a repeated melody.  The rhythmic background is provided by the manjira. The atmosphere is vibrant and lively. This piece is the perfect accompaniment piece for a modern dance course.",False,False
130,0DYH0sqDXB8.wav,"The low quality recording features synth pad chords and synth keys chords played over punchy snare, heartbeat kick and shimmering hi hats. It sounds easygoing, chill and groovy.",False,False
134,0EzWmAPwoTs.wav,"The Rock song features an energetic male vocal singing over repetitive electric guitar melody, groovy bass, punchy kick and snare, shimmering hi hats and energetic crash cymbal. There is a short drum roll that represents a variation in a repetitive loop. It sounds energetic and passionate.",False,False
137,0H3FAoDgzhI.wav,A female voice is singing in a higher pitch sounding melancholic. A digital drum is playing an unusual rhythm along with a soft sub bass and loud repeating digital industrial noises. This song may be playing in a post-apocalyptic video game-sequence.,False,False
142,0K-zyeLuKho.wav,The low quality recording features a guitar tutorial that consists of a flat male vocal talking and counting the rhythm over an arpeggiated acoustic guitar melody. The recording is mono and noisy.,False,False
145,0L3vcdzQPPU.wav,"This is a recording of an acapella piece by multiple vocalists. The women sing in a high pitched, whistle-like tone while the men sing in lower tones and harmonise with the women. The melody is rapid and progressive.",False,False
148,0M7nETLOsKQ.wav,"The Pop song features a passionate male vocal singing over mellow piano chords. It sounds passionate, emotional, mellow and soft.",False,False
150,0NTzOtVmoiU.wav,"The song is an instrumental. The song is fast in tempo, with a bagpiper playing a Solo melody accompanied by a drum rhythm and people cheering and clapping wildly. The song is rousing in spirit and fervour. The song has a bad audio quality.",False,False
151,0NZY0GHQBP0.wav,"This amateur recording features a classic song. This is an instrumental song featuring a violin solo. This is accompanied by percussion playing a simple beat. A keyboard plays chords in the background with fills in between bars. The bass plays the root note and the lower fifth of the chord. There are no voices in this song. Due to the low quality of sound, the other instruments are unclear. This song can be played in a classic movie.",False,False
152,0ONdm4sW47c.wav,"This is a classical music piece that is being performed on the acoustic guitar. The acoustic guitar is being played in a gentle manner. The tune is in major key which gives the piece an optimistic aura. There is a tender atmosphere to the piece. This piece could be playing in the background at a classy restaurant. It could also be used in the soundtrack of a feelgood movie, especially during the scenes in which the characters are finding pleasure in simple things.",False,False
155,0OhtODbKajw.wav,This audio contains people playing a melody in the higher register using violins and a viola. Some are playing the melody upwards while others are playing downwards. A cello or upright bass is providing a melody line in the lower register. This song may be playing during a classical concert.,False,False
158,0Q1JLNfm8oU.wav,"This song contains two pianos panned to both sides of the speakers playing melodies in the mid to upper range. A female voice, maybe a child sings a melody in a very high pitch. THis song may be playing as part of a movie-scene.",False,False
159,0QAaln-hjPw.wav,This song contains digital drums playing along with a synth bass line creating the foundation of this song. Some drum elements are panned to both sides of the speakers. A synth lead sound is playing a high pitched melody and a male voice sample is used as a loop to create a melody. This song may be playing for a youtube video.,False,False
160,0QYNC7J05XI.wav,This pop song features a male voice singing the main melody using vocables. This is accompanied by an acoustic guitar strumming chords. The piano fills at a higher register and also plays chords. The bass guitar plays the root notes of the chords without any flourishes. A shaker is used in the background which acts as the percussion. Hand claps are played at every alternate count. Bells are played on the first count of the first two bars of each phrase. The melody is happy and upbeat. This song can be played in a movie scene featuring a family on a road trip.,False,False
161,0RDz0rLakwc.wav,"A male vocalist sings this trippy Electronic song. The tempo is slow with synthesiser arrangement, digital drums and electronically articulated music. The song is catchy, youthful, enthusiastic, trippy, psychedelic , new age, and groovy. This song is an Electro -Hop/ Hip-Hop.",False,False
164,0RpkkfkUBRU.wav,"This audio contains a cinematic composition with evolving synth drone sounds. Higher pitched pads, noise sounds panning to both sides of the speakers and arpeggiated short percussive pluck sounds. Some synth strings are playing a dissonant harmony creating more tension. A marimba hit is being played with a lot of reverb. This song may be playing for a movie-scene full of tension.",False,False
165,0S5zWt91Bwo.wav,"This song contains acoustic guitars being strummed fast, a mandolin playing the lead melody in a higher pitch and an upright bass providing an almost walking bassline. This song may be playing in the countryside while having a BBQ.",False,False
172,0VsjSa1X7iA.wav,"The low quality recording features a live performance of a gospel song and it consists of passionate male vocal singing over harmonizing mixed choir in the background. The recording is a bit noisy and it has some footsteps sounds in it, but overall it sounds passionate, emotional and soulful - as every gospel song should sound.",False,False
173,0VwX92X3iPc.wav,This audio contains a female voice speaking in a relaxed and sensual sounding way while you can hear the sound of scratching on a surface.,False,False
174,0Wdh45yt7tY.wav,"The song is an instrumental. The song is medium tempo with an accordion accompaniment, violin solo and a flute melody. The song is beautiful and nostalgic. The audio quality is poor. The song has an old gypsy soul to it.",False,False
176,0ZNFJz-eZTU.wav,"The low quality recording features a jazz song cover that consists of a passionate saxophone melody played over soft hi hats and kick hits, snappy rimshots, smooth bass, organ keys chords and mellow piano chords. It sounds emotional, passionate and reverberant - as it was probably recorded in a medium size room.",False,False
177,0ZXWSO_Y2C0.wav,This is a melodic death metal music piece. There is a male vocal singing using the pig squeal technique in the lead. The electric guitar with heavy distortion is playing a hard-hitting riff. There is a bass guitar playing in the background. The acoustic drums are playing a loud but simple beat. The atmosphere of the piece is violent. It could be used in the soundtrack of a horror movie or a horror video game.,False,False
178,0_QcatLmg7c.wav,"The low quality recording features a pop song performed by passionate male vocalists, followed by acoustic guitar arpeggiated melody and mellow piano melody. It sounds heartfelt and emotional. There are some crowd noises in the background.",False,False
180,0_hH79HnEdo.wav,"This heavy metal song features a female voice rapping the main vocals. The voice is aggressive and high pitched. This is accompanied by distortion guitars playing aggressive riffs. The distortion guitars play using muted power chords lending a heavy tone to the rhythm section. The bass follows the same riffs as the guitars. The percussion plays an aggressive rock beat using double kicks in parts, following the guitar riffs. This song has a rebellious mood. This song can be played in a Transformers-style machine movie.",False,False
181,0a6uLBmqZgA.wav,This amateur recording clip features the bagpipes playing a melody. This tune is played at a fast tempo and at a high pitch. There are no other instruments in this song. There are no voices in this song. This song is an instrumental. This song can be played in a village fair. The sound of the crowd cheering is heard throughout the song.,False,False
191,0ewWspUqB6Y.wav,"This is a Romanian folk music piece. It is a live performance. In the background, there is a contrabass and a cimbalom playing. The main melody is being played by the violin and the accordion. The atmosphere is vibrant and cheerful. This piece could be used in the soundtrack of a comedy movie that takes place in eastern Europe or the Balkans, especially during an escape scene.",False,False
196,0hw_BB4QN34.wav,This audio contains someone playing a snare like instrument with a flat sounding kick. The snare hits are complex and fast. There is some reverb involved in the recording. This is an amateur recording. This may be playing in a traditional entry for a song.,False,False
200,0lIETNZ_7sg.wav,"The low quality recording features a Christmas song that consists of a widely spread, groovy piano melody, followed by synth choir keys. It sounds happy, joyful, fun and euphoric - as any Christmas song should sound.",False,False
202,0nNmbkU8GBI.wav,This is an ambient music piece. There is a granular synth playing at a medium-to-high pitch. The piece has a hypnotic atmosphere. It could be used in the background of meditation videos.,False,False
203,0nk7utNkHOY.wav,"This music is a western classical instrumental. The tempo is slow with a cello solo. The music is soft, rich, deep, mellow, euphonious, pensive, melancholic, emotional and sentimental.",False,False
204,0oIFGARD9xE.wav,"A female vocalist sings this Gospel song. The tempo is medium with groovy bass lines, keyboard accompaniment, electric guitar and acoustic guitar rhythm,tambourine beats and choral harmony. The song is a spirited,emotional,fervent, earnest and devotional Christian Worship Song.",False,False
206,0q-80dzp6PU.wav,"The low quality recording features an electro pop song that consists of an echoing passionate male vocal singing over groovy synth keys chord progression, punchy snare hits, followed by snare roll, wide laser synths and reversed crash riser. It sounds exciting and energetic - like a build up section of the song.",False,False
207,0qtbbK5HVMw.wav,"The song is instrumental. The tempo is fast with violins playing in harmony showing exemplary technique. The song is emotional, spirited and passionate. The song is a western classical music hit. The audio quality is poor.",False,False
208,0rNr_qnoPQ4.wav,"The low quality recording features a passionate male vocal, alongside passionate female vocal, singing over shimmering tambourine, shimmering hi hats and mellow piano chords. It sounds soft, emotional and passionate.",False,False
213,0u1sk49gAU0.wav,"The low quality recording features a flat male vocal talking and playing a groovy accordion melody, before which a male and a female laugh. It sounds passionate and groovy.",False,False
214,0u4gY1bBUwQ.wav,"This music is a lively instrumental. The tempo is fast with a drum beat introduction, saxophone solo, piano solo, followed with lively harmony of the tenor sax and march like drumming. This piece is the song introduction. It is a lively, cheerful, happy, celebratory and youthful Western Classical.",False,False
215,0u5-WiBKam8.wav,"The low quality recording features a reverberant breathy flute melody with an inhale sound in-between. It sounds mystical, passionate and emotional.",False,False
219,0x6chChxzV0.wav,This rock song features a male voice singing the main melody. The melody has a repetitive pattern. Another voice sings 'ooh' in the background. This is accompanied by percussion playing a simple rock beat in common time. The bass plays a note and slides to the higher octave and comes back to the original note. The guitar strums the chords of this song. This song has a hippie feel. This song can be played in a movie based on a drug cartel.,False,False
220,0zolXzR9Oi4.wav,"This is a classical music piece from the baroque era. The piece is being performed by a harpsichord. There is a mysterious atmosphere and a medieval feel to this piece. The music could fit very well in the soundtrack of a gothic horror movie, especially where we are witnessing a scene of exposition.",False,False
222,10dur7jhFQM.wav,This techno song features programmed percussion. The kick is played on every count of the beat. A cymbal or shaker is played in sixteenth note patterns. This is accompanied by a synth playing a repetitive sequence. Another synth sound is played in bursts which has a warped sound effect. This song is an instrumental and has no voices. This song can be played in a club.,False,False
223,11D0JdB7_4k.wav,This song features a didgeridoo being played using the vibration produced by blowing the lips on the instrument. This produces a droning sound. The droning sound alternates with the bass sound of the didgeridoo in a pattern. There are no other instruments in this song. There are no voices in this song. This is an instrumental song. This song can be played in a movie scene when a man lost in a forest approaches a tribal settlement.,False,False
225,11fNNN95_og.wav,"This is an analog sounding video game theme. The melodic structure consists of a keyboard, a synth brass and a synth strings sound. The atmosphere is action-filled and ominous. There is an arcade feel to it. This piece could be used in the soundtrack of an action video game.",False,False
226,13n6n6nKMhI.wav,The low quality recording features echoing sleep drone sound effects. It sounds weird and cool at the same time. The recording is noisy and in mono.,False,False
228,15CZ2h5VL-A.wav,"This amateur recording features a shaker being played continuously. A cajon is played. After about two bars, the sound of the cajon changes to a more open sound. This video is an instrumental. There are no voices in this song. This song can be played as an instruction for cajon players.",False,False
230,15z-gbPxdXg.wav,"The low quality recording features a finger style acoustic guitar melody. The recording is in mono, noisy and it sounds soulful and passionate.",False,False
231,16F5fdORzSo.wav,This song contains an acoustic piano playing a minor chord composition with some soft strings in the background playing in a higher key. An e-bass is playing the footnote of the piano. A female voice is singing loud and clear with a voice that sounds melancholic/sad. This song may be playing with headphones while feeling sad.,False,False
235,19-GI2LzOtc.wav,"The low quality recording features a wide choir singing over widely spread strings and brass melody, followed by a sizzling triangle. It sounds epic, powerful and passionate. The recording is a bit noisy.",False,False
236,19Pp9QEw17U.wav,This is the recording of a slide guitar lesson. There is a male instructor playing blues on the steel guitar while speaking and breathing over his performance at the same time.,False,False
238,1AOe82obwcY.wav,"This is a sound that is calm and soothing and would be suitable for any kind of relaxation, meditation or spa. We hear a flute melody with long notes being played over a low frequency buzzing tone.",False,False
239,1ArUx6UCxe4.wav,The song is an instrumental with a devilish voice laughing. The tempo is fast with a fast paced drumming rhythm with strong cymbal crashes. The song is probably an adult animated show designed to scare.,False,False
241,1Ccis4FDGwY.wav,"The low quality recording features an electric guitar melody playing in the left channel only in the first half of the loop. At the very end of the loop, the second electric guitar melody appears in the right channel of the stereo image, which makes the stereo image more balanced. It sounds mellow, soft and passionate. The recording is a bit noisy.",False,False
245,1FnT0RrfMEA.wav,"This music is a mellow, dulcet instrumental. The tempo is slow with a beautiful violin harmony, piano accompaniment and steady bassline with synthesiser arrangements. The music is serene, calming,soothing, sentimental,emotional, wistful,poignant,melancholic and euphonious. This song is an exquisite middle eastern instrumental.",False,False
246,1GCOnj53QYM.wav,"This music is two separate tracks. The first track is electronic music with turn table scratching. The second track is a soft, romantic, mellow, harmonious melody with keyboard harmony, electric guitar, groovy bass and steady drumming with a man talking at the end. The two tracks are unrelated.",False,False
247,1IK4OeOqAEo.wav,"A female vocalist sings this melancholic melody in a foreign language.The tempo is slow with a romantic piano accompaniment. The song is soft, mellow, poignant, emotional,sentimental, romantic, melancholic , sad, lonely,and wistful. This song is a Pop/ Love song.",False,False
248,1ILLsA6gqHE.wav,Someone is playing various singing bowls. From low sounding ones to high sounding ones creating a melody. This song may be playing in a meditation session.,False,False
249,1IMi7yfZVVM.wav,"The low quality recording features a groovy buzzy synth bass with a filter effect on it, followed by punchy ""4 on the floor"" kick pattern, shimmering hi hats, wide mellow high pitched sound effect and echoing male vocal singing over it. It sounds energetic and groovy.",False,False
250,1Is1xfDjZrw.wav,A deeper male voice is talking for a moment before changing to another male voice talking about something. In the background you can hear a professional recording containing an e-bass playing single long notes along with an organ and an acoustic piano playing chords in the midrange. An acoustic drum is holding a simple beat in the background. This song may be playing in a gospel church band.,False,False
252,1JqNiV03kog.wav,This is a Carnatic classical music piece. There is a female vocalist singing melodically while shifting her voice in a veena-like manner. The sitar is playing the melody and the tabla is playing the rhythm. There is a sentimental and dreamy atmosphere to this piece.,False,False
253,1JwoLPCIGhs.wav,"The low quality recording features a cover of a blues song and it consists of subtly strummed, acoustic rhythm guitar, followed by electric guitar solo melody. It sounds passionate, easygoing and cool - like something you would hear in high end bars or blues clubs. The recording is a bit noisy.",False,False
254,1KN3GrwhY8c.wav,"This disco song features a male voice singing the main melody. This is accompanied by programmed percussion playing a disco beat. The kick is played at every count of the bar. The synth changes chords after two bars to a higher pitch chord, then after one bar to a higher pitch chord, then after one more bar to a higher pitch chord and finally after one more bar to a suspended fourth chord. The instruments pause for 3 counts of the bar while the voice continues to sing. The bass plays the root notes of the chords. The mood of this song is romantic. This song can be played in a club.",False,False
256,1LA64TXatWk.wav,This audio contains someone scratching to a backing drumtrack. This song may be playing at home demonstrating an app to someone.,False,False
258,1O4LpU7HggY.wav,"This clip features a male voice narrating about guitars. In the background, an acoustic guitar is strumming chords and picking notes used as fills. The mood of the song is happy and uptempo. There are no other instruments in this song. This song can be played in a romantic mood. This audio can be used in a guitar promotional video.",False,False
259,1OIfQHKnAcw.wav,A male singer sings this emotional melody. The song is medium tempo with a piano accompaniment and a strong bass drum kick . The song is emotional and romantic. The song is a home music video .,False,False
264,1QFli7KSXAQ.wav,"The Rock song features a passionate male vocalist singing over wide electric guitar melodies, groovy bass guitar, shimmering cymbals, groovy toms, punchy snare and kick hits. It sounds energetic, passionate, emotional and loud.",False,False
265,1QSD-dzEv7Y.wav,This audio contains someone playing a bansuri flute in the mid-to high register. A piano is playing a repeating melody along with an e-bass. The flute is full of reverb. This song may be playing flute at home with a backing track.,False,False
266,1RRGInmOhTQ.wav,"This music is a lively instrumental. The tempo is fast with an infectious accordion harmony, rhythmic acoustic guitar, violin harmony and keyboard accompaniment. The music is pleasant, happy, cheerful, warm, sprightly, romantic, carefree, upbeat and genial. This music sounds like a movie soundtrack.",False,False
267,1Rd1w7Ty1ak.wav,"The low quality recording features a pop song that contains a soft male vocal singing over soft crash cymbals, claps, punchy kick, shimmering shakers, groovy bass, piano melody and electric guitar melody. It sounds easygoing.",False,False
270,1SO5RJLWKAs.wav,"This is an electric guitar jam being performed by a 9 year-old. It is an amateur recording, so there is a constant feedback noise coming from the amp. The electric guitar has a clean sound. The tunes are mostly simple with a lot of muted strokes. The recording has an easygoing atmosphere. If the feedback noise can be bypassed, the tunes from this recording can be used in beat-making.",False,False
272,1ToIyrmWFjw.wav,This is a Turkish arabesque rap music piece. There is a female vocalist singing in a melancholic manner in the Turkish language. The beat has a string sample and a flute sample in the melody. There is a very loud electronic drum beat in the rhythmic background. The song has a depressive atmosphere. This piece could be used in the background of sad Turkish social media content.,False,False
275,1VKSpjXZvKo.wav,Solo horn with reverb performing a triad based melody. A male voice over can be heard in the beginning.,False,False
276,1W2Cz2Jj76Q.wav,"The low quality recording features a muffled male vocal talking, after which he starts playing breathy flute melody. It is noisy, in mono and it sounds muffled and distorted, as it was probably recorded with a poor quality microphone.",False,False
281,1Ziku4FLka4.wav,This is an educational kids song. There is a female vocalist singing playfully. The piano and the xylophone are playing a simple melody. The rhythm is a basic acoustic drum beat. The atmosphere is joyful. This piece can be used in the soundtrack of a kids TV show.,False,False
282,1_YHHL_t2GI.wav,"The low quality recording features clapping and shoe tapping sounds over rock songs played on playback. The song consists of a passionate male vocal that sings over punchy kick and snare hits, shimmering hi hats, electric guitar melody and groovy bass guitar. The recording is in mono and a bit noisy, as it was probably recorded with a phone.",False,False
289,1h2sb2xeCt8.wav,"The low quality recording features a ballad that consists of a soft female vocal singing over a mellow piano melody and shimmering bells at the end of the loop. The recording is noisy and it sounds passionate, emotional and mystical, almost like a lullaby.",False,False
294,1j3pXUr8R4M.wav,This instrumental song features a harp melody being played. There are no other instruments in this song. There are no voices in this song.. The mood of this song is dreamy. This song can be played in a dream sequence in an animated film.,False,False
296,1jATjKL2vAE.wav,"This music is instrumental. The tempo is fast with a rhythmic guitar lead. There is minimal instrumentation and the music is an upbeat, energetic and catchy riff.",False,False
297,1jptuEjuTig.wav,"The low quality recording features a live performance that consists of reverberant wooden percussion over an electro song, followed by crowd talking and public announcement vocals in the background. The song consists of groovy bass, haunting synth lead, soft ""4 on the floor"" kick pattern and shimmering shakers. It sounds like it was recorded somewhere outdoors, judging by the public announcement vocal and crowd noises.",False,False
298,1kYDbl5Y9Sg.wav,This is the live performance of a Paraguayan folk music piece. There is no singer. There is a Paraguayan harp playing a vibrant yet melancholic tune. The atmosphere is heart-touching. This piece could be used in the soundtrack of a drama movie during a scene of serenity or mourning.,False,False
299,1l7BjFDQLUM.wav,This is a jingle piece. There is no singer in this piece. There is an organ and a keyboard playing the main melody while bells and other percussive elements provide the rhythmic background. The atmosphere is cheerful. This piece could be used as an advertisement jingle. It could also be used at a festive event setting such as Christmas or Thanksgiving.,False,False
301,1ls3ectO1F4.wav,This song contains acoustic drums with reverb and a bassline playing to the kick. Someone is playing a slow evolving melody on a distorted e-guitar. In the background you can hear voices. This song may be playing live at a concert.,False,False
302,1mB_cboJR8s.wav,This meditation music features a male voice in a low tone chanting words in a melodic tone. There are no other instruments in this song. The mood of this song is relaxing. This song can be played in a meditation center.,False,False
304,1o7iTDLNTFk.wav,This clip features a guitar chord being strummed in the beginning. This is followed by a male voice narrating a song. There are no other instruments in this song. There is no vocal melody in this clip.,False,False
310,1xhwyUVSRQk.wav,"A female singer sings this cool pop melody with backup singers in vocal harmony. The song is medium tempo with a groovy bass line, steady drumming rhythm, and keyboard accompaniment . The song is exciting and youthful. The audio quality with a lot of ambient crowd noises.",False,False
311,1y1lEOGBcWM.wav,"The low quality recording features a suspenseful piano melody played over mellow synth pad chords. It sounds intense, mystical, but also passionate, as something you would hear in movies.",False,False
314,1ypKEH2kd7g.wav,"The song is an instrumental jazz tune. The tempo is medium with steady drumming with drum brushes and other percussive hits, piano accompaniment, guitar accompaniment, groovy bass line and a muted trumpet playing a cool solo. The song is a jazz improvisation of a romantic melody.",False,False
315,2-K-7T8ZIWA.wav,"This music is an instrumental of the Christmas Carol “You Better Watch Out’. The tempo is medium with the lead harmony on the theremin and piano accompaniment. The music is haunting, ethereal, lilting, mesmerising and captivating. This music is a Theremin Instrument.",False,False
316,20QZS9L5WeA.wav,"The low quality recording features a mellow arpeggiated piano melody playing in the background, while the breathy flute melody is playing over it. It sounds passionate, emotional and soulful.",False,False
318,21MgIcLN8Ow.wav,The low quality recording features a didgeridoo melody being played. The recording is noisy and in mono.,False,False
320,244y56-vLWE.wav,"A male singer sings this exciting Latin dance melody. The tempo is medium fast with a saxophone solo, percussive bass line, guitar accompaniment, latin percussion, steady drumming rhythm,  and cymbal crashes. The song is exciting with the crowds going crazy. The audio quality is poor.",False,False
321,24cmo2fEQo8.wav,"The low quality recording features an echoing tom, snappy rimshots and echoing, repetitive arpeggiated harp melody playing, after which there is a punchy kick hit. It sounds groovy.",False,False
323,26HLgXWF-Co.wav,This audio contains someone playing a classical melody on an acoustic guitar using fingerstyle. This audio is full of reverb. This song may be playing at a talent show.,False,False
326,28pkN4m1x6I.wav,This is an electro swing/funk music piece. It is an instrumental piece. There is a brass section making up the most of the melody with the saxophone as the lead. The bass line is being played by the tuba. There is also a piano adding texture to the melody. The rhythmic background is provided by an electronic drum beat. The atmosphere is upbeat and eccentric. This piece could be playing at a nightclub or a dance club. It could also work well in the soundtrack of a comedy animation movie.,False,False
330,2BBAUwC1BI4.wav,"The low quality recording features an arpeggiated electric guitar melody performance. The recording is noisy and in mono, as it was probably recorded with a phone. It sounds mystical and intense.",False,False
337,2Gja9wBkz6U.wav,"The low quality recording features a theremin solo melody. It sounds spacey and weird, as the recording is noisy.",False,False
338,2I6pPRWKsCQ.wav,"The low quality recording features a live performance of a R&B song that consists of muffled male vocal singing over groovy bass guitar, mellow synth keys melody and energetic drums. There are some crowd noises in the background. The recording is noisy, as it was probably recorded with a phone, but it sounds energetic, passionate and emotional.",False,False
340,2IpapScfsT4.wav,This instrumental song features a run played on a piano followed by an ascending progression on the French horn. The horn plays descending notes and the piano repeats the same melody using arpeggiated chords. This is followed by two ascending notes on the horn. There are no other instruments in this song. This song has a relaxing feel. This song can be played in a bar.,False,False
341,2JNY2SaMk7s.wav,"This reggae song features a male voice making an announcement in the beginning. A female voice sings a one-line melody. This is accompanied by the main male voice singing vocables in the background. Until this part, only a keyboard and guitar are playing a reggae rhythm. This is followed by the main male voice singing the main melody in a reggae style. This is accompanied by a kick driven percussion playing a simple beat. There are voices singing vocables in the background. The mood of this song is happy. This song can be played in a movie with a holiday theme.",False,False
345,2KkNk9Ao7G4.wav,"The low quality recording features a punchy kick and snare hits, followed by shimmering hi hats, buzzy synth bass and 8 bit synth lead melody. It sounds groovy, weird and like something you would hear as background music in games.",False,False
347,2M-CFCo-rkY.wav,"This is an emotional Japanese pop ballad. The singer has a light, airy and gentle voice that she uses to sing over the deep and full piano arpeggios. The song has a calming and emotional effect.",False,False
348,2MZUbxulAI4.wav,This is the behind-the-scenes video of a movie soundtrack. There are male voices talking to each other and singing under footage. There is a faint backing track in the video. A bansuri flute is playing a melody while the tabla percussion is playing the rhythm.,False,False
351,2Q20hVyYjBM.wav,"A male vocalist sings this passionate song in Dutch. The tempo is slow with vocal emphasis and an accordion harmony. The song is a simple, narrative, slow Folk song.",False,False
352,2RMOegT2Jn8.wav,"hip hop music featuring a young male rapper over a minimalist beat with only percussion such as cowbell, kick drum, shaker, and triangle.",False,False
355,2SQxfaWAJJg.wav,This audio contains fast paced digital drums changing the beat from halftime into a four on the floor with a kick on every beat along with a synth bassline. Other synth sounds are playing a lead sound and an arpeggiolike melody along with a distorted e-guitar. A female voice is singing in a high pitch accompanied by another female backing voice creating a harmony. This song may be playing as an entry for a fast paced action series.,False,False
356,2SenLjPbGzU.wav,"The low quality recording features a pop song that consists of a passionate male vocal, alongside background male vocals, singing over punchy 808 bass, claps, shimmering hi hats, wide tinny percussion, repetitive synth lead melody and groovy synth keys melody. It sounds groovy, addictive and exciting - like something you would hear in a club.",False,False
357,2ShO1jZYZeA.wav,"This techno song features programmed percussion playing at a fast tempo. After two bars, the percussion plays a crash cymbal and pauses. There are layers of synth sounds. One layer is playing a high pitched repetitive melody. Another layer is playing the lower octaves of the same melody but the sound is different. Another synth is playing the bass parts using the same melody. This is an instrumental song with a techno feel. This song can be used in an advertisement for a luxury item.",False,False
360,2UY_-oF1vqo.wav,This song contains a digital drum playing a simple pattern with a kick and a snare sound. Synthesizers are playing a repeating melody in the higher register. Another synth sound is playing a more aggressive lead sound with a countermelody. A string sample is being used to create a short hit. This song may be playing during a car ride.,False,False
361,2Ui85-AOLyo.wav,This is a live recording of a DJ doing deck scratching on a hip hop song.,False,False
362,2UnlMwW8nyI.wav,This children's song features an accordion playing chords. This is accompanied by percussion playing a simple beat. The bass plays the root notes of the chords. An instrument like the xylophone plays the main melody on the low frequencies. There are no voices in this song. This song is an instrumental. The mood of this song is happy. This song can be played in a children's animation series.,False,False
368,2ZYzviKuq9w.wav,"This is a hip-hop music piece. There is a female vocalist singing in a rap-like manner. There is a strong bass in the background. For the rhythm, there is a simple electronic drum beat with heavy use of claps. The keyboard is playing occasional tunes. The atmosphere is groovy. This piece could be playing in the background at a nightclub or at a dance club.",False,False
372,2ZrqWkdwVzo.wav,The low quality recording features a harpsichord melody being played. The recording is extremely noisy and it sounds passionate and emotional.,False,False
375,2_mFg42LlUI.wav,"The low quality recording features a huge church organ chord progression, followed by shimmering cymbals, played in a huge reverberant space - most likely a church. It sounds epic and powerful.",False,False
378,2bcnAoZbptI.wav,"This is a live performance of a pop music piece. There is a male vocalist singing melodically in the lead. There is a catchy tune that is being performed on a keyboard with a piano sound.The atmosphere is sentimental. This piece could be used in the soundtrack of a romantic comedy movie, especially during the scenes where the characters are starting to fall in love with each other.",False,False
379,2ctgUIqyaBk.wav,This pop song features a male voice singing the main melody in a foreign language. The melody is repetitive. This is accompanied by percussion playing a simple beat. The bass plays the root notes of the chords. A guitar plays arpeggiated chords using a chorus effect. The mood of this song is romantic. This song can be played in a romantic movie.,False,False
380,2cxs73i3l1M.wav,"The low quality recording features a passionate female vocal, alongside harmonizing background vocals, singing over wide wooden percussion, groovy bass and shimmering shakers. It sounds joyful, emotional and passionate. The recording is noisy.",False,False
385,2gc1L3g1itU.wav,"This audio contains someone playing blues on an e-piano. This audio is in poor audio quality, you can hear white noise from the recording. This song may be playing piano at home.",False,False
386,2gvyOxKuQPY.wav,"The song is an instrumental. The tempo is medium, featuring a drum solo with no other instrumentation, featuring a lot of stops, cymbals crashes and drum rolls. The song serves as a dance track for a group of dancers. The audio quality is deteriorated and generally poor.",False,False
387,2hgvuYGc95o.wav,The low quality recording features a beatboxing over harmonica solo melody. It sounds groovy and the recording is groovy and in mono.,False,False
389,2iFgXSXdqLo.wav,"This clip features some heavy and overdriven solo electric guitar playing. The phrases are energetic, gritty and full of rock flavour. You'd hear this kind of playing at a rock concert.",False,False
391,2kORDnISun4.wav,A choral harmony consisting of four parts sings this ethereal harmony. The song is medium tempo with a church organ and orchestra accompaniment. The song is heavenly and innocent. The audio quality is poor.,False,False
392,2kY_ZG78V-g.wav,"This is low quality audio and all instruments are not heard clearly. The main melody is played on a marimba. This is accompanied by a timpani. Another drum set is used to play percussion with the focus on the snare and hi-hat. After the marimbas pause, one marimba plays a soft melody. This song does not feature any vocals. This song can be played in a fantasy sequence in a movie.",False,False
394,2lBZ6yPW9WU.wav,"The low quality, noisy recording features a wooden rubbing sound effect, followed by a short exhale blow. The recording has wide natural sounds, including birds chirping, as it was recorded outdoors.",False,False
397,2pTnwe3DzCs.wav,This is the recording of a keyboard lesson. There is a male instructor that plays the notes on the keyboard first and then describes the placement of the fingers and the notes that are being played. The audio quality of the lesson is not that great.,False,False
401,2umjh27MkjU.wav,This song features a male voice singing the main melody. This is accompanied by other male voices singing backing vocals in harmony. The bass plays the root notes of the chords. A synth plays a melody similar to the backing voices and continues to play even when the main voice sings. The synth has an accordion voice. This is accompanied by programmed percussion playing a Latin dance beat. The mood of this song is romantic. This song can be played in a dance party.,False,False
402,2unse6chkMU.wav,"This is a piece that would be suitable as calming study music or music for sleeping. It features a relaxing and soothing motif on the piano, being backed by a distant, high pitched and sustained violin.",False,False
405,2wGkbHl3IUE.wav,"The low quality recording features a bagpipes melody playing while a dog is howling. It sounds emotional and passionate, even though the recording is noisy.",False,False
406,2wZCoeq9Ppc.wav,"The low quality recording features a harmonizing woodwinds melody playing. The recording is noisy, in mono and it sounds happy and fun.",False,False
408,2x9735gU01s.wav,"The low quality recording features an arpeggiated acoustic guitar. It sounds mellow, soft, emotional and sad.",False,False
409,2xATintzaj4.wav,The song is an instrumental. The song is medium tempo with an electric guitar playing chords and strumming rhythm with no other instrumentation. The song is emotional and interesting. The song is probably a demo of a guitar or guitar amplifier. The audio is average quality.,False,False
413,2y1QnNBaxAU.wav,"This is an emotional, melodic piano piece. It brings about sombre and reflective feelings. It has a slow tempo, and it is not intricate but it is captivating. The empty spaces between the motifs allows for thoughts to flow.",False,False
414,2z1elo4ucis.wav,This is an amateur recording of a latin dance music piece. The audio quality is not that great. There is a male vocalist singing loudly. A bass guitar is playing a groovy bass line while an electric guitar is strumming chords in a syncopated manner. The rhythmic background is provided by a barely heard latin acoustic drum beat. The atmosphere is cheerful. This piece could be sampled for use in the making of a latin influenced hip-hop beat.,False,False
416,2zo5z1I0CeM.wav,This pop song is sung by a female children's choir. The voices are soprano and alto. The soprano voice sings high pitch notes in vocals. The alto voices sing the words in parts. This is accompanied by the bass playing the root notes of the chords. A piano plays arpeggiated chords. The mood of this song is sad. This song can be played in a movie scene about reminiscing the past.,False,False
417,2zpITTJiw7Q.wav,This low quality audio features a melody played on the piano. This is followed by a melody on two different synth voices. This is accompanied by percussion playing a simple melody. The bass plays the root notes of the chords. The other instruments are not clearly heard because of the low quality of audio. There are no voices in this song. This song can be played in an anime video.,False,False
418,2zrPFxxT1VM.wav,This song starts with a male narrator speaking a line. This is followed by a female voice singing the  main melody and each line is repeated by male and female voices. This song has a repetitive melody. This song has a call and response pattern. This is accompanied by an acoustic guitar playing chords and riffs at the end of lines. The percussion is played on a tabla. This song has a religious chant feel. This song can be played in a religious gathering.,False,False
419,3-_QS346VWo.wav,This is a new-age music piece. There is no singer in this piece. The acoustic guitar is playing the main melody. The piano is playing the chords of the piece while in the background a faint synth string sound can be heard. The atmosphere is relaxing and soothing. This piece would make the perfect background music for a meditation video. It could also be playing in the background at a spa or a wellness center.,False,False
420,30tNWUyJCog.wav,This reggae song features a male voice singing the main melody. The vocal melody is repetitive. This is accompanied by programmed percussion playing a reggae beat. Hand claps are played at regular intervals. The bass plays a groovy bassline. A saxophone plays fills in between lines. This song has a reggae feel. This song can be played in a Caribbean style party.,False,False
421,31DNFoW3NAw.wav,A keyboard is playing chords with a string sound along with something that sounds like a cembalo or another keyboard playing chords and a melody in the mid to higher register. A male voice is singing in an upper key sounding soulful and sensitive. This song may be playing for a sensual music video.,False,False
423,31iD2VPLMxQ.wav,"The song is an instrumental. The tempo is slow with a poignant violin solo, keyboard accompaniment, percussion drums, strong bass line and a guitar accompaniment. The song is emotional and has a sense of grief and awe. The song is a documentary soundtrack.",False,False
425,32iayLTRmxg.wav,This song contains a digital drum with a soft subbass. A male voice is rapping along to a repeating male and also female voice sample. The male voice sample uses a harmonizer effect. A riser is preparing the next part of the song. A metallophone/marimba melody is repeating itself through the duration of the whole song. This song may be playing in an urban bar.,False,False
426,338iZ76huSQ.wav,This new age song features a guitar solo being played. This is accompanied by a tabla on the percussion. The bass plays the root notes of the chord with no flourishes and embellishments. An angelic voice sings vocables in the background. The voice does not sing any lyrics. The mood of this song is relaxing. This song can be played in a meditation center.,False,False
427,33LJ36nAozM.wav,A handicapped musician plays the guitar with his feet and sings and jokes about. The song is medium tempo and retro pop with just a guitar strumming and no other instrumentation. The song is inspiring and relaxing. The song audio quality is very poor.,False,False
431,374R7te0ra0.wav,"The Hip Hop song features a flat male vocal rapping over repetitive, echoing piano melody, claps and punchy kick hits. At the very beginning of the loop, there are stuttering hi hats, sustained synth bass and filtered, pitched up female chant playing. It sounds groovy and addictive - thanks to the way rappers are rapping.",False,False
434,39MksqVeLdY.wav,"The low quality recording features a live performance where a DJ is playing his set. There are crowd noises in the background. The recording is noisy and it sounds manic, aggressive, distorted and upbeat.",False,False
435,3B-YYTbpFZE.wav,"The low quality recording features a flat male vocal narrating over flame sounds and wooden surface scratching sounds, after which there is a cut to a shimmering shaker and wooden percussion playing. The recording is noisy and in mono.",False,False
436,3C-5_z01Olc.wav,This is an indie rock music piece. There is a male vocalist singing melodically in the lead. There is an electric guitar playing a simple tune with a strong reverb effect. The bass guitar is playing the root notes. The rhythmic background consists of a basic acoustic drum beat. The atmosphere is easygoing. This piece could be used in the soundtrack of a teenage drama TV series as the opening theme.,False,False
438,3EXXs3x4Ius.wav,"The low quality recording features a children's song that consists of a flat male vocal singing over groovy piano melody, simple bass, simple hi hats, punchy snare, soft kick hits, synth lead melody, electric guitar melody and bells melody. It sounds happy, fun and joyful - like something kids would listen to.",False,False
440,3FJFcgaa0oE.wav,This funk song features a male voice singing the main melody. The melody is repetitive. This is accompanied by percussion that does not play any cymbals. A trumpet plays a repetitive melody of staccato notes. There are other quirky instruments playing in the background adding to the percussion. The mood of this song is upbeat. This song can be played in a bank robbery movie.,False,False
442,3HtfWSbmuAc.wav,Someone is playing a neo-soul chord progression on a fender rhodes piano with vibration tremolo effect. This song may be playing at a live concert opening the stage.,False,False
443,3IYd8cCmUkQ.wav,"The low quality recording features a R&B song that consists of passionate male vocals, alongside background harmonizing male vocals, singing over tinny bells melody, synth strings melody, tinny high pitched synth lead melody, shimmering hi hats, gliding bass, punchy kick and claps. It sounds passionate and emotional, even though the mix of the song is poor.",False,False
445,3KQy3Cajo4E.wav,"A male singer sings this popular country hit with backup singers in vocal harmony. The song is in medium tempo with a walking bass , acoustic guitar strumming rhythmically, autoharp accompaniment and steady drumming rhythm. The song is an emotional and nostalgic country hit. The audio quality is poor.",False,False
446,3KdyWJ6wTOw.wav,This song features a male voice rapping the lyrics. Female voices sing vocables in the background. This is accompanied by programmed percussion playing a trap beat. The bass plays a groovy bassline by sliding to notes rather than pausing in between notes. A synth plays a repetitive melody in the background. This song can be played in a gangster movie.,False,False
447,3NAqH9LYDyU.wav,This is a soca music piece. There is a male vocalist singing with autotune. A repeating hollering sample can be heard. The tune is being played by a melodic pad. The rhythm is provided by an electronic drum beat. The atmosphere is danceable. This piece could be playing in the background at a Caribbean nightclub.,False,False
448,3Nwsd439zmU.wav,The low quality recording features a live performance of a folk song and it consists of harmonica melodies played over groovy double bass and shimmering hi-hats. The recording is noisy and fairly wide.,False,False
449,3OLeJZF4oI0.wav,This guitar instruction audio features an acoustic guitar. This starts off with a male voice giving instructions on how to play the guitar. The bass note is played on the open string and the chord is strummed once. This is the Hendrix chord being played on the acoustic guitar. There are no other instruments in this song. There is no vocal melody in this song. This audio can be used in a guitar instruction video.,False,False
452,3PoC1-xd4Yw.wav,This song features a synth playing the rhythm section using a piano tone. The shofar plays a tremulous note. There is no percussion in this song. The mood of this song is melancholic. There are no other instruments in this song. There is no voice in this song. This song can be used in a romantic movie.,False,False
453,3PuzzYmTDA4.wav,"The low quality recording features a classical song that consists of a soft wide strings melody, followed by mellow woodwinds melody and low brass melody. There is a short snippet of a cymbal riser at the very end of the loop. It sounds passionate, emotional and suspenseful.",False,False
454,3PwR0D7CuwM.wav,"The low quality recording features a wide harpsichord melody. It sounds passionate, emotional and the recording is noisy.",False,False
455,3QNFY4MKTy4.wav,This is a Hungarian pop music piece. There is a female vocalist singing melodically. The main tune is being played by a piano while there is a bass guitar playing in the background. A slow tempo acoustic drum beat provides the rhythm. The atmosphere is emotional. This piece could be used in the soundtrack of a romance/drama movie that takes place in Hungary.,False,False
456,3QqVP0odOw4.wav,"The low quality recording features a commercial music that consists of a funny processed male vocal, after which there is a harmonizing female vocal singing over punchy kick, brass melody, wooden percussion and echoing brass melody. It sounds addictive - like every commercial music should sound.",False,False
459,3TP1itJqv-E.wav,"Harsh, grating sound of a solo bagpipe with audience sounds in the background.",False,False
461,3UHHjbO0ThM.wav,This audio contains an acoustic drum set playing fast snare rolls and then adding in a kick on every beat along with some crash hits. A synthesizer is playing a fast lead melody in the upper register. Then the song breaks into the next part and a brass/string section is playing a melody changing note on every beat together with the kick. This song may be playing for a fast paced video-game.,False,False
464,3XL825fK6UM.wav,"This clip is a vocalisation of the Om Mantra. The tempo is slow with a droning  melody and repetitive chanting of the word Om. It is meditative, calming, soothing, spiritual, lulling, hypnotic and trance like. This is Mantra Meditation  music.",False,False
465,3XRjrSOVBnQ.wav,This song contains a male voice talking over a synth drone pad along to some soft sounding kick hits and a simple synth arpeggio. Then the recording stops and a new one rises with a drum stick sound and a e-bass sliding up in pitch. This song may be playing in a wildlife documentary.,False,False
467,3Xoz87_SUdw.wav,"The low quality recording features a flat male vocal speaking over suspenseful orchestra music. It sounds intense and dramatic and as soon as the male vocal stops speaking, the volume of the music goes up - which makes it dynamic overall.",False,False
468,3Yc7_n6mDsI.wav,"The low quality recording features a drum solo that consists of punchy snare hits and occasional snare roll, punchy kick and shimmering hi-hats. It sounds energetic and the recording is in mono and noisy.",False,False
471,3ZhyXbwFQAM.wav,"The low quality recording features a wide punchy toms, wide aggressive electric guitars, sustained synth lead, distorted filtered bass and tinny hi hats. It sounds energetic and exciting.",False,False
472,3ZyuBJEbmJM.wav,"A sparse house music beat with just drums. The kick plays a four on the floor pattern, while the hi-hats play on the off beats and the bass part plays a syncopated dotted rhythm.",False,False
476,3cEQfNZ_F1w.wav,"This is a jazzy instrumental that sounds upbeat, cheery and vibrant. This would be suitable for some swing dancing. It's got an electric guitarist playing licks, a punchy piano, and groovy intricate drum pattern. The piece is in four over four time signature.",False,False
478,3dzR3ZWOe8Y.wav,This song contains acoustic drums playing a complex rhythm along with a e-bass playing a walking bassline and a piano playing jazz chords in the mid range. A baritone saxophone is playing the main melody accompanied by other brass instruments. This song may be playing during a live concert.,False,False
479,3e6GleQ9sl0.wav,This song contains someone playing a gentle and warm sounding melody on a violin accompanied by a harp. This song may be playing live.,False,False
481,3gh1oldZ7Zc.wav,This song features a female voice singing the main melody. This is accompanied by a guitar playing arpeggiated chords. A wind instrument plays fills in between lines. There is no percussion in this song. This song has a romantic mood. This song can be played in a romantic movie.,False,False
482,3jLef5eHgzU.wav,This audio contains someone playing a distorted e-guitar solo in a higher register along with acoustic drums with cymbal hits and a half open hit. An e-bass is underlining the rhythm. There are digital comedic noises and laughter that seem not to be part of the musical composition. This song may be playing in a comedic tv-show.,False,False
485,3m-a805cVl0.wav,The low quality recording features a simple acoustic guitar melody. It sounds like a tutorial and it gives off happy and fun vibes. The recording is noisy and in mono.,False,False
490,3nfiGGQykxk.wav,This audio contains a shofar horn getting blown in a higher register. The high tone is loud and drops in pitch at the end. This song may be playing live in a village calling for a traditional ceremony.,False,False
491,3noh9LiQNrs.wav,This is the recording of a guitar lesson. The instructor at first plays the chords on a clean sounding electric guitar and then describes the nature of the chord that he is playing. The chords that were strummed could be used as clean electric guitar samples in beat-making.,False,False
493,3pU34vUoO9g.wav,This religious song features the main melody first sung by male voices in harmony followed by female voices in harmony. The voices sing in a hall environment giving a reverb effect. There are no instruments in this song. This song gives a holy feel. This song can be played in a church.,False,False
494,3q9K2PgA2-U.wav,"This is a live performance of a polka music piece. It is being performed by a wind orchestra. The main melody is being performed by the tuba. There is a lively, cheerful atmosphere to this piece. It could be used as an accompaniment piece for a European folk dance course.",False,False
495,3rbWoeUg9yo.wav,"The low quality recording features a regional Mexican song that consists of harmonizing male vocals singing over wide, bouncy wooden percussion, wide acoustic rhythm guitar, groovy bass, punchy kick and strings melody. It sounds passionate, energetic and groovy.",False,False
496,3rvqiSZB4pA.wav,This is an electronic funk/disco music piece from the 80s. There is a female vocalist singing melodically. The repeated main theme is being played by the keyboard. There is a synth bass playing a groovy bass line. There is an acoustic drum beat in the rhythmic background. The atmosphere is sensual. This piece can be used in the soundtrack of a retro-themed movie.,False,False
504,3u9OO9Og0Gc.wav,This is a live performance of an R&B music piece. There is a female vocalist singing melodically in the lead. Three female supporting vocals can be heard singing in the back. The melody is being played by the piano while the bass guitar plays a groovy bass line. The rhythm is provided by an acoustic drum beat. The atmosphere is sentimental. This piece can be used in the soundtrack of a romance movie involving a couple in a long distance relationship.,False,False
505,3ujGrObyefA.wav,"This music is instrumental. The tempo is fast with an upbeat keyboard harmony, bright drumming, energetic electric guitar and synthesiser and digital drum arrangements. There is an interaction between two men superimposed over the music. The music is lively, cheerful, happy, positive, upbeat, warm and heartening. This is the background score for an Interview or documentary.",False,False
507,3vEsFxolnFs.wav,This clip is an instrumental with a female voice speaking. The tempo is medium with a banjo riff. This is a Banjo lesson on chord progression for country dance music. It is clear and crisp.,False,False
508,3w3fD54bNvU.wav,The song is an instrumental. The song is medium tempo with a guitar playing lead and several guitarists playing harmony  and accompaniment and a pick scratching guitar strings producing a percussive line. The song is immersive and has a classic country gun fight duel vibe to it. The song has ambient room noises.,False,False
510,3w_LsKl-3Pk.wav,"The low quality recording features a traditional song that consists of a passionate woodwind melody played over wooden percussive elements. It sounds soulful, passionate and emotional, even though the recording is in mono and noisy.",False,False
512,3zPvfVmL0nE.wav,This audio contains someone playing a drum with a big kick drum and snare sound playing cymbals along with a tambourine. In the background you can hear an electric organ playing long minor chords while a distorted e-guitar is playing a solo sounding as someone singing. This song may be playing live at a festival.,False,False
513,3zT0aiN2E70.wav,"This music is an upbeat instrumental. The tempo is fast with vigorous digital drumming, synthesiser arrangements and DJ mixer effects. The music is electrifying, pulsating, buoyant, punchy, groovy, youthful and high-spirited. This music is an outdoor live performance with ambient sounds. There are sounds  of hysterical fans cheering, clapping and singing along. This music is Futuritic Electronic Pop/ Techno Pop.",False,False
517,40i3_JH6FYw.wav,This is a recording of an instrumental jam. There is a blues type solo being performed on an overdriven electric guitar. The guitar has an 80s sound. This recording could be sampled for use in beat-making or as an advertisement jingle.,False,False
518,40kbMyL2Wgo.wav,This audio contains digital drums playing along to a male voice singing in a higher key while a synth bass sound and a lead sound are supporting the epic atmosphere. Then another male voice starts rapping with a lot of confidence and a little aggression in his voice. A male voice is providing backing vocals panned to both sides of the speakers. This song may be playing as a motivational mood enhancer.,False,False
525,46WpyRUqwXU.wav,"The low quality recording features a pop song that contains a passionate female vocal, alongside wide harmonizing male vocals, singing over wide brass melody, electric guitar chords, straight piano melody, punchy snare and smooth bass guitar. It sounds groovy, addictive and passionate.",False,False
532,4CkJjhuYRmY.wav,"The song is an instrumental. The tempo is medium with a horn playing melody accompanied, by a string section, horn section and a rhythm section and led by a conductor. The song is exciting and regal. The song is a classical western tune.",False,False
535,4EwWBI-tHLk.wav,"This music is a lively harmony of the brass and wind instruments. The tempo is fast with lively tuba, trombone, trumpet, clarinet with mandolin and resonator accompaniment and busking percussion that sounds like scratching. His music is loud, vibrant, perky, engaging and animated street busking.",False,False
536,4GlH0-KhInI.wav,This song contains digital drums playing a kick on every beat together with a digital synth bass playing a simple almost monotone bassline. A male voice is singing in a deeper key. This song is running through some filters opening up and with a lot of reverb. This song may be playing while having a car ride.,False,False
537,4Gow6qZcNZI.wav,"The low quality recording features a tutorial where a flat male vocalist is talking, after which a groovy bass guitar is playing. The recording is noisy and in mono.",False,False
538,4H1nc2Xv2Hg.wav,"The song is an instrumental. The tempo is slow and unsure, with a guitarist attempting to play a minor scale and gets the scale wrong. The song has poor audio quality with ambient traffic noise in the background.",False,False
540,4HhJneiP-hY.wav,"There is an orchestra composed of the winds section and the timpani playing a dramatic tune with a rising melody. Afterwards, a thunder sound effect can be heard. Sounds from this piece can be sampled for use in advertisement jingles or in beat-making.",False,False
541,4JYJRqwqWGM.wav,This audio contains a melodic bell ringing. In the background you can hear birds chirping. This is an amateur recording.,False,False
544,4LZSSya3ZZQ.wav,The low quality recording features a flat male vocal talking over an acoustic guitar solo melody playing in the background. It sounds like a tutorial and the recording is in mono.,False,False
545,4Lk8pUeLCwQ.wav,"A male singer sings this reggae melody with backup singers in vocal harmony. The song is medium fast tempo with a groovy drum drumming rhythm, keyboard accompaniment, percussive bass line and various percussive effects. The song is groovy and enthusiastic with a reggae influence.",False,False
546,4M0njWKFsME.wav,"Here we have a powerful rock ballad instrumental in a minor key. The guitar is grungy and overdriven, and the piano is clean and plays the same chords as the guitar at the same time.",False,False
547,4M_k01zIbVM.wav,"The low quality recording features a cover of a soft rock song and it consists of strummed electric guitar and mellow electric guitar melody played over playback that has groovy bass, reverberant rimshots, shimmering cymbals and sizzling high pitched synth pad. It sounds emotional, funky and passionate.",False,False
554,4QES-SJ7mP0.wav,"A four chord modern hip hop/ R&B production featuring synthesizer pads, electronic drums, a female vocalist in a minor key.",False,False
555,4QJktFv916o.wav,"The low quality recording features a metal song that consists of female opera vocal singing over double pedal kick, punchy snare, energetic cymbals, wide electric guitar melody and groovy bass guitar. It sounds aggressive, energetic and upbeat.",False,False
557,4T2KBwRxi_g.wav,"This is a live recording of a didgeridoo being played. The musician  takes a deep breath intermittently while playing the deep, bellowing tone of the instrument.",False,False
559,4TXy2i036LU.wav,This song contains drums with a deep and strong but jet soft kick sound with a snare that sounds muted. An upright bass or e-bass is playing a line along. A e-guitar is strumming a chord progression along with a piano. A male voice is singing in the midrange sounding sensitive and honest. Panned to both sides of the speakers two trumpets are playing a melody in the lower to mid-range. This song may be playing in a beautiful romantic art video.,False,False
560,4T_5clu_0OM.wav,"Male singers engage in a conversation at the beginning of the song. The song is medium tempo with a guitar playing rhythm, steady drumming rhythm, tambourine percussion, kick drum percussion and keyboard accompaniment. The song is romantic and spirited. The audio quality is poor.",False,False
561,4Ua6i_VDYU4.wav,"This audio contains a digital drum with a kick on every beat. An e-bass is playing a slightly funky groove. A synthesizer is playing a short fast melody. Another synth sound is playing a string/pad sound rising up into focus. A female voice is singing, then another female voice takes over singing. The crowd is cheering loudly. This song may be playing during a live show.",False,False
562,4Udqs0trpMw.wav,This audio contains an orchestral composition. A brass section is playing an uplifting melody with a horn playing a bassline. Cymbals are playing a 8th notes rhythm and flutes and a trombone are playing a countermelody. On top of that a xylophone is playing a melody in a higher pitch on top. This song may be playing during a cheerful cultural event such as Christmas.,False,False
563,4VbXYuCz4M0.wav,"The low quality recording features a live performance that consists of harmonica solo melody played over acoustic rhythm guitar chords. The recording is noisy, in mono and it sounds happy and joyful.",False,False
564,4Vg0PQuHTk0.wav,"This is a groovy, electro-funk track which works well for dancing. A song like this would be heard in the eighties. It is soulful and upbeat. There are synth stabs and a trumpety synth motif in the background.",False,False
569,4Y5VcH7iK3Q.wav,Instrumental surf rock with a lead electric guitar playing the melody and a rhythm electric guitar strumming chords. Ride cymbals are loud in the mix and spring reverb is used as an effect. The electric bass is playing a walking pattern.,False,False
570,4Yc71_dU3m4.wav,"This music is a lively instrumental of the Indian Classical instruments. The tempo is fast with a lead Veena harmony, spirited tabla and tanpura rhythm and melodic flute accompaniment. The music is euphoric, mellifluous, dulcet, lively, high spirited and rich. This music is a Indian Classical Veena instrumental.",False,False
571,4ZwGxgOwBUc.wav,"This music is a lively violin composition. The tempo is fast with a spirited violin harmony and vivacious viola and cello accompaniment. The music is upbeat, happy, cheerful, playful, fresh and captivating with the voice of a woman superimposed on it with static and ambient outdoor sounds. This instrumental is a background music to a live presentation happening outdoors.",False,False
572,4_s5vHgfxnw.wav,This audio contains someone playing bagpipes with something that sounds like a traditional piece. Someone is also playing a side drum snare along. This song may be playing on the street performed by buskers.,False,False
573,4a1a-lmDVaY.wav,This funk song features a male voice singing the main melody. Other voices sing backing vocals in harmony. A saxophone plays a repetitive melody. This is accompanied by percussion playing a funk beat. The bass plays a funky bassline. A guitar plays muted chords using a tron effect. This song is upbeat and has a happy mood. This song can be played at a retro style disco.,False,False
575,4bXb6GLm6zg.wav,This is the live performance of a blues music piece. It is an instrumental performance. The lead electric guitar is playing a blues solo while another electric guitar and a bass guitar are playing in the background. The rhythmic background consists of a slow tempo blues acoustic drum beat. There is a groovy atmosphere to this performance. This piece could be playing in the background at a rock bar.,False,False
576,4cg3MsrvJqw.wav,"This is a traditional Chinese folk band playing  a variety of traditional chinese instruments. The erhu, which sounds much like a violin, is being played in harmony with the guqin to create a melody which the performers also sing. The percussion is done on a bongo-sounding drum. This  is a live performance, and we hear people speaking in the background.",False,False
577,4dilYyxYLmM.wav,This song contains a digital drum with a shaker panned to the left side of the speaker. There are other rhythmic sound effects panned to the right side of the speakers. A digital bass playing a repeating melody is the center of this song. This song may be playing in a dance battle.,False,False
579,4gEmWJCPZGo.wav,The song is primarily an instrumental with male voices chanting prayers. The song is fast tempo with tabla percussions and harmonium playing accompaniment. The song is spirited and devotional with a trance like feel to it. The audio quality is very poor.,False,False
584,4jzr88nEdCM.wav,"A male vocalist sings this upbeat pop. The tempo is fast with synthesiser arrangements, hard hitting drums, groovy bass, tambourine beats ,keyboard harmony and choral harmony. The song is an upbeat, catchy , compelling, persuasive, enthusiastic and youthful Indie Pop.",False,False
585,4kKVGPDCIK8.wav,This song contains a male voice chanting a melody in the midrange while a synth is playing a drone full of overtones. Other synth pads are overlaying in a higher register while again other synth pluck sounds are playing a melody in a high key. This song may be playing in a meditation session.,False,False
586,4kZ0EZg5JRU.wav,"The low quality recording features a ballad that contains a flat male vocal, alongside mellow harmonizing, reverberant female vocals, singing over acoustic rhythm guitar located in the left channel, electric guitar melody in the right channel of the stereo image, groovy bass, shimmering hi hats, soft rimshots, soft kick hits and mellow keys melody. It sounds mellow, emotional, passionate and heartfelt.",False,False
587,4kyWH8eWP8M.wav,church bells ringing together slowly.,False,False
588,4l441DdEJfU.wav,"The low quality recording features fruity male vocals, alongside background crowd noise, talking, after which a trap song, that consists of passionate male vocal and addictive synth brass lead melody, starts playing. It sounds exciting and passionate.",False,False
589,4lcZkOMhKv8.wav,"This house music clip features a male voice in the beginning followed by a male voice that has been heavily processed. This is accompanied by programmed percussion with a booming kick  played on every count. After two bars, the snare is also played with the kick. Staccato synth notes are played on the 'one and' and the third count of each bar. The mood of this song is upbeat. This song can be played in a trance club.",False,False
590,4ls_8xIjBzM.wav,"This music is instrumental. The tempo is medium with an electric guitar riff and the voice of a man giving instructions on electric guitar techniques. The music is loud, clear, amplified, vivid, emphatic and powerful. This is a tutorial/ lesson on electric guitar techniques.",False,False
591,4mC6K77Y_Ho.wav,This song features the sound of a shofar being played. The shofar plays a high pitch note and plays some broken notes in between. This song is an instrumental and has no voices. This instrument is played ar Jewish religious functions.,False,False
593,4o0bARRMYQ8.wav,"The Gospel song features a harmonized mixed choir vocals singing over mellow piano melody, smooth bass, soft kick, snare and cymbals hits and sustained strings melody. It sounds passionate, emotional, powerful and soulful.",False,False
594,4q-eGdrqiIw.wav,"The low quality recording features flat male vocals talking over rock songs playing in the background. It sounds like a documentary about music. The recording is muffled, noisy and in mono, as it was probably recorded with a phone.",False,False
599,4tH9knHaTd0.wav,"The low quality recording features sustained french horn tones played, while there is a low female vocal and flat male vocal talking, followed by some laughs, shoe squeaking and woodwind melody played in the background. The recording is a bit noisy and it sounds like the musicians are rehearsing.",False,False
600,4ueN2gGsH5Y.wav,This instrumental song features an acoustic guitar being played. The strings are raked followed by a bend to a higher note. This is followed by a descending run using three notes. This song has a blues feel. There are no other instruments in this song. There are no voices in this song. This song can be played in a Wild West movie.,False,False
602,4vGLTrW04UE.wav,"This song elicits feelings of mystery, exploration and curiosity. It's a classical piece including violins, violas, cellos and a recorder or alto-flute. The end section builds tension and suspense - as if in a movie scene when a character is peaking curiously around new terrain.",False,False
603,4vWChPYkuwA.wav,"A male vocalist sings this Pop song. The tempo is slow with a melodic and emphatic piano accompaniment. This bit has minimal instrumentation as it is the introduction. The music is burgeoning with a cymbal crash introduced at the end of this clip. The song is slow, sad, poignant, reflective and nostalgic. This song is a hit Pop Rock.",False,False
605,4yJZ4VX8XQI.wav,This song features synth pads playing in the background. Shimmering notes are played in this song. These notes are played three times. There are no voices in this song. There are no other instruments in this song. This instrumental song has a dreamy feel. This song can be played in a relaxation room or meditation center.,False,False
606,4ymXDU-48EE.wav,A female singer leads other backup singers in a vocal harmony. The song is medium tempo with just mouth and body percussion. The song is groovy and played with a lot of ambient crowd noises. The song is a movie soundtrack.,False,False
607,4zZiWBp0b08.wav,This is a comedy music piece. There is a male vocalist singing in a funny manner in the Filipino language. The keyboard is playing a goofy tune with the bass guitar playing in the background. The rhythm is being played by a simple electronic drum beat. There is an amusing atmosphere. This piece could be used in the soundtrack of a comedy movie that takes place in the Philippines.,False,False
608,5-aS_pyXesM.wav,"A male vocalist sings this enthralling Arabic song. The tempo is medium with mizwiz lead melody , rhythmic oud accompaniment,, goblet drum, tambourine  keyboard harmony along with more Arabian percussive instruments. The song is melodic, charming, pleasant, engaging, ambient and soulful. This song is an Arabic Pop song.",False,False
609,5-tx4Fgqetc.wav,This clip features a didgeridoo being played. The sound it produces is a droning sound alternating with a bass sound. There are no voices in this clip. This is an instrumental clip of only a didgeridoo. There are no other instruments in this song.,False,False
611,50fuQm8B2Yg.wav,This jazz song features a saxophone playing the main melody. This is accompanied by percussion playing a jazz beat. A piano plays jazz chords. The double bass plays the root notes with flourishes and fills. This song is the outro of a song and abruptly pauses. The mood of this song is happy. There are no voices in this song. This is an instrumental song. This song can be played in a luxury bar.,False,False
612,51bsCRv6kI0.wav,"The low quality recording features a flat male vocal talking, after which a jazz live performance recording starts playing. It sounds like an interview and the recording is mono and noisy.",False,False
614,52odOK7G2kg.wav,This song features a distortion guitar. This is an instructional video. The song features an open note followed by the octave. Then a descending pattern is played on the distortion guitar. The voice gives instructions on how to play the pattern. There is no percussion in this song. There are no other instruments in this song. There is no vocal melody in this song.,False,False
615,53UF6F7D284.wav,"The low quality recording features a southern rock song that consists of a fruity male vocal singing over groovy bass guitar, low toms and wide electric guitar melody. It sounds emotional and nostalgic.",False,False
616,54yI3In3DrU.wav,The low quality recording features a classical song that consists of an arpeggiated strings melody and mellow woodwind melody playing in the background. It sounds emotional and passionate.,False,False
617,55qucu8Zs_I.wav,"The low quality recording features a passionate female vocal, alongside harmonizing vocals, singing over wooden percussion, playing as the background music, while there are birds chirping, cows mooing and metallic impacts sounds. The recording is mono and noisy.",False,False
618,55vMO5LzMHM.wav,There is an ambient synth playing at a low-to-medium range. A door creaking sound can be heard. There is an eerie and ominous atmosphere to this track. It could be sampled to be used in the soundtrack of a mystery/horror video game as a sound effect.,False,False
619,56Cm1AkbfbU.wav,"The low quality recording features a live performance of a pop song that consists of harmonizing male vocals singing, while there are crowd cheering noises in the background. It sounds passionate, heartfelt and joyful.",False,False
620,588osm3C4bw.wav,"The low quality recording features a live performance of a jazz song that consists of a clarinet solo melody played over groovy piano, mellow brass melody, shimmering hi hats and mellow kick hits. It sounds emotional, easygoing and chill.",False,False
622,58f4AsxOYhU.wav,"This song features the sound of the watch machine gears moving. It is the sound of the watch click. It is accompanied by the sound of a synth which swells till the end. A bass sound is played once after the first watch click and then once in between the fourth and fifth click. Thereafter, the bass sound is repeated after every two clicks. This song has no voices. This sound can be played in a movie where a bank robber is about to steal from a large bank.",False,False
623,59Mt7J_0KT4.wav,"This is an intro to a YouTube video. Initially, there is a turntable scratching sound with a shouting sample. Then an upbeat jazz music piece starts playing. There is a piano and a flute playing the melody while a bass guitar plays in the background. The jazz acoustic drum beat provides the rhythm. There is a car engine sound coming from a video gameplay. It is a whole mashup of different sounds.",False,False
624,5AdeNHlPnvs.wav,"The low quality recording features a traditional song that consists of a passionate male vocal singing over breathy flute melody, shimmering tambourine, claps, wooden percussion and strings melody. It sounds passionate and emotional.",False,False
625,5BEVY0vaygg.wav,This song contains someone playing a hybrid of a guitar/harp. In the background you can hear drums and e-bass playing along while a male voice is singing sounding relaxed in the midrange.,False,False
626,5C70IZwHA5g.wav,This song features a male voice and a female voice singing together. This is accompanied by percussion playing a simple beat. A shaker is played once on the count and twice on the end of each count. The bass plays a melody using a fuzzy tone. A synth holds chords in the background. The mood of the singers is narrative. This song can be played in a mystery movie.,False,False
627,5CtvEcPtknI.wav,This song is an alternative rock song which features a male vocalist whispering the lyrics. The guitarist plays arpeggios of the chords while there is a screeching distorted sound in the background.,False,False
628,5D4siJjh1j0.wav,"The low quality recording features a high pitched female vocal singing over snare roll, repetitive synth keys chords and echoing crash cymbals all impacted by filter modulation that slowly opens up. It sounds exciting and energetic.",False,False
630,5DNl3DX4rr0.wav,This is a heavy metal music piece from a video game soundtrack. The piece is being performed in the style of a military march. There are speech sounds that resemble the speech of a fascist dictator. The main theme is being played by the distorted electric guitar with the bass guitar playing in the background. The rhythmic background is provided by the acoustic drums. There is an aggressive and militaristic atmosphere. This piece could be playing in the soundtrack of a video game or a movie that has a war setting.,False,False
631,5F8zpfwFKl0.wav,This is an Uzbek folk music piece. There is a female vocalist singing melodically. The main tune is being played by the garmon while the rhythmic background consists of the doors and the clapping of the dancers. There is a vibrant atmosphere in this piece. It could be used as an accompaniment piece for an Uzbek folk dance course.,False,False
632,5FbQu7QTme0.wav,"A female vocalist sings this lilting Folk song in a foreign language. The tempo is slow with an Oud accompaniment, violin harmony, tabla and dhol rhythm. The performance is live with ambient sounds. The song is simple, sweet, charming and lilting.",False,False
634,5J6CjNc8Njo.wav,This is a Tunisian folk music piece. There is an orchestra playing the main tune with the dominant sound of the strings section and the oud. There is a choir singing in the background. The atmosphere is vibrant and sentimental. This piece could be in the soundtrack of a Middle Eastern/North African soap opera.,False,False
636,5JRvGMTjEzQ.wav,This is an acoustic performance of a Vietnamese ballad music piece. There is a male vocalist singing gently while playing a mellow tune on the acoustic guitar. The atmosphere is sentimental and melancholic. This piece could be playing in the background at a Vietnamese coffee shop.,False,False
638,5JqTvKNXzOw.wav,This is a dance-pop music piece. There are two female vocalists singing melodically and rapping. The keyboard is playing the main tune while there is a bass guitar playing in the background. The rhythm consists of an electronic drum beat. There is a hip atmosphere. This piece could be used in the soundtrack of a teenage drama TV series as an opening theme.,False,False
639,5KvjUzQbMT4.wav,"Here we get to hear a hardcore metal piece. This is characterised, in part, by the rapid action on the kick drum - with notes being played at a rate of sixteenth notes on the kick. The drummer also frequents the ride cymbal. The guitar is grungy, gritty, fuzzy, heavy, deep, hardcore.",False,False
641,5MAX6bUSf4s.wav,The low quality recording features a breathy flute melody playing over playback that consists of snare roll and shimmering bells. The recording is noisy and in mono.,False,False
644,5P5XAclO8ko.wav,This is a pop rock piece. There is a female vocalist singing melodically at the forefront. The melody is being played by a wide-sounding strings section and an acoustic guitar. The bass guitar is playing the root notes in the background. The rhythmic structure is provided by a simple acoustic drum beat. The song is in minor key. The atmosphere is sentimental and filled with longing. This piece could be included in the soundtrack of a teenage drama movie or TV series.,False,False
646,5Tq56BN8PCQ.wav,"A female singer sings this lilting melody. The song is medium tempo with an acoustic guitar accompaniment, strong bass line, steady rhythm and piano accompaniment. The song has a bad audio quality. The song is emotional and nostalgic in nature.",False,False
647,5UXnulANF8g.wav,"A soft male singer with a vocal double effect accompanied by plucked string sounds, a synth pad and an oboe. The genre is soft rock with no drums.",False,False
648,5UmoK5WAW8Y.wav,"A male vocalist sings this enthusiastic song in a foreign language. The tempo is fast with infectious drumming and an animated button accordion melody. The song is a fusion of hip-hop with folk music making it unique,unconventional and experimental. It is youthful, buoyant, catchy, engaging and funky with electronic beats. This song is a fusion of Hip-Hop.",False,False
649,5XNalwqtkFg.wav,"This is an instrumental meditation music piece. The only instrument being played is the Tibetan singing bowl. The bowl is being rung repeatedly at varying accentuations. Then, the mallet is being rubbed outside the bowl to interrupt the resonant sound. There is a calming and soothing atmosphere to this recording. It could be used in the background of a meditation video. It could also be sampled for use in beat-making.",False,False
651,5ZX1-GAb7IM.wav,"The low quality recording features a live performance of a traditional song that consists of a strings melody played over wooden percussion. The recording is in mono, a bit noisy and it sounds passionate, emotional and soulful.",False,False
652,5ZX9Ig7XXsw.wav,"The Soul/R&B song features a passionate male vocal singing over shimmering hi hats, energetic crash cymbals, wide acoustic rhythm guitar melody, shimmering shakers, snappy snare, piano chords and mellow bass. It sounds passionate and romantic - like something you would sing to your partner.",False,False
655,5aCDam9_Ps4.wav,This is a traditional south asian dance song with a cheerful affect. We have a group of female singers singing in unison - a melody that matches with the one being played on the sitar.,False,False
657,5at69yM1PoU.wav,"The low quality recording features a sustained didgeridoo melody played over quiet, shimmering shakers and wooden percussion. It sounds intense and suspenseful.",False,False
659,5bn7PPKcqSA.wav,"This music is an Electronic instrumental. The tempo is slow with synthesiser arrangements and digitally arranged sounds. The music is dark, futuristic,intense, sinister, and scary with a gothic ambiance. This music is futuristic techno pop.",False,False
661,5dG1oPahyto.wav,"The Jazz song features a passionate saxophone melody, followed by an arpeggiated string melody and wide synth pad chords. It sounds passionate, mellow, soft, relaxing and easygoing.",False,False
663,5gh5H0QqJl0.wav,Here we have a pop R&B song with a piano arpeggio and guitar strumming as the lead melodic components in the instrumental. A rapper then utters a few words in his raspy and strong voice. We then hear subtle soulful backing vocals. The song is emotional.,False,False
665,5h5NdW6cYY0.wav,This slow pop song features a male voice singing the main melody. The voice is emotional. This is accompanied by a piano playing chords in the background. A synth plays a repetitive two note phrase in this song. There is no percussion in this song. The mood of this song is romantic. There are no other instruments in this song. This song can be played in a dreamy sequence in a romantic movie.,False,False
666,5hEt87nd7os.wav,"This music is instrumental. The tempo is fast with a vigorous banjo harmony, infectious drumming, auto harp, mandolin and tambourine accompaniment. The music is an upbeat, high-spirited, energetic,enthusiastic ,effervescent Country Music instrumental.",False,False
667,5hyRWertUbI.wav,"A trashy, lo-fi sounding experimental techno track with a steady tempo and shrill, metallic sounds. The mood is cold and distant. Everything sounds a little broken.",False,False
668,5i0zq91Ocz0.wav,This is a psychedelic rock music piece. There is a male vocalist singing melodically in the lead. The main melody is being played by the keyboard with the backing of the electric guitar and the bass guitar. The rhythmic background consists of a rock acoustic drum beat. The atmosphere is chill and trippy. This piece could be used in the soundtrack of a drama movie or a TV series that has scenes of hallucinogenic trip sequences. It could also be playing in the background at a hippie coffee shop.,False,False
670,5iUwBOf4yek.wav,This song features a synth lead in the beginning. This is accompanied by Indian percussion. A synth choir is playing chords in the background. The synth lead pauses along with the other instruments. A techno beat is played using only bass and kick. This song can be played at a DJ party.,False,False
671,5ieMy-PAKA0.wav,"This is an advertisement jingle music piece. It is an instrumental piece. The main theme is being played by the piano while there is a synth string sound in the melodic background. There is an emotional, heart-touching atmosphere. This piece could be used in the soundtrack of a drama movie during scenes of tragedy. It could also work well as an advertisement jingle where there is an attempted appeal to emotion.",False,False
676,5mLYN-F2Oek.wav,"The low quality recording features a R&B song that consists of echoing harmonizing vocals, alongside passionate male vocal singing over noisy percussion, punchy snare and kick hits, pulsating synth melody, synth pad chord, shimmering shakers and sizzling triangle. It sounds romantic, passionate and emotional - like something you would slow dance to with your partner.",False,False
677,5mmUQUwr6tI.wav,"This music is instrumental. The tempo is fast with an animated piano harmony of Jingle Bells. The music is upbeat, cheerful, happy, fun, joyful and vivacious.",False,False
679,5nJr7iar6ZM.wav,This is a classic music piece belonging to the baroque era. There is a soprano male vocal singing at an extraordinarily high pitch. The melody is being played by the violin and the cello. There is an emotional atmosphere to this piece. It could be playing in the background at a classy restaurant. It could also work well in the soundtrack of an art movie.,False,False
680,5pIdH6p3kuo.wav,The low quality recording features a raw innocent girl vocal singing over sloppy acoustic rhythm guitar chords. It sounds passionate and the recording is noisy and in mono.,False,False
682,5r4jLwjj_Ik.wav,This is a jazz music piece. There is a saxophone playing a solo in the lead. A tuba is playing the bass line. There is an electric guitar strumming chords. The rhythm is being played on the ride cymbal by the acoustic drums. The instrumentals have a sophisticated feel. This piece could be playing in the background at a classy restaurant.,False,False
683,5rjQU4vOIlw.wav,Here we have a live recording of a musician playing the harmonica in a bluesy style. The tone is warm and rich and the mood is reminiscent of a country western film.,False,False
684,5rsQHo-6DI4.wav,"Mellow rock with a slow drum beat, acoustic strumming guitar, male and female vocalists singing in octaves.",False,False
685,5s0yPPrQWxs.wav,This is a British hip-hop music piece. There is a male vocal rapping in the lead. The beat in the background has its main melody being played by the acoustic guitar. A faint bass sound can be heard in the background. The rhythm is provided by an electronic drum beat. The atmosphere is hip and the sound is urban. This piece could be used in the soundtrack of a teenage drama movie that takes place in Great Britain.,False,False
686,5tNOauvQWQQ.wav,"The low quality recording features a wide synth lead melody, synth pad chords and a bell impact at the very end, which slowly fades out. It sounds modern and kind of weird, due to the sudden bell impact.",False,False
687,5tRNPTLRZqI.wav,"This is the live performance of a wedding music piece on the steel drum percussion. There is a unique feel to it. The recording has a gain issue that makes the drums give a peak noise during accented notes. If that could be resolved, it would make perfect wedding music in a tropical setting.",False,False
690,5xAzHL8Zlcs.wav,This audio contains a male voice talking. Then a short section of an orchestra is playing with a brass section and a lot of percussive hits. It instantly changes to someone playing a long note on a horn in a higher key. This is an amateur recording and may be playing during a documentary.,False,False
691,5xBfKiQcMZQ.wav,"A male vocalist sings this  enthusiastic song. The tempo is fast with infectious drumming, groovy bass lines, funky electric guitar harmony and an energetic keyboard accompaniment with vocal backup. The song is energetic, high-spirited, youthful, infectious, pulsating and vigorous. This song is a popular Alternative Rock.",False,False
693,5y2M_K3bUcQ.wav,The low quality recording features a groovy didgeridoo melody playing over wooden percussion. The recording is noisy and in mono.,False,False
694,5z60cbPEEaY.wav,This audio contains someone walking up and down the scales with a trumpet. This is an amateur recording.,False,False
696,6-MdbipzKS0.wav,"This song is a lively duet by two male voices. The tempo is fast with amplified piano, infectious drumming; tambourine beats and synthesiser arrangements. The song is youthful,fun, happy, groovy, energetic, buoyant, and high spirited. This song is called Deep House.",False,False
699,60uuoSycuWE.wav,low fidelity recording of a child singing quietly while being accompanied by ukelele strumming a syncopated pattern and a loud woodblock playing a steady click on the backbeat.,False,False
700,60y9j_Dc-Xs.wav,"This music is instrumental. The tempo is medium with a sharp melody of the xylophone. It is melodic, reverberating,    minimalist with a festive ring to it.",False,False
702,62C6TngDeXI.wav,Someone is playing fast paced traditional Irish song on a accordion while stomping his foot. This song may be playing live on a traditional event.,False,False
703,62L5kn1qFeY.wav,"The low quality recording features a cover of a rock song and it consists of an arpeggiated acoustic guitar melody over which there is a soft female vocal singing. The recording is noisy, in mono and it sounds emotional, soft and passionate.",False,False
704,63jbksEqycQ.wav,"This song is an operatic harmony. The tempo is slow with a soft piano accompaniment and choral vocal harmony. The song is soft, melodic, enigmatic, ethereal, mystical, magical, dreamy and enchanting. This music is a Choral Symphony.",False,False
705,64auWicQqZY.wav,"This is a song that's led by the deep bellowing hum of the didgeridoo. We hear a wooden percussion instrument keeping a consistent timing in four over four tempo throughout the whole clip on each beat. There are two other percussion instruments, one deep and one in a higher register, and those play a rhythm intermittently throughout the clip. This kind of music is suitable for meditation or any kind of spiritual south asian experience.",False,False
706,65KYS3lIRII.wav,"This music is instrumental. The tempo is fast with electronic beats and rhythm on a DJ mixer. The music is youthful, hypnotic, groovy; burgeoning and trance .",False,False
707,669Fk7afszw.wav,An acoustic guitar is strumming chords while a banjo is playing a fast melody over it. In the background you can hear an upright bass playing a fast walking bassline. Also in the background noises of people speaking can be heard. This song may be playing live on the streets performed by buskers.,False,False
708,66B46E_hrrk.wav,"The song is an instrumental. The tempo is medium with a groovy drumming rhythm, percussive bass line, keyboard accompaniment and various percussive and sonic effects. The song is youthful and exciting with a trance element. The song is a modern tench pop dance tune.",False,False
709,67S7s_jFXhc.wav,"A male singer sings this hip hop melody with backup singers in vocal harmony. The song is medium tempo with a groovy drum rhythm, steady bass line and a grunge keyboard harmony. The song is exciting and energetic. The song has average audio quality.",False,False
710,6807299U5eg.wav,"The low quality recording features a traditional song that consists of a passionate female vocal singing over breathy flute melody, wooden percussion, keys chords and acoustic guitar chords. It sounds soulful, passionate and the recording is in mono and noisy.",False,False
716,6C0HoQe4Y-Y.wav,"A child singer sings this passionate Latin melody. The song is slow tempo with steady drumming, tambourine percussions, a strong bass line and brass instruments playing countermelody. The song is spirited and passionate. The song has poor audio quality and has ambient crowd noises.",False,False
720,6FQ1nQ0FvgQ.wav,This audio contains male voices singing together an opera in a higher pitch creating harmonies. In the background you can hear strings playing. This song may be playing live in a theater.,False,False
721,6HQqly6duac.wav,The low quality recording features a live performance of guitar percussion. It sounds shimmering and groovy. The recording is noisy and in mono.,False,False
722,6II4JGJDyZo.wav,"The low quality recording features a compilation of recordings where the first recording in the loop is a live performance that's distorted, loud and in mono. The second part of the recording is very noisy and it features bright bells, some resonating sounds and it sounds weird.",False,False
725,6JJMlY3Go9s.wav,"A male vocalist sings this emphatic rock. The tempo is medium with vigorous electric guitar, synthesiser arrangement, groovy bass line and intense drumming. The vocals are soft ,sad, lonely, poignant, mellow, and melodic in contrast to the intense instrumentation. This song is Blues-Rock.",False,False
726,6KXd7l5pThg.wav,This audio contains someone playing a didgeridoo using circular breathing for a continuous sound. This is an amateur recording. In the background you can hear birds chirping. This song may be playing live during a traditional performance.,False,False
729,6L8066DGqcA.wav,"This is a hip-hop beat. There is a turntable scratching sound and a hollering sample constantly repeated in the beat. Later on, a synth sound can be heard taking part in the melodic structure. The rhythm is provided by an electronic drum beat. The atmosphere is hip and aggressive.",False,False
731,6OVb3rjcB3Q.wav,"This clip features an electric guitar played through a distortion effects pedal. At the beginning, the sound is open. The guitar plays a power chord using down strokes. After changing settings on the pedal, a chord is strummed and then arpeggiated notes are played. This produces a 'closed' sound. There are no voices in this song. There are no other instruments in this clip. This clip can be played in a demo video of the distortion effect pedal.",False,False
732,6OcoDIrbMtY.wav,This is a country/Americana music piece. There is a male vocalist with a gravelly voice singing in the lead. An acoustic guitar is playing a simple tune. There is a faint percussive element that can be heard in the background that resembles pinched harmonics coming from a guitar. The atmosphere is melancholic. This piece could be used in the soundtrack of a drama movie or a TV show during a scene of introspection where a character is experiencing dark thoughts.,False,False
733,6PWiDlWmPs0.wav,"A male vocalist sings this romantic song. The tempo is medium fast with keyboard harmony, infectious drumming, steady bass lines and electronic guitar. The song is simple, mellow, tender, sentimental, emotional and mellow. This is a Romantic Soft Rock.",False,False
734,6PquRVe1Wa4.wav,"The low quality recording features a traditional song sung by flat male vocals over wooden, boomy percussion. The recording is in mono, a bit noisy and it sounds muddy, as the bass frequencies are overwhelming.",False,False
736,6QAZJ4H_5rA.wav,This audio contains a male voice talking rather than playing an e-guitar with a chorus effect. This audio may be playing for a sound tutorial/comparison.,False,False
737,6QHfXuVLhe0.wav,This pop song starts off with the backing singers singing vocables in harmony. This is backed by percussion playing a simple beat. The bass plays a flourish ending on the root note of the next chord. The string section plays high pitched notes. The piano plays a flourish of ascending notes before the main female voice starts to sing the main melody. This is accompanied by the percussion continuing with the simple beat. The string section fades away. The bass plays a descending walk down and ends on a high note. This song has a romantic feel. This song can be played in a romantic movie.,False,False
741,6Si3eGkmmy8.wav,"Rhythmic African afrobeat music that sounds celebratory and fun. Busy hand percussion and mallet percussion play in an odd meter, accompanying group female vocals with a lead female vocalist. Feels organic and earthy.",False,False
743,6Tf5IwOHBlw.wav,A harp playing solo.,False,False
746,6XHdybfV5Cw.wav,"This is a pop punk music piece. The male vocals are singing melodically. Initially, there is a clean sounding electric guitar playing the main melody. Then, a rising pattern starts to play and the distorted electric guitar takes the place of the clean electric guitar. The bass guitar is playing in the background. The rhythm is provided by an upbeat acoustic drum beat. The atmosphere is hard-hitting. This piece can be used in the soundtrack of a teenage drama as the opening theme.",False,False
747,6XZGmRuaOfo.wav,"This is a techno trance music piece being performed on the keyboard. It is an instrumental piece. Initially, a brief tune is being played with the piano sound. Then, a wobbly bass and an electronic drum beat starts playing. The atmosphere is energetic and the sound is urban. This piece could be used in the soundtrack of a mobile car racing game.",False,False
748,6YXjJ6ABnZU.wav,"A male singer sings this rapping vocals with a backup singer. The song is medium tempo with a groovy drum rhythm, disc scratching sounds, strong bass line and string accompaniment. The song is groovy and has a dance rhythm. The song audio quality is poor.",False,False
752,6cQbxwbBqqI.wav,This audio contains someone playing a chord on a ukulele. A male voice is talking in the midrange. This is an amateur recording. This may be playing live while taking a ukulele workshop.,False,False
754,6dFCMXNlmzQ.wav,"This song is a lively instrumental. The tempo is  medium fast with an enthusiastic accordion harmony and acoustic guitar accompaniment. The music is spirited, melodious, warm, cheerful, happy, vivacious and colourful. This music is a Folk song instrumental.",False,False
755,6elnFyuUnaU.wav,This audio contains someone playing a melody on a horn with reverb on it. This song may be playing as a solo in an orchestra performance.,False,False
757,6gTrMRQPZMU.wav,"The low quality recording features groovy organ keys played over punchy kick and snare hits, shimmering cymbals and groovy bass guitar. It sounds energetic, passionate and uptempo. The recording is noisy.",False,False
758,6iZ49s7eH5g.wav,"The Rock song features a groovy piano melody followed by passionate electric guitar melody, church organ chord progression, strummed acoustic rhythm guitar chords, shimmering cymbals, punchy snare and mellow kick hits. It sounds emotional, soulful and passionate.",False,False
760,6iyinlZEgS4.wav,This audio clip features a tom roll followed by a descending slide on the bass. This is followed by the sound of two different calling bells one after the other. Four different voices call out numbers one through four in ascending order one after the other. This is followed by a pattern played on a drum machine. This song can be played at a DJ party.,False,False
763,6jeq5lP5Up0.wav,"A male singer sings this poignant melody. The tempo pop is slow with a steady drumming rhythm, cymbal crashes, guitar accompaniment, keyboard organ accompaniment  and a strong bass line. The song is a poignant love song.",False,False
765,6k6tF0s0lNs.wav,This audio contains someone playing a very distorted e-guitar melody in the midrange. This song may be playing guitar at home.,False,False
766,6lPgzqrvHHw.wav,"The low quality recording features a jazz orchestra live performance and it consists of synchronized brass melody played over energetic drums and groovy bass. The recording is vintage and therefore a bit noisy and in mono, but also passionate and upbeat. Sounds like something you would hear in old movies.",False,False
767,6lPw0wKu7_M.wav,This audio contains someone playing a big acoustic drum set with a lot of fill-ins before breaking into the next part of the song. It sounds as if it is the big finale. With loud hits on the cymbals a e-bass is playing a long note and the organ is playing loud chords in the higher register. This song may be playing live at a concert.,False,False
769,6o6DsSnbpxE.wav,This song contains a male voice singing sounding sad. Drum and percussion are playing a reggae rhythm along with two e-guitars playing. One a melody panned to the right side of the speakers and another short rhythmic strokes as a rhythmic element. The bass is playing its own melody. This song may be playing at a live concert.,False,False
770,6og50XOZeIk.wav,"This jazz song features percussion playing a fast tempo beat. This is accompanied by a double bass playing the bass part of the song. There are no voices in the song. This is an instrumental song. After the music pauses, a male voice narrates his part. This song can be played in a movie involving a bank robbery.",False,False
771,6oqbYipROOs.wav,"The low quality recording features a traditional song that consists of a breathy flute melody in the right channel and acoustic guitar chords in the right channel of the stereo image, followed by wooden percussion, simple bass and arpeggiated string melody. It sounds soulful and the recording is noisy.",False,False
774,6sWVG6GyJBU.wav,This song contains a piano playing a melody in the mid range and also in the higher register. A flute is adding another melody in the mid range. A digital drum is holding a simple groove before dropping out completely. A male voice is softly rapping/talking in the mid range then another male with an effect takes over singing in a higher pitch. In the background you can hear strings underlaying chords. This song may be playing with headphones daydreaming.,False,False
776,6uIOGE36tWo.wav,This audio contains someone playing a melody on a guitar in the midrange while someone else is strumming a melody on a cuatro in a higher key. Someone is playing a tambourine while a clarinet is playing a fast lead melody. This audio may be playing as a live concert.,False,False
779,6xxu6f0f0e4.wav,"This hip-hop song features a male voice singing the main melody. As the voice sings the higher register, he starts to sing in falsetto. After his line, other voices sing a line in harmony. This is accompanied by programmed percussion playing a trap beat. Synth pads play an epic fill in the background. The bass plays the root notes of the chords. The mood of this song is motivational. This song can be played in a sports themed movie.",False,False
781,6zgvEiJJrM8.wav,This pop song starts with children's voices singing a melody. This is accompanied by a tuba playing the low registers. A string section plays a repetitive staccato phrase. This is followed by a phrase played on a trumpet and a descend run played on bells. The children's voice repeats the first melody once again. In between the sound of church bells is played. This song has a holiday feel. This song can be played in the intro credits of a holiday movie.,False,False
786,72_Hk1cdoxk.wav,This low quality audio features a salsa song. A male voice sings the main melody. The audio starts off with a solo being played on a trumpet. This is accompanied by percussion playing a salsa beat. A keyboard plays chords in salsa style. Other instruments are not heard clearly due to the low quality of the audio.,False,False
789,75UH33tO0Bo.wav,This country song features a female voice singing the main melody. The melody is a contemporary country song melody. This is accompanied by the kick drum playing on every count. A synth is playing a repetitive melody in the background using two note groups. A guitar plays chords in the background. The bass plays the root notes of the chords. The mood of this song is romantic. This song can be played in a romantic movie.,False,False
794,78BtX0oNXHQ.wav,This audio contains acoustic drums playing a kick on every beat along with a simple e-bass line. In the background you can hear the sound of wind and a wolf's howling. A tambourine like instrument reminds of christmas and a flute like instrument is playing an uplifting melody along with a piano sound hitting short chords in the mid to higher register. This song may be playing in a funny video around christmas time.,False,False
797,7AC9RqECN5k.wav,This choir song features male and female voices. The voices sing different parts. The female voices sing the soprano and alto parts. The male voices sing the tenor and bass parts. The voices sing in harmony. This is an acapella song. There are no instruments in this song. The song is a gospel hymn. This song can be played in a historic animation movie before a battle scene.,False,False
798,7DIPyJB4osY.wav,"The low quality recording features a live performance of groovy wooden percussion. There is a wooden impact in the form of a wooden stick falling on the floor - which is a part of the groove. The recording is a bit noisy, due to a ventilation system, which also makes it very intimate.",False,False
799,7FHzw4HV75Y.wav,"The Regional Mexican song features a soft piano melody, rhythm acoustic guitar, smooth bass, addictive brass melody and passionate male vocal singing on top of it. It sounds soft, mellow, passionate and emotional.",False,False
800,7FkuqqdWRhw.wav,This is a pop R & B song with an electronic influence. We hear layers of synths driving the melodic component of the instrumental. The first synth has a repeated rapid motif that has the same beeping tone as a video game. The second synth is fuzzy and sustained.,False,False
801,7Ht_Vu1D8nc.wav,"This music is a Bagpiper Instrumental. The tempo is slow with a droning , chanting melody. The melody of the music has middle eastern influences. The droning sound is incessant and hypnotic. It is charming ,sharp, and captivating.",False,False
802,7ITwarmdyfI.wav,"This music is an instrumental with a lot of vocalisation and animated sounds. There are sounds of swishing, water bubbling, guitar string plonking, acoustic guitar riff, camera clicking pictures, kids screaming in glee, cheering and clapping. This music seems to be an introduction to a Show.",False,False
803,7IllUjk5fk0.wav,Low pitched female singer demonstrating vocal virtuosity in free time accompanied by bird sounds.,False,False
804,7IndxxjZe1c.wav,"70's jazz fusion featuring an eccentric male singer accompanied by drum kit, electric bass, electric piano and mallet percussion all playing odd meters and complex rhythms and staccato band hits. The music is quirky and complicated and features a drum fill.",False,False
805,7J6U-HE3Lko.wav,"This song contains a acoustic drum playing a lot on the toms before changing to a groove with strong crash hits. A e-guitar is playing single notes in a very high pitch while the other e-guitar is playing a melody along with the bass in a lower register. A male voice is singing, almost streaming a melody on top. A male backing voice is supporting in between the breaks of the main singer. In the background you can hear male voices shouting. That seems not to be a part of the music. This song may be playing while running with headphones.",False,False
806,7JE2eBK1f9M.wav,"This is a contemporary classical music piece. It is an instrumental piece. There is a strings section playing the chords while the violin in the lead is playing a dramatic tune. The piano is playing accentuated notes. There is a percussion line in the rhythmic background. There is a dramatic atmosphere that is full of suspense. This piece could be used in the soundtrack of a sci-fi drama movie, especially during the scenes where a big revelation is about to take place.",False,False
807,7JMN4DdhwsM.wav,This music is instrumental. The tempo is slow with a ukelele melody. The musician plays two notes in monotone which sounds like the instrument is being tuned. This clip is a tutorial on how to tune a ukulele.,False,False
809,7KIn0zojwu8.wav,This audio contains someone playing a ballad on a piano then a male voice starts talking and the piano-playing ends. This song may be playing at home practicing piano.,False,False
812,7LlnLjZOqVI.wav,"This music is instrumental . The tempo is medium fast with a catchy drumming rhythm and turntable effect with a vocal riff. The music is youthful, engaging, groovy and buoyant. This is a tutorial on DJ scratching techniques.",False,False
813,7Msk_hkz6zk.wav,"This song is a spirited duet in foreign language . The tempo is fast with male and female vocals, animated digital drums and synthesiser arrangement . The song is upbeat, catchy, engaging, punchy, buoyant and has a nice dance groove. This music is contemporary Regional Pop.",False,False
815,7Mv4eKPe850.wav,"The low quality recording features a live performance of a rock song that consists of an energetic female vocal singing over electric guitar chords, punchy snare and kick hits and distorted bass guitar. The recording is very noisy and buzzy, in mono, muffled and messy, as it was probably recorded with a phone. It still sounds energetic.",False,False
816,7NF2kcEfMBI.wav,"An instructional guitar lesson featuring a male instructor speaking over nylon string guitar playing a picked single note melody featuring slurring, or hammer-ons and pull-offs.",False,False
818,7NtM1MM76s0.wav,"The low quality recording features a drum roll solo, followed by laughter. The recording is noisy and in mono.",False,False
820,7OjXHfVoI64.wav,"This song is an instrumental interlude of the Gospel song ‘Thorns in the Straw. The music is slow with a melancholic trombone and tuba harmony, acoustic guitar accompaniment , bass, steady drumming,and synthesiser arrangements. The music is soft, mellow, poignant,pensive, sentimental,emotional, reflective and serene. This song is a Gospel Instrumental.",False,False
822,7RUkkhkqyUw.wav,This is an Afropop music piece. There is a male vocalist singing melodically. The melody is being played by the piano and the keyboard while the rhythmic background consists of an electronic drum beat. There is a sentimental atmosphere to the piece. This piece can be used in the soundtrack of a drama TV series taking place in Africa.,False,False
823,7RtQpW2dSU4.wav,"The low quality recording features a rock song that consists of a passionate female vocal, alongside harmonizing background female vocals, singing over wide acoustic guitar chords, groovy bass, punchy kick and snare hits. It sounds addictive and easygoing, even though the recording is a bit messy.",False,False
824,7S3fU4RHabw.wav,"The music has a calming effect. It's a traditional chinese type of song, with a zheng being the lead instrument used for the melody. The song would be suitable for meditation, relaxation, a massage, or any serene environment.",False,False
829,7WR-hMV2RKs.wav,"The low quality recording features a steel drum solo melody over playback instrumental of urban latin song that consists of groovy synth bass, wide brass melody, sizzling synths, syncopated snare and punchy ""4 on the floor"" kick pattern. It sounds addictive, passionate and upbeat. The steel drum is reverberant due to the fact that it was recorded in a medium size room.",False,False
833,7YWMPBHKdyY.wav,This song features a shofar playing the main melody. This is accompanied by a synth playing chords in the background. There are no other instruments in this song. There are no voices in this song. This song can be played in a sad scene in a movie.,False,False
834,7YtKrL6ScXA.wav,This song contains an e-piano playing a major and minor chord melody along with a minimalistic digital drum groove that has a delay on it. A female voice is singing with a little reverb on her voice. The song sounds minimalistic. There is a lot of room for the voice to sing and for the other instruments. A shaker sound is spun to the right side of the speaker. This song may be playing with headphones running through the park.,False,False
835,7ZW8xO37bA4.wav,"The low quality recording features a reverberant, electric guitar solo melody. The recording is noisy and in mono.",False,False
837,7_0g3tEcM0w.wav,"This symphonic song starts off with a melody featuring a flute, marimba and violins. The mood of this song is happy. After three bars, a snare drum plays a marching beat. This is followed by a melody played on trumpets and trombone. There are no voices in this song. This song can be played at the intro of a movie.",False,False
842,7avMUhHOCR8.wav,"A male vocalist sings this enthusiastic Electro Hop. The tempo is fast with synthesiser articulation, Dj mixer and digital drum beats. The song has emphatic, insistent vocals, punchy, youthful, buoyant, funky,strong,psychedelic,  persuasive, groovy and untiring. This song is a contemporary Electronic HIp-Hop.",False,False
844,7cvqeU9Wh-I.wav,This is a soft rock/blues music piece. There is a male vocalist singing melodically in the lead. The electric guitar is playing bits and pieces of sound with the slide technique. There is a synth string sound in the background. The piece has a story-telling mood to it. The atmosphere is calm. This piece could be playing in the background at a coffee shop or a seaside restaurant.,False,False
845,7cw7rDLcujI.wav,"This clip features quirky sounds. In the foreground, the sound of a male narrator is played. In the background, sliding whistles are played. Some other quirky sounds are played which are comedic. A random melody is played on a keyboard. The mood of this song is funny. These sounds can be played in a comedy clip.",False,False
846,7dmT4SgS_EM.wav,"A female singer sings this sultry vocals. The song is medium tempo with traditional Arabic percussions playing steadily, tambourine percussion, keyboard accompaniment and a strong bass-line. The song is romantic and passionate. The audio quality is poor.",False,False
848,7eZTmLV9gcY.wav,This is an instrumental piece from a soap opera soundtrack. The violin and the acoustic guitar are playing a mellow tune while there is an occasional piano tune in the background. The rhythm is kept by a very quiet acoustic drum beat. The atmosphere is gentle and romantic. This piece could be used in the soundtrack of romance movies where the characters are having a good time in the presence of each other.,False,False
850,7h6nTyP7d9o.wav,This low quality audio features a percussion playing a simple beat in common time. The snare is struck on every alternate count. the bass plays one note. A synth plays one note for four counts followed by a lower note for the next four counts. This song does not have any voices. This song can be played in a video game.,False,False
853,7k3M0pQvzhY.wav,This audio contains someone playing a low didgeridoo while people are talking in the background. The didgeridoo sounds amplified. This song may be playing live at a festival.,False,False
855,7kEeYQx2VLE.wav,"This song features a trumpet playing the main melody. The melody is like a melody played before announcements are made in a kingdom. This is accompanied by a tambourine and a bass. The bass plays one note four times followed by a higher pitched note eight times and back to the first note once. After a three count rest, the bass phrase is repeated. This song can be played in a movie scene announcing the arrival of royalty.",False,False
858,7lV4IvuW2lk.wav,"The low quality recording features a live performance of distant trumpet melody, followed by energetic cymbals, snare roll and manically played metallic percussion. It sounds energetic and loud, while the recording is noisy and in mono, as it was probably recorded with a phone.",False,False
860,7nrOZXbpXBo.wav,Male and female voice over with harpsichord in the background playing. The woman chuckles.,False,False
861,7pYavsK9sPg.wav,"The low quality recording features a reggae song that consists of a fruity male vocal singing over shimmering hi hats, groovy bass, organ keys, chords, claps and male vocal chants. It sounds addictive, groovy and muddy, due to the poor quality of the mix.",False,False
865,7uKkUTml-DA.wav,This is a Carnatic classical music piece. It is a live performance. There is a male vocalist singing in a versatile manner. The melody is being played by the Carnatic violin. There is a tabla percussion beat in the rhythmic background. There is a complex feel to the piece. The atmosphere is vibrant.,False,False
866,7vC1iriZlX8.wav,This is a meditation music piece. It is an instrumental piece. Tibetan singing bowls in various sizes are rung to create a soothing atmosphere. It is the perfect background music for a meditation video. It could also be playing in the background at a spa or a wellness center.,False,False
868,7xD_Ib3VS_w.wav,"The low quality recording features widely spread electric guitar melodies. One of the melodies is solo and it is panned to the right channel, while the other one is an arpeggiated electric guitar melody, and it is panned to the left channel of the stereo image. The recording is a bit noisy and weird, since it is a bit too wide, but it also sounds passionate.",False,False
871,7ym-LzgwSPE.wav,"The low quality recording features an electro song that consists of a gliding synth lead melody played over groovy synth keys chords, exciting synth riser, punchy snare layered with claps, shimmering shakers and punchy kick hits. It sounds energetic and exciting, due to the fact that it is a build up section of the song.",False,False
872,7zP5kNyDn88.wav,This is the live performance of a medieval music piece. The piece is instrumental. The main melody is being played by a vielle while the lute is playing a backing tune. The rhythm is provided by the drums and a chime bell percussion. The atmosphere is lively. This piece could be used in the soundtrack of a historical drama movie or a TV show that takes place during the medieval era.,False,False
874,86YDiQjYU1U.wav,A brass ensemble playing a fast piece with a quick tempo and virtuosity. Male voice over.,False,False
876,89eBh_Djflw.wav,"The low quality recording features a cover of a boogie song sung by a passionate male vocalist, followed by funky electric guitar melodies. It sounds passionate, groovy, funky and the recording is in mono and noisy.",False,False
878,8Bu8CkR1xZY.wav,This is a tutorial on the electric guitar. The guitar is high-pitched and rapid arpeggio notes are played on it. The audio is of a poor quality. The individual makes a comment at the end of the video.,False,False
881,8DQbnR7hwpc.wav,The song is instrumental. The tempo is medium with a harpist playing a bass line accompanying a violist. The song is folk-like with a dance rhythm. The audio quality is poor with ambient crowd noise.,False,False
882,8DTKCAv9ods.wav,"This clip is an indian blow horn called the Tutari or Sringa being played, followed by a dialogue between two male voices. The tutari is a Royal instrument from western India, sounded during ceremonies, festivities or to make announcements.",False,False
883,8FZb_R2UANY.wav,"The low quality recording features a pop song that consists of an electric guitar melody, shimmering hi hats, groovy bass, sustained strings melody, pulsating synth melody, punchy kick and echoing synth bell melody. It sounds emotional, passionate and cinematic, as it also sounds like something that would go well as a background music for movies.",False,False
886,8HHrlxQuZKE.wav,This audio contains reggae-like drums playing along with a bass. An e-guitar is strumming short chords on the backbeat giving this song its typical reggae feel. An organ is playing a melody panned to the left side of the speakers playing short fast chords. A male voice is singing a melody in a higher pitch than a piano is walking down the scale creating a melody then a chime comes in getting the song ready for the next part. This song may be playing while sitting by a lake with your friends.,False,False
888,8KIoQ2HZ0Hg.wav,This is the amateur recording of an instrument showcase jam. There is a didgeridoo playing at low-to-medium range making various resonant sounds in the process. The atmosphere is ominous and tribal. The quality of the audio is quite poor. This piece could be played at a primary school music class to give the kids an impression of how a didgeridoo sounds like.,False,False
889,8KUV2TFTpGo.wav,"This is a live acoustic performance of a folk rock music piece. There are male vocals singing melodically in the lead. The melody consists of a wide range of elements such as the acoustic guitar, the bass guitar, the piano and the saxophone. The acoustic drums are being played with brushes in the rhythmic background. The atmosphere is easygoing and joyful. This piece could be playing in the soundtrack of a feelgood movie during a road trip scene.",False,False
890,8LP_wbFLaJE.wav,This song contains a digital drums playing a groove that invites to dance along with some percussive sounds. A bass hit sounds is adding rhythmic and harmonic elements along with a short synth lead sound in the higher register. A male voice is shouting/singing with delay on his voice. This song may be playing in a club.,False,False
891,8LYWfpPUokc.wav,"The low quality recording features a snare roll played over metronome beep. It sounds energetic and exciting, even though the recording is in mono and a bit noisy.",False,False
892,8MF6nFj02sM.wav,This audio contains a string section playing a sad/melancholic piece. A violin/viola is playing the lead melody while celli and upright basses being played with a bow are supporting the melody with chords. The lead melody is panned to the right side of the speakers. This song may be playing in a sad and dramatic movie scene.,False,False
894,8MbxazeMw2E.wav,"A female vocalist sings this loud chant like folk song in a foreign language. The tempo is medium fast with vocal backup, rhythmic small hand cymbals and xylophone like instruments. The audio quality is inferior so the music is incoherent. This song is a live performance or concert with ambient sounds. The song is loud, lilting, chant-like, meditative, droning, hynoptic, melodious and classical. This song is a Classical Laos Folk song.",False,False
897,8OsmFmhNjoA.wav,"The low quality recording features a latin urban song that consists of a passionate male vocal, alongside wide harmonizing vocals, singing over punchy kick and snare hits, shimmering cymbals, funky electric guitar melody, synth pad chords, groovy bass and synth keys melody. It sounds energetic and addictive.",False,False
898,8PcfPX11Hjg.wav,"This song features a choir with male and female voices. Some of the male voices sing the bass part of the vocals. This is accompanied by a harmonica playing a high pitched melody. An acoustic guitar plays arpeggiated chords. After the instruments come to a rest, the voices continue to sing in harmony without the instruments. This song has a romantic mood. This song can be played in a.",False,False
899,8UhdwnsckJ8.wav,The low quality recording features a tutorial that contains a flat male vocal talking over acoustic guitar strummed chords. The recording is noisy and in mono.,False,False
900,8WPG0dD20lg.wav,This instrumental song features a guitar played clean in the beginning and then switching to an overdrive sound. There are no other instruments in this song. There are no voices in this song. The mood of this song is bluesy.,False,False
903,8XGXHDMIJw4.wav,"The low quality recording features a processed vocoder male vocals singing over punchy ""4 on the floor"" kick pattern, shimmering hi hats, low percussions and tinny wooden percussions. It sounds weird, addictive and hypnotic.",False,False
904,8Y0FRjkX9xI.wav,This song contains two acoustic guitars strumming and fingerpicking minor key melodies. A male voice is singing in the mid to high register sounding sad. This song may be playing gathered around a bonfire.,False,False
905,8Yt55huZGZc.wav,"The low quality recording features a folk song that consists of passionate accordion melody played over sustained strings melody, groovy piano melody and groovy double bass. It sounds uplifting, passionate, emotional and it feels like something you would hear in France, played by street musicians.",False,False
906,8Z5xnSxUmGE.wav,"The low quality recording features a regional Mexican song that consists of a passionate male vocal singing over groovy trombone and short brass melody. It sounds passionate and emotional, even though the recording is noisy.",False,False
908,8dE1x--TuF8.wav,This is a Hindi film music piece. This is an instrumental piece. The harmonica is playing a cheerful melody in the lead. The glockenspiel is playing a secondary melody while the acoustic guitar and the bass guitar are supporting them in the background. The acoustic drums are playing a jazz swing beat with the brushes. The atmosphere is lively. This piece could be used in a feelgood movie during scenes where everything is going well for the main character.,False,False
909,8fInAz_GICs.wav,This is a marching band piece. The only instruments playing are a snare drum and a bass drum. The snare drum is playing a drumroll while the bass drum is keeping the rhythm. This piece could be sampled for use in beat-making. It could also be playing in the background at a national holiday parade.,False,False
910,8fibq2VXibw.wav,This is a festive music piece used as a theme for a cartoon. It is a slow tempo piece. There is a female vocalist singing melodically. The keyboard is playing the melody while the bass guitar is following in the background. The rhythm consists of a calm acoustic drum beat. The atmosphere is serene. This piece could be playing in the background at a slow dance event.,False,False
915,8kH-dzSBthI.wav,"This music is a Western classical piece. The tempo is slow with a lilting harpsichord melody, flute harmony and violin accompaniment. The music is classical, serene, splendid, uplifting, lush, melancholic, pensive, dreamy symphonic music.",False,False
916,8kx5ST65Fog.wav,"The low quality recording features a live performance of a folk song and it consists of a metallic percussive melody, wooden percussions, acoustic guitar melody and flute melody. It sounds soulful, upbeat and passionate and the recording is noisy.",False,False
918,8nJ2MhvhnJ0.wav,"The low quality recording features a metallic hit, followed by resonating bowl tone. The recording is mono and noisy.",False,False
920,8o2UyEYbNmY.wav,"The low quality recording features an ambient song that consists of mellow dark synth pad chords playing. It sounds calming, relaxing and hypnotic.",False,False
921,8oTTgXIO0-I.wav,This song contains someone scratching over a Hip-Hop track. The track contains acoustic drums with a rim-shot as snare and congas playing along. The e-bass and an e-guitar are playing the same lines in the lower register. This song may be playing live at a scratching contest.,False,False
922,8oUI02eK3SM.wav,This song contains a male voice singing in the midrange while backing voices are supported with vocals in the higher register. Someone is playing a complex jazzlike groove on the drums. An e-guitar is playing a loud arpeggio melody panned to the right side of the speakers along with an e-bass. This song may be playing live at a jazz festival.,False,False
925,8pit9UV69S8.wav,Harsh amateur recording of hardcore aggressive speed metal. The recording is blown out and distorted. Male scream vocals can be heard as well as loud drums and distorted guitar.,False,False
926,8pl1D6oG38k.wav,"The low quality recording features an electro song that consists of a punchy kick, buzzy synth bass, claps and shimmering hi-hats. It sounds exciting and a bit too digital - like something you would hear in old video games.",False,False
927,8q0An6WY7_c.wav,"The low quality recording features a theremin solo melody. It sounds haunting, intense, suspenseful and cold. There are some water flowing sounds in the background. The recording is mono and noisy.",False,False
928,8qeTEfOqB0A.wav,"The low quality recording features an electro song that features loud choir vocals singing over loud low percussions and some tom rolls. Towards the end of the loop, the choir vocal is sustained and it blends with synth lead riser. It sounds powerful, epic, energetic and exciting.",False,False
931,8sSV_vqOlS4.wav,"The low quality recording features a jazz song that consists of a saxophone solo melody played over groovy piano, groovy double bass, shimmering hi hats and punchy snare. It sounds passionate and soulful, even though the recording is noisy and in mono.",False,False
932,8tY6nioUQIw.wav,This song features a flute being played at a high pitch. The melody is of a folk song. There are no other instruments in this song. There are no voices in this song. This song can be played in an animation movie featuring a person skipping in a forest.,False,False
934,8wty3wJfmEY.wav,A male Latin singer sings this cool melody. The song is medium tempo with keyboard accompaniment and steady drumming rhythm and a percussive bass-line with missing harmonies. The song is experimental and has bad audio quality.,False,False
935,8y36aT4C_c0.wav,"This music is a western classical. The tempo is slow with violins, trumpets, flute, cello. Viola, bassoon harmony. The music is soft, mellow, mellifluous, rich, elegant and exquisite. This is a live performance/concert.",False,False
936,8yiJOImd6k0.wav,"This music is instrumental . The tempo is fast with a vibrant and vivacious Harpsichord solo of the famous composition of the French composer Jean-Philippe Rameau. The music is complex, lively, spirited, enchanting, playful , engaging and a masterpiece.",False,False
940,8zGJ9N7c6pE.wav,This classic rock song features a hammond organ playing the main melody. This is backed by the percussion playing a simple beat. The percussion plays the hi-hat at every count and ends with a roll at the end of every bar. The bass plays the same melody as the hammond. There are no voices in this song. This is an instrumental song. This song can be played in a bank robbery scene in a movie.,False,False
941,8zcogfmAD_o.wav,"A woman talks before the beginning of the music track. The song is instrumental with a trumpet playing a swing melody accompanied by a brass band and jazz orchestra. The tempo is medium with a walking bass line, piano accompaniment, steady rhythm and clapping percussion. The song is a classic swing jazz tune.",False,False
944,91AmOKytRUM.wav,"A female vocalist sings this soft song in a foreign language. The tempo is slow with a soft piano accompaniment and sound of chimes. The vocals are mellow, passionate,emotional, sentimental, nostalgic, melancholic and reflective. This song is a sad classic Pop.",False,False
945,91Qp8XUskXo.wav,Someone is playing a shofar in a high frequency blowing overtones in the higher register before dropping into the high-mid range. At the end you can hear a backing track playing. This song may be playing at home while enjoying your instrument.,False,False
946,92QYLjfo68Q.wav,This Latin pop song features a male voice singing the main melody. The voice sings at a high pitch. This is accompanied by Latin style percussion. A variety of percussion is used including the claves and cowbell. The bass plays a groovy bassline. The piano plays chords with a Latin feel. The brass section plays fills in between lines. This song has a romantic mood. This song can be played in a party for a slow dance.,False,False
949,940MNbCeobw.wav,This is the recording of a cowbell. The cowbell is being played with the side and the tip of the drumstick repeatedly. This recording could be sampled for use in beat-making especially for genres that have a heavy usage of cowbells such as latin dance music.,False,False
950,95ThRxhl-ug.wav,This song contains an acoustic drum and an e-bass playing along to someone strumming chords on an acoustic guitar. Panned to the right side of the speaker you can hear a mandolin playing a melody in a higher register. An e-piano is playing chords that are panned to the left side of the speakers. A male voice is singing at a higher pitch. This song may be playing when feeling happy.,False,False
951,98YBS2tdpdU.wav,"The low quality recording features a children's song that consists of passionate girls and boys singing over soft kick and snare hits, shimmering shakers located in the left channel of the stereo image, groovy bass, synth lead melody and groovy piano melody. It sounds soft, mellow, passionate, happy, fun and joyful - like something kids and babies would listen to.",False,False
952,99ZgIQwLC60.wav,This song is played with a harp. It sounds mystic and calming. This song may be playing in a melancholic video game-scene.,False,False
955,9BHvpWP2V9Y.wav,"A female singer sings this catchy tune with backup singers in vocal harmony. The song is medium tempo with a groovy bass line, keyboard accompaniment, steady drumming with a clapping percussion. The song is catchy and has a dance rhythm. The song is a pop dance song.",False,False
956,9CJu43AvIds.wav,"A male singer sings this animated melody with backup singers in vocal harmony. The song is medium tempo with a groovy drum rhythm, clapping percussion and strong bass hits. The song is a pop dance hit with a groovy dance rhythm.",False,False
961,9GRNQKSsbvU.wav,"The low quality recording features a breathy flute melody layered with low flute melody, followed by mellow piano melody, punchy kick, snappy rimshots and shimmering shakers. It sounds soulful and emotional, but the recording is very noisy, harsh and distorted.",False,False
962,9HQNvz4eZPU.wav,"The song is an instrumental. The tempo is slow with a female operatic singer singing, piano accompaniment, bells singing, trumpets playing harmony, various percussion hits and strong bass line. The song is full of tension and sounds ominous like an impending gun fight.",False,False
965,9InBmD_Miek.wav,"This is a gentle and soothing song that feels like a calm Christmas night by the fire. We hear a flute play a melody, and the piano playing chords that match the melody notes. There is some audio distortion in the recording.",False,False
966,9JeN1ld-3fY.wav,"This is a funky disco song. A song like this would be suitable for an eighties themed dance party. It has a groovy bassline, upbeat rhythmic percussion, and vibrant brass motifs. The singer sounds charming and energetic. The background singers are soulful and sharp on the beat with their vocals - they sing their notes almost in staccato, so that they can stay close to the beat and keep the song feeling groovy.",False,False
967,9JlifkCmUOk.wav,This is a recording of a live indie rock performance. The recording is distorted and of a low quality. There are two male singers singing in an indie style with a lot of reverb applied to their vocals. The bass is rumbling and low and constant.,False,False
968,9K8EePrEDdo.wav,"The low quality recording features a live performance of a classical song and it contains trombone melody playing over shimmering hi hats and sustained strings. It sounds muffled, but also passionate and emotional.",False,False
969,9KK6rg03bC8.wav,"This music is instrumental. The tempo is medium with synthesiser harmony and jazz style drumming. The music is a collaboration of jazz and electronica. It is an experimental,futuristic,funky, psychedelic and Ambient Funk Jazz.",False,False
972,9Lst8RagMYs.wav,"This ska song features the main melody played on the brass section. This includes saxophone, trumpet and trombones being played in harmony. The bass plays a groovy bassline. The percussion plays a jazz beat with focus on the ride cymbal. A guitar plays chords in the background using a tron or wah effect. This song can be played in a comedy movie.",False,False
975,9PMoI31ncIs.wav,This is a house music piece. There is a synth with a crisp sound playing the melody while a lot of turntable scratches can be heard in the background. An electronic drum beat with lots of snare beat repeat sounds provide the rhythm. The atmosphere is energetic and upbeat. This piece could be played at nightclubs or dance clubs.,False,False
976,9PQZSLa_A8A.wav,"The low quality recording features a harpsichord solo melody. It sounds passionate, emotional and the recording is noisy.",False,False
978,9QYo50tFm6w.wav,"This is a video game theme that is in the style of a kids song. The main melody is being played by a vibraphone while a glockenspiel can be heard adding texture. There is a medium-to-high pitch synth string sound that joins them later on. In the background, there are sleigh bells and a wind effect to imply a winter aura. The atmosphere is playful. The piece could be included in the soundtrack of a kids cartoon or a video game.",False,False
980,9Qle4fgMbzk.wav,"This music is instrumental. The tempo is slow with a lead harmony on an acoustic guitar. The music is mellow, soft , mesmerising and nostalgic . There is minimal instrumentation with the guitarist playing the tune for the movie Godfather. This music is a tutorial on how to play free style guitar .",False,False
982,9Rx57dlJtIA.wav,"The low quality recording features a blues song that consists of a passionate male vocal singing over acoustic guitar melody in the left channel, muted acoustic guitar melody in the right channel of the stereo image, groovy bass, mellow snare and shimmering cymbals. It sounds passionate and emotional.",False,False
985,9Tl2l3bsLpE.wav,People are playing the same groove on a lot of percussive instruments. In the background you can hear shakers. Someone is strumming chords with an effect on an e-guitar and someone is playing fill-ins on acoustic drums. This song may be playing at a local live concert from a music school.,False,False
986,9UCLvFqkFxk.wav,This is a jazz music piece. There is a saxophone playing a jazzy solo for the melody. There is an upright bass playing in the background. The rhythmic background consists of a slow tempo acoustic drum beat that is played with brushes. The atmosphere is mellow. This piece could be playing in the background of a classy restaurant or a coffee shop.,False,False
988,9UOPRQhNzQ8.wav,"The low quality features a rock song that consists of a muffled passionate male vocal singing over wide acoustic rhythm guitars chords, shimmering cymbals, punchy kick and groovy bass. It sounds addictive, passionate and groovy - like something you would hear in pubs and bars during the 50s.",False,False
991,9WzzYYWpeyA.wav,Here we have a quartet of clarinet players playing a classical piece. One of them plays a rapidly ascending melodic motif. The others play sustained notes ranging from bass to alto which provide a support for the melody.,False,False
993,9YnYlDFKn-U.wav,"Live, amateur recording of record scratching over an instrumental old-school hip hop beat.",False,False
994,9Z6Q0X60rmo.wav,"The low quality recording features a reverberant trumpet melody playing over a wide brass melody and a mellow arpeggiated melody in the background. It sounds glorious, passionate, emotional and calming.",False,False
996,9ZUzftiN2uw.wav,The clip features the tone of an alarm bell beeping. It beeps with a high and fuzzy tone. A button is then pressed. There is then the sound of a grungy electric guitar being played in a rock style.,False,False
1000,v8bBrrXUpdo.wav,The low quality recording features a national anthem sung by harmonizing girls' vocals. It sounds passionate and emotional. The recording is noisy and in mono.,False,False
1001,v9TTtjEngjY.wav,"The music track is that of a band marching in the streets. The tempo is medium with a Band march, playing percussion in a steady rhythm accompanied  by flutes playing in unison. The song has bad audio quality with ambient noises of people talking and other street noises.",False,False
1003,vBw99ghST1g.wav,"The low quality recording features a classical song that consists of an aggressive brass melody, punchy percussion hits, mellow low percussions and hollow flute melody playing over it. It sounds vintage, suspenseful, reverberant, intense and the recording is noisy.",False,False
1004,vByuZEzCZJg.wav,"This is a Latin American dance song in the salsa style. We hear layers of upbeat, rhythmic percussion  that's suitable for dancing. Maracas, bongos, and a groovy and complex bassline coupled with a melodic instrument make for a vibrant and fun party/dance song.",False,False
1005,vDmUlgsDOP4.wav,This audio contains a drum playing with a lot of toms. A distorted e-guitar is playing a solo melody. In the background panned to the right side of the speakers you can hear a keyboard playing minor chords in the higher mid-range. This song may be playing while sitting in your room dancing for yourself.,False,False
1008,vEN9szBPBkw.wav,This rock and roll song features a male voice singing the main melody. This is accompanied by percussion playing a simple beat in common time. An overdriven guitar plays chords with licks in between lines. The bass plays the root notes of the chords. The mood of this song is happy. This song can be played in a movie scene when the protagonist is walking into a hotel prior to a fight scene.,False,False
1009,vEl7ImwLlrA.wav,"This slow jazz song features a sliding melody played on the trombone. The accordion plays chords. The piano plays a repetitive lick in the background on the high registers. The contrabass plays the root notes of the chords and also plays percussion by striking the body of the instrument. After one bar, the instruments pause for two counts. After that, the accordion resumes playing. There are no voices in this song. This is an instrumental song. This song is seductive. This song can be played in a movie scene where a man is trying to seduce a woman at a bar.",False,False
1011,vG0FGgJlDGw.wav,This instrumental song features a tuba and a clarinet. The tuba plays the bass part of the song. The clarinet plays the high notes. This song does not have any voices. There is no percussion in this song. This song can be played in a comedy movie.,False,False
1012,vG0QJ3bjfqk.wav,"This is an instrument review recording. There is a piano playing a sentimental tune while a male voice is narrating his experience with the instrument. From the parts where the voice is absent, there are tunes with a movie music feel to them. These lines could be sampled and added to the soundtrack of a movie.",False,False
1014,vKNGqQ3GRB8.wav,"This song features an electric guitar playing arpeggiated chords. There are open strings being played in the arpeggios. A chorus effect is added to the guitar sound. At the end of the song, one guitar chord is played. There are no voices in this song. This is an instrumental song. There are no other instruments in this song.",False,False
1017,vNPL092rPgQ.wav,"This song is a male voice beatboxing with a child singing an upbeat, catchy vocal riff in a foreign language . The tempo is fast with an upbeat rhythm. The song is energetic, engaging and groovy.",False,False
1019,vNZ3JS1LjDc.wav,"The low quality recording features a flat male lead vocal, alongside harmonizing background vocals, singing over, staccato background vocals, groovy bass, wooden percussion, shimmering shakers and ""4 on the floor"" kick pattern. At the very end of the loop, there is a dark arpeggiated bell melody. Overall, it sounds happy and fun.",False,False
1020,vOU-qA25xNM.wav,"The low quality recording features a ceramic bowl tone getting progressively louder, while there are some metallic ball impacts in the background. The recording is a bit noisy.",False,False
1021,vOiDwXo-SuM.wav,This clip features a guitar song. An overdriven guitar is struck at the beginning. This is followed by an electric guitar strumming two chords once each. The chords are strummed with a light overdrive sound. There are no other instruments in this song. A male voice talks in a narrative tone at the end of the segment.,False,False
1022,vQ09gQBt1IU.wav,This audio contains a lot of percussion such as shakers panned to both sides of the speakers. An organ is playing a melody panned to the left side and a digital trumpet/guitar sound is playing a melody panned to the right side of the speakers. A soft percussion sound is creating a bassline while male voices are singing as a choir and a main singer in the foreground. This song may be playing as a live performance in an african country.,False,False
1024,vQcB6NI7cMo.wav,"The low quality recording features a mellow female vocal narrating over a wide soft dark synth pad. There is a constant buzzy noise in the background. It sounds suspenseful, calming and hypnotic.",False,False
1025,vStedb9LiDk.wav,This is a Somali pop music piece. There are multiple layers of the keyboard providing the melodic structure. The rhythmic structure is provided by an electronic drum beat. The atmosphere is energetic and danceable. This piece could be used in the soundtrack of a Somali sit-com as the opening theme.,False,False
1026,vTXb8P7sAFY.wav,This audio contains a string section playing long notes in the lower register and some strings are playing a dissonant melody that is creating more tension. This composition may be playing in a horror movie-scene.,False,False
1027,vWM2qG-nU-Y.wav,This is a Christian gospel music. There is a male vocalist singing melodically. The melody is being played by the piano with a strings section accompaniment. The atmosphere is spiritual and sentimental. This piece could be playing in the background of Christian social media content.,False,False
1029,vXtk2JEP0zM.wav,"This clip features a rhythm played on a tambourine. It starts off with a galloping rhythm which is sped up. At the end, the tambourine is not struck and only the jingles are allowed to ring.  There are no other instruments in this song. There are no voices in this song. This song can be played in a folk gathering.",False,False
1031,vZ9IanI59gE.wav,This folk song features a male voice singing the main melody. This is accompanied by a tabla and dhol playing the percussion. A keyboard plays fills after the voice pauses. The other instruments are not audible due to the low audio quality. This song can be played at a Hindu religious gathering.,False,False
1032,vZUup6rK728.wav,"The low quality recording features a live performance that consists of a theremin solo melody played over arpeggiated piano melody. It sounds sad, emotional and passionate, even though the recording is noisy and in mono.",False,False
1033,vd1dgdxlA94.wav,The low quality recording features a bagpipe solo melody with some crowd noises in the background. The recording is noisy.,False,False
1034,vf3n40mDLHw.wav,"This music is a percussive  instrumental. The tempo is medium fast with an Electronic drum kit using snare, bass drum and cymbal to create a rhythmic riff. The sound is plied and controlled. This music is a demo video or a tutorial on how to play electronic drums.",False,False
1035,vfMEPOl1Wqw.wav,The song is an instrumental. The tempo is medium with a violinist playing a poignant melody with pizzicato played at the beginning. The song is emotional and poignant. The song is a YouTube music video.,False,False
1036,vfscNjNneZg.wav,This is an electronic afrobeat music piece. The electronic percussive elements are providing the rhythmic background. The keyboard is playing a repeated theme in a rising pattern. There is a brief shouting male vocal sample in the distance. The atmosphere is energetic. This piece could be playing at a nightclub or a dance club.,False,False
1038,vhTWW5Bx15Q.wav,"This is a radio program recording from Romania. There is a male vocal rapping Romanian while another is beatboxing. Then, the rapper starts talking in a radio announcement voice. This recording could be sampled for use in beat-making.",False,False
1039,vispMqNJ1j8.wav,"The low quality recording features a didgeridoo melody played outside, alongside some birds chirping and tinny wooden impacts sounds. The recording is noisy.",False,False
1040,vjW8wmF5VWc.wav,"The Hip Hop song features an echoing male vocal, alongside exciting background male vocals, singing over shimmering bells, echoing synth lead melody, punchy kick, snaps and short 808 bass. It sounds groovy and addictive - like something you would hear in clubs and on a radio.",False,False
1042,vmVOWilkmOA.wav,"The Recording features a live performance of a classical song played on harpsichord. It is emotional, passionate and a bit spooky, as it sounds like a vampire theme song.",False,False
1045,vo-o3dG8Oq0.wav,"Here we have a compilation of songs led by accordions. The first clip is more of a folk ballad with a cheery and uplifting tone to it, the second clip is an emotional ballad.",False,False
1049,vpcEBryyej4.wav,"The low quality recording features a live performance of a folk song that consists of a saxophone solo melody, accordion melody and acoustic rhythm guitar. It sounds passionate and soulful. The recording is mono and noisy.",False,False
1050,vqRFzhWik2c.wav,"A male vocalist sings this catchy Hip-Hop. The tempo is medium with an acoustic guitar riff, boomy bass drops, punchy drumming, digital beats and synthesiser arrangement with enthusiastic vocal backup. The song is youthful, buoyant, punchy, groovy, pulsating with a dance groove. This song is Contemporary Hip-Hop.",False,False
1052,vrNQbCbBlLY.wav,This is a middle eastern song with a rapid and intricate accordion melody as the main basis. The song would be suitable as a backing track for a belly dancer. There's a traditional percussion instrument in the background.,False,False
1054,vsXs3GUrw64.wav,"This music is instrumental. The tempo is medium fast with an incessant droning of the didgeridoo, sound of a timer ticking and male vocals like a chant. The music is eerie, creepy, spooky, sinister, scary, hypnotic, trance like and fear inducing with resounding effect.",False,False
1056,vtnuHbHbveg.wav,"A male and child sing in animated vocals. The song is medium tempo with western classical music influences, flute harmony, keyboard accompaniment, standing bass line and piano accompaniment. The song is positive and cheerful with an onus on children’s education.",False,False
1057,vukJyd8xt0I.wav,virtuosic solo ukelele playing a chord melody in free time.,False,False
1060,vxIF3B4YqW8.wav,This is an R&B/soul music piece. There is a female vocal singing at a high pitch joined by a male vocal singing at a medium pitch and a female choir backing. The beat has a repeating electric guitar tune. There is a groovy bass line. The rhythm is provided by an electronic drum beat. The atmosphere is emotional and grandiose. This piece could be playing in the background at a memorial event.,False,False
1061,vy2gUzgmBzQ.wav,"This goth metal song features a male voice singing the main melody. The voice is deep. Toward the end, there are other male voices singing vocables. This is accompanied by heavy percussion using a five-beat common time pattern played on floor toms with a shuffle note each note creating a triplet feel. The distortion guitars play heavy descending chord riffs using palm muting technique. The bass guitar plays the root notes of the chords. At the background, there is an high pitched sound played on a synth that gives this song an eerie feel. This song can be played at the end credits of a horror movie.",False,False
1062,vyNstX5b1V8.wav,This song features an electric guitar. The guitar starts off with a descending pentatonic run. A descending slide is played followed by a moderate tempo blues lick. There are no other instruments in this song. There is no voice in this song. This is an instrumental song with a blues mood. This song can be played as an instructional blues song.,False,False
1063,vykrv5BaW-s.wav,This song contains someone playing a melody with a flute in a higher register. The flute sounds offkey. An e-guitar is fingerpicking two chords. In the background you can hear percussive instruments and an e-bass. A male voice is talking/shouting sounding as if he wants to motivate the listener. This song may be playing live in a big bar or during an event in a latin.american country.,False,False
1065,w-qG-P9E1U4.wav,"This is the recording of video game gameplay. Initially, sounds of footsteps on wood can be heard. Then, a childish voice can be heard wailing. Afterwards, a tune starts playing on a small keyboard and a xylophone. It sounds generic and circus-like. Sounds from this recording can be sampled for use in beat-making.",False,False
1066,w09XinexaIY.wav,"The low quality recording features synchronized wooden percussion. It is noisy, in mono and it sounds upbeat.",False,False
1067,w0A-4EbkVz8.wav,"This is a live performance classical music piece played by a chamber orchestra. It is in the style of a tarantella, which is a genre of Italian folk music. The strings section is playing the melody with a cello as the lead. The atmosphere is lively and elegant. It could be used in the soundtrack of a movie especially during a scene involving a pursuit, a face-off or a duel.",False,False
1068,w0QJT6ywza0.wav,"A chic 80's pop/R&B song that is an influence on the synthpop of today. Features a male vocalist singing in falsetto, doubled vocals and lush vocal harmonies, a driving beat, low toms, a sharp electronic clap, synth pads and a steady synth bassline.",False,False
1069,w0yHqPxybQE.wav,This song features a synth playing the main melody. The synth plays a heavenly voice with a pad like backing. There are no other instruments in this song. There is no voice in this song. The mood of this song is relaxing. This song can be played in a meditation center.,False,False
1070,w2MeQg3W7Po.wav,This audio contains a huge amount of people playing a melody on the bagpipes while others are playing a kick sound on every beat. This song may be playing live during a big public event.,False,False
1072,w35p3oCU0g4.wav,"The low quality recording features a bagpipe melody, drum rolls and some man shouting sound. The recording is in mono and it is a bit noisy, as it was recorded outdoors.",False,False
1074,w41gqTFYh08.wav,This song contains a minor chord composition on a acoustic piano. The drums is playing a slow groove with lot of pauses and a snapping snare sound. On top of that a male voice is singing in a higher pitch sounding sad. Male backing vocals are providing harmonie and support. This song may be playing with headphones during a breakup with a partner.,False,False
1076,w4ayJNZ5w5o.wav,"The low quality recording features an electric guitar solo melody played with some sliding techniques. It sounds cool, passionate and the recording is noisy and in mono, as it was probably recorded with a phone.",False,False
1079,w62KGC7um_Y.wav,"Cheery, upbeat Latin music featuring a lively male singer, busy percussion including hand percussion like bongos and congas as well as cowbell and more. String bass plays a syncopated tumbao rhythm while a brass section accompanies a trombone.",False,False
1081,w8c7JFU6by4.wav,"The Urban Latin song features a harmonizing male vocals singing over ""4 on the floor"" kick pattern, shimmering hi hats, syncopated snare hits layered with simple synth lead melody and buzzy synth bass. It sounds energetic and addictive, like something you would hear in clubs.",False,False
1085,wC0mY7NzihY.wav,"The low quality recording features a digital piano, funky chords played over punchy kick, fat snare and shimmering hi hats. The digital piano uses a wah pedal effect, which makes it sound funky and groovy.",False,False
1086,wDpz90boBzU.wav,This audio contains drums playing a loud groove with cymbals and an e-guitar playing a melody in the lower key. Male voices are singing loud while sounding happy. Another male voice that appears to come from the crowd is singing along. This is an amateur recording. This song may be playing loud while celebrating with friends.,False,False
1087,wEHRmd84Dwc.wav,This is a latin music piece in the style of tango. It is an instrumental piece. The only instrument being played is an accordion. The accordion is playing a joyful tune. This piece could be playing in the background at an Iberian coffee shop.,False,False
1089,wGievbsKUnk.wav,This song features a female voice singing the main melody. This is accompanied by a harp on which chords are being played. There are no other instruments in this song. This song can be played in a romantic movie. This is an amateur recording.,False,False
1094,wLITXWAuZy0.wav,"The low quality recording features a shimmering chime bell, breathy flute melody, mellow piano chords and sustained strings melody. It sounds easygoing, calming and emotional.",False,False
1095,wLQiZ-0VW4c.wav,"This music is an electric guitar instrumental. The tempo is slow with an electric guitar harmony and a subdued, incoherent background score. This music is classic Rock.",False,False
1096,wMHBhCVv--g.wav,"This techno song features a male voice singing the main melody. A female voice is heard singing vocables in the background. In the beginning of this clip, the voice is accompanied by a programmed percussion playing the kick at every count and the snare at alternate counts. A synth is playing the same melody as the main voice. A siren is playing in the background. After two bars of eight counts, the percussion plays a roll and the bass plays a groovy bassline. The synth plays a ring modulated sound. This song can be played in a club.",False,False
1097,wMN-Xp9IMUw.wav,This is an Afro-cuban music piece in the style of rumba. It is a live performance. There is a male vocal and a choir singing in a joyful manner. The rhythmic background is composed of Afro-Cuban percussive elements such as the shekere and the conga. The atmosphere is lively and vibrant. This piece could be used as an accompaniment piece for a rumba dance course.,False,False
1100,wPmTJWybq_E.wav,"A male singer leads backup singers into a gospel song in vocal harmony. The tempo is medium with a groovy bass line , organ accompaniment, tambourine percussion, guitar strumming and keyboard accompaniment. The song is prayerful and spirited. The song has bad audio quality.",False,False
1102,wQhycJsKSPE.wav,"A man narrates a repair technique for a French horn. The song plays at medium tempo, with a brass section playing in an orchestra. The song is medium tempo and plays a soundtrack for the repair video.",False,False
1103,wR7n4Gg-_ac.wav,"This is a movie music piece. Initially, sound effects related to the movie such as explosions and sirens can be heard. A male voice can be heard gasping. There is an orchestra made up of a brass section, a string section and a choir singing at a high pitch. The atmosphere is ominous. This piece could be used in the soundtrack of a horror movie.",False,False
1104,wRWxsKN394Q.wav,This audio contains a musical composition played by a big horn section and a lot of flutes. Someone is playing a simple and loud groove on the drums. In the background you can hear someone playing a marimba. This song may be playing live at a big sports event.,False,False
1105,wS4d-q9H4NE.wav,"This song is a drum solo. The hi-hat is played in eighths on the one, two and four counts of the bar. This drum is playing a syncopated rhythm. On the third count, the snare is played. The cowbell is played five times in 2 bars of eight counts. There are no other instruments in this song. There are no voices in this song. This song can be played as an instruction for syncopated drumming patterns.",False,False
1107,wTPI3MHqxSQ.wav,A synthesized string lead melody is accompanied by digital piano accompaniment and chimes. The tempo is slow and steady and the feeling is light and airy.,False,False
1110,wYtd_Sq2-Tw.wav,This song features an electric guitar playing arpeggiated chords. The guitar is playing with a flanger effect added to change the tone. There are no other instruments in this song. There are no voices in this song. This is an instrumental song. This song can be used in an instructional video on an effects processor.,False,False
1112,w_XFNKSRgKI.wav,Hand percussion accompanies a male singer and violin doubling a melody with a constant regular rhythm. Mood is hypnotic and trance inducing. Features additive rhythms and odd meters.,False,False
1115,wcLPCMoy5hk.wav,The low quality recording features a tutorial where a flat male vocal is talking in-between notes of alto saxophone. The recording is noisy and in mono.,False,False
1121,wj4ukZFNEgs.wav,"A male vocalist sings this upbeat Latin pop song. The tempo is fast with infectious drumming, groovy bass line,electric guitar, keyboard harmony, acoustic guitar, shakers,synthesiser arrangement and digital drumming. The song is youthful , energetic,enthusiastic, animated,fervent, pulsating, electrifying ,exciting,and buoyant. This song is a Latin Urbano.",False,False
1122,woVby8SBWDI.wav,This low quality audio features a female voice singing the main melody. Other voices sing backing vocals in this song. Other instruments cannot be heard due to the low quality of audio.,False,False
1127,wt-f7K_suBc.wav,"The Regional Mexican song features a passionate male vocal singing over repetitive acoustic guitar chord and groovy bass, after which there are shimmering shakers and accordion melody playing. It sounds passionate, emotional and soulful.",False,False
1129,wwHi10qX8u8.wav,"This funk song features trumpets playing the main melody. The bass plays the same melody on the lower octave. This is accompanied by percussion playing a simple beat. The beat is groovy. Guitars play a funky rhythm using muting technique and playing funk style chords. The trumpet starts off playing a descending sequence of four notes followed by an ascending sequence of three notes. In between lines, the trumpet plays on note in a staccato style. This song has a happy mood. This song can be played in a casino scene in a movie. There are no voices in this song.",False,False
1130,wwbATvWFaLY.wav,"This is a French opera music piece. It is an instrumental piece. There are two harpsichords performing the piece. There is a medieval sound to the piece. It has a dramatic and grandiose feel. This piece could be used in the soundtrack of a movie or a TV series that takes place in the medieval era, especially during scenes of intrigue.",False,False
1131,wxKtBDKasgM.wav,"The song is a black metal band which features a heavily distorted, sustained guitar chord. The male voice is croaky, raspy, deep and fuzzy. There is a soft choral vocal in the background.",False,False
1134,x14jW4c8YnQ.wav,"The low quality recording features an orchestral live performance of a classical song and it contains a wide french horn melody playing over a wide string melody. It sounds easygoing, passionate, dynamic and emotional.",False,False
1135,x1KyLxsnJY0.wav,This dance song features a female voice singing the main melody. This is accompanied by programmed percussion playing a simple beat which starts off with a drum roll. The bass plays the root notes of the chords. A synth plays chords in the background. This song has an upbeat mood. This song can be played in a club.,False,False
1136,x1S2oreZBWU.wav,This is an R&B/disco funk music piece. There are multiple layers of a female vocalist singing melodically. The melody is being played by the electric guitar while the bass guitar is playing a groovy bass line. There is a funky acoustic drum beat in the background. The atmosphere is hip and the piece is very danceable. The piece could be playing for a 70s night at a dance club.,False,False
1138,x22NHqwKSNE.wav,"The low quality recording features a live performance of steel drums, followed by energetic drums in the background. It sounds exotic, passionate, energetic and the recording is noisy and in mono.",False,False
1140,x6U1gX5a_4M.wav,"The low quality recording features a hip hop song that consists of a flat male vocal, alongside some background male vocals, rapping over punchy kick and snare hits, shimmering hi hats, funky electric guitar, brass melody, groovy synth keys melody and groovy bass. It sounds energetic, groovy and exciting.",False,False
1141,x7tOPTm31tQ.wav,"This song contains a male voice repeating the same melody in a loop while another male voice is singing on top in a higher register. An acoustic drum is holding a four on the floor groove with a kick on every beat. The e-bass and e-guitar are playing along to the loop, repeating themselves. This song may be playing at a live concert downtown.",False,False
1142,x85BtdoxRek.wav,This is a hip-hop music piece. There is a male vocal rapping in the lead. The beat has a brass sample and a female voice sample. There is a strong bass sound. The rhythmic background is composed of a hip-hop electronic drum beat. There is an urban atmosphere. This piece could be playing in the soundtrack of a car street-racing video game.,False,False
1143,x9bcsYF_by8.wav,"This symphonic song features a melody played on a cello. This is accompanied by violins playing in the background. It starts off as a slow tempo song. After a brief pause, the instruments play staccato notes at a faster tempo. There is no percussion in this song. There are no voices in this song. This is a classical instrumental piece. This song can be played in a luxury watch advertisement.",False,False
1144,x9xXU30ktcY.wav,"The low quality recording features a DJ scratching the vinyl of a hip hop song. There is a crowd talking in the background. The recording sounds muffled, noisy and it is in mono.",False,False
1146,xCLzxuZE3yg.wav,"This music is instrumental. The tempo is fast with a groovy didgeridoo harmony with percussion accompaniment. The music is upbeat, catchy, funky, unconventional, engaging, punchy and fun. This music is a Didgeridoo instrumental.",False,False
1147,xGHN0kphhWM.wav,This is a sextet of french horn players. The piece sounds inspiring and uplifting and would be fitting for a movie soundtrack in a moment where the lead character has just accomplished something great or saved the day. It's an emotive and cinematic piece.,False,False
1148,xIbSUwO43Ig.wav,"This is a percussion piece playing in the background of an advertorial video. It is an instrumental piece. There is a very simple conga beat playing and then a cymbal hit can be heard, only for the conga beat to keep on playing afterwards. There is a basic feel to it. It can be playing in the background of a tutorial or a review video. It could also be sampled for use in beat-making.",False,False
1150,xJ63DJzzvnA.wav,"The low quality recording features a live performance of a gospel song that consists of harmonizing vocals singing over acoustic rhythm guitar, groovy bass guitar, shimmering hi hats and punchy toms. It gives off happy and fun vibes.",False,False
1160,xMCLKME4hAY.wav,This audio contains someone playing a clean e-guitar melody that sounds soothing. This song may be playing at a little living room concert.,False,False
1161,xMsgBL9Sunw.wav,"This is an east asian type of romantic ballad. The song has a relaxing, calm feeling to it and is aided by the ethereal sounds of the chinese flute. We hear ethnic drums like bongos, and constant hi-hat playing.",False,False
1163,xNn2UdI-kvA.wav,"A male singer sings this beautiful melody. The tempo is fast with a guitar strumming rhythm, strong bass line, violin playing countermelody, steady drumming rhythm and a guitar playing accompaniment. The song is fresh, innocent and romantic with a lot of heart. The song is a modern love song.",False,False
1164,xR2p3UED4VU.wav,"This is the live performance of a Romanian folk music piece. It is instrumental. There is an accordion playing the leading melody while the fiddle, acoustic guitar and the upright bass play in the background. There is a percussive element in the rhythmic background. The atmosphere is lively and joyful.",False,False
1165,xRfbWrI03gc.wav,Someone is playing a Theremin on a very high pitch going up in pitch and with a lot of vibrato. This song may be playing at home while enjoying your instrument.,False,False
1167,xSmmTveNPSM.wav,This audio contains someone playing a didgeridoo and a rattle sound. In the background you can hear birds chirping. This song may be played live by a busker.,False,False
1168,xUMzNtC2ITA.wav,This is the live performance of an indie rock/post-punk piece. There is a male vocalist in the lead. The tune is being played by the electric guitar and the bass guitar while an electronic sound effect that resembles a laser is adding texture. There is a fast and slightly off-tempo acoustic drum beat playing in the rhythmic background. The atmosphere is energetic. The piece could be playing in the soundtrack of a teenage drama TV series.,False,False
1170,xUmMfewERLg.wav,"The low quality recording features a flat male vocal talking, after which there is an explosion sound effect, followed by resonating bells and loud percussive impact. The recording is noisy and in mono.",False,False
1171,xVab_CbwecE.wav,This song features a bass guitar playing a groovy lick at a high pitch. This is followed by a rock and roll pattern. This starts off on a high sequence. This is played for two bars followed by a sequence on a lower part of the bass. This song can be played in an instructional video for bass. There are no voices in this song. There are no other instruments in this song.,False,False
1172,xVi1wNljxjk.wav,"The low quality recording features synth strings in the left channel, synth keys melody, synth bells melody in the right channel of the stereo image, groovy bass, shimmering hi hats and mellow snare. It sounds digital, but it gives off happy and fun vibes.",False,False
1173,xWmcax3aX5U.wav,"The low quality recording features a boomy wooden percussion one shot, after which a flat female vocal is talking. It sounds like some sort of tutorial and the recording is noisy and in mono.",False,False
1174,xXRGgPVnkqk.wav,This is a tutorial  on how to use the conga percussion instrument. The American tutor narrates his actions as he plays. There are two tones - the open tone is lower and the closed tone is higher pitched.,False,False
1175,xZSioXdxo4Y.wav,The song is an instrumental. The tempo is medium with an electric guitar playing a blues solo with an effects pedal and amplifier. The solo is heartfelt and has a lot of soul and spirit to it. The audio quality is bad.,False,False
1176,xZTlnE6IcYQ.wav,"This is a harmonica cover of a soul music piece. The harmonica plays a groovy solo. In the melodic background, there is a keyboard and a bass guitar. The rhythm is provided by the acoustic drums. The atmosphere is uplifting. The song is in major key.",False,False
1177,xZukWGb52BI.wav,This amateur recording features a trumpet playing the main melody. The song starts with a string section playing a chord and fading away. The trumpet starts to play the melody. This is backed by a stringed instrument plucking chords. This sounds like a harp or an acoustic guitar. The mood of this song is romantic. This song can be played in a romantic movie.,False,False
1179,xe9vDoF8TQM.wav,"The low quality recording features a folk song that consists of flat male vocals, alongside harmonizing female vocals, singing over groovy bass, strings melody, shimmering hi hats, and ""4 on the floor"" kick pattern. It sounds energetic, happy and fun.",False,False
1183,xhOsZuB_Zqc.wav,"Groovy, funky world music with a male vocalist, deep bass, syncopated percussion and synthesizer chords and a clean electric guitar with a chorus effect.",False,False
1184,xiN6XwZNEJo.wav,"The low quality recording features an energetic drums solo that consists of punchy snare, tom and kick hits, alongside repetitive cowbell. There is a flat male vocal talking right before the solo. It sounds like a tutorial. The recording is noisy and in mono.",False,False
1185,xk4U8BembHM.wav,"The Rock song features a shimmering hi hats, energetic crash cymbal, punchy kick and snare hits, groovy bass guitar and wide electric guitars melodies playing on top of them. It sounds energetic and exciting.",False,False
1187,xlxxWFENWr8.wav,"The song is an instrumental. The tempo is slow with a choir harmonising and creating ethereal chants, string section and a philharmonic orchestra harmony backing. The song is ethereal and magical. The song has poor audio quality.",False,False
1188,xmSMAmnoRug.wav,This is a Christian gospel music piece. There is a male vocalist singing passionately in the lead with a male choir that is at a relatively higher pitch than him singing in the back. The main melody is played by the keyboard and the electric guitar. There is a bass guitar that can be heard. The acoustic drums are playing an upbeat rhythm. The atmosphere is religious. This piece could be played at Christian religious events.,False,False
1189,xmaVWayBvaY.wav,"This music is a lively drum instrumental. The tempo is fast with an enthusiastic drum routine. It is loud, rhythmic, catchy and intense.",False,False
1190,xqjpWi83CWM.wav,This song comes with a male voice singing in a higher key and strings playing the same melody in the background in the midrange. A timpani hit is playing along with the drums. This song may be playing in a latin country where someone is cleaning the house with open doors and windows listening to this song in a very loud volume.,False,False
1191,xrbIZTswt3c.wav,"The low quality recording features a live performance of a traditional song that consists of leg tapping sounds, giving a rhythm to a bagpipe melody. There are some laughing sounds in the background. It sounds passionate and the recording is in mono and noisy.",False,False
1193,xsLJe043ar4.wav,Thissong contains two acoustic guitars panned to both sides of the speakers finger picking a repeating melody. In the background a synth pad/drone is playing a continuous chord in the mid- to high range. A female voice is adding a vocal melody in a higher register along with different flute sounds repeating the same melody. The elements are spread across the sides of the speakers. A shaker is holding the rhythmic part with reverb. This song may be playing for a slow ecstatic dance.,False,False
1194,xseL3oZc7pY.wav,This is a comedy music piece. The male vocals are singing in a funny manner in the Hindi language. The rhythm is being played by percussive elements such as the tabla and the kanjira. The atmosphere is amusing. This piece could be used in the background of a comedy skit.,False,False
1197,xtllXrdFAFQ.wav,"This music is instrumental. The tempo is fast with a spirited harpsichord, contrasting melancholic violin harmony, flute, cello , viola and piano accompaniment. The music is complex, syncopated , melancholic, wistful, anxious and restless. This music is a Western Classical Piece.",False,False
1204,xxNroISqkt4.wav,"The low quality recording features a passionate accordion melody playing over a shimmering tambourine. It sounds joyful, happy and the recording is noisy and in mono.",False,False
1205,xxRnOYSjF64.wav,"The low quality recording features an instrumental of a pop song that consists of an addictive synth lead melody, punchy ""4 on the floor"" kick pattern, shimmering hi hats, riser and groovy bass in the first half of the loop. In the second half of the loop there is a tinny, high pitched snaps and groovy piano melody playing. It sounds energetic, exciting and addictive.",False,False
1209,xydcedfPePM.wav,"Heavily processed girl band with multiple female singers in a pop or R&B style, using autotune, vocal hocketing, and melisma with multiple synthesizers accompanying.",False,False
1210,xzU6sJot-Gk.wav,"The low quality recording features a funk song that consists of crowd cheering and crowd singing over punchy kick and snare hits, shimmering hi hats, brass melody and groovy bass. There is a shimmering bell glissando that serves as a transition into the next section. Overall it sounds funky and groovy.",False,False
1213,y3Pqe5DLvok.wav,"The low quality recording features a live performance of groovy hi hats, wide marimba melody, shimmering shakers and a punchy kick pattern. It sounds reverberant, probably because they performed in a medium size space, exotic and passionate.",False,False
1214,y4vtzCAPv84.wav,The song is an instrumental. The song is medium with a DJ creating scratchy tones by scratching vinyl on a turntable. The DJ creates an eerie and syncopated rhythm. The audio is bad quality.,False,False
1216,y5HkvusmkqM.wav,"The low quality recording features a classical song that consists of a mellow french horn melody playing over wide strings. It is a bit noisy and it sounds passionate, easygoing and like something you would hear as a background music for old movies.",False,False
1217,y5I5pq0bXmg.wav,This is a live performance of a classical music piece from the baroque era. The piece is being performed on a harpsichord. There is a medieval sound to the piece. The atmosphere is dramatic. This piece could be used in the soundtrack of a historical drama movie moments before a face-off or a battle.,False,False
1219,y6iMm7Pltq0.wav,Someone is playing a simple repeating melody on a zitar along with a small harp. A flute is playing the same melody in the higher mid-range. A male voice is singing along. Someone is playing tabla. This song sounds calm and repetitive. This song may be playing live at a local performance place.,False,False
1224,yAoMoKe7gj8.wav,"This instrumental song features a harp being played. This song is in compound time of 6/8. The bass note is played on the first count of the bar. The high part plays four descending notes followed by two ascending notes in each bar. On the fourth bar, the strings are tapped on the second half of the bar to give a percussive effect. Then the melody continues. There are no other instruments in this song. There are no voices in this song. This is an amateur recording. This song can be played in a dreamy sequence in a movie.",False,False
1226,yAvqiPL-ssU.wav,"The low quality recording features a bagpipe melody, layered with an electric guitar lick and followed by punchy kick hits. In the background there are some crowd talking noises and claps. It sounds exciting and the recording is noisy and in mono.",False,False
1227,yBYd03Hr2kQ.wav,The low quality recording features an electric guitar melody played with a distortion pedal effect that changes its preset in the second half of the recording. The recording is mono and noisy.,False,False
1228,yCDloqQe65k.wav,The song is an instrumental. The tempo is medium with a horn player playing a traditional animal horn in a single long note which fades out. The song is poignant and emotional. The audio quality is poor.,False,False
1231,yG1bzzXDIak.wav,"The low quality recording features a wide synth pad chord, followed by quiet buzzy sound. It sounds calming and relaxing - like something you would listen to in a yoga session.",False,False
1232,yGXohnxCLCA.wav,The low quality recording features an ambient song that contains a flat male vocal softly talking over mellow strings and soft sea waves sounds. It sounds relaxing and calming - like something you would hear at a yoga session.,False,False
1233,yHd5DzIbWL8.wav,This audio contains someone playing a high pitch melody on a bagpipe. This song may be playing during a traditional live performance.,False,False
1234,yIFP8fkq8GU.wav,THis song contains a piano playing a major chord progression in the midrange with the left hand playing bass notes creating a simple bassline. An acoustic drum is playing a constant groove without any big changes. A male voice is singing in a higher register getting backing vocals from another male voice. In the background you can hear the crowd cheering. It mostly sounds like female voices. This song may be playing at a live concert.,False,False
1237,yMEMzSFbZ2s.wav,This audio contains someone playing a fast paced drum groove with a lot of double hits on the kick and tom. The drumming stops and then a male voice starts talking. This may be used for a drum tutorial video.,False,False
1239,yOJtRE-617I.wav,"This is a street performance by a drum & pipe band. In the beginning, there is a female voice talking. Then, she starts playing the Scottish bagpipes in a joyful manner. A male voice shouts at the crowd to get them into mood and the crowd starts cheering. The atmosphere is vibrant. This piece could be used in the soundtrack of a historical drama movie that takes place in Scotland.",False,False
1240,yOVaak2hemM.wav,This song contains acoustic drums playing along with a bass creating a folksong atmosphere along with an accordion like sounding instrument. A piano and guitar are playing a melody along with an accordion -like instrument taking the main melody from the instruments. Female voices are singing at a higher pitch. This song is in poor audio-quality. This song may be playing live at a church.,False,False
1243,yQN9gj7Vk0w.wav,"The low quality recording features a rock song that consists of a flat male vocal, alongside background male vocals, singing over shimmering hi hats, groovy bass, punchy kick and snare hits and electric guitar melodies. It sounds energetic and emotional.",False,False
1247,yScg02DM-jY.wav,"The low quality recording features a string melody playing over smooth double bass, mellow piano chords and short violin melody. It sounds passionate, emotional and joyful.",False,False
1251,yWU0zNEy2_I.wav,"The low quality recording features a didgeridoo melody playing outdoors. There are also some crowd chattering, water fountains and birds chirping sounds. The recording is noisy, as it was probably recorded with a phone.",False,False
1252,yYpfb_xV--4.wav,This Middle eastern folk song features a male singer singing the main melody. This is accompanied by percussion playing a simple beat. A stringed instrument plays the backing melody. A shaker plays in an eight note pattern. This song can be played at a village fair.,False,False
1254,yZRTQX8pcMY.wav,"This music is a percussive instrumental. The tempo is fast with a beatboxing rhythm. The beat is a vigorous, rapid, youthful, energetic, enthusiastic imitation of the drum machine. The audio quality is inferior so the music is muffled.",False,False
1255,y_TnstfXeBQ.wav,This rock song features a female voice singing at a comfortable pitch. The song starts off with the voice singing vocables. This is accompanied by the overdriven guitar playing one chord three times followed by a second chord three times which is higher in pitch than the first chord. The percussion plays a role at that time. The voice continues to sing a phrase. One guitar harmonic note keeps ringing during this part. The overdriven guitar plays a descending chord pattern. The bass plays the root notes of the guitar. The percussion plays a simple beat in common time. This song can be played in a detective movie.,False,False
1258,yaUK4XvVGTg.wav,"This music is an electric guitar instrumental. The tempo is medium with a strong, emphatic and funky riff. There are male and female voices in a foreign language superimposed on the audio. This clip is an electronic guitar demo or lesson.",False,False
1262,yfXvz2FyZ_U.wav,The song is of a classical style and features an intricate piano phrase alongside some passionate violin playing. The song has a certain intensity and build-up to it.,False,False
1264,yfaxqwNHe7w.wav,This Scottish folk song features bagpipes playing the main melody. This is accompanied by an accordion playing the same melody in harmony. A Scottish tenor drum plays a marching beat. A bass drum plays strokes on the count. A tambourine plays a beat in the background. This song can be played in a Scottish folk programme.,False,False
1266,yhbpAGdv_d8.wav,"These are sounds coming from a cartoon. Two boys are having a conversation in the Korean language. There is a spring sound effect that can be heard repeatedly. In the background, a generic orchestra piece is playing. The trumpet and the flute take turns in playing the main melody while other brass instruments and a snare drum accompanies them.",False,False
1268,yj4xorgrbV4.wav,This audio contains acoustic drums playing a groove with a lot of cymbal hits. An e-bass is holding the groove while a distorted e-guitar is playing a solo in a higher register. In the background you can hear another e-guitar playing something like an arpeggio melody in the mid-range. This song may be playing in the rehearsal band room practicing drumming to a backing song.,False,False
1269,ykkVTInYctY.wav,"The low quality recording features a live performance with an electro song playing in the background and crowd cheering sounds. The song consists of a ""4 on the floor"" kick pattern, addictive synth bass melody, punchy snare and shimmering hi-hats. It sounds energetic and the recording is noisy as it was probably recorded with a phone.",False,False
1272,ymGg5TA2YfM.wav,This is a country/western swing music piece. There is a male vocalist singing melodically in the lead with a story-telling attitude. The main tune is being played by the electric guitar with a bass guitar backing. The rhythm is being played by the acoustic drums. The atmosphere is easygoing. This piece could be playing in the background at an American roadside diner.,False,False
1273,ymOjaaxRDLU.wav,"A female vocalist sings this pop song. The tempo is fast with a lively piano accompaniment, funky bass lines, violin harmony, synthesiser and electronic arrangements and punchy drumming. The song is youthful, romantic, warm, simple and groovy. This song is an Electro Pop/ Dance pop.",False,False
1274,ymuRKv9iJm4.wav,"The low quality recording features a funk song that consists of a groovy bass, shimmering hi hats, punchy snare, claps and wide arpeggiated synth strings melody. It sounds groovy, funky and addictive.",False,False
1278,yqb4GenP8gs.wav,"This is a pop R&B song in Portuguese. The song has a cheerful and fun effect to it, and the four on the floor style helps in creating the feeling of dancing. The singers are a man and woman with smooth vocals, singing a duet - harmonically.",False,False
1280,yrme-KRBvzk.wav,"The song is an instrumental. The tempo is medium with a cellist playing a virtuoso solo accompanied by a string section harmony, flutes in harmony and a loud banging timpani. The song is spirited and passionate with poor audio quality. The song is a western classical piece.",False,False
1281,yuWjB3XA8tc.wav,"This is a techno song that's layered with a cacophony of sound effects like robotic sounds, fuzzy sounds, and sounds of whirring machinery. The bassline is rapid, played in 16th notes throughout the song. The beat pattern is four on the floor.",False,False
1282,yw6uqQQF5Ig.wav,This fingerstyle guitar song features a guitar playing at a slow tempo. The bass notes are also played by the same guitar. The picking pattern involves a percussive style of guitar playing. There are no other instruments in this song. This is an instrumental song. There are no voices in this song. This song has a romantic feel. This song can be played in a luxury hotel lobby.,False,False
1284,yx7BZ_djE-U.wav,"The low quality recording features a live performance of a traditional song that consists of wooden percussive elements, sustained suspenseful strings melody and passionate male vocal singing over it. It sounds passionate, mystical, soulful and suspenseful, even though the recording is a bit noisy and in mono.",False,False
1285,yzjbAxCnt7U.wav,"The Disco song features a passionate male vocal, alongside harmonizing background vocals, singing over sustained strings melody, piano melody, brass melody, punchy kick and snare hits, shimmering hi hats and some claps. It sounds funky, addictive and passionate - like something you would hear in clubs during the 70s.",False,False
1288,z31iCbkqYyw.wav,"The Rock song features harmonizing male vocals singing over punchy kick and snare hits, energetic open hats, wide electric guitar chords and distorted bass guitar. It sounds energetic and exciting.",False,False
1289,z3UCnloQGPY.wav,This is an instrumental movie music piece used in the background of a short film. There is a gentle melody being played by the strings and the piano. The atmosphere is eerie and enigmatic. This piece could suit well in the soundtrack of a mystery video game or a movie.,False,False
1293,z9UJD6O7EAE.wav,This recording has been done live in a room with speakers. It features a DJ scratching the desks live to create these squeaky scratching sound effects. The song is a mellow hip hop song featuring a  relaxed drum beat and bassline.,False,False
1295,zCGGb7Eh_f4.wav,"The low quality recording features a hollow male talking over a traditional strings melody, while there are sounds of people talking and some wooden impacts in the background. The recording is noisy and the volume of the song slowly goes up, as the male vocal stops talking.",False,False
1299,zNAHQYshxZk.wav,"The low quality recording features a flat male vocal talking, after which there is a scratching vinyl sound - sort of like a tutorial on how to scratch a vinyl. The recording is mono and noisy.",False,False
1310,zTtZH-Q61Ik.wav,"A female vocalist sings this beautiful pop melody. The tempo is medium fast with rhythmic acoustic guitar, keyboard harmony, electric guitar melody, straight drumming;steady bass and tambourine beats. The song is mellow, sweet, passionate,emotional, youthful, romantic, simple and tender. This song is a hit Indonesian Pop.",False,False
1311,zTuxNA1y6Os.wav,This audio contains a male voice singing in a higher pitch along to acoustic drums with an e-bass playing a melody. The e-guitar also follows that bassline. Another e-guitar is strumming chords in a higher key in the background. This song may be playing in a music video telling a story.,False,False
1314,zVA66aZOBH4.wav,This is the live performance of a Nepali folk music piece. It is an instrumental piece. There is a bansuri performing the melodic structure of the piece while the tabla joins briefly as the rhythm. The atmosphere is vibrant and dreamy. This piece could be used during scenery shots in the soundtrack of an adventure movie that takes place in the Himalayas.,False,False
1315,zWEznZ40k2Q.wav,"The low quality recording features a kids song that features a shimmering bell melody, mellow cowbell and girl vocals singing over it. The recording is in mono and noisy - the audio is really crackling. It sounds fun and happy, like something that kids would listen to.",False,False
1319,zYRI-R2gxUI.wav,"This music is instrumental. The tempo is medium with a beautiful piano harmony. The music starts softly and builds up to a beautiful melody. It is mellow, romantic, warm, cheerful and pleasant. This is a Piano Instrumental.",False,False
1321,zYa3ksSrCqw.wav,This is a Carnatic classical music piece. It is being performed live. There is a male vocalist singing in a versatile manner. The melody is being played by a Carnatic violin line. The rhythmic background is composed of the tabla percussion. The atmosphere is vibrant and the instrumentation is complex. This piece can be an educational example of a Carnatic music piece to be taught in music schools.,False,False
1322,zYsFbF9emtI.wav,"The low quality recording features a cover of a rock song played on bass guitar over electric guitar arpeggiated melody played on playback in the background. The recording is noisy, in mono, as it was probably recorded on a phone, and it sounds emotional and passionate.",False,False
1324,z_fEIZOv0JY.wav,This is a piece from a musical. The piano is playing a repetitive tune. There is a male vocalist singing melodically. There is a playful atmosphere to the piece. This piece could be playing in the background during activities for kids.,False,False
1327,zbCqre50eLM.wav,"The low quality recording features a live performance that consists of harmonizing female vocals singing over mellow piano and groovy trombone melody. There are some shoe tapping sounds from performers. It sounds fun, happy, joyful and the recording is in mono and noisy.",False,False
1328,zcc7dJIY7uc.wav,"Dub reggae music featuring a drum fill, female vocal sample with effects, a smooth sine wave synth melody in the background, percussion and guitar. The mood is smooth and easy.",False,False
1329,zd3lShuZNmU.wav,This is a calming and soothing piece played on the piano. It could be classified as a ballad. It is gentle and tranquil - there are mostly high notes being played.,False,False
1331,zeUEOxTd8IE.wav,"This is a K-pop music piece performed by a boy band. Initially, a male vocalist is singing in a rap-like manner. Then, it switches to another male vocal that is singing more melodically. The melody is being played by a crisp synth sound. The rhythmic background consists of an energetic electronic drum beat. There is a danceable feel to it. This piece could be playing at Korean nightclubs and dance clubs.",False,False
1334,zir3uL14ijM.wav,"The low quality recording features a passionate male vocal singing over sustained strings chords, wide electric guitar arpeggiated melody and smooth bass. It sounds easygoing, passionate and chill.",False,False
1336,zj2G-KVw4N4.wav,"This waltz song features accordions playing in harmony. Male voices sing the main melody. The voices sing in harmony. When the voices start to sing, the accordions play the same melody as the voices. The bass is played on a tuba. An acoustic guitar strums chords. A tambourine plays the part of the percussion. There are trumpets and clarinets playing in this song. This is a folk song. The mood of this song is happy.",False,False
1337,zjZV0tvur2I.wav,"The low quality recording features a widely spread resonating bowl tones. It sounds calming and relaxing, like something you would hear in a yoga session.",False,False
1339,zkYXE0-JsY4.wav,"This is a hard rock clip with a metallic electric guitar riff that follows the melody of the lead vocal. Percussively, there is a four on the floor drum beat that is loud and thumping. The lead vocalist has a croaky and gritty voice.",False,False
1340,zmbwvsdXlBU.wav,This dance song features a female voice singing the main melody. This is accompanied by programmed percussion playing a bass driven beat in common time. A synth plays chords in the background. The bass plays the root notes of the chords. There is a whistling sound played on a synth at the beginning of the song. This song has a happy tone. This song can be played in a club.,False,False
1342,zqbHYVH6Wqo.wav,"The song is an instrumental. The tempo is medium with traditional horn instruments playing, tambourine percussion, keyboard harmony and cymbal crashes. The song is devotional and spirited. The song has a bad audio quality with ambient crowd noises.",False,False
1343,zrb76mJOZQQ.wav,This amateur recording features the sound of two different cycle bells. The first bell is a single striking sound. The second bell has the sound of ringing. This audio clip features ambient noise as well. There are no musical instruments in this clip. There are no voices in this clip.,False,False
1346,zu_1zpF--Zg.wav,This audio contains someone playing jazz chords and melody on a e-guitar along with an upright bass also creating a slapping sound as a percussive element. In the background you can hear people talking and the sound of dishes. This song may be playing in a restaurant.,False,False
1347,zw5dkiklbhE.wav,This audio contains someone playing a wooden bongo cajon. This is an amateur recording.,False,False
1350,zyXa2tdBTGc.wav,"The song is an instrumental. The song is slow tempo with a steady drumming rhythm, triangle percussions, piano accompaniment, String synth harmony and strong bass line. The song is emotional and deeply meditative.",False,False
1354,9cojCCMSABc.wav,"The low quality recording features a passionate boy vocal singing over punchy kick, groovy bass, shimmering hi hats and crash cymbal hit and groovy piano melody. It sounds emotional and passionate.",False,False
1356,9dx9IhSqwC4.wav,This audio contains two trombone players playing a warm melody. One in a higher key the other in a lower register. This song may be playing live listening to a performance in a theater.,False,False
1358,9gSOOPDuD4Y.wav,"The low quality recording features a new age song that consists of sustained synth pad chord, bagpipe melody and subtle piano melody. It sounds mystical, soulful, passionate, emotional and ambient - like something you would hear in Scotland.",False,False
1360,9hCnEfZFZ04.wav,The low quality recording features a reverberant acoustic guitar melody. It sounds passionate and emotional. The recording is noisy.,False,False
1363,9kt7rsziUVQ.wav,"instrumental rock music with a drum kit, lots of cymbal crashes, acoustic guitar strumming, harmonized lead guitars and an active bass guitar.",False,False
1364,9m0tNvskmTc.wav,This song contains string instruments being played with a bow playing the main melody. Coming in after a flute starts playing the melody. An acoustic instrument is providing the rhythm. A guzheng is playing the same melody in a lower register. In the background you can hear crickets chirping. This song may be playing as a live performance from a music school.,False,False
1366,9mqA4YdX444.wav,"This is an Alpine folk music piece. The piece is instrumental. It is being performed by an orchestra composed of the clarinets, the accordion, the cello and the acoustic guitar. The atmosphere is cheerful. This piece could be used in the soundtrack of a movie that takes place in the Alps region.",False,False
1367,9nVpyqfyBSE.wav,The low quality recording features an excited crowd cheering for a flat female vocalist speaking afterwards. The recording is a bit noisy and in mono.,False,False
1368,9ogEGxsJcSY.wav,"A male vocalist sings this passionate song. The tempo is slow with emphatic vocals and an acoustic guitar accompaniment. The song is melodic, emotional,sentimental, passionate,pensive, reflective and deep. This song is Alternative Rock.",False,False
1369,9ohu45KlgYA.wav,"The low quality recording features a reverberant flat male vocal singing over sustained strings melody, mellow piano melody, shimmering bells melody, shimmering hi hats and groovy bass. It sounds emotional, mellow and soft.",False,False
1370,9oiSwXk8Nsk.wav,This reggaeton song features a male voice singing the main melody. This is accompanied by other male voices singing backing vocals. The percussion plays only in the second half of the song. The beat is a reggae beat. A shaker plays a rhythm in the beginning of the song when the main voice sings. Synth sounds are played in the beginning of the song. This synth plays a harpsichord voice. Synth strings are also played in between lines in the song. This song can be played in a club.,False,False
1372,9rgB0wKU1-g.wav,This is an excerpt from a music documentary on harp making. A very brief harp performance can be heard in the beginning. There is a female voice that is speaking in an instructive manner about the extent of difference the wood material makes on the sound of the harp.,False,False
1373,9uToez74x_M.wav,"A male country singer sings this passionate melody with backup singers in vocal harmony. The song is medium tempo with a strong drumming rhythm, guitar accompaniment, guitar lead, percussive bass line and percussion hits. The song is passionate and romantic. The song has bad audio quality.",False,False
1375,9x7jWb4lE7c.wav,This is an instrument showcase jam. There is an electric guitar with a mellow sound strumming simple chords. The atmosphere is easygoing. Parts of this piece can be used as an advertisement jingle. It could also be sampled for use in beat-making.,False,False
1379,9ziKfjHWqZ0.wav,"The low quality recording features a gospel song that consists of harmonizing mixed choir singing. The recording is noisy, in mono and it sounds passionate, joyful, soulful and reverberant.",False,False
1380,9zmQwBUFwd4.wav,"This is a hip-hop music piece. There is a male vocal rapping in the lead. The beat has a soul music sample as the main structure. There is a choir singing melodically. The piano and the electric guitar are playing the tune with the backing of a bass guitar. The rhythmic background consists of a mild tempo acoustic drum beat. The atmosphere is groovy. This piece could be used in the soundtrack of a crime movie, especially during the scenes where a long-lost rival is making a comeback in the town.",False,False
1381,A-7dmBdsFXc.wav,"The low quality recording features a dark tinny bells melody played over synth pad chords, followed by echoing whispering male and haunting whispering female vocals. It sounds haunting, hypnotic, creepy, scary and like something that belongs to a horror movie.",False,False
1385,A2WdjyKQ57A.wav,This is the live performance of a classical music piece. The piece is being performed with a harpsichord. It is in the minor key. The piece is medieval sounding. It could fit perfectly in the soundtrack of a historical drama that takes place in the medieval era.,False,False
1386,A2bI-MIIJfU.wav,This audio contains a synth drone playing in the lower mid-range. While another synth pad is playing a melody in a higher register along with atmospherical sounds. This song may be playing for a documentary about the universe.,False,False
1387,A2pgKzeDRqg.wav,A male singer sings this Latin dance melody. The tempo is fast with a harpist playing fast passages with an acoustic guitar strumming rhythm. The song is emotional and energetic. The audio quality is bad with ambient Street noises and high gain.,False,False
1388,A3vsvL-Yx0Q.wav,"A male singer leads backup singers in a vocal harmony. The song is medium tempo with a heavy percussive drum rhythm, strong bass line, keyboard accompaniment and a trumpet playing in unison with the vocals. The song is groovy and passionate and sounds like the theme song of a football club. The song audio quality is very poor.",False,False
1389,A446kjocnCg.wav,"This song features percussion being played at a fast tempo. The beat is of moderate difficulty. The kick is played on the first count of each bar. The snare is played on the second and fourth counts of each bar. The hi-hat is played at a unique rhythm with accents on the first 'and' and the third, third and and fourth counts. There are no voices in this song. This is an instrumental song at a fast tempo. There are no other instruments in this song.",False,False
1392,A5fPSkTvjmY.wav,"The low quality recording features a hip hop song that consists of a flat male vocal rapping over punchy kick and snare hits, shimmering hi hats, DJ scratching sound effects and groovy bass. It sounds energetic, upbeat and groovy.",False,False
1393,A6HJBIU1rD0.wav,This is a jazz song with some latin infusions into the style. The brass section plays bright and ascending melodies. The percussionists play bongos and snares with brushes. The song is fun and suitable for some loose dancing.,False,False
1396,A8CJ4YSsUgs.wav,"This is a country pop music piece. There is a female vocalist singing melodically as the lead. The melody comprises various elements such as the electric guitar, the bass guitar, the harmonica and the banjo. There is a rock acoustic drum beat in the rhythmic background. The atmosphere is easygoing. This piece could be the opening theme of a teenage sit-com.",False,False
1397,A8P5zzHCjJw.wav,This audio contains a fully overdriven aggressive kick sound with a lot of digital noise sounds. This is an amateur recording. This song may be playing in a post apocalyptic video game.,False,False
1400,AAFsg91kje4.wav,"The Electro song features a repetitive synth keys melody playing over snare roll, claps, shimmering open hats, all being affected with a filter modulation, that serves as a build up element. It sounds exciting and energetic.",False,False
1405,ABVYSaLu_VM.wav,Here we have a slow piano piece played in a major key. The peace feels calm and happy.,False,False
1406,ABWE9tjTvuI.wav,"This song has a characteristically disco-like groove, with its funky bassline. There is an electric guitar where single notes are being plucked. The vocalist has an alternative indie type voice.",False,False
1409,AD5Tc2TDCmM.wav,"This song features a guitar playing a solo.  This is played in the style of a banjo in a bluegrass song. The guitar is playing fast licks. The bass plays the root note and lower fifth of the chords. A percussion plays a simple beat and ends with a crash. There are no voices in this song. This song is an instrumental song. Due to the low quality of the audio, other instruments cannot be identified. This song can be played in a bluegrass concert.",False,False
1421,AH6Xnyj6Ykc.wav,This ska song features a trumpet playing the main melody. The trumpet plays one staccato note followed by a six note pattern and then plays the same sequence starting on a different root note. This is accompanied by percussion playing a simple beat. A keyboard plays chords in the background. The bass plays a groovy bassline. There are no voices in this song. This is an instrumental song. The mood of this song is happy. This song can be played in a comedy movie.,False,False
1422,AHmcuClSTL4.wav,"This song contains an acoustic drum playing a simple rock groove with an e-bass playing a bassline along with the e-guitar strumming chords on the same notes as the bass. A deep male voice is singing, almost streaming sounding wild and loud. Then a synth pad comes in playing a melody panned to the left side of the speaker. This song may be playing at a rock festival.",False,False
1424,AI9P6HoiJy8.wav,Male and female singers sing this heavenly harmony . The song is slow tempo with a vocal four part harmony created by a choral section. The harmony is ethereal and emotional. The music is highly relaxing and pleasing.,False,False
1425,AJROvxlmo40.wav,"The low quality recording features suspenseful strings chords layered with a reversed crash riser, after which there is a flat female vocal talking. It sounds suspenseful and intense.",False,False
1426,AJTU5RhF3S4.wav,This folk song features an accordion playing the main melody. Another accordion plays a backing melody and chords. The bass plays a groovy lick based around the root note of the chord. A triangle plays the part of the percussion. This is a low quality audio and the percussion is not audible. This song can be played in a village fair.,False,False
1434,ANaaOqwO0Uo.wav,This is a meditation music piece. There is an ambient synth sound playing very faint notes. There are natural sounds that can be heard in the piece such as the water flowing and the crickets chirping. The atmosphere of the piece is relaxing and soothing. The piece would suit perfectly as background music for a meditation video. It could also be playing in the background at spas and wellness centers.,False,False
1435,AOgbZUl0y0A.wav,This is a Khaliji music piece. There is a male vocal singing in a melancholic manner in the Arabic language. The oud is playing a solemn melody in the background. There is a sentimental atmosphere. This piece could be used in the soundtrack of a drama movie taking place in the Arab world.,False,False
1436,APSbmhJam74.wav,This is a Christian gospel music piece. There is a male vocalist singing melodically in the lead. The tune is being played by the acoustic guitar and the piano while the bass guitar is following with the root notes. The rhythm is played with brushes on the acoustic drums. The atmosphere is mellow. This piece could be playing in the background at Christian religious events.,False,False
1439,ARXTRdKCupM.wav,"The low quality recording features a punk song that consists of a groovy bass guitar, punchy kick, shimmering hi hats, energetic cymbals and aggressive electric guitar riffs. At the very beginning of the loop, there is a drum stick countdown, after which the bass drops. It sounds energetic, groovy and aggressive.",False,False
1440,ASgLbz48BaY.wav,This song features an overdriven guitar being played. One single note is played with a vibrato. A metronome is playing in the background. There are no other instruments. There are no voices in this song. This song can be played in a guitar instruction video.,False,False
1441,ATDi-irUEWc.wav,"The low quality recording features a muffled male vocal speaking, right after the didgeridoo tone. The recording is noisy and in mono.",False,False
1442,AT_076RUWPs.wav,This is a pop music piece. There is a male vocalist singing at a medium-to-high pitch in the lead. There is a melodic pad and an electric guitar sound providing the melody. A strong bass sound can be heard playing. The rhythm consists of a simple electronic drum beat. The atmosphere is energetic and danceable. This piece can be played at nightclubs and dance clubs. It could also be used during club scenes in movies.,False,False
1444,AUNK8dJzjLo.wav,This is the live performance of a traditional Greek folk music piece. The main melody is being played by a bouzouki which is a Greek instrument that is akin to the mandolin. There is a rhythmic accompaniment composed of a tambourine and the crowd clapping to the beat. The atmosphere is lively and upbeat. This piece could be playing in the background at a Greek tavern.,False,False
1445,AUPmWhim37Y.wav,"The song is an instrumental with a smattering of female and male vocals. The song is medium tempo with a groovy drum rhythm, church bell accompaniment, slick percussion hits, sustained bass hits, flute playing and vocal chants. The song is relaxing. The song is a techno lounge tune.",False,False
1450,AVVfOYSmexM.wav,"The low quality recording features a muffled echoing male vocal singing over a muffled instrumental. It sounds noisy, but also passionate and emotional.",False,False
1452,AVogdV8khxc.wav,This is a Christian gospel music piece. There is a male vocalist singing melodically and in an emotion-filled manner. The keyboard is playing the melody with a harp sound while the rhythmic background consists of a simple acoustic sounding drum beat that is only played on the hi-hats. The atmosphere is spiritual. This piece could be playing in the background at a Christian religious event.,False,False
1453,AVsNJgR_K6w.wav,This is a congregational singing performance performed at a Christian church. Male and female voices from all age groups are singing together in this piece. The atmosphere is religious. This piece could be used in the soundtrack of a gospel movie.,False,False
1456,AY_yCk4eTTI.wav,This is a tutorial video recording on how to tune an acoustic guitar to drop D tuning. There is a female voice speaking in an instructive manner as she is plucking the chords and tuning the acoustic guitar.,False,False
1459,A_NkQM85g6Q.wav,The low quality recording features a widely spread harpsichord melody. The recording is a bit noisy and it sounds emotional and passionate.,False,False
1460,A_Yd5huF2Pg.wav,"The song is an instrumental. The tempo is medium with a church organ playing melody, steady drumming rhythm, cymbals crashing, tambourine percussion, steady bass, and guitar playing rhythm. The song is exciting and retro nostalgia. The audio quality is poor.",False,False
1462,AaVUuKl8294.wav,"A boys' singing slow, stoic spiritual music accompanied by harp and a woodwind ensemble. No drums.",False,False
1463,AaajkQEU3A0.wav,This song contains someone playing a melody on the oud. This song may be playing by a performer live on stage.,False,False
1464,AagemOzvoZE.wav,"This song is a romantic duet. The tempo is medium with a plethora of instruments like the auto harp, fiddle, acoustic guitar, electric guitar, bass guitar, banjo,intense drumming, cello, violin harmony and vocal harmony. The song is a romantic, charming,emotional, passionate love song. The instrumentation style and music decibels indicate that this is the climax of a country love song.",False,False
1465,Aak-VLHtFPM.wav,"This music is a lively instrumental. The tempo is fast with an enthusiastic Brass and wind instrument harmony. The vigorous trumpets, trombone and tuba accompaniment, along with clanging cymbals and playful clarinet make for an upbeat, cheerful, happy, energetic and Perky Band Music.",False,False
1466,AareFwTIg1s.wav,Someone is playing a piece of music on an accordion. The song sounds uplifting. This song may be playing live at a local theater.,False,False
1470,Ade0UZnb6dw.wav,This is a modern sounding Afrobeat music piece. There is a male vocal singing the same line repeatedly vocal with a male back vocal ad-libbing in the background. The electric guitar is playing a mellow tune. A low-to-medium range bass line that can be heard. The rhythm consists of an acoustic drum beat with supporting percussive elements. Brass stabs can be heard every now and then. The atmosphere is groovy. This piece could be played at African nightclubs or dance clubs.,False,False
1476,AgJH6Ul1EFg.wav,"The low quality recording features a mellow piano melody playing over sustained strings melody. It sounds sad, emotional and passionate.",False,False
1479,AiGGDpbgp6I.wav,"This audio contains someone playing a 8 string e-bass, fingerpicking and tapping a soothing soft melody in a higher register with some long bass notes underneath. This may be playing live.",False,False
1484,AkHaDKuiE_s.wav,This is an instrumental percussion piece. There is an acoustic latin drum kit composed of the cowbells and the timbales. The drummer is playing an energetic solo on this kit. This piece could be playing in the background at a drum shop.,False,False
1485,AkbCw7oVkw0.wav,"The Indie song features a reverberant male vocal passionately singing over electric guitar chords. It sounds emotional, sad and passionate - like something you would listen to while feeling down.",False,False
1486,Akg1n9IWSrw.wav,This audio contains a big wind sound before an acoustic drum starts playing a pattern on the toms with an opening and closing hihat. Then a male voice starts speaking at a higher pitch. Other male voices seem to respond to him. This song may be playing in the background for a movie skit.,False,False
1488,AlVr7-ntuqw.wav,This jazz song is an instrumental song featuring a trombone playing the main melody. The trombone is accompanied by a piano playing chords using jazz rhythms. The tone changes at the end to an uplifting mood. There is no percussion in this song. This song can be used in a highway driving scene in a movie.,False,False
1495,ApDJYsi9UGg.wav,"This audio clip is a harmonica melody with vocalisation.The music is dissonant with the sound of a dog howling/whining to the rhythm of the harmonica. It is sweet, entertaining and adorable.",False,False
1496,AqSV_WKZxEc.wav,"The song is an instrumental. The tempo is slow with a string section harmony with sweeping lines of music, piano playing poignantly and emotional chord changes. The song is a movie soundtrack that has an air of suspense and hope. The song audio quality is very poor with hissing tones.",False,False
1497,Aro-HcWNsHI.wav,"The low quality recording features an acoustic rhythm guitar playing over a pop song played on playback in the background. It sounds joyful and happy, while the recording is in mono and noisy.",False,False
1501,AtWf5OAE8aM.wav,"Quirky, cheeky, jazzy music featuring a lead trombone melody, a triangle playing a swing pattern, a cheesy organ and a medium tempo.",False,False
1502,AuG9i5cwGW0.wav,"The Alternative/indie song features harmonizing male vocals singing over groovy bass, punchy kick and snare hits, straight piano chords, synth lead melody and arpeggiated synth melody. It sounds groovy and addictive - like something you would hear in clubs during the 80s.",False,False
1505,AuwwPMrH5sE.wav,"This is the electric guitar cover of a pop punk/pop rock music piece. There is an electric guitar playing a simple riff. In the backing track, a male vocalist is singing melodically at a high range.",False,False
1506,Aw2ctwyhe28.wav,This song contains acoustic drums with a fat kick drum and a funky bassline. The acoustic guitar is strumming chords in the background being panned to the left side of the speaker while a e-guitar panned to the right side of the speaker is playing the lead melody strumming chords with a wah-wah pedal. A male backing voice is singing the same melody in a loop. The male lead voice is singing over the backing vocals. This song may be playing on a road trip.,False,False
1507,AwcuLXAPFDs.wav,This song contains a complex digital drum groove with a loud snare sound and fast sharp hihats. A synth stab sound is running through a fast arpeggiator. A lower arpeggiated synth sound is provided by the bassline along with a sub bass panning to both sides of the speakers. This song is full of electronic effects and noises. This song may be playing in an arcade video-game.,False,False
1508,AzGtPHlrlzU.wav,"The low quality recording features an electro song played on a device that produces the mono sound only. The song features a flat male vocal rapping, after which there is a drop that consists of punchy kick and snare hits, shimmering cymbals and synth lead melody. It sounds exciting and energetic, while the recording is noisy and in mono.",False,False
1515,B1ixRtiUJ-U.wav,The song is an instrumental. The tempo is medium with a cellist playing a JS Bach tune with exemplary skill in a rehearsal session. The song has bad audio quality. The song is a western classical music tune.,False,False
1518,B2yLFcmZ51I.wav,"A female singer sings this cool melody with backup singers in vocal harmony. The song is fast tempo with a percussive bass line, steady drumming with various percussion hits, keyboard harmony and other sonic effects. The song is groovy and exciting. The song is a modern techno dance hit.",False,False
1520,B3WaJ_3M0vw.wav,"This clip features a combination of different parts. There are footsteps outdoors, the sound of peeling or squishiness, a muffled voice and rock music at the end. The rock music is hard rock music which features a grungy electric guitar and some simple punchy drumming.",False,False
1525,B4KIQtk7fT4.wav,This is a gear showcase jam. The bass guitar is playing a random tune while it is connected to a synth pedal that constantly changes the characteristics of its sound. The piece starts out with a fat and wobbly sound and then later turns into a crisp synth sound. These sounds could be sampled for use in beat-making. It could also work well in the soundtrack of an outer space video game.,False,False
1526,B4lGhVjoMTk.wav,The soundtrack has a bell ringing producing several overtones and a man speaking the benefits of the therapy. The music produced is healing in nature and helps in the overall well-being. The sound quality is pretty average. The tempo is slow.,False,False
1527,B5XTBvnpwqU.wav,"We hear a vintage middle eastern traditional song. The instrument is an old flute, and we have an elderly man singing. There's a crackling sound throughout the  recording.",False,False
1531,B9IAl-ygE2k.wav,"This techno song features a male voice narrating a line. The song starts off with programmed percussion playing the kick and sleigh bells on alternate counts of the bar. A sliding sound is heard in the background like a sleigh on snow. The volume of the sliding sound increases in volume toward the end. A vinyl scratch is played two times. Toward the end, the instruments pause and a male voice narrates a line. This song can be played in a promotional video about a Christmas DJ party.",False,False
1532,B9K58KYq-Cs.wav,This is a meditation track. There is a mellow sounding ambient synth in the background. A female voice can be heard speaking gently in the Spanish language. The general atmosphere of the track is calm.,False,False
1533,B9ME0Vcm_xA.wav,"This is an instrumental alternative music piece. There are two electric guitars with heavy effects playing chill melodies. A distinct crackling effect can be heard. The rhythm consists of a medium tempo percussion beat. The atmosphere is trippy. This piece can be used in the soundtrack of a drama movie, especially during a flashback scene involving good memories.",False,False
1535,BBSApRvkaqY.wav,This is the sound of a didgeridoo being played. This sound alternates between a droning sound and a deep bass sound. There are no other instruments in this song. There are no voices in this song. This song can be played in a movie featuring aboriginals.,False,False
1540,BEZdszHKGTQ.wav,"This is a tutorial of a song that could be described as blues-rock. The performer plays the harmonica while strumming chords on an acoustic guitar. The feel of the instrumental is reflective, mellow and bluesy.",False,False
1541,BEhIGoq9tow.wav,"The low quality recording features a mellow synth pad, mellow snare hits, soft kick hits, reverberant tinny bells, groovy bass and there is a flat male vocal singing over it. It sounds calming and relaxing.",False,False
1552,BMxgDBoPv_0.wav,"This music is a soft instrumental. The tempo is slow with a beautiful keyboard harmony. The music is soft, mellow, sentimental, nostalgic, melancholic and romantic. This song is classic pop.",False,False
1553,BN63M3_lPCQ.wav,"The low quality recording features a folk song playing in the background while the flat male vocalist is speaking. The song contains shimmering shakers, acoustic rhythm guitar, wooden percussion and harmonica melody. The song sounds happy, joyful and soulful.",False,False
1555,BQ_KrefFiTw.wav,This is an Iranian classical music piece. There is no singer in the piece. The melody is being played by the tar which is an Iranian lute. The rhythm is being played by the daf which is an Iranian percussion instrument. The atmosphere is profound. This piece could be playing in the background at an Iranian cuisine restaurant. It could also be used in the soundtrack of a mystery movie that takes place in the Middle East.,False,False
1559,BSLriWJ7hn8.wav,"The low quality recording features bagpipes melodies playing over snare rolls. It sounds traditional and passionate, as the recording is in mono and noisy.",False,False
1562,BTMWpYzpu5g.wav,"This is a traditional south asian song featuring the use of a pair of tablas for percussion, violins and a sitar. On the sitar, a rapid ascending melody is played in eighth notes. The song is played at a medium tempo and suitable for some energetic dancing.",False,False
1563,BUDb8YieUgU.wav,"The low quality recording features an electro song that consists of a punchy kick, shimmering hi hats, echoing stuttering vocal, punchy snare and synth down sweep. It sounds energetic and exciting.",False,False
1565,BVonSUC3zIQ.wav,"The Jewish religious instrument shofar is being played. It has a sound that resembles a bugle. In between each articulation, sounds of a dog barking can be heard coming from the street.",False,False
1566,BVt8RgNrwbQ.wav,"The low quality recording features an ambient song that consists of a wide echoing female vocal talking over resonating bowl tone and mellow percussion. It sounds passionate, percussive and hypnotic.",False,False
1572,BXcEsM8ykhE.wav,This song contains someone playing a harp along with someone playing a melody on a transverse flute in the higher mid range. In the background you can hear people whispering.,False,False
1574,BXv69uAoHk4.wav,"The Soul song features a passionate male vocal, alongside wide, harmonizing background female vocals, singing over shimmering chime bells, shimmering hi hats, mellow piano chords, wide strings chords, electric guitar melody and simple bass guitar. It sounds passionate and emotional - like something you would sing to your partner.",False,False
1575,BYi0fAZtBls.wav,"This music is an Electronica instrumental. The tempo is fast with synthesiser articulations, hard hitting digital drum beats and electronic arrangements with a repetitive female vocal riff. The music is punchy, vibrant, thumping, pulsating, youthful, enthusiastic, energetic ,psychedelic, hypnotic, trance like and buoyant. This music is EDM/Synth Pop.",False,False
1576,BYnYTgeM6Go.wav,"This is a live recording of a performance on the bagpipes. There are two bagpipes, one playing a low pitched buzzing hum and the other playing an intricate celtic-style melody. The audio quality is poor.",False,False
1583,Bap5P9buB0Y.wav,"The low quality recording features an echoing flat male vocal, alongside harmonizing male vocal, singing over sustained strings melody, shimmering open hats, wooden percussions, punchy kick and groovy bass. It sounds traditional and passionate.",False,False
1584,BcVapmCbULQ.wav,"This is a drum beat in the rock and roll style, with a drum roll in between that's intricate. The snare, toms, hi-hats and crash cymbal are used.",False,False
1585,Bd9TjPP31U0.wav,"This is an R&B/soul music piece. There is a female vocalist singing melodically while another female vocalist is singing the backing melody. The keyboard is playing the main tune. There is a bass guitar playing in the background. The rhythm is provided by a ballad-type slow tempo acoustic drum beat. The atmosphere is sentimental. This piece could be used in the soundtrack of a drama movie, especially during the scenes of a reunion or a homecoming after a long period of separation.",False,False
1586,BdKiPR3kdjo.wav,This Spanish pop song features a male voice singing the main melody. This is accompanied by percussion playing a Latin beat. A shaker or maracas plays a continuous rhythm. An accordion plays chords in the background. The bass plays the root note of the chords. This song can be played at a party. The mood of this song is romantic.,False,False
1587,BdhaR2QUGqY.wav,This song contains a cymbal holding the rhythm while different piano and keyboards are playing melodies. A xylophone is playing a melody in a higher pitch on top of that. A female voice choir sample comes in every year and then being part of the rhythmic composition. This song may be playing in a adventure video-game with beautiful landscapes.,False,False
1590,BfUoopDpmmY.wav,"The low quality recording features a children's song that features a flat male vocal, alongside wide harmonizing children vocals, singing over acoustic rhythm guitar, steel guitar melody, happy bells melody, soft kick hits, mellow snare hits, shimmering hi hats and groovy bass. It sounds joyful, happy and exciting.",False,False
1591,BgTB_xt11bA.wav,This song contains digital drums playing along with a raw synth bass sound playing a melody while a male voice is rapping in a higher key. Then a female voice takes over singing a melody along to the bass. This song may be playing loud when at home alone.,False,False
1593,BhJa0kTUdGY.wav,Two acoustic guitars being strummed can be heard while a male voice is singing in the mid range. Someone is strumming chords in a higher key alone. In the background you can hear acoustic drums and the crowd is cheering. This song may be playing live in a pub.,False,False
1594,BhYaXU1MVcQ.wav,The low quality recording features a sustained horn tone. There is a subtle inhale sound and it sounds reverberant as if it was recorded in a room. The recording is noisy and in mono.,False,False
1595,BiPwCMlghhQ.wav,This reggae song features a male voice singing the main melody. Other male voices sing backing voices repeating the same melody in between lines. This is accompanied by percussion playing a simple melody using reggae rhythm. The bass plays a groovy bassline using runs within the scale. A guitar plays chords by muting technique producing a reggae rhythm. A keyboard plays chords in the background. This song can be played in a documentary about alleviating poverty.,False,False
1596,BiqPn3d_dKM.wav,This audio contains someone playing a very low sounding bass flute like instrument. Playing a rhythmic melody with a percussive sound created with the mouth. This song may be playing during a live performance from a busker.,False,False
1601,BkSCfcTBMRY.wav,"This is a classical music piece performed by a trio of the violin, the cello and the piano. The melody being played is a gentle one and there is a feeling of resolution in this section of the piece. This piece could be used in the soundtrack of a drama TV series during the closing scenes.",False,False
1608,BojCkFK3pNg.wav,"This music is instrumental. The  tempo is fast with a lively and happy harpsichord melody. The music is upbeat, engaging, happy, cheerful and peppy. This music is a Classical piano/harpsichord Instrumental.",False,False
1609,BpLUOKHl51E.wav,The low quality recording features a reverberant intimate female vocal singing over sustained strings and mellow piano. It sounds loud and emotional and the recording is extremely noisy and in mono.,False,False
1610,BqIZipifARo.wav,"The song is an instrumental. The tempo is medium with an electric guitar playing a dreamy solo with a keyboard accompaniment , string section harmony and rhythmic percussion rhythm. The song is passionate and emotional. The song is a rock guitar instrumental.",False,False
1615,BscoQHJrNm8.wav,"The low quality recording features a metal song that consists of a screaming female vocal singing over punchy kick and snare hits, energetic cymbals, groovy bass guitar, wide distorted electric guitars, strings melody and repetitive piano melody. At the very end of the loop, there is a short distorted static sound. It sounds energetic, aggressive and manic.",False,False
1617,BtdzVnXZ0i4.wav,This is a theme from a movie soundtrack. It is an instrumental piece. There is a synth playing a mellow tune at a low-to-medium range. The tune has a melancholic feel to it. It could be used in the soundtrack of a drama movie during introspective scenes where a character is reminiscing over troublesome memories.,False,False
1618,BurGML_ZqSA.wav,This sound is of a doorbell. It is playing a high pitched melody with a chiming sound. There are no other instruments in this song. There are no voices in this song. This sound is similar to what you would find in a music box.,False,False
1620,Bx3nzrmGXhw.wav,A female soprano singer sings this high pitched melody. The song is medium tempo with just the singer singing this hauntingly beautiful choral melody with no accompaniment. The song is emotional and devotional. The audio quality is bad.,False,False
1624,ByF0pp-dVEo.wav,This audio contains someone beatboxing. Then a male voice starts singing loud and at a higher pitch. The crowd is cheering in the background. This song may be playing live during a beatbox performance.,False,False
1627,BzM0qok5Cns.wav,"The low quality recording features a commercial song that consists of an acoustic rhythm guitar, claps, shimmering shakers, shimmering bells melody, synth lead melody, simple bass and generic female voice tag. It sounds happy, fun and joyful.",False,False
1628,C-1i2GlbiIY.wav,"A male vocalist sings this emotional R&B song. The tempo is slow with a melancholic piano accompaniment with drum machine arrangement. The song is an emotional , soulful, pensive, sentimental,melancholic, romantic love song. This song is a Soul/R&B.",False,False
1629,C-7ubPOCeJk.wav,"The Pop song features a passionate female vocal singing over groovy bass, wide electric guitar melodies and shimmering shakers, as the overall audio is slowly fading out. It sounds addictive, passionate and intimate.",False,False
1631,C0AQyOVGvFM.wav,"A male vocalist sings this mellow song.he tempo is medium with jazz style piano accompaniment, synthesiser articulation, slick drumming, funky bass line, cajun beat and an interactive vocal harmony. The music is mellow, soothing, ambient, soulful, passionate, emotional and persuasive. This song is a contemporary R&B/Soul.",False,False
1632,C0eCERYt4bA.wav,This is a live performance by an African music group in a gospel style. The drum pattern is intricate and there are other percussive elements like an occasional bongo and a wooden percussion instrument. The melodic elements are the vintage sounding electric piano  as well as the vibrant and fun brass melody played on the trumpets.,False,False
1641,C4MeKaeaPcU.wav,This is a recording of a skilled organ player playing some intricate motifs on the organ. The music is soulful and also has a gospel feel to it. It's a live recording with low-quality audio.,False,False
1643,C5Zs-Lb2rIM.wav,"A male vocalist sings this passionate Hip-Hop. The tempo is medium fast with synthesiser articulation, digital drumming and turn table effects with vocal backup. The song is enthusiastic, passionate, persuasive, emphatic, emotional , youthful and groovy. This song is a freestyle Hip-Hop.",False,False
1644,C6-JxDWYJ-A.wav,"The low quality recording features a flat male vocal singing over groovy bass, brass melody, punchy snare and shimmering hi hats. The recording is messy, noisy, distorted and in mono, vintage as it is probably old.",False,False
1647,C6ws4MxOH2Y.wav,The recording features a tutorial for a cover of a pop song and it consists of a saxophone melody alongside some buttons tapping noises. It sounds warm and mellow.,False,False
1651,C9e2k030QcY.wav,The song is an instrumental. The tempo is medium with a  Harpsichord being played by an elder gentleman in classic baroque style. The music is engaging and exciting. The song audio quality is poor.,False,False
1653,CAbNGe1PWoY.wav,"This is a heavy metal music piece. There is no singer in this piece. There is a complex electric guitar solo being played. The melodic background consists of the distorted electric guitar and the bass guitar. The rhythm is being played by the acoustic drums. The atmosphere of this piece is loud and hard-hitting. This piece could be used in the soundtrack of an action-filled cartoon/animation movie, especially during the combat scenes.",False,False
1660,CHo8wKj9J1w.wav,"The song is an instrumental. The song is medium tempo with a percussionist practising Latin bass drums with a  drum stick to a music track with male vocals, trumpet harmony and other percussion. The audio quality is poor and boomy.",False,False
1664,CKEPPcaCjbw.wav,solo electric guitar music with a clean tone. The guitar is slightly out of tune. The music mostly consists of single notes as opposed to chords. The guitar plays blues licks.,False,False
1665,CKO35LsM0XI.wav,"The low quality recording features an indie rock song that consists of passionate female vocal singing over energetic drums, electric guitar solo melody and groovy bass, over which there is a flat, nasal and muffled male vocal narrating. The song sounds energetic and uplifting.",False,False
1668,CM2rKZmcR0I.wav,"This slow pop song features a male voice singing the main melody. Another male voice sings backing voices in harmony with the main melody. A synth plays the same melody as the main voice using staccato notes. This is accompanied by percussion playing a trap beat. The bass plays the root notes of the chords and flourishes during chord changes. The bass notes are played without pausing in between notes. Instead, the notes are slid into each other. The mood of this song is romantic. This song can be played in a heartbreak scene in a romantic movie.",False,False
1669,CM7jMnBXw2Y.wav,"This rock song features a guitar solo being played on a distortion guitar. This starts off with a string bend followed by a descending lick. A harmonic string scratch technique is played to produce a screeching sound. This is followed by a fast ascending scale run. This is accompanied by percussion playing a simple rock beat. The bass plays the root notes of the chords. There are no voices in this song. This is an instrumental. Due to the low audio quality, the instruments are not clearly heard.",False,False
1674,CPX6f-Awx-0.wav,"A male vocalist sings this spirited French Pop song. The tempo is medium with electronic music, synth arrangements and slick digital drumming. The song is youthful, peppy, buoyant, perky, catchy, romantic, simple and charming. This song is a contemporary French Urbano.",False,False
1678,CRHEuoCnI74.wav,This clip features a note played on a saxophone. The note goes slightly flat and slightly sharp over the course of playing. There is no melody in this song. There are no other instruments in this song. There are no voices in this song. This song can be used for an instruction video on holding a note on a saxophone.,False,False
1680,CRUd8kY3L70.wav,"This music is an energetic instrumental. The tempo is fast with a vivacious harmonica lead, lively guitar rhythm, enthusiastic cello and punchy drumming. The song starts with an enthusiastic vocal riff. The music is an upbeat, catchy, buoyant, peppy, youthful, energetic and lively Harmonica instrumental.",False,False
1682,CSzMTqkLHyg.wav,"This is a home recording of a didgeridoo performance. The performance is in the low-to-medium range. There is a raw, tribal atmosphere to this recording. It could be used in the soundtrack of a horror video game that has a jungle/primal setting.",False,False
1684,CVgLrsBPt4o.wav,This song features a didgeridoo being played. Only one note is played. A male voice narrates a line before playing the instrument. There are no other instruments in this song. There is no melody in the music.,False,False
1688,CYZZIkEw_jY.wav,"This music is an energetic drum solo. The tempo is fast with an enthusiastic, vigorous drumming riff. The drummer uses the snare and bass drum to create a thumping beat. It is youthful, rhythmic,vivacious, upbeat ,buoyant and infectious.",False,False
1689,CYuYfvQv4eo.wav,This is the live performance of a jazz music piece. There is an organ playing the chords in the background. There is a complex and improvised saxophone solo in the lead. The acoustic drums are playing a mellow jazz beat. The atmosphere is rather tranquil. This piece could be playing in the background at a coffee shop or a classy restaurant.,False,False
1691,CZZSQ6rd8h0.wav,This audio contains someone playing a violin with a sad melody and strong bow strokes. The piece sounds as if someone is frustrated and emotional. This song may be playing at a concert.,False,False
1695,CaCjiFUL6Fg.wav,This audio contains someone playing tablas along to a string instrument playing a melody with a bow. A female voice is singing the same melody. This song may be playing live singing along to train singing.,False,False
1697,Cd7JefC6-Zw.wav,"This music is a youthful instrumental. The tempo is fast with a DJ using a turntable to manipulate sounds and music on a turntable using vinyl records. The music has a repetitive, catchy vocal riff , thumping beats and scratching sounds.",False,False
1699,CdWA-SNcYpM.wav,This clip features low quality audio. The song is a heavy metal song where a guitar solo is played on the higher register of the scale. This is accompanied by percussion playing an uptempo beat. The bass plays a heavy riff using open notes and its octave. The distortion guitar plays power chords. There are no voices in this song. This is an instrumental song. This song can be played in a racecar sequence in a movie.,False,False
1701,Ce-Xok6SRPU.wav,"This is a classical orchestral piece. The piece gives off the feeling of intensity and excitement. It would be used in  any scene that is thrilling and suspenseful. We hear french horns, violins and tubas. The violins are used to create a hurried moment of tension before descending back to the main motif on the brass instruments.",False,False
1702,CeaWlENtRio.wav,"The low quality recording features a traditional song that consists of a repetitive and addictive string melody, wooden percussion and shimmering cymbals. It sounds really energetic and addictive - almost like a pop song would. The recording is a bit noisy and the left channel of the stereo image is occasionally muffled.",False,False
1706,ChCdYoDz7CY.wav,"Kid voices are talking along with female voices. Then a background song starts playing a track containing acoustic drums, a piano and a female voice singing. The kids are singing along loudly, sounding cheerful. This song may be playing in a classroom full of kids.",False,False
1707,ChqJYrmQIN4.wav,"The low quality recording features a live performance of a folk song that consists of an accordion melody playing over groovy bass, shimmering hi hats, punchy snare and electric guitar melody. There are crowd chattering noises in the background. It sounds passionate and groovy.",False,False
1709,Ck-1kRnHqro.wav,This audio contains complex and fast acoustic drums with a lot of cymbal hits along with a tambourine shaker. E-guitars and e-bass are playing along to the drums. This piece is in a 7/4 time signature. This song may be playing at a live rock concert.,False,False
1710,Ck_bvV8Aa-k.wav,This is the amateur recording of a jazz music piece performed live on the street. The volume of the recording is quite low. There is a female vocalist singing upfront. The tuba is playing the bass line as an accompaniment to the vocals. The tuba player is playing a minimal acoustic drum kit made up of just a drum kick and a ride cymbal in the meantime. There is a swing feel to it. The quietness of the recording makes it sound like the music is coming from vinyl. It would suit perfectly as a piece in a movie playing on a vinyl record player.,False,False
1715,CnTMm-bzssM.wav,"The low quality recording features a mellow piano melody, followed by sustained strings melody. It sounds sad, emotional and melancholic.",False,False
1717,CpHRQ-f4UtA.wav,This song contains a timpani hit going along with single notes of an upright bass. A string section is playing a simple melody in a higher key while an oboe/flute is playing the lead melody. In the background you can hear a brass section playing along with the strings rising and falling in volume. This song may be playing in a sad and mystic movie scene.,False,False
1719,CqtknE729Lw.wav,This is an instrumental classical music piece with clear Italian influences. There is a piano playing a gentle melody and a mandolin being strummed rapidly but with low velocity. The atmosphere is relaxing. This piece can be used during the scenery shots of a romance movie taking place in a Mediterranean country.,False,False
1721,CretxKgW4Jk.wav,This is a K-pop music piece being performed live by a girl group. There are female vocals singing melodically. There is a keyboard playing a simple and repeated theme. The rhythmic background consists of a danceable electronic drum beat. The atmosphere is easygoing. This piece could be playing in the background at a clothing store.,False,False
1723,CrkxrgTiVyk.wav,"The low quality recording features a live performance of a jazz song and it consists of a groovy bass guitar, groovy rhodes keys, electric guitar melody, shimmering hi hats, punchy kick and punchy snare hits. It sounds groovy, funky and passionate. The recording is noisy and in mono.",False,False
1728,CwImmV7q1MY.wav,"The low quality recording features a harmonica solo melody playing over a boomy playback song in the background. The song consists of shimmering hi hats, groovy bass and electric guitar melody. The recording is noisy and in mono.",False,False
1730,CwmUMySSNQc.wav,"A male and female singer sing this vocal duet. The song is medium fast tempo with a guitar accompaniment, steady drumming rhythm with exciting drum rolls, cymbals crashes and a percussive bass line. The song is romantic and exciting. The song is retro pop with a bad audio quality.",False,False
1731,CxTFgimfNfA.wav,This audio contains a loop repeating a beatbox pattern and clapping sound. A horn is playing a lower melody while someone is playing a long note on top in a higher key. This is an amateur recording and may be playing while looping yourself.,False,False
1732,CxgVq6eovRU.wav,"The low quality recording features a drums tutorial where a flat male vocalist is talking after shimmering his hats, snappy snare hits and pumping kicks. It sounds groovy and the recording is noisy.",False,False
1733,Cy3HWnwMLyI.wav,"This music is an intense instrumental. The tempo is medium with an incessant droning of the didgeridoo, stringed instrument riff, and synthesised sounds like metallic sounds,menacing grunts, roars, echoes, resonance and bells ringing in the distance. The music is intense, sinister, dangerous, anticipatory, burgeoning, spooky and hostile. This is an Electro Trap.",False,False
1736,CzHZNJEV-3o.wav,This clip features a nursery rhyme. The singer plays the guitar and sings in a calm and gentle tone. The singer misses some notes on the guitar - playing with some mistakes. The quality of the audio recording is low.,False,False
1738,D-PxXM2I5gY.wav,The low quality recording features a chill electric guitar melody. It sounds easygoing and relaxing. The recording is noisy and in mono.,False,False
1743,D3f5VIJYR7M.wav,The low quality recording features a saxophone scale run melody. The recording is noisy and in mono.,False,False
1744,D3ht_xXl5S0.wav,"The low quality recording features a disco song that consists a fruity male vocal singing over groovy bass, punchy ""4 on the floor"" kick pattern, wide funky electric guitar chords, shimmering open hats, muffled punchy snare, shimmering bells melody, groovy bass, high pitched sustained strings melody and low toms. There is a short snippet of harmonizing vocals at the end of the loop. It sounds energetic and addictive.",False,False
1745,D3q_stCeCA8.wav,This is an African folk music piece. There are two female vocalists and a male vocalist singing in a tribal style. The rhythm is played by one of the singers with a shekere in her hand. The atmosphere is vibrant. This piece could be playing in the soundtrack of an adventure movie that takes place in Africa.,False,False
1746,D4GVgBX1eYc.wav,This composition contains a cello playing in the lower register providing a bass melody while other violas and violins are playing a melody and a countermelody in the mid to high range. This song sounds suited for a wedding proposal.,False,False
1748,D644BWAUOXo.wav,"This is a gentle, soothing and meditative song of South Asian origin. The electric piano is played along with a group of singers who sing calmly in unison. The song has an uplifting emotional effect.",False,False
1749,D6xrH93lnoc.wav,This is a rock-n-roll music piece. There is a male vocalist singing as if he is telling a story in the lead. The electric and the bass guitar are playing a simple tune. The acoustic drums are playing an upbeat rhythm with a heavy use of rimshots. The atmosphere of the piece is groovy. This piece could be used in the soundtrack of a romance/romantic comedy movie where the protagonist cannot stop thinking about a girl.,False,False
1753,D7z2Q-hH25s.wav,"This salsa song features a male voice singing the main melody. This is accompanied by percussion playing a salsa beat. The piano plays a typical salsa rhythm using the main chords for the song. The bass plays the root note and fifth of the chord. Due to the low quality of the audio, other instruments are not audible. This is a cover song of another famous song. This song can be played for a salsa dance.",False,False
1755,D8zK7PHIkgA.wav,"A male vocalist sings this enthusiastic hip-hop song. The tempo is medium fast with a lively keyboard harmony, slick drumming, subtle drumming, cymbals, synthesiser arrangements and enthusiastic vocal backup. The song is lively, spirited, youthful, passionate, emotional and persuasive. It talks about love, peace, freedom,harmony and kindness towards humankind. This song is a Reggae Fusion/ Hip-Hop song.",False,False
1756,D9893od03Sc.wav,"The low quality recording features a live performance of a country song that consists of an acoustic rhythm guitar, groovy bass guitar, shimmering hi hats, simple kick, punchy snare and steel guitar repetitive melody. At the end of the loop, there is a short snippet of passionate male vocal singing, while at the beginning there is a crowd clapping sound. It sounds joyful and addictive.",False,False
1758,DA3fNvbZoBM.wav,"This is a quintessentially folk-rock song, with at least a three-part country-folk harmony. There is an acoustic guitar arpeggio throughout the clip, and a powerful stab on the bass strings every second bar. The song feels sombre, in a way.",False,False
1761,DAX9uKYlDvw.wav,This is a traditional Latin American song which would be suitable for salsa dancing. There are layers of percussion including bongo drums and snare drums. The pianist plays intricate melodies and the brass section plays vibrant and punchy motifs. It's a live performance with a relatively poor audio quality. There is a male group of singers performing energetically.,False,False
1763,DC0C-KO9EJk.wav,"This song contains a synth bass changing pitch really fast along with a digital drum groove. A distorted e-guitar is playing a riff that is panned to the right side of the speakers. This audio may be playing in a fast paced, arcade video-game.",False,False
1769,DGON0D8E17Q.wav,"This music is instrumental. The tempo is fast with a burgeoning beat and digital swishing sounds. The music clip seems to be the introduction of the song as it starts with a slow tempo and decibel and rapidly builds up to a faster beat. The music is youthful, buoyant, energetic, pulsating and high spirited. This song is an Electronica/Techno Pop.",False,False
1771,DHo1z0_ZUNA.wav,The song is a slow country song - a country ballad played on a steel guitar. This is the type of song that would be suitable for an old country western movie where a hero character walks into a diner. This is a live recording and the song has a slow tempo.,False,False
1775,DLDZrtwyY_Y.wav,"The song is an instrumental. The song is medium tempo with a brass quartet playing French horns playing a well known movie soundtrack to the crowds cheering, clapping  and whistling. The sound quality is bad with ambient crowd noise.",False,False
1777,DMwvY--3XD0.wav,This children's song features the voices of children singing the  main melody. This is accompanied by percussion playing a simple beat. A keyboard plays the sounds of a marimba to give this song a reggae feel. The bass plays the root notes followed by a run at every chord change. This song has a happy mood. This song can be played in a children's animation movie.,False,False
1783,DPW5M1FYxu4.wav,This composition contains acoustic guitars strumming chords panned to the right side of the speakers. Other plucked string instruments are playing a melody along. An acoustic drum is playing a simple dance groove with a pregnant hihat. In the background you can hear an upright bass and violins playing a melody on the next part of the song. A male voice is singing in the mid-to high range. This song may be playing live.,False,False
1785,DQrdOgRb-oA.wav,This is an ambient/electronica music piece. It is an instrumental piece. There is a granular synth playing a vague sounding melody while a warp effect enters and a piano starts playing gently. There is a nostalgic and melancholic feel to it. This piece could be playing in the soundtrack of a drama movie during a scene where the feeling of regret is emphasized.,False,False
1786,DQzg3cZeYSw.wav,This is an amateur recording of a little girl performing on a turntable. The girl can be heard talking to the person behind the camera. There is a repeating male vocal sample and an electronic drum beat in the piece that is playing. There is an urban atmosphere to the track.,False,False
1789,DTnCrtCro44.wav,"This song features a didgeridoo playing the main melody. This is a droning sound. This is accompanied by percussion playing a simple beat. A bass playing fills in the same scale as the didgeridoo melody. A piano plays filler chords in between lines. In the background, the sound of crickets is played. The sound of birds chirping is played. This song can be played in a meditation session. There are no voices in this song.",False,False
1790,DU3Vlaa8rU0.wav,The low quality recording features a tutorial on boomy organ keys narrated by flat male vocals. It is noisy and the recording is in mono.,False,False
1794,DV5mynb77JM.wav,Here we have a guitarist playing an intricate rock motif on the electric guitar. We hear some rapid plucking of a melody that sounds dark and mysterious. This is a live recording.,False,False
1796,DW3z-ByrfWY.wav,"The low quality recording features a flat male vocal talking over digital synth melody, followed by stuttering buzzy noise. The recording is in mono and very noisy.",False,False
1797,DW7Qe-50X_A.wav,This is a Jordanian folk music piece. There is a male vocalist singing in the Arabic language in a melancholic manner. The melody is being played at a medium range by the rabab. There is a string section backing holding a single note. The atmosphere is solemn. This piece could be playing during a mourning scene in a drama movie that takes place in the Arab world.,False,False
1798,DX4_QlYLq30.wav,This is a lullaby music piece. It is an instrumental piece. There is a music box playing a gentle melody in the major key. The atmosphere is calming and relaxing. This piece could fit perfectly in a playlist meant to be played for babies before sleep. It could also be playing in the background at a daycare center.,False,False
1799,DXd83S6NHLg.wav,This clip features the sound of a Tibetan singing bowl.  The sound is a high pitched sound that is sustained without breaks. It's a relaxing and serene sound.,False,False
1800,DXeiJpZXVAI.wav,"The low quality recording features a live performance that consists of shimmering hi hats, claps, groovy bass, groovy piano melody, brass melody and punchy snare. In the second half of the loop, there is a boomy microphone feedback, which makes a happy and fun atmosphere a bit suspenseful.",False,False
1802,DYp8940tHso.wav,This is the guitar cover of a speed metal/progressive metal piece. The distorted electric guitar is playing a solo. There is a rapid and complex procession of notes in the solo which is played by the shredding technique. There is a loud and violent atmosphere to the recording. The quality is quite poor since the recording is a bit dated.,False,False
1806,D_usHKfOXCw.wav,This audio features a drum practice pad being played. A shuffle beat is played on the practice pad. There are no other instruments in this song. A male voice narrates instructions. This song can be played in an instructional video on the shuffle beat.,False,False
1813,DgVpK6r7JT4.wav,"This is an excerpt from a dubbed anime. There is a male voice speaking in a funny manner. Then, a dramatic orchestra piece starts playing to imply something is about to happen. The brass section and the timpani are playing a rising pattern until a sneeze and hissing sounds can be heard. There is a peculiar feel to this track. Parts of it could be sampled for use in beat-making.",False,False
1814,DgqPgNqW2hE.wav,"A female singer sings this beautiful vintage French melody. The song is medium tempo with a steady drum rhythm, steady bass line, piano accompaniment , string section harmony and some lush snare play. The song is romantic and cheerful with an avant-garde nature.",False,False
1816,Di7Rs4QmYKI.wav,This is a classical music piece that resembles the style of a march. It is an instrumental piece performed by a brass orchestra. The main theme is being played by the trombones while a bass line is played by the tuba. The tempo of the piece is slow and this creates an epic but solemn atmosphere. This piece would work perfectly as a movie music piece. It could be playing during the scenes of an important character dying.,False,False
1818,DkZ1Or_D-g8.wav,This audio contains someone creating sounds with a theremin. This is not a musical composition. This is an amateur recording.,False,False
1825,Du3Q6NdsSso.wav,"The low quality recording features a cover that consists of a muffled tuba melody. The recording is very noisy, in mono - as it was probably recorded with a phone, but it sounds happy and fun.",False,False
1826,DueNcVFHI0k.wav,This amateur recording clip features a snare drum playing a continuous roll. It is like a marching beat. It sounds like a roll made before an important announcement in a kingdom. This is an instrumental clip. There are no voices in this clip. There are no other instruments in this clip.,False,False
1827,Dv21JlCT4_k.wav,This is a Gregorian chant performed at a Christian Orthodox church setting. There is a female vocalist singing in the lead while a choir is singing in a hum-like manner at low-to-medium pitch. The atmosphere is religious and the character of the song is solemn. This piece can be used in the background at Orthodox religious events. It could also be playing in tragedy/aftermath of battle scenes in historical drama movies or TV shows with a Balkan/Eastern European setting.,False,False
1828,DvN5813H7Bo.wav,This is a reggae music piece. There is a male vocalist singing in a laid-back manner. The keyboard is playing the main tune. The electric guitar is being strummed in a staccato off-beat pattern. There is a groovy bass line being played by the bass guitar. The rhythmic background consists of a reggae acoustic drum beat. The atmosphere is chill and trippy. This piece could be used in the soundtrack of a romance movie with a tropical setting.,False,False
1830,Dx58W7opw5A.wav,This song features a song being played on a didgeridoo. This features a droning sound. A shaker is played through the song and is doubled in tempo at the end of the song. An acoustic guitar strums chords. This song can be played at a club.,False,False
1833,E29kpquu8W4.wav,"The Drum & Bass song features a mellow electric guitar melody, synth pad chord, long crash cymbal, buzzy synth lead melody and distant, fading out drums playing in the background. It is very reverberant, thus the song has a spacey vibe. It sounds relaxing and calming.",False,False
1834,E2gstPe3Im4.wav,"This music is instrumental. The tempo is slow with a steady, droning keyboard harmony and synthesiser arrangements to create sounds like howling wind, door thudding and a rhythmic male vocal riff. The music is serious, suspenseful, grim, spooky, sinister, chilling ,anticipatory and terrifying. This music is Synth Pop.",False,False
1835,E2v025Ilsqo.wav,This Indian folk song features a male voice singing the main melody. This is accompanied by tablas playing the percussion. A flute and another wind instrument voice are played on a synthesizer. The synth repeats the melody which is sung by the voice. A tambourine plays on every count of each bar. This folk song can be played in a village scene in an Indian movie.,False,False
1838,E4To9BC2jx8.wav,This is a folk rock song with a strong Irish influence. We hear a typical Irish fiddle tune played on the violin - as the leading melodic motif for the instruments. The singer has a burly rock and roll voice and the song just has a general feel-good aura to it.,False,False
1840,E6B81rrUlnE.wav,The low quality recording features a swinging and resonating sound. The recording is noisy and in mono.,False,False
1841,E6JR3htwgyE.wav,The song is instrumental. The song is medium with a bell ringing with echoes in the room. There is no other instrumentation. The song is healing and relaxing in nature. The audio quality is bad with ambient room noise.,False,False
1844,EBpa2CADNJA.wav,This is a live recording of a blues piece being played by a guitarist. The audio recording is vintage and the quality could be improved. The guitarist plays an intricate finger picked piece with slides embedded between the plucked notes.,False,False
1848,EFlGHxV5WsY.wav,"Heavily effected, instrumental psychedelic rock music featuring phaser effects, strummed acoustic guitars, and bass guitar played in a compound meter. The feeling is airy.",False,False
1849,EGIeykrN4eg.wav,"This song is vibrant, alive, exciting and fun. It features elements of inspiration from Latin and French music, as heard in the use of the flamenco guitar alongside the accordion.The song is suitable for dancing, and has a charming bounce to it. The initial part of the song builds up to the section that's most alive and layered.",False,False
1850,EHm7vLZewS0.wav,"A female vocalist sings this melodic Soft Rock. The tempo is medium with intense electric guitar harmony, keyboard accompaniment, synthesiser arrangements, steady drumming and subtle bass. The vocals are soft and melodic . The song is passionate, emotional, euphonious, simple, fresh and pleasant. This song is contemporary soft rock.",False,False
1857,EN_FOFkxAEw.wav,"The low quality recording features an ambient song that consists of mellow wide bells and wide low synth pad playing in the background. It sounds calming, relaxing and hypnotic, like something you would hear in a hypnotic therapy session.",False,False
1859,EOaQnfDjVyo.wav,"This is a live recording of a symphonic orchestra. The recording quality is good, and every section is clearly audible. The music creates excitement and a feeling of needing to hurriedly get somewhere.",False,False
1860,EPjfqS5NvCY.wav,A male voice is speaking while someone is playing an e-guitar with a lot of reverb and a little delay running down the strings. This is an amateur recording. This may be playing while demonstrating someone your guitar.,False,False
1863,EQSv7DIJJtw.wav,"A female singer sings this cool pop melody. The song is medium with a steady drumming rhythm, percussive bass line, keyboard accompaniment and various percussion hits. The song is modern K-pop. The song is romantic and cheerful.",False,False
1867,ESbtW0CUmp4.wav,This audio contains someone playing a gospel/jazz melody when a very loud drum comes in with a fill-in on the toms. This is an amateur recording and of poor audio-quality. This song may be playing in a gospel church.,False,False
1868,ET6HVZ8muVE.wav,This country song features a male voice singing the main melody. This is accompanied by percussion playing a simple country beat in common time. A pedal steel guitar plays sliding notes as fills in between lines. The bass plays the root note and the lower fifth of the chords being played. The other instruments are not audible as the audio quality is low. This song can be played in a square dancing party.,False,False
1869,ET7yQfaiF_8.wav,"The low quality recording features a cover of a rock song and it consists of a passionate male vocal singing over an auto harp melody. It sounds passionate, emotional and mellow, despite the fact that the recording is noisy and in mono.",False,False
1872,EUmfsCvmkgo.wav,This is an advertisement jingle in the style of a kids song. It is in major key. There is a female vocalist singing in the lead while the sound of children talking can be heard every now and then. The bass guitar is playing a groovy tune. There are wind chimes that can be noticed. The rhythmic background consists of a simple acoustic drum beat. The atmosphere is cheerful but generic.,False,False
1874,EY8boPZ1hPs.wav,"A male voice is talking in a typical advertisement manner. In the background you can hear a song containing a strummed acoustic guitar, a melody played with a xylophone and whistling in the same melody. An e-bass is underlining the song with a walking bassline. A kid's voice talks for a moment then the song stops as it comes to its end. This song may be playing in a happy advertisement.",False,False
1876,EZJzzWEDtQo.wav,This audio contains someone playing a horn solo in a room full of reverb. This song may be playing in an orchestra.,False,False
1877,EZb1wQsg6CU.wav,"This bollywood song features a harmonica playing the main melody. The harmonica is played with a tremolo effect at the end of the lines. This is accompanied by a percussion playing a simple beat, A violin repeats the last part of the melody as played by the harmonica. The bass plays the root note of the chords. This is an amateur recording and the rest of the instruments are not clearly audible. This song can be played in a happy movie.",False,False
1879,E_34BmDVnOI.wav,"The low quality recording features a wide filtered, reverberant laser synth, punchy kick layered with energetic crash cymbal and synth pad chord. It sounds suspenseful, intense and weird.",False,False
1880,E_IG2ubeTME.wav,This song contains a digital drum playing a dubstep groove with a morphing sub-bass sound that is being used as melody. This song may be playing loud with headphones while running.,False,False
1883,EayN_Jj0740.wav,"The low quality recording features a classical song that consists of a sustained cello melody playing over sustained strings. It sounds emotional, passionate and the recording is a bit noisy.",False,False
1884,EcEDVL6vn_w.wav,"The low quality recording features an arpeggiated harp melody. The recording is noisy and it sounds mellow, soft and emotional.",False,False
1888,Ehks1uuwR3s.wav,Here we have a live recording of an artist playing on the bagpipes. He plays a piece that feels emotional and uplifting. This piece would be fitting on the battlefield to bring about conviction and courage. It is a Scottish instrument.,False,False
1889,EieK70X8lnw.wav,Someone is playing a complex groove on the drums playing along to digital strings playing in a minor key. A very low sounding e-bass is playing a bassline. Panned to the right side of the speakers you can hear a synth lead sound playing a melody in the mid-range. This song may be playing live on a drum off show.,False,False
1891,EkMgPJfSL04.wav,This audio contains someone playing a piece of music on a harp. The piece sounds dreamy and peaceful. There is some reverb from the room in the recording. This song may be playing for a soft indie-video-game.,False,False
1892,EkmHGd0U8yE.wav,"This music is instrumental. The tempo is slow with a melancholic cello harmony, and a piano and violin accompaniment. The music is soft, pensive, melancholic, sentimental, sad, reflective, meditative and delicate. This music is a Violin Instrumental.",False,False
1893,Ekoh6TJpA88.wav,"Female singers sing this Christmas carol in vocal harmony. The song is medium tempo with bells percussions, keyboard accompaniment, steady drumming rhythm and a percussive bass line. The song is a Christmas carol that doubles as a lullaby. The song is cheerful and festive.",False,False
1895,Emc18GpAeRY.wav,"A male vocalist sings this traditional Carnatic vocals. The song is medium tempo with a violin accompaniment, tabla and mridangam playing percussion. The song is energetic and passionate and highlights the traditional Carnatic music art form. The audio quality is bad.",False,False
1896,EnJ8zV3vaJA.wav,This audio contains a saxophone player playing along to a high beeping tone that seems not to be part of the music. In the background you can hear people laughing. THis song may be playing live at a jazz performance.,False,False
1897,EnewI6fNhVA.wav,"This music is an instrumental.the tempo is fast with a harmonium melody and tabla accompaniment. The performance is live with ambient sounds of people talking, sound of glass bangles and a woman’s voice. This music is Indian Classical.",False,False
1898,EoZH1gyRlr4.wav,This classical song features a harpsichord. An ascending pattern is played on the instrument. There are no other instruments in this song. There are no voices in this song. This song can be played when aristocracy is introduced to the public.,False,False
1900,EptdhC17avY.wav,This is a compilation of various flamenco recordings. The acoustic guitar is being played at first with the picado technique and then with the free stroke technique. There is a percussive backing track in each part. The music has an exotic feel to it. These separate parts could be used as an advertisement jingle or they could be sampled for use in beat-making.,False,False
1901,EremEyLrdUY.wav,modern folk rock or indie with fingerstyle acoustic guitar and smooth male vocals. The vocal production is loud. Drums are present with the ride cymbal playing a steady pattern and the snare being played with brushes. The mood is mellow.,False,False
1903,EsssGCL-Axw.wav,"The low quality recording features a live performance of a rock song that contains harmonizing background vocals, alongside passionate female vocals, singing over wide electric guitar melody, punchy snare, groovy bass, punchy kick and shimmering hi hats and crash cymbals. It sounds emotional, passionate and addictive - thanks to that cadence.",False,False
1904,EtmKuWPpjG0.wav,This pop song features a female voice singing the main melody. This is accompanied by male and female backing voices. The voices sing a repetitive melody. This is accompanied by percussion playing a simple beat. Trumpets play a backing melody. The bass plays a groovy descending bassline. The mood of this song is happy. This song can be played at a club.,False,False
1907,EwoCbcSXlSM.wav,"A male vocalist sings this soft Christian Worship song. The tempo is medium with a keyboard accompaniment, steady drumming, flute melody, subtle bass line; rhythmic acoustic guitar and soft vocals. The song is a melodious, soothing, prayerful, calm ,contemporary Christian Praise and Worship song.",False,False
1913,Ezodz2aZnzQ.wav,"The low quality recording features a mellow keys melody and breathy flute melody being played. It sounds sad, passionate and emotional. The recording is noisy and in mono as it was probably recorded with a phone.",False,False
1915,F1uXNtotVsg.wav,This is an instrumental jam piece. The only instrument is an acoustic guitar which is being played with a percussive slap technique. The track is groovy. This piece could fit perfectly as an advertisement jingle.,False,False
1916,F2ekiX14ID4.wav,The low quality recording features a cello solo melody played over mellow piano chords. It sounds passionate and emotional. The recording is noisy.,False,False
1919,F5xnAYHuGlo.wav,This salsa song features a male voice. It starts off with the keyboard and bass playing a synchronized melody. The percussion is played only as a rimshot in a grouping of two strokes followed by a group of three strokes. This is followed by a male voice singing one word. The rest of the instruments start playing at a faster tempo. The main melody of the song is played on the trumpet and saxophone. This is accompanied by percussion playing a salsa beat. A keyboard plays chords with a salsa feel. This song can be played at a dance party.,False,False
1920,F5zDEHggiMg.wav,"We hear a viola and harpsichord being played, with the overall emotion of the piece being thrilling and suspenseful. A high tremolo is played on the violin, which creates the feeling of an energy build-up. This is a classical style piece.",False,False
1922,F7Y1T-rQ2JU.wav,This is an educational recording. There is a male voice speaking in an instructive manner regarding numerous singing bowls in different shapes and sizes. The player hits each singing bowl while describing their feelings. The sound of the bowls could be isolated from the voice for meditation music.,False,False
1924,F8wGRd9332s.wav,Someone is strumming chords on a guitar while someone else is playing a melody using a harmonica. This song sounds like sitting around  a bonfire.,False,False
1925,F9LJIyqQFe8.wav,This audio contains marching drums with a kick and snare rolls. A brass section starts to play a melody in the low to mid range up to the higher register. In the background you can hear a strong wind that seems not to be part of the song. This song may be playing in a pirate movie-scene.,False,False
1927,FBXBDe3OU5s.wav,"This is a recording of the steel pan tuning process. The performer repeatedly hits different parts of the steel pan to check if the tuning is correct. The instrument gives off a tropical sound. There is an irritating crackle sound coming from the recording. If it were not for this noise, the piece could be sampled for use in beat-making.",False,False
1928,FCvs17jk10A.wav,This is a drum cover of a hard rock/alternative metal music piece. There is a male vocalist singing melodically in the lead. The main tune is being played by the distorted electric guitar. There is a bass guitar playing in the background. The rhythmic background consists of a simple but loud rock acoustic drum beat. The atmosphere is aggressive.,False,False
1934,FEuXIeWoCQQ.wav,"The low quality recording features a live performance of an urban latin song that consists of flat male vocal singing over groovy piano melody, groovy bass guitar, wooden percussive elements, wide toms, warm brass melody and widely spread claps. There is a short, exciting background male vocal in the middle of the loop. It sounds exotic, groovy and passionate.",False,False
1936,FFQVVwFjy7s.wav,This is a drum & bass electronic music piece. There is no singer. There is a strong and fuzzy feeling bass sound. The rhythmic background consists of a loud and high tempo electronic drum beat. The atmosphere is modern and energetic. This piece could be playing at a nightclub or a dance club.,False,False
1937,FGZ0sLt4dXA.wav,"A female singer sings this spirited song. The tempo is fast with a lively piano accompaniment, punchy drumming, funky bass line, rhythmic acoustic guitar, and a droning synthesiser harmony. The music is loud, busy, chaotic and bustling and the vocals are subdued. This clip sounds like the song climax as the instrumentation is strong and powerful. The song is spirited, melodic,energetic, enthusiastic, youthful and engaging. This song is an Indie Pop song.",False,False
1938,FGoDfNZezh0.wav,"A female vocalist sings this soft love song in a foreign language. The tempo is medium with a mellifluous violin harmony, keyboard accompaniment, subtle bass, steady drumming and rhythmic acoustic guitar. The song is sweet, youthful, simple, romantic, sentimental, melancholic and pensive. This song is Romantic Pop.",False,False
1939,FHC7gN3NnX8.wav,"The low quality recording features a cover of a rock song sung by harmonizing female choir vocals. The recording is noisy, in mono and it sounds emotional and passionate.",False,False
1940,FI_Dl0Cmd38.wav,"The low quality recording features a suspenseful synth pad playing in the background and echoing breathy flute melody playing over it. It sounds intense, mellow and relaxing.",False,False
1941,FKBryvLMTY4.wav,"The low quality recording features a traditional song that consists of a flat male vocal, alongside monotone female vocal, singing over sustained strings melody, wooden percussion, shimmering shakers and some claps. It sounds passionate and the recording is in mono and noisy.",False,False
1944,FLJPxFCPeDY.wav,"The low quality recording features an accordion melody played over regional Mexican playback that consists of accordion chords, groovy bass and flat male vocal singing over it. The recording is in mono, noisy and it sounds emotional and passionate.",False,False
1945,FMjUGdTn7lU.wav,This audio contains someone playing a fast paced piece with a fast left hand and a slower melody in the right hand playing in the midrange. Someone starts playing an accordion alone. This song may be playing live jamming with your friend.,False,False
1947,FNnKFUkFJ5M.wav,This blues song features a solo played on a harmonica. It starts off with the harmonica playing three descending notes. This is followed by the same three notes but the first note is played twice followed by the remaining two notes. This is accompanied by a guitar playing a rock and roll strumming pattern. The bass plays the root note of the chord. A piano plays in the background. There are no voices in this song. This song can be played in a bar scene in a movie.,False,False
1948,FRZzUh9hcTo.wav,"A male vocalist sings this quirky Rock melody. The tempo is medium fast with groovy electric guitar harmony, funky, intense bass lines, infectious drumming, keyboard accompaniment and vocal backup. The song is catchy, rhythmic, emotional, incessant, sentimental, melancholic, lonely, romantic , unconventional, quirky and upbeat. This song is classic rock.",False,False
1950,FTdcanPJw6E.wav,This is a folk metal/Celtic metal music piece. There is a male vocalist singing in the lead using the brutal vocal technique. The electric guitar is playing the main tune with a keyboard and a bass guitar backing it. The rhythm is being played by the acoustic drums at a slightly fast tempo. The atmosphere is loud and aggressive. This piece could be used in the soundtrack of a Celtic historical drama movie during scenes of battle.,False,False
1952,FXVu-YwjhxM.wav,A male singer sings this cool melody. The song is medium tempo with a groovy guitar lead and steady drumming with tambourine percussion. The song is cool and sophisticated. The audio quality is bad.,False,False
1953,FY8bZRm_QiE.wav,"This song contains acoustic drums playing kind of a slow drum&bass rhythm along with a bass playing the rootnote of a e-guitar strumming along. Another e-guitar is strumming along, panned to the right side of the speakers. A male voice is singing in a higher key with delay in his voice. This song may be playing with headphones on a rainy colder day.",False,False
1954,FYFapDVOFHg.wav,"This music is an enthusiastic instrumental. The tempo is fast with an amplified harmonica solo. The music is lively, animated, happy, cheerful, energetic, enthusiastic and peppy.",False,False
1955,FYux89o7Hhk.wav,This is a live recording of the outro of a latin american salsa song. There are brass instruments like the saxophone and trumpet. There is a man who speaks in Spanish once the music stops. It was the end section or outro of a song.,False,False
1961,FcwWl5JBnoU.wav,"The Classical song features a mixed harmonizing choir singing over organ melody, brass section melody and wooden percussion. It sounds powerful and epic.",False,False
1962,FdPaa6WR2F8.wav,This is a techno music remix of a classical music piece. It is an instrumental piece. The melody is being played by a melodic pad. There is a constantly shifting synth sound. The rhythm is being played by an electronic drum beat. The atmosphere is trippy and eccentric. This piece could be used in the soundtrack of a psychedelic movie during a hallucination scene.,False,False
1963,FdvGsAq99r0.wav,"This is an Arabic music piece being performed live by an orchestra. There is a new flute playing a solo in the lead. The melodic background consists of the violin, the oud, and the qanun while the cello and the bass guitar are playing in the lower range. The rhythmic background is provided by percussive elements that sound like the doumbek. The atmosphere is vibrant. This piece could be used as an opening theme for a drama movie or a TV series that takes place in the Middle East.",False,False
1965,FgUSmmTEE3M.wav,"This is a piano-based ballad. The song is emotional, uplifting and generally pulls on your heartstrings. The singer sounds passionate and sings legato notes while the violins play sustained notes behind him to create an even more dramatic effect.",False,False
1967,FiKY19GK6-8.wav,This folk song features the melody played on a harp. The instrument plays the bass and treble notes of the song. There are no other instruments in this song. There is no voice in this song. This song can be played in a sad movie.,False,False
1969,Fm6ss1PBC1Q.wav,"The low quality recording features a reverberant female vocal singing over acoustic guitar arpeggiated melody. It sounds soft, mellow and passionate. The recording is noisy and since the overall sound is leaning towards the right channel, the stereo image is unbalanced.",False,False
1970,FmytwY7SAfU.wav,"The low quality recording features a DJ scratching a hip hop song that consists of punchy kick and snare hits, shimmering hi hats and syncopated open hats. There are some plastic tapping sounds. The recording is noisy, in mono and it sounds groovy.",False,False
1971,FoFMRXlNJ6Y.wav,"A male vocalist sings this simple pop. The tempo is medium with an electric guitar melody, keyboard accompaniment, steady drumming, steady bass lines and acoustic guitar rhythm. The song is a simple, melodic, earnest, engaging Soft Rock;",False,False
1975,Fsv_syCvzsc.wav,"solo marching snare music. The snare is tight and high pitched. The player is performing various rudiments. The feel is regimented, almost militaristic and demonstrates virtuosity.",False,False
1979,FvdUm5j_oA0.wav,"The low quality recording features a drum cover of a pop song that consists of energetic tom rolls, shimmering cymbals and punchy kick and snare hits. The audio slowly fades out, as it is probably an Outro section of the song.",False,False
1983,Fz-ZNyVKWro.wav,This is an Ethiopian traditional music piece. There is a female vocalist singing in a crying-like manner through the use of autotune. There are traditional Ethiopian instruments such as washing and masenqo in the melodic background. The rhythm is being played by the percussion. There is an atmosphere of mourning in this piece. This piece could be used in the soundtrack of an Ethiopian drama movie.,False,False
1985,G-5UYGccne4.wav,The low quality recording features a mixed harmonizing vocals singing over shimmering bells and groovy piano melody. It sounds passionate and euphoric. The recording is noisy.,False,False
1987,G13NEVAm6-o.wav,The low quality recording features a flat male vocal counting rhythm over shimmering ride cymbals and soft snare hits. The recording is a bit noisy and it sounds like a tutorial on how to play drums.,False,False
1988,G18Nt0ZeEJQ.wav,This song contains an overlayer of trumpets playing a melody in a higher register along to a tuba serving as bass. This song may be playing for a video layering sounds on top of each other.,False,False
1989,G22YfD5xxMU.wav,"This is a live performance of an electronic dance music piece. There is a vocal sample repeating the same line. A synth is playing the tune while the electronic drums are playing the rhythm. There is a rising pattern and an energetic atmosphere. If it were not for the poor quality of the recording, this piece would fit nicely at a nightclub.",False,False
1994,G6ihF82lvEA.wav,This audio contains a male voice talking with a lot of reverb on his voice. Then someone starts playing a single tone on a cembalo. This is an amateur recording and sounds more like a tutorial.,False,False
1995,G7pD1K3jYg4.wav,"The low quality recording features a live performance of a classical song and it consists of tuba melody. It sounds mellow, soft and reverberant, as it was recorded in a huge concert hall. The recording is a bit noisy.",False,False
1996,G8iTuTi8ywU.wav,"The song is an instrumental. The tempo is medium fast with a strong guitar lead, rock drumming rhythm, percussive bass line and an electric guitar strumming rhythm. The song is high on adrenaline and exciting. The audio quality is very bad with ambient crowd screaming noises.",False,False
1997,G9gsCU85c8k.wav,This song features a male voice singing the main melody. Other male voices sing fills in between lines as backing voices. A repetitive melody is played on the marimba. The percussion is programmed and the focus is on the continuous hi-hat strokes. The bass plays the root notes of the chords. The mood of this song is happy. This song can be played at a dance party.,False,False
1998,GAoGADilmV8.wav,"Ominous orchestral music with long held string notes, bowed string bass, electronic cymbal roll and concert bass drum. The mood is eerie.",False,False
2001,GBMlv6j0WJ8.wav,"This music is a didgeridoo instrumental. The tempo is slow with an incessant unusual, droning harmony of the didgeridoo. There are no other instruments used. The music is continuous droning, meditative, hypnotic and trance like.",False,False
2004,GFGwPa9d9XQ.wav,"This is a country folk song with a generally positive, cheerful and joyful vibe to it. The singer is a man with an elderly voice that has a quality that sounds like a gurgle. His style of singing and the content of lyrics and melody are similar to hearing a story being told. There aren't really any rhyming lyrics - it's more like he is telling a story in song form. There are licks being played on an electric guitar, as well as certain motifs on the violin  in between particular phrases by the singer.",False,False
2007,GFbSHWBjuuQ.wav,"This music is an upbeat instrumental. The tempo is fast with an animated trombone melody with an enthusiastic piano accompaniment. The music is vibrant, engaging, buzzing, incessant, untiring and droning like a bee.This music a Western Classical.",False,False
2010,GHyUAl9Yaos.wav,"Two male vocalists sing this melodic Indian Classical music. The tempo is medium slow with Carnatic music accompaniments like violin, Ghatak and mridangam. The song is a good natured vocal duel between two carnatically trained vocalists. There is the sound of people cheering and clapping  to the beat in the background.",False,False
2013,GMFWnMRtfNI.wav,"This is a classical music piece played with the virtual sounds of a wind orchestra. The orchestra is composed of the oboe, the clarinet, the basset horn, the bassoon and the contrabass. The piece is in major key which gives the piece a more positive aura in general, but the virtual sounds make it feel inauthentic.",False,False
2017,GOTy3yhCylw.wav,This is a bass guitar jam in the style of funk. It is an instrumental performance. The bass guitar is playing a complex solo using the slap technique. There is a backing track composed of a programmed acoustic sounding drum beat. There is a groovy atmosphere to it. This piece could be used in the opening theme of a tutorial/unboxing YouTube channel.,False,False
2020,GPwzpw_47Dg.wav,"Low fidelity live recording of an instrumental eastern European string ensemble with bowed violin, bowed bass. Crowd noise is audible. No drums are present. There is a feeling of gaiety and levity.",False,False
2025,GRdzFvQezUE.wav,This is a hip-hop music piece. There is a duo of one male and one female vocal singing in a way that resembles rapping. The beat has an electric guitar and a bass guitar playing a groovy tune. The rhythmic background consists of an electronic drum beat. The atmosphere is urban. This piece could be playing in the soundtrack of a crime movie where the characters are doubting their actions.,False,False
2027,GT9g4uqK9G8.wav,"The song is an instrumental blues song. The song is medium tempo with a blues harmonica playing a cool melody, walking bass line, guitar accompaniment , steady drumming rhythm and other percussion hits. The song is exciting and groovy. The song has a bad audio quality.",False,False
2029,GUwBLItoJXk.wav,This is the live performance of a flamenco music piece. There is a male vocalist singing passionately in the Spanish language. An acoustic guitar strums a characteristic flamenco tune. Sounds of the crowd cheering can be heard in the background. The atmosphere is vibrant.,False,False
2030,GW6pti04qIo.wav,"The low quality recording features a tutorial where a flat male vocal is talking, followed by acoustic rhythm guitar chords. The recording is mono and noisy.",False,False
2031,GWcMqKYOJR4.wav,"This clip features a drum solo being played. The first beat in the clip is played by striking the hi-hat and kick twice and then the snare once. This pattern is repeated three times followed by a roll. The snare is played four times followed by the toms. This pattern is played twice. This is followed by a pattern where the snare and toms are struck in a sequence of four strokes, five strokes and six strokes all fitting within the counts of the bar. This song is a demo of the percussion instrument being used.",False,False
2032,GWcTd6XrQj4.wav,The low quality recording features a breathy flute melody played over mellow strings melody. It sounds soulful and passionate. The recording is noisy and slightly distorted.,False,False
2033,GWxiiDBK5s8.wav,"This is the poor quality recording of a bebop jazz music performance. The organ is playing an insanely complex improvised solo. In the background, there is a bass guitar and a jazz acoustic drum beat. The atmosphere is energetic.",False,False
2038,G_iJif-fC6E.wav,"This music is an ominous instrumental. The tempo is slow with a spooky electronic keyboard harmony and menacing bass on the cello. The music is eerie, sinister, frightening, and baleful.",False,False
2042,GcOOmVSM8Uw.wav,"The low quality recording features, in the first half of the loop, a mono and noisy recording of a punk live performance with some crowd cheering noises. It sounds energetic and the recording suddenly fades out, transitioning into the second part of the loop which features a side synth pad that sounds suspenseful.",False,False
2043,GcYeBWujhjw.wav,This amateur recording features a rock song. A repetitive phrase is played on the guitar. The first bar consists of only the guitar sound. The bass and percussion start playing after one bar. The bass plays one note in groups of twos. The percussion plays a groovy rock beat. The hi-hat is played in a group of four strokes on the closed hi-hat followed by one stroke on the open hi-hat. There are no voices in this song. The mood of this song is melancholic.,False,False
2049,Gh4KBdcCU64.wav,This song features a female voice crooning the main melody. She is using vocables and no lyrics. The same melody is played on the synth immediately after she sings the first first line. A percussion player plays a simple beat. A tambourine plays in the background. The rest of the instruments are not clear due to the low audio quality. This song can be played in a coffee shop. The mood of this song is romantic.,False,False
2053,GjE_iD2BbFg.wav,This is a traditional south asian song. We have an accordion-like instrument for the melodic component and a tabla for percussion. The singer has a passionate voice. The audio quality is poor and the song distorts.,False,False
2057,Gow0TlxIx7U.wav,Someone is playing an acoustic guitar strumming chords on the backbeat while someone is holding the rhythm with a shaker and a percussion in the background. This song may be playing while having a jam session with your friends.,False,False
2060,GuHDy--gWiM.wav,"The low quality recording features a live performance of a folk song and it contains a steel guitar solo melody played over, acoustic rhythm guitar, electric guitar melody, shimmering cymbals, punchy snare, groovy bass, followed by violin melody, crowd noises and claps. It sounds passionate, uptempo, soulful and energetic.",False,False
2061,GuJdy864xWM.wav,"Along with the vintage south asian vocal performance from an emotive female vocalist, this song features enchanting melodies from the bansuri. For percussion, we have tablas and tambourines. This is a live performance in a concert venue.",False,False
2068,GxeDIuOzxmU.wav,"The low quality recording features an arpeggiated harp melody. It sounds emotional and passionate and the recording is noisy, in mono and a bit muffled.",False,False
2069,GyxH8ep_Vx8.wav,The low quality recording features a funky harmonica solo melody being played. The recording is noisy and in mono.,False,False
2070,Gz8RlHf3Czs.wav,The low quality recording features a female vocal beatboxing a dubstep song. It sounds energetic and aggressive.,False,False
2071,GzRvq0gJbj0.wav,"In this clip we have a set of uilleann pipes being used to play a sweet and enchanting melody. It's a live performance. There's a sustained pad synth which also sounds ethereal, being used to support the uilleann pipes. This is traditional Irish or Celtic folk music. The song is emotional and captivating, with a slow tempo.",False,False
2076,H6Y_7Ax34-g.wav,This is a gear review jam. There is an electric guitar playing simple tunes. An amp plug is connected to the electric guitar. The atmosphere is easygoing. Sounds from this recording can be sampled to be used in advertisement jingles.,False,False
2080,HCCGZh-TxK0.wav,"A male vocalist sings this light melody. The tempo is medium with a funky bass line, keyboards accompaniment; slick drumming, groovy electric guitar and acoustic guitar riff with female vocal backup. The song is light, punchy, buoyant, groovy, funky,insightful, reflective and melodic. This song is a spirited Reggae song.",False,False
2082,HEclHruM37s.wav,"This is a rap rock song that fuses elements from each genre. The rapper has a charismatic and fiery approach, and after his rap verse we hear a blues-rock electric guitar solo. There's a sustained warm synth with a flanger that supports the whole melodic aspect of the track. The mood of this song feels motivating.",False,False
2087,HH3ryAEP308.wav,"The song is an instrumental. The tempo is medium fast with a groovy bass line, massive bass drops, various percussion hits, chirping tones, keyboard accompaniment and syncopated rhythms. The song is a modern electronic  techno dance tune produced in a  home studio.",False,False
2089,HHZGjS4g-w4.wav,"This folk song features a female voice singing the main melody. This is accompanied by a tabla playing the percussion. A guitar strums chords. For most parts of the song, only one chord is played. At the last bar, a different chord is played. This song has minimal instruments. This song has a story-telling mood. This song can be played in a village scene in an Indian movie.",False,False
2090,HIDXdH6R6T8.wav,This funk song features a male voice singing the main melody. Female voices sing backing vocals. This is accompanied by percussion playing a simple beat. The bass plays a funky bassline using the root notes of the chords. A wah or tron effect is added on the bass. The sound of bells is heard in the background. This song has a flirty mood. This song can be played as a slow dance song in a club.,False,False
2091,HJuR9WJ1iRY.wav,"The low quality recording features a live performance of a classical song and it consists of harpsichord and sustained strings melodies. The recording is a bit noisy and quite reverberant, as it was recorded in a medium size concert hall. It sounds easygoing, passionate and emotional.",False,False
2096,HMQfp_qtF-M.wav,Someone is beatboxing a reggaeton beat. In the background you can hear the crowd clapping and cheering. This song may be playing live as part of a beatbox performance.,False,False
2099,HOkuea1wExA.wav,"The low quality recording features a synth key melody played over simple bass and snare rolls. It sounds happy and fun, while the recording is quiet, dull and muffled.",False,False
2100,HQ9HlWProm0.wav,This is a clip of a tutorial where we have a male teacher playing a minor scale on a nylon string guitar. The energy of the video is calm.,False,False
2102,HRVVqstIabc.wav,"The low quality recording features an orchestra song that consists of a string section melody. The section contains violin melody playing in the left channel, cello in the right channel and later on, double bass in the middle. It sounds emotional and passionate.",False,False
2103,HRxTN4TH-80.wav,Someone is hitting a  high pitched singing bowl that rings out for a long time. This song may be playing during a meditation session.,False,False
2105,HSrzR9hhEe8.wav,"This clip starts with a low frequency music bowl being struck. The note is allowed to sustain. After a while, a higher frequency music bowl is struck and that note is allowed to sustain. There are no other instruments in this song. There are no voices in this song. The sound of music bowls can be played in a meditation center.",False,False
2106,HTQySJM4Jhg.wav,This is a Christmas music piece. There is one male and one female vocalist singing in a festive manner in the Romanian language. There is a keyboard playing the melody and a bass guitar playing in the background. The rhythm is kept by the sleigh bells. The atmosphere is joyful. This piece could be playing in the background at a Christmas event in Romania.,False,False
2108,HVA9-fjtv6U.wav,This music is a short instrumental. The tempo is medium with a church organ harmony with a male voice speaking something incoherent and subtle sounds like clinking and whirring. The audio is short and skillful. This is a tutorial on how to play the piano/organ.,False,False
2112,HXG8DnTpyPc.wav,"This instrumental song features a violin playing the main melody. This is accompanied by a guitar playing chords. The piano plays backing chords. At the end of the song, the piano plays a fill. The bass is played on a double bass. There is no percussion in this song. The mood of this song is romantic. This song can be played in a romantic movie.",False,False
2113,HXwX9f9ugZ4.wav,This jazz song features a trumpet playing the main melody. This is accompanied by a string section. There are long pauses in between lines where the backing instruments pause while the trumpet solo is played. Percussion is played along with the string section. There are no voices in this song. This is an instrumental song. This song can be played in a silent movie.,False,False
2114,HY1KdNS19CM.wav,This audio contains a e-guitar playing a riff in the mid range. Another clean e-guitar is strumming chords while another e-guitar answers to the first melody. An e-bass is underlining the scenario. All the instruments are spread across the speakers. This song may be playing live using a looper pedal.,False,False
2118,H_He9_zHk8I.wav,This audio contains someone playing a classical piece on a cembalo. This song may be playing live while listening to a concert.,False,False
2120,HbX1ZIuD0ac.wav,This audio contains a very fast snare drum-roll. You can hear a high pitched sound falling in pitch and then a explosion of a bomb. This audio may be playing in a movie-warscene.,False,False
2122,HdRPdh-cSTw.wav,"A female vocalist sings this Hindi Devotion song. The tempo is slow with keyboard harmony,tambourine beats, violin melody and rhythmic tanpura accompaniment. This clip is the song introduction with slow chants like singing. The song is a Hindu Devotion song to the God Shiva. It is emotional, sentimental, devotional, prayerful praise and worship. There are ambient sounds of people talking and cheering, indicating that this is a live performance.",False,False
2123,Hdko95EitpI.wav,This is an orchestral piece from a video game soundtrack. The brass and the strings sections are playing an ominous sounding tune. There is a timpani being played with a crescendo pattern. The atmosphere is grim. This piece could be added to the soundtrack of thrilling movies and video games.,False,False
2124,He63KV_9Pwg.wav,"The low quality recording features harmonizing vocals singing over punchy kick and snare hits, shimmering hi hats, synth pads, simple bass and mellow piano chords. There are crowd cheering noises in the background as this is a live performance. It sounds passionate, emotional, exciting and the recording is noisy, in mono and slightly distorted.",False,False
2125,HfBh3lZZi8Q.wav,"This music is instrumental. The tempo is fast with a male vocalist, beat boxing rhythmically to the melody of a backup track. The audio quality is inferior but the music is upbeat, punchy, buoyant and youthful with a dance groove. This music is a Synth Pop/Electro Pop with beat boxing.",False,False
2129,HhQTvaZtURY.wav,This classical song is played on a harpsichord. This is music for royalty or aristocrats. There are some pedal notes played on the bass part and the main melody is played on the treble part. There are no other instruments in this song. There is no percussion in this song. There are no voices in this song. This song can be played in a movie scene where a king is entering his castle.,False,False
2130,Hij_QxDkIJI.wav,"The Pop song features an echoing synth keys melody that consists of a passionate female vocal singing over punchy kick, synth bells melody, echoing synth keys melody and shimmering hi hats. It sounds emotional and passionate.",False,False
2131,HkCYA4ax4jI.wav,"This low quality audio features a male voice singing the main melody. This is accompanied by percussion playing a simple beat. The bass plays the root notes of the chords. Strings play staccato notes in the background and at the end of the bar, the notes are allowed to ring. A synth plays chords using an organ voice. This voice plays chords in the background. At the end, the synth plays the sound of two bells playing a descending sequence. This song can be played in a romantic movie.",False,False
2133,Hl8OrRlMwi4.wav,"This is an electronic dance music song, with a four on the floor beat. The melodic component of the song consists of a fuzzy beat that's treated with a flanger, and a drum roll upon arrival.",False,False
2134,Hn46VuvS88Y.wav,This music is instrumental. The tempo is slow with an electric guitar playing two corresponding notes. The plucking pattern indicates that the guitar is being tuned. This is a Guitar tuning Tutorial/ Lesson.,False,False
2136,Hob0LAu8afQ.wav,The low quality recording features a dynamic bass guitar playing. The recording is noisy.,False,False
2137,Hp-lgcs4VXY.wav,This song contains digital drums playing a four on the floor groove with a kick on every beat along to an e-bass. In the background you can hear additional bongo rhythms. A synth string sound is playing long chord notes in the background. An e-guitar is finger picking a chord melody. A female voice is singing in a higher key and with backing vocals. This song may be playing while cleaning the kitchen.,False,False
2138,HpkPTa1fQDE.wav,This is the recording of a flute lesson. There is a male voice speaking in an instructive manner on the technique of embouchure.,False,False
2141,Hrgl_1rGGU4.wav,"This is an amateur recording of a gospel music performance. There are two organs playing simultaneously, taking turns in playing groovy melodies. There is a bass guitar playing in the background. The rhythmic background consists of an acoustic drum beat that gives peak sounds due to the poor quality of the recording. There is a sophisticated feel to this piece.",False,False
2142,HrwpdRe7meM.wav,"This music is an Altai instrumental. The tempo is medium fast with use of traditional and regional instruments. There is use of a droning stringed instrument, shakers and wind instruments. The music is incessant droning, pleasant, unique, close to nature and simple.",False,False
2145,HtRjRuKnvjI.wav,"The low quality recording features an echoing electric guitar melody played over synth pad chords and smooth bass. It sounds relaxing, calming and passionate - like something you would hear in a spa center.",False,False
2147,HtXtfCR-MUg.wav,This game music starts off with midi sounds playing a high pitched melody. This is followed by another instrument playing a louder melody in a descending pattern of five notes followed by an ascending pattern of three notes. Then an industrial machinery sound is heard followed by the sound of a person in boots running. This song is used in a game.,False,False
2148,HuVgc2jf0Ec.wav,This clip features a melody played on the accordion. There are no other instruments in this song. This song starts off with an ascending triplet run played twelve times. The melody continues on the same scale. There are no voices in this song. This song is an instrumental. This song can be played in a silent movie.,False,False
2149,HvOSaS8sXQM.wav,"This song contains an acoustic drum playing along with a bass and an accordion melody creating a cheerful atmosphere. The crowd is so loud. Cheering, screaming and laughing. This song may be playing at a local event.",False,False
2154,HyXMWRU9Owc.wav,This audio contains a lot of percussion such as tablas playing a rhythm along with shakers and more. Male voices are singing something like a mantra repeating the same melody. Kids' voices are also singing the same melody in a higher octave. A bansuri flute adds little melody lines. This song may be playing during a ceremony.,False,False
2161,I06TOd9pXng.wav,"The low quality recording features hip hop song that contains a low pitched male vocal singing over some camera shuttering sound effects, after which an echoing male vocal starts rapping over punchy kick and snare hits, low toms, electric guitar melody, reversed crash cymbal riser and shimmering hi hats. It sounds groovy.",False,False
2163,I0skZ6yT36E.wav,This is a Peruvian folk music piece. It is an instrumental piece. There is a violin and a Peruvian harp playing a festive melody. The atmosphere is lively. This piece could be playing from a radio station in a movie that takes place in Peru.,False,False
2164,I11AcD1sGes.wav,"Male and female singers sing together in vocal unison. The song is medium tempo with a violin playing countermelody, along with  a traditional string bass rhythm and percussion instruments. The song is South American folk music with a lot of passion. The song audio quality is bad with high gains all over.",False,False
2167,I2yA-F-_A2E.wav,The low quality recording features a traditional song that consists of a distant woodwinds melody playing over wooden low percussion and strummed strings melody. It sounds soulful and passionate.,False,False
2172,I5CBPhpimtg.wav,Someone is playing a big djembe along to a fast paced melody in a higher register played on a bagpipe. This song may be playing during a traditional holiday in Ireland.,False,False
2174,I5mESbabhZY.wav,"The low quality recording features a cover of a pop song sung by passionate female vocalists over acoustic guitar melody and acoustic rhythm guitar chords. It sounds emotional, passionate and the recording is noisy and in mono.",False,False
2175,I6eU2qRjJ7Y.wav,"This music is instrumental. The tempo is medium with a dramatic, intense and suspenseful synthesiser arrangement, cymbal riff and conch shell sound. The music is a background score for a Bengali movie / TV series with a male voice giving instructions, a Hindu priest chanting Om with women joining in with the chant and vocalisations and the sound of the conch shell.",False,False
2177,IAeYandwJqc.wav,"The low quality recording features a harmonica solo melody played over funky acoustic rhythm guitar. It sounds passionate and easygoing, even though the recording is a bit noisy and in mono.",False,False
2178,IC_Wpalzzm8.wav,Someone is playing a steady groove on the drums along with a simple bassline playing the footnote while a e-piano is playing minor chords panned to the right side of the speakers. Another distorted e-piano sound is playing a countermelody in a lower register panned more to the left side. A male voice is singing in the midrange. This song may be playing late night at a bar having a drink by yourself.,False,False
2179,ICcASgMtIJ8.wav,This house music features a female voice singing the main melody. This is accompanied by programmed percussion playing a simple beat. The kick is played on every count. Hand claps are played at every alternate count. The bass plays the root notes of the chords. Synth chords are played in the background. This song can be played at a club.,False,False
2182,IDHHAwqDpzU.wav,This is a gospel music piece. The piece is a church hymn that is being sung by a choir in the style of acapella. The male vocals are harmony singing. The atmosphere is festive. This piece can be played at Christian religious events. It could also be used in the soundtrack of a modern drama movie during religious scenes.,False,False
2185,IFumVgqOVaM.wav,This audio contains an e-bass playing a melody along with a simple drum groove and other stringlike instruments. An e-guitar is playing a lead melody on top and in the background you can hear the crowd screaming. This is an amateur recording and of poor audio-quality. This song may be playing during a live show.,False,False
2186,IGAzIIZRczw.wav,This song features the main melody played on a french horn and on a trumpet. The first part of the song is played on a french horn and the melody is continued on the trumpet. There are no other instruments in this song. The trumpet plays a battle call pattern. This is an instrumental song. There are no voices in this song. This song can be played just before a battle scene in a movie.,False,False
2187,IGyDtKAU1u8.wav,"This is a jazz music piece. It is an instrumental piece. The saxophone and the trumpet are playing the melody. The piano, the electric guitar and the bass guitar are accompanying them in the background. The tempo is slow. The atmosphere is chill. This piece could be playing in the background at a coffee shop.",False,False
2188,II1oyaWPiD0.wav,This is the recording of a trombone lesson. The male instructor is playing a note on the trombone and then speaking in an instructive manner in the Japanese language. The click of the metronome can be heard in the background. This recording can be sampled for use in beat-making.,False,False
2189,IIK0EuHyb6w.wav,"The low quality recording features a wide arpeggiated electric guitar melody. It sounds clean, passionate and the recording is a bit noisy.",False,False
2190,IISJXKl1Ih4.wav,This is a classical harpsichord piece that elicits a feeling of suspense and tension in the listener. There are low sustained cellos which provide a contrast to the bright tones of the harpsichord. The piece feels haunting and has a sense of drama about it.,False,False
2193,IKfmu7tAyUE.wav,"The low quality recording features an arpeggiated acoustic flamenco guitar melody. The recording is noisy, in mono, and it sounds sad, easygoing and emotional.",False,False
2195,IL1n6jzABVw.wav,This audio contains someone playing a fast melody on a tenor saxophone. This song may be playing in a jazz band.,False,False
2196,ILE12hEW5Ck.wav,"A male singer sings this exciting melody with backup singers in vocal harmony. The song is medium fast tempo with a steady drumming rhythm, keyboard accompaniment, groovy bass line and various percussion hits. The song is energetic and passionate. The song is a retro pop hit.",False,False
2197,IMnh-TIyFuE.wav,"The song is an instrumental. The tempo is medium with a strong bass line, steady drumming rhythm, triangle percussion, keyboard accompaniment and a male vocalist making guttural noises. The song is a modern techno pop dance tune.",False,False
2200,IO5QJRyoqO8.wav,"This is a live recording of a keyboardist playing a twelve bar blues progression on an electric keyboard. The player adds embellishments between chord changes and the piece sounds groovy, bluesy and soulful.",False,False
2201,IOEwc-N2rX4.wav,"The low quality recording features a mellow harp melody. The recording is noisy, in mono and it sounds soft and mellow.",False,False
2203,IPO79GrOYjg.wav,"A male singer sings this passionately with backup singers in vocal harmony. The song is medium tempo with a steady drumming rhythm, various percussion, percussive bass line, guitar rhythm and keyboard harmony . The song is passionate and romantic with a cool dance groove. The song has poor audio quality.",False,False
2205,IQxr3xwAbKk.wav,"The low quality recording features a musician practicing bassoon scale. In the background, there is a muffled male vocal. The recording is mono and noisy.",False,False
2209,ITg9o6Gwsbo.wav,"This music is an electronic instrumental. The tempo is fast with synthesiser arrangements, electronic beats , Dj mixer and a repetitive vocal riff. The music is incessant, psychedelic, hypnotic, trippy and trance like with a dance groove. This music is Techno Pop/EDM.",False,False
2210,ITq14s8h92I.wav,"The low quality recording features electric rhythm guitar chords being strummed. It sounds monotone, but groovy and the recording is noisy and in mono.",False,False
2216,IYumekd1VMg.wav,"The Electro song features a punchy ""4 on the floor"" kick pattern, followed by shimmering hi hats and groovy synth bass. It sounds exciting and like something you would hear in clubs.",False,False
2217,I_a9OhfTcIc.wav,This audio contains several male voices singing an a acapella song as a choir. The voices go from the higher mids to the higher register. This song may be playing live in a church.,False,False
2218,I_kUf7vgVNM.wav,This audio contains a digital drum playing a four on the flor groove with a kick on every beat and building up kicks to doubletime and triplets. Synth bass sounds and synth sounds in the midrange are playing arpeggiated melodies. This song may be playing with headphones while playing video-games.,False,False
2219,I_wT76iYBdQ.wav,"This music is a ukelele instrumental. The tempo is medium with the sound of a bee buzzing and an animated sound followed by a dialogue between two men in a foreign language. The music is mellow, soft and simple like it's meant for children.",False,False
2220,IbD0zpcimgM.wav,"This music is instrumental. The tempo is fast with a spirited small pipe harmony with rhythmic foot tapping. The music is upbeat, engaging, sharp, humming, haunting, droning and cheerful. This a live performance with ambient sounds of people talking and static as this is an amateur recording.",False,False
2222,IcPbxJRbe5g.wav,This classical song features the main melody played on a harpsichord. The mood of this song is happy. This song does not have any percussion or any other instruments. There are no voices in this song. This song can be played for aristocracy.,False,False
2224,IePfzUzlDng.wav,This is a hard rock music piece. There is a male vocalist singing melodically in the lead. The main tune is being played by the overdriven electric guitar with the bass guitar playing in the background. The rhythm is being played by the acoustic drums. The atmosphere is energetic. There is a vintage sound. This piece can be played in the background at a rock bar.,False,False
2225,Ieef9l-gWN8.wav,This song features a marimba playing a melody on the higher register. The marimba plays a repetitive melody. This is accompanied by a clarinet and flute playing a dissonant chord together. This song is relaxing. It has a dreamy sound. This song can be played at the beginning of a dream sequence in a children's animation movie.,False,False
2227,IhNPDueFVSo.wav,"The clip has no melodic instruments. It is mainly built of a complex persuasive rhythm played on the drums, and a repeated phrase by a male speaker in a raspy vocal. In the background, we have a soulful male voice chanting the same phrase repeatedly, and a female screaming voice once roughly every two bars.",False,False
2230,IizUHzmcPGA.wav,"The recording features a brass quartet playing in a reverberant space. It consists of synchronized trombone melody and it sounds passionate, epic and powerful.",False,False
2231,Ij1-640aafg.wav,"This music is instrumental. The tempo is medium with a short,electric guitar riff and a male voice doing an introduction to a demo. The video is a tutorial/review of an electric guitar.",False,False
2232,IjP5kKfgBiI.wav,"The low quality recording features a groovy piano melody, played over, groovy bass guitar, punchy kick and snare hits, shimmering hi hats, shimmering crash cymbal and short electric guitar lick. It sounds energetic, fun, happy, joyful and like an in-game video game sound.",False,False
2237,InKK8z21UYo.wav,Tablas and accordion lead a coed group chant with a male lead singer. Sounds spiritual.,False,False
2238,InQs7K9MqaI.wav,"This is a kids music piece. There are child vocals singing. There are idiophone instruments that sound much like a xylophone and a music box. There is a simple bass line in the background. The atmosphere is cheerful. This piece could be playing in the background at a theme park, especially for a carousel.",False,False
2239,Inuq5W98ktA.wav,"A female vocalist sings this romantic love song. The tempo is slow with a melodic violin harmony, groovy bass line, rhythmic acoustic guitar and keyboard accompaniment. The song is soft, mellow, romantic, emotional, sentimental, melancholic and gentle. This. The song is a cover of a Classic Elvis Presley song.",False,False
2242,Ipow026xzVw.wav,"A male singer sings this cool and animated melody with backup singers in vocal harmony. The song is medium tempo with  steady drumming rhythm, groovy bass line, organ accompaniment and horns playing. The song is entertaining  and cheerful. The audio quality is bad.",False,False
2244,IqV9wp0IeAo.wav,The low quality recording features a flat male vocal talking and playing a low pitched harmonica. It sounds like a tutorial and the recording is noisy and in mono.,False,False
2245,Ir82jewhXCo.wav,"This song starts off with 2 heartbeats. The sound of a knife being honed is played. After this, we hear a short blasting sound. This is followed by a fast paced percussion starting off with a roll and then playing -two strokes on a hi-hat and one stroke on the snare drum. A male voice speaks in a narrative voice with a distortion guitar playing power chords in the background. The rest of the instruments continue playing in the background while the voice is narrating.",False,False
2248,ItSLkF6O3Mk.wav,This song features a drum pad being played. This is following a pattern of fast strokes in a rhythmic pattern. There are no other instruments in this song. There are no voices in this song. This song can be played in an instructional video.,False,False
2249,ItstzW7xuDU.wav,"In this clip, a wooden percussion instrument is being played in a rhythmic manner. The instrument has a hollow sound, which also creates a partially melodic tone amidst the percussion.",False,False
2251,IwobTmzjOiQ.wav,The low quality recording features a wide brass melody played over mellow piano melody. The recording is very noisy and it sounds like it was recorded in a large room.,False,False
2254,Iz611KubW70.wav,This is a French opera/opera-ballet music piece. There is no singer in this piece. The only instrument that is being played is a harpsichord. The sound and the tunes are reminiscent of the medieval era. There is a theatrical feel to the piece. This piece could be used in the soundtrack of a historical drama that takes place in the medieval era. It could also be used as an accompaniment piece for a theater play or a ballet dance performance.,False,False
2257,J0t4VMnXDNM.wav,"A DJ plays a cool groove with some female vocals. The song is medium tempo with a steady drumming rhythm, scratch disc percussions, and percussive bass line. The song is exciting and groovy. The audio quality is average.",False,False
2260,J1nIXpnMe1U.wav,This is an instrumental rendition of a Christian gospel music piece. There is a melodeon and a piano accordion playing the tune. The atmosphere is festive and cheerful. This piece could be playing in the background at a charity event.,False,False
2262,J2R8Ab25reU.wav,This song contains a digital drum playing a techno groove with an overdrive kick and snare.A synth lead sound is playing a slightly offkey melody along with some reversed digital sounds converting into a high pitch note. This song may be playing in a techno club.,False,False
2265,J4tjy-0CNm4.wav,"This is the live performance of a Huayno folk music piece which belongs to the Andean region. There is a female vocalist singing at a high-pitch, almost at a screeching range. The tune is being played by a violin and an Andean/Peruvian harp. The atmosphere is eccentric. This piece could be playing from a radio in a movie taking place in a mountainous Latin American village.",False,False
2269,J8lCxfaiHeo.wav,"The low quality recording features a passionate male vocal, alongside harmonizing female vocals, singing over simple bass guitar, punchy snare, soft kick hits, acoustic rhythm guitar, groovy piano melody and shimmering hi-hats. It sounds emotional.",False,False
2270,J8pkQfYlJA4.wav,The song is an instrumental. The tempo is fast with three percussionists performing a rhythmic groove with sounds breathed by clapping body parts and tapping the floor. The song is energetic and highly engaging. The audio quality is average and performed live.,False,False
2274,JCfZpSEH77Y.wav,"The low quality recording features a blues song that consists of a passionate fruity male vocal singing over harmonica licks, acoustic rhythm guitar, groovy bass and steel guitar melody. It sounds passionate and soulful. The recording is noisy and since the bass sound is leaning towards the right channel of the stereo image - the stereo image is unbalanced.",False,False
2276,JD9LYReBGXU.wav,"The low quality recording features a harpsichord melody being played. There are some keyboard tapping sounds in the right channel of the stereo image. The whole sound is leaning towards the right channel, making the stereo image unbalanced. The recording is noisy and it sounds passionate and emotional.",False,False
2278,JDWPJ1AiDKc.wav,This recording contains a male voice talking and then playing a blues riff on a clean e-guitar. This song may be playing as part of a video tutorial.,False,False
2280,JEJLTct-014.wav,"Funk music featuring a bass guitar, synth melody, synth counter melody and group vocals, with a snare on the backbeat.",False,False
2281,JFGNmPzPXeA.wav,Someone is playing an acoustic drum groove with a snare that uses reverb. An e-bass is playing a sub bassline. An e-guitar is strumming short rhythmic chords on the backbeat giving this music its reggae vibe. A keyboard is playing a sound in the mid range and another keyboard responds with a countermelody playing a melody using a brass sound. In the background you can hear people talking. This song may be playing live at a festival.,False,False
2284,JHvLuYk6TfI.wav,This folk song features a kora being played in waltz time. This starts off with the strings being plucked in waltz time followed by a descending run. The waltz plucking is played twice more followed by another descending run. There are no other instruments in this song. There are no voices in this song. This is an instrumental song. This song can be sampled and played in a hip-hop song.,False,False
2288,JKihzveDE5g.wav,"The low quality recording features an ambient song that consists of sustained synth pad chord and mellow strings melody. It sounds mystical, soft, mellow, relaxing and calming - like something you would hear while having a massage.",False,False
2289,JL4Z2_5Q7sU.wav,"The low quality recording features a metal song that consists of an aggressive male vocal, alongside wide harmonizing background vocals, singing over punchy kick and snare hits, shimmering cymbals, distorted bass guitar and wide aggressive electric guitar melody.",False,False
2291,JLYb7DwCaQU.wav,"The song is an instrumental. The tempo is medium with a slick drumming rhythm starting with a solid drum introduction, strong bass line  and a blues guitar solo. The song is energetic and passionate. The audio quality is excellent.",False,False
2296,JOkuwbhMxbQ.wav,"This music is an upbeat instrumental of the popular Christmas carol, ‘Jingle Bells’. The tempo is fast with electronic arrangements and digital drumming. The music is buoyant, happy, cheerful, festive, perky, enthusiastic,energetic and high spirited. This song is a Techno Remix.",False,False
2305,JSqyTVjYY6k.wav,"This audio contains a catchy melody played by a brass instrument, maybe a saxophone and a keyboard. A horn is playing a bass in a lower register along with a drum. In the background you can hear people laughing. This is an amateur recording and of poor audio-quality.",False,False
2307,JU6GUqRqbtI.wav,"This is a big band jazz music piece. It is an instrumental piece. The main melody is played by a wide variety of the winds section composed of the saxophone, the trumpet, the flute and the clarinet. The piano and the upright bass provide backing structures. The rhythmic background consists of a jazz acoustic drum beat. The atmosphere is playful. This piece could fit perfectly in the soundtrack of a Disney-type animation movie.",False,False
2308,JUrYWttZJBM.wav,"The low quality recording features a passionate reverberant female vocal singing over quiet resonating sound. The recording is noisy and it sounds passionate, soulful and cultural.",False,False
2309,JUwu4xOs8K4.wav,This is a Gujarati folk song. There is a female vocalist singing in a passionate manner. The melody is being played by a harmonium. The rhythm is being played by the tabla and little cymbals. The atmosphere is lively.,False,False
2312,JXS5eW7g4HY.wav,"The low quality recording features a pop song that consists of a passionate male vocal, alongside harmonizing background vocals, singing over people cheering sounds, shimmering hi hats, claps, snare rolls, groovy bass and wide electric guitar melody. It sounds energetic and exciting.",False,False
2313,JYYfw3id3ek.wav,"This music is an enthusiastic Irish tenor Banjo instrumental. The tempo is fast with a lively, upbeat, soothing, emphatic, twangy, sweet, rich, and engaging with traditional and folksy groove.",False,False
2316,JZyw6YUsGzo.wav,This song features three trombones playing different parts. One trombone plays the bass part. A second trombone outlines the chords being played.  The third trombone plays the main melody. There are no other instruments in this song. There are no voices in this song. This is an instrumental song. The mood of this song is motivational. The song can be played in an adventure movie just before the adventure begins.,False,False
2317,J_Raltj-6dk.wav,This is a Christmas music piece in the style of hip-hop. There is a child voice announcing the arrival of Santa. The male vocalist is rapping. There is a groovy bass line in the beat. The rhythmic background is provided by an electronic drum beat that has sleigh bells in it. The atmosphere is festive and amusing at the same time. This piece could be used in the soundtrack of a comedic Christmas movie.,False,False
2319,JbWaSZPOh18.wav,"This Regional Mexican song features a live recording of a male voice singing the main melody. The song starts with the cymbal played once and held so that it does not ring. Then the male voice sings one line with the crowd. The crowd shouts out in joy after a line is sung. The bass is played on a tuba. This is followed by trumpets playing a high pitched melody. This song is at a slow tempo. Apart from the initial cymbal sound, no other percussion is played. This song can be played in a romantic movie.",False,False
2323,Jj9orXFko0Y.wav,"The low quality recording features a clock ticking and clock bells sounds, alongside some camera sounds. The recording is loud, noisy and in mono.",False,False
2324,JjF1G5wgcvY.wav,"This music is a lively Bagpiper instrumental. The tempo is fast with a piper playing a cheerful harmony on the bagpiper with an enthusiastic acoustic guitar accompaniment. The music is vibrant, vivacious, vigorous, engaging, cheerful and merry. The performance is live with a live audience and ambient sounds.",False,False
2326,JlzlNpttvVM.wav,"The Disco song features a passionate male vocalist singing over funky electric guitar melody, groovy bass, punchy kick and snare hits, shimmering hi hats and groovy synth keys melody. It sounds groovy, funky and passionate.",False,False
2327,JmbrGzgxrJ4.wav,This is an R&B/pop dance music piece. There is a versatile female vocalist singing melodically. There is a keyboard and an electric guitar playing the melody while there is a groovy bass guitar line in the background. The rhythmic background is provided by an electronic drum beat. The atmosphere is urban and danceable. This piece could be used in the soundtrack of a romantic comedy movie.,False,False
2331,JpMHnsdsCiY.wav,This is an instrumental punk rock/dub music piece. There is a distorted electric playing the main tune with a bass guitar in the background. The rhythmic background consists of a loud and rapid acoustic drum beat. The atmosphere is aggressive. This piece could be used in the soundtrack of a violent video game.,False,False
2332,Jq2w30NYstQ.wav,"A male singer sings this poignant love song. The song is medium tempo with a steady drumming rhythm, strong bass line, keyboard accompaniment, guitar accompaniment and percussion hits. The song is emotional and romantic. The song audio quality is bad.",False,False
2337,Jsk3ZUGvP-o.wav,The song is an instrumental. The song is medium tempo with two accordion players playing on harmony and no other instrumentation. The music is romantic and passionate. The song has gypsy music roots.,False,False
2338,JtLNRHVGQuw.wav,This music is a soulful instrumental. The tempo is medium with a harmonica  melody with a background track which is muffled. The melody is of a popular Spanish Classic song. This music is a Harmonica instrumental of Besame Mucho.,False,False
2343,JzJCn-puzS4.wav,This techno song features a female voice singing only in non-lexical vocables. This is accompanied by programmed percussion. The percussion pauses after one and a half bars. It plays again after half a bar in an eighth note pattern. A synth plays a melody that is the same as that of the voice. The melody is repetitive. This song has a happy mood. This song can be played in a club.,False,False
2350,K55v5p5DEPE.wav,This is a latin dance music piece in the style of salsa. There are male vocals shouting in the lead. There is a crisp synth sound playing the melody with the backing of a piano and a bass guitar. The rhythm is played by the latin percussive elements. There is a sensual atmosphere to this piece. It could be playing in the background at a latin nightclub.,False,False
2351,K5ilD6nEJ-g.wav,"This is an instrumental song. We have piano, brass, and string instruments. The piano melody is light and dainty, but also uplifting and positive. The pattern is like a dance among the clouds. The string instruments are violins, and the brass being the french horn. The brass gives the clip the sense of importance and grand atmosphere.",False,False
2352,K63Z_abB314.wav,This instrumental song features a lute being played. This is played using fingerstyle. The song sounds like a folk song. There are no other instruments in this song. There are no voices in this song. This song can be played in a documentary scene with green hills at the backdrop. The mood of this song is happy.,False,False
2353,K6DSH7MSeOA.wav,"This audio contains a didgeridoo with reverb panned to the right side of the speakers, some white noise risers that sound like wind. Various synth pads are playing drones in different ranges. This song may be playing while meditation or falling asleep.",False,False
2356,K9zE9x2ccJk.wav,Empowering youthful music with heavily processed female vocals and compressed drum samples. big claps on the backbeat and a funky electric bass part accompany. The production aims at high fidelity but comes across sounding over produced and ultimately amateur.,False,False
2357,KB4e9v_5uTE.wav,"The low quality recording features a live performance that consists of a tuba solo melody and some loud impact in the background. The recording is noisy, loud and distorted.",False,False
2359,KChjW89XOF0.wav,"This is a recording of two flamenco guitarists playing a captivating latin american rhythm. It's upbeat and suitable for dancing. The one guitarist strums chords in the percussive flamenco style, while the other guitarist plays flamenco lead with arpeggios and licks. The performance is live and outside. There is reverb applied to the lead guitar. Both are playing on  nylon strings.",False,False
2362,KDuusOmEMHg.wav,"The Children song features wide harmonizing vocals singing over shimmering shakers, groovy bass, punchy snare, soft kick hits, groovy piano chords, shimmering bells melody and acoustic rhythm guitar chords. It sounds addictive, happy and fun - as every children's song should sound.",False,False
2365,KEp2NhraIZI.wav,This is a classical music piece. There is a wide range of strings in the orchestra playing a lively melody while a horn is in the lead. The atmosphere is lighthearted. This piece could be used in the soundtrack of a documentary where there are natural movements happening in the scene.,False,False
2367,KHjEIheD-Cg.wav,The song is an instrumental. The song is in medium tempo with a classical guitar playing a lilting melody in accompaniment style. The song is emotional and romantic. The song is a romantic instrumental song.,False,False
2368,KJHqQ5aKu8U.wav,"This music is instrumental. The tempo is medium with a lilting middle eastern kind of melody on a string instrument that sounds like a santoor along with a classical tabla accompaniment. The music is traditional, classical, captivating, romantic and nostalgic. This music is an Eastern Classical instrumental.",False,False
2369,KKgYvcfrxj4.wav,"The Hard Rock song features a repetitive filtered male vocal over shimmering hi hats, down sweep, wide aggressive electric guitar chords, distorted bass guitar, echoing electric guitar licks, punchy kick and punchy snare hits. It sounds energetic, aggressive and addictive.",False,False
2370,KLFoZA8btu4.wav,"The low quality recording features shimmering cymbals, brass melody, woodwinds melody, groovy piano, groovy bass and soft kick and snare hits played altogether. It sounds chaotic and manic.",False,False
2372,KN9vuaQvld0.wav,"The low quality recording features a R&B/Soul song that consists of snappy rimshots layered with shimmering tambourine, mellow piano melody, punchy kick, smooth bass and synth keys melody. At the very end of the loop, there is a short snippet of passionate female vocal singing over the instrumental. It sounds emotional, passionate and hopeful.",False,False
2373,KOb-tRHYK68.wav,This techno song features a synth lead playing the main melody. This is accompanied by programmed percussion playing a simple kick focused beat. The hi-hat is accented in an open position on the 3-and count of every bar. The synth plays the bass part with a voicing that sounds like a cello. This techno song can be played in a club.,False,False
2376,KPymcVenomk.wav,This low quality audio features a guitar playing flamenco style. The guitar plays only two chords. The sound of foot-stomping can be heard. A female voice sings vocals in the background. This song has no other instruments. This song can be played for a flamenco dance.,False,False
2378,KSFND-AdqZs.wav,This audio contains a e-guitar running through a tremolo effect that gets into faster modulation speed. This is an amateur recording and may be used for educational purposes.,False,False
2381,KU2bOYiBX28.wav,"This music is an upbeat instrumental. The tempo is fast with keyboard harmony, enthusiastic drumming and electronic arrangements. The harmony sounds like a synthetic sound of a bagpiper . The music is chaotic, quirky, playful, and cheerful.",False,False
2383,KV4noVyGHa4.wav,This is a calm and relaxing meditation track. We hear the ringing of a tibetan bowl and its resonance. This would be useful for any tranquil environment primed for meditation.,False,False
2384,KV99GJg0tvA.wav,This is a doo wop music piece. There are male vocals singing melodically. The main tune is being played by the electric guitar and the keyboard while the bass guitar is playing in the background. The rhythm is provided by the acoustic drums. The atmosphere is danceable and joyful. This piece could be playing at a dance club for an oldies night.,False,False
2388,KY5TY6ovKQg.wav,This is an amateur recording of a Ugandan traditional music piece. The piece is instrumental and percussive in nature. The amadinda (which is a Ugandan xylophone) is playing a joyful tune. The atmosphere is playful.,False,False
2390,K_G_k1WTdoc.wav,The low quality recording features a classical song that consists of a harpsichord melody that sounds emotional and passionate. The recording is a bit noisy.,False,False
2391,K_ZuxYxxT60.wav,The low quality recording features a passionate trumpet melody. The recording is noisy and in mono.,False,False
2392,KabP9iNokps.wav,This is a live recording. The percussion is beatboxing and the melodic element of the instrumental is a flute player who plays a low riff which ascends towards the end.,False,False
2393,KauCO8zH5bw.wav,"The low quality recording features a flat male vocal talking, after which there is a synth key melody playing. The recording is noisy, in mono and it sounds happy.",False,False
2394,KbDLu4VozGg.wav,This song contains acoustic drums playing a kick on every half-beat along with an e-bass playing a repeating bassline along with an e-guitar. Another e-guitar is playing long notes with a lot of reverb in a higher register. Another guitar is playing a counter melody in an even higher key. A male voice is singing in a higher key while being backed by another male voice singing a harmony in an even higher key. This song may be playing live at a festival.,False,False
2397,KduU8kmRsLg.wav,"The song is an instrumental tolled by a guitarist introducing the lesson. The tempo is slow, a guitar playing gently with feedback buzz noise. The song is relaxing but has poor audio quality with a feedback noise.",False,False
2398,KeSbjmMeyrY.wav,This song contains an acoustic piano playing a melody in the higher register playing mostly one note at a time. Celli is playing along the melody then changing into staccato strokes playing a melody in the low to high register. This song may be playing live during a dance scene in a musical.,False,False
2399,KfAq7kxHjPk.wav,This song features a male voice singing the main melody. The first two lines are sung using the same melody and it culminates in the third line. This is accompanied by percussion playing a simple beat. The bass plays the root notes of the chords. The keyboard plays arpeggiated chords in the background. Another synth plays a windy pad voice throughout the song sounding like strings. This song has a holiday mood. This song can be played in a holiday movie.,False,False
2400,KfLxBjl-aBU.wav,"The low quality recording features a didgeridoo melody and some water flowing sounds in the background, as it was recorded outdoors. The recording is mono and noisy.",False,False
2401,KgMD2_Yhw7Y.wav,"This music is instrumental. The tempo is fast with an intense, rigorous violin harmony, grim cello and keyboard harmony. The music is untiring, incessant, serious, grim, and staid. This music is a classical violin piece.",False,False
2403,Ki7Bxz1CThI.wav,This song features a middle-eastern melody played on a flute. This song has no other instruments. There are no voices in this song. This is an amateur recording. This song can be played at a desert party.,False,False
2405,KikHXfUanJk.wav,We hear a twangy electric guitar on which some arpeggiated chords are played. The music style is a bluesy country rock style.,False,False
2406,KjJj5-HvSvQ.wav,This is a box opening video. There is a male voice speaking and kids shouting. A rock music piece starts playing with a common sounding electric guitar tune and a simple acoustic drum beat. The atmosphere is generic.,False,False
2409,Kkqbi6c_40k.wav,This audio contains someone playing an upright bass with a bow creating a dissonant melody and tension. This song may be playing at a live concert.,False,False
2410,KlD1u-EDx_g.wav,This audio contains a fast complex drumpart playing along with a synth lead sound playing a complex melody in a high pitch. Then the song changes to a more calm part with a piano before changing back to action with a distorted e-guitar playing along the low notes with a e-bass. This song sounds very fast paced and may be playing in an arcade fighting game.,False,False
2413,KnZeEWVHaLc.wav,"The low quality recording features a metallic scraping sound effect, soft scratching sound effect, water leaking sound effect, breathy flute melody and birds chirping sound effects. It sounds relaxing and calming.",False,False
2416,Kojo5khAAS0.wav,"The song is an instrumental. The tempo is medium, with a dj creating vinyl scratch tones to a steady drumming rhythm, groovy bass line and a keyboard accompaniment. The song is youthful and groovy. The song is a techno dance rhythm.",False,False
2420,KqtlecvEOGw.wav,"The low quality recording features a drums solo at the very beginning of the loop, after which a pop song starts playing and it consists of a passionate female vocal singing over buzzy synth lead melody. The drums solo contains snare roll and shimmering cymbals. Overall it sounds exciting.",False,False
2422,KrmG43H1u70.wav,"The low quality recording features a reverberant electric guitar melody. It sounds mellow, chill, relaxing and like a player is trying out his reverb pedals. The recording is noisy and in mono.",False,False
2423,KsFCPOKAH60.wav,"The low quality recording features a breathy flute melody playing over acoustic rhythm guitar. The recording is noisy, in mono and it sounds passionate and easygoing.",False,False
2424,Kt2MwCHV3Ko.wav,This techno song features a female voice singing the main melody. This is accompanied by programmed percussion playing a techno beat. The kick is played at every count. The hi-hi-hat is played on every 'and' of the count. The bass plays a disco pattern using the root notes of the chords being played. Synth bursts are played in between lines. This song can be played in a club. The audio quality is low.,False,False
2426,KurvLmoKCog.wav,"The song is an instrumental. The tempo is medium with various horns like trumpets, trombones and tubas playing blaring lots in harmony. The song is mysterious and ominous in nature. The song is a wildlife documentary soundtrack.",False,False
2427,KxUcwQ5BEBk.wav,A percussionist plays various drum rhythms at a medium tempo. The tempo is me doom with no harmony instruments. The song is exciting and energetic. The audio quality is poor and sounds like a music tutorial  for drummers.,False,False
2429,KxZ0yDfyaJw.wav,This is a hardcore hip-hop/gangsta rap music piece. There are male vocals taking turns rapping and when they are not rapping they are shouting ad-libs. There is a fuzzy synth bass playing the repeated melodic theme of the beat while the rhythm consists of an electronic drum beat with gunshot effects every now and then. The atmosphere is urban and violent. This piece could be included in the soundtrack of a crime movie that takes place in the big city. It could also be used in the soundtrack of a crime video game.,False,False
2431,KyRJP_fDrbk.wav,"Low-fidelity recording of a female singer displaying vocal virtuosity and melisma, accompaniment by strummed steel string acoustic guitar.",False,False
2432,KyjeM7J-Pz4.wav,"This music is an electronic dance instrumental. The tempo is fast with synthesiser arrangements, digital drumming, DJ mixer and electronic effects. The sound quality is inferior and muffled with static and booming sounds. The performance is live with ambient sounds of people whistling, cheering and talking. This is an Electro Pop instrumental.",False,False
2435,KzzKguqINa8.wav,"This is an instrument showcase jam. Different tracks are being played to show the features of a keyboard. Initially, there is a synth pad playing. Then, an acoustic sounding drum beat and a groovy bass line starts playing in the background of a brass sounding melody. The sounds are mostly generic. Parts of this recording could be sampled to be used in advertisement jingles.",False,False
2436,L0-l1LIa22g.wav,"The low quality recording features a reggae song that consists of passionate male vocals singing over shimmering hi hats, snappy snare, punchy kick, groovy bass, brass melody and funky electric guitar chords. It sounds chill and easygoing.",False,False
2438,L1fxVVl_1bM.wav,Someone is strumming chords on a distorted e-guitar while someone is playing a fast solo up the fretboard with another e-guitar. This song may be playing practicing solos at home.,False,False
2441,L2-EGNKzUAQ.wav,"The Pop song features a passionate male vocal, alongside wide harmonizing background vocals, singing over clapping, shimmering cymbals, groovy bass and soft kick hits. It sounds addictive, happy and joyful.",False,False
2443,L3d4ajg0bhk.wav,This is a shofar being played. Two notes are being played. The first note is short and the second note is played at a higher pitch and for a longer duration. There is no voice in this song. There are no other instruments in this song. This song can be played in a movie scene where soldiers are given instructions for a battle.,False,False
2444,L47F51OmZXo.wav,Here we have two saxophonists playing baritone saxophones. They play a jazzy bebop song that's groovy and light-hearted in its tone.,False,False
2447,L8zjEoQFws8.wav,"This music is instrumental. The tempo is slow with a lush guitar harmony with the sound of switches being turned on and off. The sound is rich, deep, intense and dense. This is a review audio between a Tortuga Martini vs an Analog Martini.",False,False
2448,L9GXrmmlYhE.wav,This is a live classical music performance. The piece is being performed by a brass orchestra. There is a trombone playing the lead melody while other trombones and a tuba play the bass backing. The atmosphere is epic. This piece could be playing in the soundtrack of a historical drama movie during the scenes of an army marching towards the enemy territory.,False,False
2451,LAHWV6fZwUk.wav,This is an indie rock/pop rock music piece. There is a male vocalist singing melodically with a telephone vocal effect. The melodic background consists of an electric guitar and a bass guitar. The rhythm is played by a simple acoustic drum beat. The atmosphere is groovy. This piece could be used during a badass scene in a thriller movie.,False,False
2453,LAxCq-s84F8.wav,"The low quality recording features a flat female vocal shortly talking on a very noisy microphone, after which a song fades in. The song consists of soft, reverberant female vocal singing over echoing dark rimshots, punchy kick and groovy piano melody. Overall it has a dark and mellow vibe to it.",False,False
2462,LGW99kSaf6M.wav,This audio contains someone playing a melody on a violin. A female voice is singing along in a high pitch. The background is filled with percussive instruments and a tambourine. This song may be playing during the celebration.,False,False
2463,LGi38MqlPFA.wav,This R&B song features a male voice singing the main melody in falsetto. There are other male voices singing backing vocals in harmony with the main voice. This is accompanied by percussion playing a simple beat. The bass plays the root notes of the chords without any flourishes or embellishments. A piano plays an arpeggiated pattern that changes with the chords of the song. A guitar strums chords using upstrokes. The mood of this song is romantic. The melody has a motown feel. This song can be played at the end credits of a romantic movie.,False,False
2464,LGrAwQnZ6Bs.wav,"The low quality recording features a shimmering, widely spread, bell melody. It sounds soft, mellow and haunting. The recording is a bit noisy.",False,False
2466,LHTA8VZGoMs.wav,This audio contains someone playing a bass solo melody. In the background you can hear something that almost sounds like a dog barking. This song may be playing while listening to a live concert.,False,False
2467,LJsYl38zPOQ.wav,The low quality recording features a cover of a rock song and it contains an ukulele bass guitar. The recording is in mono and very noisy.,False,False
2470,LKVSEQCLCLo.wav,The song is an instrumental. The song is medium tempo with various Latin percussion playing groovily to the sounds of a Rhodes organ melody. The song is romantic and passionate. The soundtrack is a demonstration for a  keyboard model.,False,False
2471,LKurVRvkmKc.wav,Someone is playing a melody on a zitar along with a shrutibox in the background. At the end male and female voices are chanting in the mid to high range and a percussive sound can be heard. This song may be playing live at a concert while meditating.,False,False
2472,LLDHkHHKYkI.wav,"A male singer sings these whispering vocals. The song is medium fast tempo with a fast metal drumming rhythm, percussive bass line, keyboard accompaniment and various percussion hits. The song is tense and full of suspense. The song is a game soundtrack.",False,False
2474,LMGpKPavV4Q.wav,"The song is an instrumental. The tempo is medium with a strong marching drum rhythm, with cymbal crashes and bass drum kicks, percussive bass line and amplified guitar playing rhythm. The audio quality is pristine and the soundtrack is high on adrenaline.",False,False
2475,LNFAeJ06KVs.wav,The low quality recording features a flat male vocal talking over a double bass slap. The recording is noisy and in mono.,False,False
2479,LR3U4b_fVBc.wav,"The song is an instrumental. The song is medium tempo and tempo changes occur later, with piano accompaniment, guitar solo, chord changes, steady drumming rhythm, rhythm  guitar, and strong bass line . The song is an iconic rock hit and has a bad audio quality.",False,False
2481,LRz6Y6oltQ4.wav,"The low quality recording features a saxophone solo melody being played. It sounds passionate, soulful and the recording is noisy and in mono.",False,False
2483,LTDle_h2YD8.wav,"The low quality recording features an arpeggiated acoustic guitar melody, shimmering bells melody, plucked strings melody and sustained strings melody, followed by chime bells. There are some crowd cheering noises in the background. It sounds emotional and joyful.",False,False
2484,LTG-uVV_6q0.wav,"The low quality recording features a cover of a rock song and it consists of a passionate girl vocal singing over acoustic rhythm guitar chords and simple bass guitar. It sounds passionate, emotional, heartfelt, mellow and soft.",False,False
2485,LUtBqNS27AQ.wav,This is a folk music piece from the Balkans. It is an instrumental piece performed with virtual sounds. The leading tune is played by a realistic accordion sound. There is an upbeat bass guitar following the rhythm of a fast tempo acoustic sounding drum beat. The atmosphere is cheerful. This piece could be the perfect accompaniment piece for a Balkan folk dancing course. It could also fit well in the soundtrack of a comedy movie that takes place in the Balkan region.,False,False
2487,LWIHz5kao3g.wav,"This is a hip hop song which features a young and energetic rapper who raps his lines with passion. The instrumental is minimal, and features a high pitched percussive type of synth which has a transient element. Then we hear a deep 808 sub bass. There's a snare once a bar throughout the clip.",False,False
2488,LWLLN9INTII.wav,This is a Latin salsa dance music piece. There are male vocals singing loudly in the Spanish language. There is a groovy bass line. The rhythmic background is provided by the cowbell strokes. The atmosphere is lively. This piece could be used as an accompaniment piece for a Latin dance course.,False,False
2489,LYO7_GxyaZc.wav,"The low quality recording features a regional Mexican song that consists of a flat male vocal singing over groovy trombone, shimmering shakers, short brass melody and wooden percussive elements. It sounds emotional, passionate and happy.",False,False
2490,L_KkjB0Wt_Q.wav,"A female singer sings this chanting vocals with backup singers in vocal harmony. The song is medium tempo with bell harmony, keyboard accompaniment, steady rhythm and a string pad harmony. The song is healing and a new age in nature.",False,False
2494,LaaC_q3QDUE.wav,The recording contains two parts. One being a song with digital drums  with a sub bass on the kick and a finger snapping sound used as a snare. A steeldrum sample is playing a repeating melody while a male voice is rapping in a higher pitch along to backing vocals creating a cheerful atmosphere. Then the song stops and you can hear mobile phones ringing. Two male voices are talking to each other. Then the recording stops with a beeping sound. This recording may be playing in a movie scene.,False,False
2496,LaeRCg-NdeY.wav,"The low quality recording features a cover of a classical song and it consists of a saxophone solo melody playing over a groovy piano melody. At the very end of the loop, there is an applause. It sounds easygoing, passionate and the recording is noisy and in mono.",False,False
2497,LaoUSBEVHVQ.wav,Someone is hitting tibetan bowls that keep ringing out with a big release time. This may be playing in a meditation workshop.,False,False
2500,Lc6OfmzV7Pk.wav,"This is a solo trumpet piece which is cheery and upbeat. The pitch is generally high, with a few low notes which contrast and stand out against the high notes.",False,False
2502,Le4aGNS8e0c.wav,This song contains loud acoustic drums with a groove on the ride. An e-bass and e-guitar are playing along in the lower register. A deeper male voice is singing/screaming with a delay on his voice. his voice is doubled. This song may be playing for an action packed youtube video.,False,False
2507,Lhw0H3P4zUE.wav,"This is the recording of a harmonica solo. The tune being played on the harmonica is a melancholic one. There is an emotional aura to it. It could be used in the soundtrack of an animation movie, especially during a scene where a character is going through feelings of heartbreak or disappointment.",False,False
2510,LktT1OQrPdo.wav,This audio contains a deeper male voice singing along with the rhythm played on a mridangam while someone is playing te melody on a viola. A second male voice starts singing in a higher register. In the background you can hear a shrutibox playing a drone chord. This song may be playing during a concert.,False,False
2512,LnL3KFKGqHE.wav,"This music is an aggressive instrumental . The tempo is fast with a violent yet melodic tune that dips suddenly to the sound of gunshots and the metallic sound of empty shells hitting the ground. This music is a violent, harsh, loud, and violent Hard Electronica.",False,False
2514,LoTRWc9WK9Q.wav,A male preacher talks and plays horn -like instruments to explain the ritual sequence. The song is medium tempo and the small horn is played rhythmically without any accompaniment. The audio quality is bad and the movie talks about Jewish custom sequences.,False,False
2515,LpcvkXs49Zo.wav,This audio contains someone playing a solo on a distorted e-guitar in the mid range up to the higher register. This song may be playing for a product advertisement.,False,False
2517,LqP4F4a-HOc.wav,"This is a live performance of a boogie woogie music piece. There is a trio of female vocal harmony singers. The main melody is being played by the piano and the electric guitar. Then, a trombone plays a brief solo. The bass guitar is playing in the background. The rhythmic background consists of an acoustic drum beat. The atmosphere is upbeat.",False,False
2520,LvpImXJMryI.wav,"A male singer introduces the DJ lineup with an enthusiastic song. The tempo is medium with a groovy bass line, steady drumming rhythm, keyboard harmony and other percussion hits. The song is enthusiastic and energetic. The audio quality is very poor.",False,False
2522,Lwvf17xUxhE.wav,"This is a live recording of a section on the french horn, played in classical style. The piece ascends rapidly and then descends rapidly. The piece has a regal and important feel to it.",False,False
2526,M-RX7LqL50A.wav,"A male vocalist sings this energetic Rap. The tempo is fast with the vocalist singing a Hip-Hop song with Acapella . No instrumentation is used apart from the vocal percussive beats. The song is a youthful, enthusiastic,engaging, insistent, passionate , groovy, rhythmic patter with slangy lyrics and a dance groove. This song is contemporary Hip-Hop/Rap.",False,False
2527,M0ygCD6WyXw.wav,"This clip consists of a blowing horn being played. The horn's sound creates the feeling of an impending battle, and is reminiscent of the middle ages.",False,False
2528,M1ds6tRFxhs.wav,The song is an instrumental. The song is medium tempo with chord changes played on different keyboards to check subtle differences in tonality. The song track is a comparison video playing funk jazz accompaniment.,False,False
2531,M4SIUPA05yc.wav,This DJ music features a didgeridoo playing the low end registers. There are different frequencies of didgeridoo instruments played in this clip which have been remixed. There are droning sounds which are all the sounds of didgeridoos. A synth plays staccato chords after two bars. The voicing used in the synth is close to a trumpet. A delay effect is used on the synth sound. This song has a tribal feel. This song can be played in a club.,False,False
2537,M7fsgHyiicM.wav,"The low quality recording features a digital flute melody, synth brass melody and monster growling sound effect. It sounds emotional and like an in game sound.",False,False
2538,M9MgZXkYRBs.wav,"The low quality recording features a classical song that consists of harmonizing trombone melodies. It sounds emotional and passionate, while the recording is noisy.",False,False
2539,M9mc3HYL_GM.wav,"The low quality recording features a breathy flute playing over dark mellow keys melody. It sounds passionate, soulful, emotional and the recording is noisy and in mono.",False,False
2540,MC0Aeu7RLSI.wav,This dancehall song features a male voice singing the main melody. Another male voice sings backing vocals in harmony with the main melody. The voice sings at a fast pace fitting many syllables in the rhythm phrases. This is accompanied by programmed percussion playing a simple beat. Synth sounds are played in between lines. This song is flirty. This song can be played in a club.,False,False
2542,MFxMPOAbUPA.wav,"This is an R&B/soul music piece. There is a whole mix of male and female vocals singing melodically. The tune is being performed by the keyboard while the electric guitar and the bass guitar are playing in the background. There is a slow tempo electronic drum beat in the rhythmic background. The atmosphere is emotional. This piece could be used in the soundtrack of a romance movie, especially during the scenes of resolution.",False,False
2543,MHgPpImV7b4.wav,"The low quality recording features a Christmas song, played on a device that can produce mono sounds only, and it consists of a passionate male vocal singing over some muffled instrumental. It sounds euphoric, happy, joyful and fun. The recording is messy, in mono, noisy and slightly distorted.",False,False
2550,MMGAKKhqxKg.wav,This amateur recording starts off with the sound of the crowd at a live show. This is followed by a male voice mouthing four blasting sounds over the mic. This is followed by a guitar playing a funk riff and another guitar playing a lower register melody. The percussion plays a fast beat. The bass plays only one note in a continuous pattern following the percussion. The mood of this song is upbeat. This song can be played in a retro club.,False,False
2551,MNd8CRa48Uk.wav,"Eastern European music featuring clean electric guitar, tambourine, two male vocalists. Could be traditional dance music.",False,False
2552,MNlzpCwdh4g.wav,"The low quality recording features a french horn melody played over playback that consists of snappy rimshots, shimmering hi hats and arpeggiated guitar melody. It sounds emotional and passionate, even though the recording is in mono and noisy.",False,False
2555,MPxwPOOIskc.wav,Quiet instrumental cover of a popular pop/rock song by an orchestra that features winds and strings trading off parts of the melody.,False,False
2556,MQ1Q7xydJPU.wav,This is the live performance of a hard rock piece. There is a male vocal who is shouting at the crowd while revving up a chainsaw. The electric guitar is playing the melody while the bass guitar is playing in the background. The acoustic drums are playing a simple blues rock beat. The atmosphere is aggressive.,False,False
2559,MS8VU468rKk.wav,This is a cover of an alternative rock music piece. There is an electric guitar with a clean sound and a lot of reverb playing a gentle arpeggio. The atmosphere is dreamy and hazy. This piece could be used in the background of a tutorial video.,False,False
2562,MV4tgzc9X6s.wav,"This song features a cowbell being struck with a stick. The cowbell is struck at different parts producing different sounds. The first sound is a muted sound. At the beginning, the cowbell is struck three times at different parts. The first sound is muted. The second sound is slightly open and at a higher pitch than the first sound. The third sound is higher in pitch again and sounds more open than the first two sounds. A pattern is then played using a drumstick and striking the cowbell at different parts. There are no other instruments in this song. There are no voices in this song. This song can be played in a cowbell instructional video.",False,False
2563,MVAXHT67Na4.wav,"This is a parody montage of a K-pop music piece. There is a girl band singing in the original track. On the parts where the girls are hollering, the sounds of goats bleating were added. The original track has a keyboard playing the melody while there is a strong bass in the background. The rhythm is played by the electronic drums. There is an amusing atmosphere.",False,False
2564,MVBQrBAXgw4.wav,This audio contains a very present kick on every beat. A synth bass is playing an arpeggio melody along with a synth lead sound playing in a higher pitch rising up in pitch. Then a riser sound also rises in pitch. Then the music stops and you can hear glass breaking. This song may be playing in a techno club.,False,False
2567,MWS-Uxf1MRw.wav,This is a classical music piece. There is a piano playing an arpeggio in the background while a violin gently plays the main tune. The atmosphere of the piece is sentimental. This piece could be used in the background of tutorial videos. It could also be playing in the background at a coffee shop.,False,False
2568,MX0wS7MX3Zo.wav,This is a contemporary classic music piece being performed on a theremin. The player gives the theremin and electronic sounding character. The atmosphere is weird and eccentric. This piece could go well in the soundtrack of an absurdist/surrealist art movie.,False,False
2569,MXdVnDVjSL8.wav,This dubstep song features a turntable being played. It starts off with a high frequency pitch that is being brought down to a lower pitch till it fades away. A male voice raps a line and the instruments pause momentarily. This is followed by scratching of a vinyl in a pattern. This is accompanied by programmed percussion playing a dubstep beat. The sounds played are all synthesized by the DJ console. This song can be played in a club.,False,False
2574,MdsRmMxkF4k.wav,These are the sounds coming from a martial arts movie. There are male voices shouting at each other. Sounds of footsteps and the movements of fighting can be heard. The music in the background has a dramatic tune being played on the strings. The rhythmic background is composed of Chinese paigu drums and the gong. There is a feeling of tension in this track. Some parts of this recording can be sampled for use in beat-making.,False,False
2575,MeA8CSKAuvw.wav,This pop song features a male voice singing the main melody. This is accompanied by percussion playing a simple beat. The hi-hat is played in eighth notes. The bass is played on a tuba. The root notes of the chords are played. Trumpets play a staccato note at every alternate beat. A brass instrument plays a fill after the first two bars. The mood of this song is romantic. This song can be played in a romantic movie.,False,False
2579,Mhvgz5AjV3U.wav,"This audio contains various acoustic guitars playing a lead melody, a countermelody and strumming chords. An acoustic drum is holding a simple bossa nova groove along with shaker and percussion. This song may be played live outside by a busker.",False,False
2580,MiWskwqOMrg.wav,"This is the recording of a gear review video. There is a male voice describing the feel of a certain reverb amp. There is a static sound that can be heard while he is talking, because the guitar is still plugged in. A mellow tune can be heard playing from a clean sounding electric guitar in the background.",False,False
2585,MlnK2sa7mm4.wav,"The low quality recording features a Harmonica solo melody. The recording is noisy and in mono, as it was probably recorded with a phone and it sounds emotional and passionate.",False,False
2586,MmqRlHntd0Q.wav,This song contains a marching band playing a melody with a big brass section. Horns are playing the bass melody and kicks and snare rolls are providing the rhythm along with some cymbal hits. This song may be playing at a national sports-event.,False,False
2591,MpjN21Z93JY.wav,A male singer sings this popular song. The tempo is medium with an ukulele playing rhythm accompanying the male vocals with no other instrumentation. The song is emotional and inspiring. The audio quality is bad.,False,False
2592,MrMXYO2fzJ4.wav,"The low quality recording features a latin jazz song played in the background over which a drums solo is played. The solo consists of shimmering hi hats, punchy snare and kick hits and low tom rolls, while the latin jazz song consists of groovy piano chords and wooden percussion. It sounds energetic and exciting.",False,False
2595,MtVLmOvQopM.wav,This is a live performance of a Russian folk music piece. There is no singer in this piece. The single instrument being played is a garmon. The performer is playing a melancholic solo on the garmon. This piece could be used in the soundtrack of a movie or a documentary that takes place in Russia. It could also be playing in the background at a Russian cuisine restaurant.,False,False
2596,Mv90uA0tmgc.wav,This is a video game theme in the style of jazz music. There is a male vocalist singing gibberish while imitating a brass instrument. The vibraphone is playing the main melody. There is a piano playing chords in a syncopated manner. The bass guitar is playing a groovy bass line. The rhythmic background consists of an acoustic jazz drum beat. The atmosphere is dreamy and cheerful. This piece could be playing in the soundtrack of an animation movie during a dream sequence.,False,False
2601,MyH8zQw9csc.wav,Someone is strumming chords on a guitar while playing a sad sounding melody on a harmonica. This song may be playing sitting on a bonfire surrounded by friends.,False,False
2605,N0i99VyZCg8.wav,This is an orchestral movie music piece. There is a brass section and a cinematic sounding strings section playing a dramatic tune. A percussive syncopation provides the rhythmic background. There is a faint high-pitched choir sound that is most likely coming from a synth. The atmosphere is full of suspense. This piece could be used in the soundtrack of a video game or a movie at a scene that implies an imminent threat or danger.,False,False
2608,N4eMppEnPE0.wav,"This clip features a variety of sounds that would be suitable for meditation or at a massage parlour. The music is serene, peaceful, and calm. It features a gong, a wind-chime and a diapason.",False,False
2612,N8Fg3L1Cc5E.wav,A female singer sings this beautiful melody. The tempo is medium with a piano or keyboard accompaniment and no other instrumentation. The song is emotional and passionate like a love song. The audio quality is very poor with a lot of hissing noise and distortion.,False,False
2613,NBnz0xV9nb4.wav,The low quality recording features mellow piano chords playing. There is a short audio cut and the recording is noisy and in mono.,False,False
2614,NDJEKij2qOg.wav,"This is a German Romantic era music piece. It is being performed live, however the quality of the recording is poor with frequently occurring peak noise. The french horn is playing the main melody while the background consists of a steady grand piano tune. The piece has a heart-touching feel to it.",False,False
2617,NJ_Ha89QjiI.wav,"The low quality recording features shoe tapping sounds alongside loud bagpipe melody and drum rolls. It sounds like it was recorded outside and therefore it is reverberant, epic and powerful. The recording is in mono and a bit noisy.",False,False
2619,NLQts9t7d8k.wav,"The low quality recording features a wide harmonizing background vocals singing alongside passionate female lead vocal, over punchy snare hits, shimmering bells melody, simple hi hats, soft kick hits, simple bass and acoustic guitar melody. It sounds passionate, mellow and soft.",False,False
2621,NP5iO_HB-f0.wav,This audio features a drum machine playing different beats. It starts off with a phrase using seven strokes on the kick and one hand clap. This is followed by another sequence of seven strokes on another percussive instrument and one stroke on a different part of the instrument. This is followed by a hip-hop beat using booming kick sounds. This is a demonstration of a drum machine.,False,False
2623,NQXQsVawPhU.wav,"This is an excerpt from a music show. There is a female voice narrating an event that took place. In the background, there is hip-hop music playing. A male vocal can be heard rapping. The melody is being played by a synth sound. There is a strong bass in the piece. The rhythm is played by the electronic drums. This piece could be used as an advertisement jingle for a sportswear or automobile company.",False,False
2624,NRWlHRvaDcQ.wav,"This music is instrumental. The tempo is slow with a dominant Trombone lead. The music is loud, powerful, emphatic , clear and rich. This music is a Western Classical Trombone instrumental.",False,False
2625,NSS9_2FFVeo.wav,"The low quality recording features an electro song scratched by a DJ. The song consists of buzzy synth bass, bouncy cowbells, stretched low pitched male vocals, punchy kick, punchy snare layered with claps and shimmering hi-hats. It sounds energetic and groovy, like something you would hear in an underground club during the 90s.",False,False
2626,NSyqj1DXZKg.wav,"This clip is a meditative and calming track. The leading instrument is a flute, which is played intricately and dynamically. In support, is a piano, on which arpeggios are played. The track would be suitable as music for relaxation at a spa.",False,False
2627,NUTaOnEhvzE.wav,The song is an instrumental. The song is slow tempo with three accordions playing in harmony and in a relaxed manner. The song is beautiful and romantic. The audio quality is average and an amateur home recording.,False,False
2628,NVo-stvk_QE.wav,Here we have an electric guitarist intricately playing a guitar solo with a reverb effect applied to his guitar. The music is a jazzy type of backing track with a sophisticated walking bassline. The guitarist is highly skilled.,False,False
2630,NX3KJ-tVdMI.wav,"This audio contains a digital drum with a kick with a lot of overdrive, a snare on the backbeat and a long noisy snare sound. This song sounds very monoton. This song may be playing in a club.",False,False
2631,NZ2kFIaW05k.wav,"The low quality recording features an electric guitar melody played over a playback that consists of groovy bass, punchy snare and shimmering cymbals. At the end of the loop, there is a flat male vocal talking. It sounds groovy, fun and the recording is noisy and slightly distorted.",False,False
2632,NZYDLDIyZr8.wav,The low quality recording features a traditional song that consists of a flat male vocal singing over pad chords. The recording is very noisy and it sounds passionate.,False,False
2633,NZn4-gP2GiI.wav,"A male singer sings this groovy melody. The tempo is medium with a strong bass line, steady drumming, keyboard playing a countermelody and various percussion hits. The song is funk pop in nature. The song has poor audio quality.",False,False
2637,NcsYdCbKgcc.wav,The song is an instrumental. The song is medium fast tempo with percussionists playing a groovy rhythm on three clap boxes. The sound quality is poor with a lot of ambient crowd noise.,False,False
2639,NeSIT6sqLRA.wav,This is an instrumental jam recording. There is a mini theremin being played at a high pitch. It is making vibrating and squeaking sounds. There is an instructive male voice speaking. There is an eerie feel to the sound. This recording could be sampled for use in beat-making.,False,False
2642,NjoKxRwQxCE.wav,This clip features a male voice in a narrative voice. This is accompanied by a synth sound using a ring modulator effect. The voice is calming. This song can be played in a documentary movie. There is no vocal melody in this song. There are no other instruments in this clip.,False,False
2644,NlUf1ppoSG4.wav,"This music is instrumental , the tempo is slow with an electric guitar lead and a strong bass guitar accompaniment. The music is assertive and emphatic but sounds sad, melancholic,nostalgic, romantic , wistful and sentimental. This music is Blues Harmony.",False,False
2645,Nlg8AbWRV_c.wav,"The low quality recording features synth pad chords, followed by mellow arpeggiated piano melody. It sounds soft and emotional.",False,False
2649,NnYfF7E12dk.wav,"The low quality recording features a tutorial on how to make the electric guitar sound like a banjo. It consists of a flat male vocalist talking over the background instrumental music, after which he starts playing the electric guitar. The recording is noisy.",False,False
2650,NnmJ1UHWlas.wav,"The low quality recording features a commercial song that consists of wooden percussion, soft kick hits, echoing bells, toms and buzzy synth lead. There is a very weird pause in the song, which was supposed to be a break. It sounds weird and minimal.",False,False
2652,NoB_4XaZYVs.wav,This is an ambient jam performed on an electric guitar. The electric guitar is being played with an effect applied to it. There is a male voice describing the sound. The parts where he is not speaking could be sampled for use in beat-making.,False,False
2653,Npbs_4DZgEQ.wav,"There is a very large bell ringing, and we hear the resonance thereafter. The bell rings repeatedly throughout the whole clip. The audio quality of the clip is poor, and we hear distortion in the clip as a result.",False,False
2657,NsR60ehkHGA.wav,This is a Swiss rap music piece. There is a male vocal rapping in the German language. The melody consists of a repeating theme played by a synth sound. A low-to-medium range string sample can be heard every now and then. The rhythmic background consists of an electronic drum beat which contains very faint clicking sounds added for texture. It is an urban sounding piece. This piece would fit perfectly in the soundtrack of a crime movie that takes place in the ghettos of a German-speaking city.,False,False
2668,Ny4wnDN4K1U.wav,An acoustic drum is playing a constant groove along with an e-bass playing the footnote of an e-piano playing a major chord progression. A e-guitar is ending the phrases of the melody in a lower key. In the background you can hear bells playing. A female sounding voice is singing responding to a small choir taking turns singing a melody. This song may be playing during a cheerful event such as Christmas.,False,False
2674,O0y-m0pCi5E.wav,"This music is instrumental. The tempo is fast with a continuous droning harmony of the Didgeridoo and rhythmic beats of a small hand percussion.The music is unique, deep, droning, buzzing, hypnotic, psychedelic and incessant. This music is a Didgeridoo instrumental.",False,False
2675,O1EmHJyz5ds.wav,The song is an instrumental. The song is slow tempo with a piano playing beautifully with no other accompanying instruments. The song is emotional and relaxing. The song serves as soundtrack for an aquatic life documentary.,False,False
2677,O25IKwo2HkE.wav,"This music is instrumental. The tempo is fast with an enthusiastic flute harmony and bassoon accompaniment. The music is upbeat, catchy, engaging, vivacious, melodic, cheerful, happy and pleasant. This music is an upbeat classical instrumental.",False,False
2680,O3Cvn4yXrao.wav,"Serious music in the gangster rap genre that features a strong male rapper with doubled vocals over a 90's hip hop beat. Deep bass drives the beat along with hand percussion, clap, electric piano, synth flute, and tambourine.",False,False
2681,O40E8bpmONQ.wav,This ska song features a flute playing the main melody. Other flutes play staccato notes in the background. This is backed by trumpets playing chords in the background. The percussion plays a simple beat in common time. The double bass plays a 12-bar blues style bassline. There are no voices in this song. This is an instrumental. This song can be played at a Broadway event.,False,False
2685,O6xMQnKJROc.wav,"The low quality recording features a live performance of an orchestra that consists of staccato strings melody and sustained woodwinds melody at least. The recording is very noisy, to the point that it is distorting, and in mono - as it was probably recorded with a poor quality microphone.",False,False
2686,O73wigUotGo.wav,This is an amateur recording of a sound check jam. The audio quality is quite poor with an emphasis on the drum sound. There is a male vocal that can be barely heard over the sound of the bass guitar and the acoustic drums. The piece is easygoing. This recording can be sampled for use in beat-making.,False,False
2687,O84YjlJ_Qw4.wav,The song is instrumental. The tempo is medium with a prolific fiddler playing melody and a banjo and guitar accompaniment. The song is adventurous and exciting. The song is a classic country instrumental. The song has poor audio quality.,False,False
2688,O8EMm4QJjeo.wav,This is an experimental rock/indie rock music piece. The rhythmic background consists of a peculiar 6/8 acoustic drum beat that has shifted kick drum hits. There are sleigh bells accompanying the drums. The synth bass is playing a simple and repeated theme. The atmosphere is eerie. This piece could be used in the soundtrack of a noir movie where a character is devising a plan to deal with conflict.,False,False
2692,OA63sRxGk6o.wav,"The low quality recording features a live performance of a female choir that consists of harmonizing female vocals. It sounds addictive, mellow and soft.",False,False
2695,OBJM1TqPvu4.wav,Sinister sounding orchestral music with a foreboding low string melody using a tritone interval while the high strings and female choir hold a dissonant chord.,False,False
2696,ODOrls3MuZI.wav,This pop song features a male and female voice singing the main melody. There are backing voices singing fills in between lines. Children sing in the background. This is accompanied by percussion playing a simple beat. The bass plays the root notes of the chords. A synth plays a pedal chord in staccato. This song can be played at the end credits of a holiday movie.,False,False
2697,ODRAYQE9GXs.wav,Someone is strumming chords on an e-guitar while playing a melody with the harmonica in a higher register. This song may be playing gathered around a bonfire.,False,False
2698,OECgm1obaFs.wav,This audio contains people playing a melody with bagpipes in a higher pitch. This song may be playing live during a traditional and formal event.,False,False
2707,OHZZuO2vY50.wav,"The low quality recording features a shimmering cymbals in the left channel, alongside suspenseful didgeridoo melody, followed by tinny wooden percussion and violin melody in the right channel of the stereo image. The recording is noisy and due to the unconventional panning, the stereo image is unbalanced.Overall it sounds suspenseful and intense.",False,False
2711,OJuVsBojdvo.wav,This is an acapella version of a Christmas gospel music piece. There are children singing using the harmony singing technique. The piece has a heart-touching feel to it. This piece could be used in the soundtrack of a Christmas movie.,False,False
2715,OM04OFjNPGw.wav,"A male singer sings this death metal melody with screaming vocals. The tempo is fast, with fast metal drumming, percussive bass line, rhythmic distorted guitar play and various percussion hits. The song is exciting  and high on adrenaline. The audio quality is poor.",False,False
2716,OMApGp219Zc.wav,You can hear a bell ringing with a lot of release time. In the background a bird is chirping. This song may be used for starting a documentary.,False,False
2719,OO1Q-3kXCtM.wav,The low quality recording features a widely spread harmonizing french horn melody. It sounds emotional and passionate.,False,False
2721,OPX9ukYun3o.wav,"This is an amateur recording of a dance performance. There is a zumba dance music version of a movie theme playing in the background. The melody is being played by the strings and the keyboard while there is a loud electronic drum beat for the rhythm. There is a mysterious yet energetic feel to this piece. The recording quality is not that great. However, this piece could still be used to gather samples for beat-making.",False,False
2727,OSlotCnSFow.wav,"The rock song features a fruity male vocal with occasional echoing effects, singing over punchy kick and snare hits, energetic cymbals, wide electric guitar melody and distorted bass guitar. Towards the end of the loop, there is a stuttering effect, which makes a perfect variation for such an energetic and aggressive song. It also sounds addictive, due to that cadence.",False,False
2728,OTu_vWZV4QA.wav,This sound is produced on a didgeridoo. The song has a droning sound interspersed with sounds of bass notes. There is a rhythm to this droning and bass sound but there is no melody. This song has a tribal feel. This song can be played in a movie scene where a person is lost in a forest.,False,False
2729,OVNVaXZ9D0E.wav,"The song is an instrumental. The song is medium tempo, with a keyboard accompaniment and string pad section. The song is emotional and passionate. The song is a movie soundtrack with poor audio quality.",False,False
2730,OWbfAmrFdp8.wav,This is an acoustic drum jam. The drummer is playing rapidly using the double bass technique which is an iconic technique used in metal drumming. The atmosphere is loud and aggressive. This piece can be sampled for use in beat-making.,False,False
2734,Obtx-A9Lt5c.wav,This song contains digital drums playing a four on the floor rhythm with a strong kick on every beat. A male voice is singing at a higher pitch. This song may be playing in a techno club.,False,False
2737,OdLCoLVRCmk.wav,This jazz song features a saxophone solo. This is accompanied by percussion playing at a fast tempo. The overall tempo of this song is moderate. The double bass plays on the off beats. A piano plays jazz chords in the background. There are no voices in this song. This song can be played in a luxury bar.,False,False
2738,OeNTAUKZgKs.wav,"This is a dub/jazz music piece. There is an electric guitar playing the main melody while a fat bass guitar is supporting it in the background. The rhythm is being played by a laid-back acoustic drum beat. The atmosphere is chill and trippy. This piece could be playing in the background at a dance club for a slow dance night. It could also be used in the soundtrack of a romance movie that takes place in the city, especially during intimate scenes.",False,False
2739,Oe_xSG_ic-c.wav,"The low quality recording features a live performance of a jazz song and it consists of a saxophone solo melody played over mellow keys chords, groovy bass, punchy snare and kick hits and shimmering hi hats. It sounds passionate and soulful.",False,False
2740,Ofry7lyQZDA.wav,"We have an Urdu speaking male narrator, speaking over some ambient background music. The music is tranquil, relaxing and features the use of traditional South Asian melodies and instruments. We hear a Bansuri being played, and a stringed instrument on which arpeggios are being played.",False,False
2741,OgqDO1wxQ8E.wav,This audio contains an acoustic piano playing a minor key melody that sounds like being in a dream along with strings rising up from the background playing a melody in the low to the higher register. This song may be playing for a lovely movie scene where birds are flying in slow motion and kids are playing outside.,False,False
2742,OhZmxS5DUKU.wav,"A male singer sings this youthful k-pop song. The tempo is fast with a heartbeat rhythm, electro static sounds, electric buzz, followed by a fast paced drum rhythm, guitar accompaniment and a groovy bass line. The song is groovy and very youthful.",False,False
2744,OiAJB9uydS8.wav,This music is instrumental. The tempo is medium with a piano harmony with the voice of a child speaking and a bee buzzing superimposed on the music. This clip is a tutorial on how to speak English. The music is subdued with the emphatic and loud voice of the child.,False,False
2745,OiNlYrlJE4g.wav,"This music is instrumental. The tempo is slow with a euphonious harp melody with no accompaniment. The music is soft, mellow, ethereal, melancholic, nostalgic, pensive, soft and ambient. This music is a Western Classical.",False,False
2749,Ok-ia7ziJy0.wav,This song contains people strumming chords on acoustic guitars while a banjo and a mandolin are taking turns playing a lead melody. In the background you can hear an upright bass playing a fitting bassline. This song may be playing live while having a BBQ with friends.,False,False
2750,OkcBJawiIHA.wav,"This music is instrumental. The tempo is slow with a melancholic piano melody with violin harmony and keyboard accompaniment. The music is sad, mellow, grim, sombre, wistful, poignant, pensive, melancholic and reflective. This music is a soundtrack for a movie.",False,False
2753,OnL-e9X0oEc.wav,"This song features a female voice singing the main melody. This song has a Middle-Eastern feel. The voice is accompanied by percussion playing a dance beat. A synth plays a high pitched melody in between lines. A synth pad plays chords in the background. The bass plays the root notes of the chords. Toward the end, all instruments except the synth pads pause. The voice continues to sing at this time. An autotune effect is used on the voice. This song can be played in a club.",False,False
2754,OoJGMj5H7Wk.wav,"This is a recording of one note being played on the guitar, followed by some string bending. There is then a dialogue between male Japanese speakers.",False,False
2755,OoRUo92emGo.wav,"The low quality recording features a synth pad played at the very beginning of the loop, after which basic sine wave tone is played. It sounds weird and like a tutorial for making music.",False,False
2756,OoyxPPoPmt0.wav,This amateur recording features a folk song played in India. The main melody is sung by a male voice. This is accompanied by a tabla and dhol playing the percussion parts in an Indian beat. A sarangi plays the same melody as the main voice. The sitar plays the rhythm parts. Cymbals are played at every count of each bar. This song can be played for a cultural dance programme.,False,False
2761,OseeYF_ud7g.wav,Someone is playing a fast paced melody on a sitar accompanied by someone playing a rhythm on tablas. This song may be playing live during a concert.,False,False
2762,Ou2rEaq28PM.wav,This is a reggae/dub music piece. There is a fat sounding bass guitar playing a groovy bass line. An electric guitar with heavy delay and reverb effects is playing a vague tune. There is a reggae acoustic drum beat in the rhythmic background. The atmosphere is trippy. This piece could be used in the soundtrack of a movie during scenes where a character would be under the influence of substances.,False,False
2763,Ou7vteWmqfw.wav,"This blues song features a male voice singing the main melody. This is accompanied by the percussion playing a simple beat. The percussion plays the tambourine as well. The bass plays the same licks played on the guitar. The guitar plays notes that are octaves apart. Toward the end of the song, an overdrive guitar plays a hammer on note. The mood of this song is comforting. This song can be played in a bar.",False,False
2765,OvjmfGU4y_M.wav,This is the compilation of live performances from a pop music boy band. There are teen male vocalists singing melodically. The melody is being played by an acoustic guitar and a bass guitar while an acoustic drum beat is playing in the rhythmic background. There are sounds of a crowd singing and cheering. The recording quality is poor.,False,False
2766,Ovk5EfFj7Ws.wav,"Male vocalist sings this upbeat Hip-Hop song. The tempo is fast with minimal instrumentation of a lively infectious, punchy drumming and enthusiastic vocal backup and incessant, vigorous vocalisation. The song is buoyant, catchy, punchy, funky, youthful,groovy, engaging, vibrant and vivacious. This song is contemporary Hip-Hop/Rap.",False,False
2767,OwUzGq0ceT8.wav,"The song is an instrumental. The tempo is medium with theremin playing passionately, steady drumming rhythm ,groovy bass line and keyboard accompaniment . The tunes are Christmas carols with poor audio quality.",False,False
2769,OxxRnDpN9cc.wav,This classical sonata features a harpsichord playing a melody. This is accompanied by a cello playing the bass notes. There are no other instruments in this song. There is no voice in this song. This song can be played as a lullaby.,False,False
2770,OyRtTtTSXuM.wav,"This song starts with a descending phrase played on a synth. This is followed by an ascending phrase on another synth. This is accompanied by simple programmed percussion playing the hi-hat on the first two counts and the fourth count of each bar. The snare is played on the third count of each bar. After four bars, the percussion plays a roll and the bass plays one note two times. The synth sounds in the background get louder when the roll is played. There are no voices in this song. This song can be played in a night club.",False,False
2771,OyouRYAq-tE.wav,This audio contains someone playing an upright bass with a bow. The melody sounds a little bit dangerous and tension building. This song may be playing in a movie scene where someone is being followed.,False,False
2774,P007re8_iyY.wav,This orchestral song starts with a melody played on a reed instrument backed by strings and the triangle. This is followed by the horn section playing a descending run. The violin plays a solo after the horn section. The violins are backed by the bass played on viola or cello. The mood of this song is comedic. This song can be played in a movie scene where a criminal is planning a cunning tactic.,False,False
2775,P0vjXnnIiR4.wav,This song features a melody played on an acoustic guitar. Delay and reverb effects are added to the sound. This song starts off with notes being fingerpicked. The second bar involves a chord being held and allowed to ring for four counts. This is followed by a double stop and then descending notes played with a higher open string. The melody is romantic. There are no voices in this song. This song can be played in a romantic movie.,False,False
2776,P14zjckYFK0.wav,"The low quality recording features an electro song that consists of a filter modulated bass, repetitive, echoing electric guitar melody, punchy kick and snare hits, shimmering hi hats and a saxophone solo melody played at the end. It sounds passionate and energetic.",False,False
2780,P2F4iNqJmNU.wav,This song features the sound of a saxophone playing in the background. This is accompanied by the sound of a dog howling. There is no melody to the howling. This song has no other instruments.,False,False
2781,P2UqnWU8d8o.wav,"The low quality recording features an uptempo didgeridoo melody. It sounds reverberant, as it was probably played in a medium size room, and the recording is a bit noisy.",False,False
2782,P39x5dOsJ40.wav,The low quality recording features a drummer playing his solo over a weird repetitive electric guitar solo melody. The drums consist of punchy kick and snare hits and shimmering cymbals. Overall it sounds energetic and exciting.,False,False
2785,P4aTFrJws40.wav,This is an instrumental music piece that was made for a soap opera soundtrack. The piano and the strings are playing gently in a melancholic manner. The atmosphere of the piece is emotional. This piece could be used in the soundtrack of a drama movie during scenes of hopelessness or heartbreak.,False,False
2786,P4zWSoib5BU.wav,A deep male voice is talking then starts strumming chords on an acoustic guitar while blowing a melody on top with a harmonica. This song may be playing live explaining music.,False,False
2788,P5AgEqouchI.wav,"The low quality recording features a theremin solo melody played over playback that has a sustained strings melody playing. It sounds emotional, sad, heartfelt and the recording is noisy and in mono.",False,False
2791,P5uIpVLEpm4.wav,"This music is instrumental. The tempo is fast with an electric guitar riff playing a cover of a popular melody. The music is intense, loud, passionate, violent, aggressive and thunderous. This music is heavy metal/ death metal.",False,False
2792,P65yE_EXLd8.wav,"This song is an animated duo in a male and female volume. The tempo is slow with a Pisano harmony, synthesiser arrangement and a small hand percussion. The song is a lively, simple, expressive,animated, rhythmic and informational children’s song/ nursery rhyme .",False,False
2800,PBMfPDei93s.wav,"A female singer sings this passionate melody backed up by singers in vocal harmony. The tempo is slow with a strong bass line, steady percussive rhythm and keyboard accompaniment. The song is emotional and spirited. The song is a modern hip hop hit.",False,False
2806,PFa1XVCgPgM.wav,"The low quality recording features a live performance of a classical song that consists of a fruity male opera singer over a piano melody. In the background there are coughing and telephone ring sounds. The recording is noisy, muffled and it sounds emotional and passionate.",False,False
2807,PFtcnQqLdEc.wav,This audio contains drum-rolls in the background playing along with a brass section and flutes. In the foreground someone is playing the same melody on a theremin. This song may be practicing playing along with an instrument.,False,False
2810,PJUffXn-LIk.wav,This is the ending of a female choir performing on stage. It appears to be in a graduation ceremony setting. The crowd starts cheering and applauding the choir after the show is over.,False,False
2811,PKJMsnUJ994.wav,This audio contains gambelan bamboo mallets playing a melody in the higher mid-range along with a flute playing a melody in the higher register. In the background spread across the sides of the speakers you can hear different birds chirping. This song may be playing during a traditional dance.,False,False
2812,PKsdjH0RmsU.wav,"This music is a beautiful ,soothing instrumental. The tempo is slow with a wind instrument like a recorder/flute  solo and an acoustic guitar accompaniment. The music is dulcet, serene,calming, soothing, mellifluous,soulful, therapeutic and idyllic. This is a folk song instrumental.",False,False
2815,POOu05eUvqE.wav,"This music is a beautiful Harp instrumental. The tempo is slow with a mellow, gentle and rich Harp melody. The music is dreamy, cascading, ethereal, soothing, calming and harmonic. This music is a Western Classical Harp Solo.",False,False
2816,PP3kNqPM434.wav,This punk rock song features a male voice singing the main melody at a comfortable pitch. This is accompanied by percussion playing a simple rock beat. A distortion guitar plays power chords using downstrokes. The bass plays the root notes of the chords. This song is played at a moderate tempo. This song can be played at the end credits of an action movie.,False,False
2818,PQXYWc3JHhU.wav,"The low quality recording features an arpeggiated synth melody, followed by synth pad chords. It sounds mellow, soft and relaxing, while the recording is noisy.",False,False
2820,PRRcVdXsBQg.wav,Here we have a gentle and soothing instrumental piece on the piano and clarinet. The pianist plays an accompaniment to the lead melody of the clarinet - which feels like a relaxing afternoon at the beach. This is a live recording.,False,False
2821,PRzBkZSSyY0.wav,This recording contains a male voice speaking than you can hear a wooden clicking sound that comes from an instrument called three tone wood blocks. This may be playing in a tutorial video showing off your instrument.,False,False
2825,PUy3cnNk4ys.wav,"This is a gear showcase jam. There is an electric guitar playing simple tunes first without and then with a vibrato tailpiece to show the difference between two setups. The atmosphere is easygoing. Although the recording is a bit dated, the electric guitar could be sampled for use in beat-making.",False,False
2826,PWVr9weg00U.wav,A trombone is ending a melody together with a tuba and other brass instruments before going into the next part that sounds fast paced and uplifting. This song may be playing at a live performance.,False,False
2830,PbUyPbafFh0.wav,This song is played on a French horn. There are no other instruments. The first part of this song consists of short bursts of two note pairs played twice followed by one stretched note in an ascending sequence. This is followed by three descending notes. Then two ascending notes are played. This is again followed by three descending notes. It ends with two more ascending notes. There are no voices in this song. This song is an instrumental.,False,False
2832,Pd4WnsXwdqw.wav,"The Children song features a mellow kid vocal singing over groovy bass, punchy kick and snare hits, shimmering hi hats, shimmering bells melody, plucked strings melody and wide keys melody. It sounds happy, joyful and fun - like something kids would listen to.",False,False
2833,PdgswSjYhMw.wav,"This is a live performance of an alternative rock music piece. There is a male vocalist singing in a drowsy manner in the lead. The main tune is being played by a keyboard with an organ sound meanwhile the electric guitar and the bass guitar are supporting it in the background. The rhythm is being provided by a slow tempo acoustic drum beat. The atmosphere is melancholic. This piece can be used in the soundtrack of a drama TV series, especially during the scenes where a character feels like they are depressed.",False,False
2834,PduP4CpaDtY.wav,"The low quality recording features a children's song played on some small device that reproduces mono sound. The song consists of a funny male vocal, alongside harmonizing vocals, singing over a shimmering bell melody and some claps. It sounds happy, fun, joyful, muffled and the recording is noisy.",False,False
2837,PemDZNVE370.wav,The low quality recording features a live performance of softly arpeggiated harp melody and mellow sustained strings. It sounds passionate and emotional.,False,False
2839,PfpP3WjY118.wav,This song features a harmonica playing two notes. There is no melody in this song. There are no other instruments in this song. An audience member can be heard laughing in the background.,False,False
2840,Pgpd1yxLcLI.wav,"The song is an instrumental. The tempo is medium with a groovy bass line, keyboard accompaniment, percussive bass line , steady drumming drumming  and other percussion hits. The song is a pop song cover with a bad audio quality.",False,False
2841,Phy-_ko0zWU.wav,"This is a live performance of a Scottish folk music piece. It is an instrumental piece. There is a single player on stage playing the Scottish bagpipes. There is a lively, ceremonial atmosphere to this piece. This piece could fit well in the soundtrack of a historical drama taking place in Scotland.",False,False
2843,PkkhCW04O9k.wav,This audio contains someone slowly finger picking a chord up and down ending on the root note. This is an amateur recording and may be used for educational purposes.,False,False
2847,Pn8HqUbNQAc.wav,A male guitar player plays a guitar riff followed by an introduction of a guitar effects flanger pedal. The video has an instrumental solo of a guitar playing rhythm and no other instrumentation. The soundtrack has a poor audio quality.,False,False
2848,PnJx0uLJ_oE.wav,"The low quality recording features a traditional song that consists of a flat male vocal singing over shimmering hi hats, strings melody and wooden percussion, while a male vocal is mocking them. It sounds groovy, funny and it gives off happy vibes.",False,False
2849,PpJKo-JPVU0.wav,Low fidelity recording of a solo banjo playing a banjo roll and plucking double stops in a bluegrass style.,False,False
2850,PpamaOkNqoI.wav,"This is an acoustic drums lesson recording concerning how to play double stroke rolls on the toms. Initially, there is a rapid drum fill that can be heard. Then, a male voice starts speaking in an instructive manner.",False,False
2852,PqN7aT4dVN4.wav,This song contains an acoustic drum playing a reggae rhythm along with an e-guitar with effects strumming a chord on the backbeat. A bass is playing a simple repeating line while an organ is playing a rhythmic melody panned to the right side of the speakers. A female voice is singing at a higher pitch. This song may be playing chilling at home.,False,False
2854,PqTTIfja0y8.wav,"This clip features a South Asian, Indian song . There's a singer with a passionate vocal singing atop a tabla being played. There are manjeeras. The recording is of a live performance and it's low quality audio.",False,False
2855,PrMKUjFxrvQ.wav,The noisy low quality recording features a loud bagpipes melody played while people are marching. It sounds reverberant as it was recorded outdoors. The recording is noisy.,False,False
2856,PuJxL6tLxm4.wav,"The low quality recording features a crowd talking and clapping to a soul song that is played on a playback. The song consists of a passionate female vocal, alongside mixed harmonizing vocals, singing over sustained strings melody, simple bass and harp melody. It sounds emotional and passionate.",False,False
2857,PufDOSkxwzQ.wav,"The low quality recording features a dissonant harmonica melody, followed by lag tapping, birds chirping and dog barking sounds, as it was recorded outdoors. The recording is noisy and it sounds like a tutorial.",False,False
2859,Pv8ZWvM8bhw.wav,"The low quality recording features a cowbell percussion, after which there is a tinny metallic impact. It sounds loud, resonating and the recording is noisy and in mono.",False,False
2861,PwmXO0J-PAA.wav,"This is an alternative country music piece. There is a male vocal singing melodically with a thick reverb effect applied to it. The main tune is being played by the electric guitar with the bass guitar backing it. The rhythm is being provided by an acoustic drum beat. The atmosphere is easygoing. This piece can be used in the soundtrack of a drama movie, especially during the scenes where a character is trying to break free from an addiction.",False,False
2862,PxXR74Uohfg.wav,This audio contains someone playing a very fast groove on tablas then another instrument takes over playing the same rhythm on a metallic rattle instrument. You can hear people talking and the crowd is cheering. The atmosphere sounds relaxed and joyful. This song may be playing live at an instrument battle.,False,False
2863,PxxyplPsqBY.wav,"This song is an electronic instrumental. The tempo is fast with heavily synthesised sounds, digital drum arrangements and electronic beats. The music is youthful, groovy, pulsating, electrifying, buoyant, thumping, psychedelic, trance like and trippy. This music is Techno Pop/EDM.",False,False
2865,PyVuHAskeUg.wav,"The low quality recording features a cover of a rock song that consists of passionate electric guitar melody playing over playback. The playback features a groovy bass guitar, punchy snare and kick hits, shimmering cymbals and mellow synth key chords. It sounds groovy - thanks to the bass-drums relationship and passion - thanks to the electric guitar melody.",False,False
2866,Pzp_oTEn0Yk.wav,"This is a toy package opening video with a jazz music piece in the background. In the piece, there is a clarinet playing the leading melody while other brass elements, the piano and the upright bass are accompanying it with backing tunes. The rhythm is being played by the upbeat jazz acoustic drums. The atmosphere of the piece is lively. If the package opening sounds could be removed, the piece would suit well in the soundtrack of a feelgood animation movie.",False,False
2867,Q-ATDBgDbLE.wav,"This is a chamber music piece. It is performed by a quintet of the harp, the flute, the violin, the viola and the cello. There is a constant rising and falling pattern, resembling the feeling of a wave. The piece has a mysterious atmosphere to it. This music would fit perfectly in the soundtrack of an adventure movie during scenes of a journey where the characters are crossing the sea.",False,False
2869,Q0VVfneN8MI.wav,This audio contains someone picking and strumming a fast paced melody on the mandolin. This song may be playing live in a bar.,False,False
2871,Q1pjymZOm6Q.wav,"A male singer sings this cool hip hop melody with backup singers in vocal harmony and screaming vocals. The song is medium tempo with a piano accompaniment, percussive bass line, steady drumming rhythm, clapping percussions, and keyboard accompaniment. The song is passionate like a courtship song. The song has bad audio quality.",False,False
2872,Q2Omtt4A8ls.wav,This song contains someone playing a rhythm on a djembe along with a frame drum. Someone is strumming chords on guitar while the bagpipes are taking the main melody. Then a male voice starts speaking and the crowd is cheering and clapping their hands. This song may be playing live at a traditional concert.,False,False
2873,Q6G1XGwd-rM.wav,"The low quality recording features a flat male vocal talking, after which there is an acoustic guitar percussive tapping. The recording is in mono and so noisy that it is almost crushed.",False,False
2879,Q8QXzYpl6Tw.wav,"This piece contains someone playing a trumpet, a clarinet and a horn all playing the same note in different octaves. The horn is playing a bassnote. This song may be playing live as a school concert.",False,False
2880,Q8X6geEBR2o.wav,This is a pop rock music piece. There is a female vocalist singing melodically in the lead. The acoustic guitar and the electric guitar are playing a chill melody while the bass guitar is playing a simple bass line. The acoustic drums are playing in the rhythmic background. The atmosphere is easygoing and generic. This piece could be used as an advertisement jingle.,False,False
2885,QCbUlDMu7Hk.wav,This is Samoan folk music. There is a choir singing melodically with male and female voices mixed. The electric guitar is playing a simple tune in the melodic background.,False,False
2886,QDTCAxyXt80.wav,This audio contains someone playing an acoustic piano along with an acoustic guitar strumming chords. Someone is playing a cajon with a fast paced groove and a tambourine. A horn takes the main melody in the midrange along with a male voice singing in a higher key. This song may be playing on the streets performed by buskers.,False,False
2888,QHCHK-NPO_U.wav,"A group of male vocalists sing this charming melody in a foreign language. The tempo is fast with accordion lead music and acoustic guitar accompaniment. The song is lively, happy, light , warm, cheerful and charming . The audio quality is inferior as it seems to be an amateur home recording with ambient sounds. This Song is a Folk song.",False,False
2889,QHNREJJRTS4.wav,This reggae song features a male voice singing the main melody. This is accompanied by percussion playing a simple reggae beat. The bass plays notes in reggae style. A guitar plays fills in the beginning and in between lines. Hand claps are played in groups of two and one in an alternating pattern. This song can be played in a romantic movie.,False,False
2891,QIjShFhrp6w.wav,This is an instrumental blues music piece. A clean electric guitar is playing a groovy solo while the bass guitar plays in the background. The acoustic drums are playing a slow tempo blues beat. The piece has a relaxing atmosphere. It could be playing in the background at a rock bar. This piece could also be playing in the soundtrack of a romantic movie especially during flirting scenes.,False,False
2892,QIzSxE0WlKE.wav,"The low quality recording features a mellow french horn melody, followed by mellow piano chords. It sounds passionate, emotional and beautiful, despite the fact that the recording is noisy, buzzy and in mono.",False,False
2897,QNQ3sAMxZPY.wav,This low quality audio features an accordion playing the main melody. This is accompanied by percussion playing a simple beat. A tambourine is played with the percussion. This is a Latin style song. The guitar plays groups of three ascending and one descending note per bar. The bass plays a Latin rhythm. There are no voices in this song. This song is an instrumental. This song can be played at a house party.,False,False
2898,QQTWFTNy-WA.wav,This is an afrobeat remix of a hip-hop music piece. There is a male vocalist singing in a rap-like manner. A repeated hollering sample can be heard. The rhythmic background is provided by a variety of afro percussion elements. There is a danceable feel to it. This piece could be played at nightclubs or dance clubs. It could also be used as an accompaniment piece at a modern dance course.,False,False
2899,QS3DabGF41Y.wav,This is an instrumental rock music piece. The piece is being performed on a clean sounding electric guitar. There is an easygoing guitar solo being played. The atmosphere is groovy. This piece could be used as an advertisement jingle.,False,False
2901,QT1SjY9mQxc.wav,"The low quality recording features a classical song that consists of a suspenseful brass melody, sustained strings and dynamic low percussion roll, after which there is an alarm sound. It sounds suspenseful, dramatic and intense.",False,False
2907,QZNrK337wow.wav,This is a clip featuring an electric guitar being played through an amp. First a chord is played. This is followed by a descending pentatonic lick being played. This lick has a blues feel. This is an instrumental song. There are no voices in this song. There are no other instruments in this song.,False,False
2913,Qe_KwKVDgoE.wav,"This clip features a saxophone being played. Only one note is played on the instrument and the note fades away. As it fades away, the sound of air being blown through it can be heard. There are no other instruments in this song. There are no voices in this song. This song can be played in an instructional video.",False,False
2914,Qf87MJcWZQI.wav,This song contains digital drums almost playing a drum&bass groove along with a triangle sound. A synth bass is playing a melody with digital strings in a higher key. A synth pluck is playing a short melody on top. A female voice is singing the main melody. This song may be playing in a 90/2000s club.,False,False
2917,QiD3AkQz17E.wav,Pop music that is dense and distorted with a male singer. Good for club music.,False,False
2918,Qj4r_MCC0mc.wav,"This is a regional Mexican song, in a contemporary style. The song feels romantic and relaxed. The singer has a charming voice and his voice sits atop guitar arpeggios and a simple bassline.",False,False
2920,QmIhKF1BqCg.wav,This slow pop song features the end of a song. A male voice sings one syllable. The piano plays three notes followed by two high pitch notes. A guitar chord is heard ringing in the background. There is no percussion in this song. There are no other instruments in this song. The mood of this song is romantic. This song can be played in a romantic movie.,False,False
2921,QpX9dSCFxRI.wav,"The low quality recording features a reverse processed low pitched female vocal, followed by punchy kick and snare hits, shimmering hi hats, synth keys chords and groovy bass. There are some crackling in the recording and it sounds energetic and exciting.",False,False
2924,QrKJs6lBfmM.wav,"The low quality recording features a drum solo that consists of a snare roll played together with a syncopated sloppy cowbell. The overall sound is leaning a bit towards the left channel, which makes the stereo image unbalanced.",False,False
2925,Qt8Ze-k2h2o.wav,"This music is a Western Classical. The tempo is fast with a lively violin harmony, electric cello, piano and string accompaniments. The music is classical, colourful, burgeoning, well layered, dense, rich, full , pleasant, cheerful, merry and elegant.",False,False
2928,Qu76GhRO9Yk.wav,This song contains a piano playing short rhythmic chords along with an acoustic guitar and an upright bass playing the same melody. A brass melody is opening the scene. sound  A male voice is singing in a higher register. This song may be playing while celebrating with the whole family on a national holiday.,False,False
2932,Qy77eJc72UQ.wav,"This recording contains a marching band playing kick sounds, fast snare rolls and cymbal hits. In the background you can hear people talking and cheering. A male voice is speaking  as if making an announcement. This may be playing during a cultural event.",False,False
2933,QyMcSnNsAPw.wav,This song features an electric organ playing different tones. There is no melody in this song. This is a demo of the different tones that can be played on the electric organ. There are no voices in this song. This can be played in a demo video of this electric organ.,False,False
2939,R0ws0tATJLg.wav,"The low quality recording features church bells played over snare rolls, after which, at the end of the loop, there is a brass melody. It sounds suspenseful and intense in the beginning, but as soon as the brass melody appears, it sounds joyful. The recording is noisy.",False,False
2944,R4ulZgTCw-k.wav,"The low quality recording features a classical song that consists of a wide string melody, shimmering triangle, shimmering cymbals and wide brass melody. It sounds epic, joyful and passionate.",False,False
2946,R5KBk76b9HE.wav,"This is a piano cover of a glam metal music piece. The piece is being played gently on a keyboard with a grand piano sound. There is a calming, relaxing atmosphere in this piece. It could be playing in the background at a coffee shop.",False,False
2949,R6k2BkwZt1Y.wav,"This is the live performance of a jazz music piece. There is a trumpet solo at the forefront. The background consists of the piano, the upright bass and a jazz acoustic drum beat. The atmosphere is restless. This piece could be playing in the background at a jazz bar.",False,False
2957,RDCXvJPzT5k.wav,This is a home recording of a conch shell being blown. There is a horn-like sound coming from the conch shell. The recording can be sampled for use in beat-making.,False,False
2958,RDNatVYvpeA.wav,Here we have a live recording of a meg whistle. The style of playing feels cheery and uplifting. This melody is reminiscent of medieval Irish folk songs or English folk songs.,False,False
2959,RDW_kz4SXo0.wav,"This song features a bass guitar being played. At first, a single note is ringing. After a brief pause, an ascending lick is played in common time. The first note is played eight times. The second note is played four times, the third and fourth, two times each. The fifth note is played eight times. The sixth and seventh notes are played four times each. The last note is played once as a double stop with the open string above it and a fretted note on the higher register. This song is an instrumental and can be played in an instructional audio.",False,False
2960,REpuZwvyThM.wav,This bluegrass song features a solo played on a mandolin. This is accompanied by an acoustic guitar strumming chords. A double bass plays the root note and fifth of the chords. A banjo player fills in between phrases. This song is at a moderate tempo and has a country feel. The mood of this song is happy. This song can be played in an inspirational movie.,False,False
2962,RFKTlhbnfXA.wav,A low fidelity recording of a drone instrument playing a chord while a female singer and double reed instrument double a technically challenging melody.,False,False
2963,RFNRR78dh-8.wav,"This is a fun, cheerful and positive song played on the marimba. Percussively, we heard a shaker and some hand tapping on a hard surface. The song creates a light mood and has an African vibe.",False,False
2966,RI126_DmGLQ.wav,This is a Hindu bhajan music piece. There is a male vocalist singing in a devotional manner. The clarinet is playing the main tune while the piano plays a backing tune. The atmosphere is religious. This piece could be playing in the background at a Hindu religious event.,False,False
2967,RI71ebbU0PQ.wav,"This audio clip features a drum kit being played. A stick count is played in the beginning followed by the beat in eighth note pattern. The closed hi-hat, snare and kick are played in eight notes. There are no other instruments in this song. There are no voices in this song. This song can be played in a drum instruction video.",False,False
2968,RIe1omxr7nc.wav,This music is instrumental. There is no instrumentation. The clip starts with white noise and static and ends with the sound of a bell ringing. There are some ambient sounds in the background like bird chirping and flicking.,False,False
2971,RJViDdqUYyo.wav,"This music is instrumental. The tempo is medium with an intense electric upright double bass harmony. The music is dense, deep, powerful, full bodied and vibrant.",False,False
2972,RM0RELBtdfc.wav,"This music is instrumental. The tempo is fast with a synthesiser arrangement. The music is youthful, buoyant, punchy, groovy and futuristic. This music is Synthpop/ Technopop.",False,False
2974,ROA6DMBPlNM.wav,"Female singers sing this vocal in Tamil harmony. The song is medium tempo with a strong techno drumming rhythm, guitar accompaniment, stringed instrument accompaniment, flute countermelody, and a strong bass line. The song is devotional and highly passionate. The song is a Carnatic Hindu devotional song sung in Tamil.",False,False
2994,RdKQGIzKZ_c.wav,This song features a guitar being played. One guitar chord is struck per bar. This song lasts for 4 bars and four chords are played. There are no voices in this song. There are no other instruments in this song.,False,False
2996,Rf7vygfb7w4.wav,The low quality recording features a melodic church bells impact. The recording is mono and noisy.,False,False
2997,Rhn6K9HCbC8.wav,"A male vocalist sings this passionate metal song. The tempo is medium fast with keyboard accompaniment, steady drumming and bass lines, electric guitar , sound of siren and vocal backup. The lead vocals are loud, passionate , volatile, hysterical ,disturbed,emphatic,sad, emotional, painful, disappointed and hurt. This song is Heavy/Goth Metal.",False,False
2999,RlcIJsgtU58.wav,"The Country Pop song features an echoing male vocal singing over offbeat acoustic rhythm guitar, punchy ""4 on the floor"" kick pattern and smooth bass. It sounds emotional, easygoing and passionate.",False,False
3001,RmDfwz0OG8E.wav,"The low quality recording features a hip hop song that consists of a wide reverberant flat male vocal rapping over synth lead melody, sire sound effects, punchy kick, boomy 808 bass, claps and shimmering hi hats. It sounds exciting, energetic and addictive - like something you would hear in clubs.",False,False
3008,RxmGtt0YzYY.wav,The low quality recording features a live performance of a traditional song and it consists of pitch bend wooden percussion. It sounds boomy and the recording is in mono and noisy.,False,False
3009,S0W_zIUYwrE.wav,"The low quality recording features a live performance of a jazz big bend that consists of passionate trumpet melody, over groovy double bass, shimmering cymbals and mellow piano chords. It sounds reverberant, happy, passionate and fun. The recording is a bit noisy and the sound is leaning towards the right channel, which makes the stereo image unbalanced.",False,False
3010,S29WiN-bTWo.wav,This song contains acoustic drums with some elements panned to the right side of the speakers. Accompanied by a bassline and a e-guitar strumming short chords on the backbeat. A male voice is singing in a higher register along with a trumpet and trombone playing a melody along. This song may be playing while listening to music in the kitchen while cooking.,False,False
3012,S2yXmXUJ5xU.wav,"This is a flamenco music piece. The only instrument being played is an acoustic guitar. The acoustic guitar is playing exotic tunes. There is a sensual atmosphere. This piece could be used in the soundtrack of a romance movie, especially during the more intimate scenes.",False,False
3013,S38KjqRR418.wav,"The song is an instrumental. The song is medium tempo with a harpsichord belting played with no other instrumentation. The music is emotional, passionate and melancholic. The song audio quality is poor.",False,False
3014,S48GsFznk50.wav,This song features a slider didgeridoo being played. It starts off with the didgeridoo playing a note and then siding to a higher pitch. The sound of a water splash is played just before the slide. Then a hissing sound is heard followed by the didgeridoo being played once again without the vibration of the lips. This produces a hollow sound. This sound is produced in a foley studio.,False,False
3015,S7R3NMq3MKk.wav,"A male vocalist sings this groovy R&B. The tempo is medium with a funky bass guitar, steady guitar, bright electric guitar and keyboard harmony. The song is mellow, emotional, soft, smooth and engaging. This song is an R&B.",False,False
3017,S7igso5_MBE.wav,The low quality recording features a bright brass melody played in a reverberant space. The recording is in mono and it is a bit noisy.,False,False
3019,S8WTaKLpmmg.wav,This is a symphonic black metal music piece. There is a male vocal singing using the guttural technique in the lead. The main tune is being played by a distorted electric guitar while orchestral elements such as the flute and brass elements. The bass guitar can be heard in the background. The rhythmic background is provided by a loud and rapid acoustic drum beat. The atmosphere is violent and ominous. This piece can be used in the soundtrack of a horror video game.,False,False
3021,S9-i_pqoUCw.wav,"The low quality recording features an aggressive male vocal talking over synth pad chords, sustained, mellow female vocals and reverberant percussion. It sounds suspenseful and intense. The recording is noisy and in mono.",False,False
3027,SFHoTmcgw8E.wav,This audio contains a string instrument playing a melody with a bow in the higher mid range. Someone is picking a harp while strings are playing long notes in the background. A deep and low bass is also almost serving as a soft kick hit. A flute is playing a short melody with a lot of reverb at the end. This song may be playing while doing qigong.,False,False
3029,SGF4N3JHF7Y.wav,This song contains a wide analog synthpad playing along with a piano and rhythmic strings in the background. Then an acoustic drum comes along playing with an e-bass and an e-guitar is picking single notes as a melody. The whole recording is full of reverb. This song may be playing at a festival.,False,False
3031,SHYGoXwgKtk.wav,This is an acapella version of a rock music piece. There are male vocals performing the piece using the harmony singing technique. They are singing in the major key. The atmosphere is dreamy and vibrant. This piece could be used in the soundtrack of a drama movie that takes place in the United Kingdom.,False,False
3033,SKQbQXPjmvE.wav,This song contains acoustic drums playing a simple rock groove after coming in with some fill-ins on the toms. An e-bass is playing along. An e-guitar is playing a simple repeating melody then another e-guitar comes in strumming chords in the background. You can hear clapping and the crowd screaming and cheering. This song may be playing at a live concert.,False,False
3037,SMjYheNdAzg.wav,This is a kids music piece in the style of hip-hop. There is a female vocalist singing in a rap-like manner in the lead. The keyboard is playing the melody while there is a simple bass line in the background. A hip-hop electronic drum beat provides the rhythm. The atmosphere is playful. This piece can be used in the soundtrack of a kids TV show.,False,False
3041,SSO7F_Ex0s4.wav,"A male singer sings this cool melody with backup singers in vocal harmony. The song is medium tempo with a percussive bass line, ethnic drumming rhythm, trumpets playing percussively and a keyboard harmony. The song is groovy and cheerful. The song is retro final pop song;",False,False
3042,SSVlD_ZDb70.wav,"This  is a deep tech house song with a simple beat, and  simple bassline that consists of one note. There aren't any melodic components to the song besides the one bass note that is played with the same repeated rhythm.",False,False
3045,SW4cW2oU07U.wav,"The song is an instrumental. The tempo is medium with a keyboard accompaniment with bell tones, bass clarinet harmony and other percussion hits. The song has ambient room noise and sounds of sand falling on the floor. The song is a Christmas movie soundtrack.",False,False
3048,SY6uwVbC944.wav,"Bluegrass music featuring banjo, mandolin, acoustic guitar, upright bass, a simple chord progression and a fast tempo.",False,False
3049,SYVcaQ1Bzu8.wav,This is a hardcore hip-hop music piece. There is a male vocal with a raspy voice rapping at the forefront. The melody is made up of a repeated keyboard sample. There is a bass guitar playing a groovy bass line. The rhythmic background is composed of a hip-hop electronic drum beat. The atmosphere is hard-hitting. This piece could be the opening theme of a crime movie that takes place in the big city.,False,False
3051,Sa3Ky5sJshU.wav,"This is an instrumental cover of a J-pop music piece. There is no singer in this piece. The melodic background consists of the keyboard and the bass playing a repeated theme. There is a synth solo with an electric guitar sound being played as the lead. In the rhythmic background, there is a fast tempo electronic drum beat. The atmosphere is danceable and energetic. This piece can be used in the soundtrack of a car racing video game. It could also be used in the soundtrack of an anime during competitive scenes.",False,False
3052,SbUwQctvbHg.wav,This song is played on a glockenspiel. This is low quality audio. The glockenspiel sounds like large bells. There is a lot of reverb in this audio. There are no other instruments in this song. There are no voices in this song. This song sounds like the song that would be played in a music box.,False,False
3053,ScAlKYCgHV0.wav,This is the recording of an accordion lesson. There is a male voice describing the way a certain song is meant to be played on the accordion in the Spanish language. The quality of the recording is quite poor and there is a very frequent peak sound that crackles while the instructor is speaking.,False,False
3054,Sdnv8043mdk.wav,This audio contains someone playing a very high pitched tone using tingsha bells. This is an amateur recording.,False,False
3055,SijRZIQUa08.wav,"This song is an amateur recording of a person beatboxing. The sound is produced using the mouth. This features sounds of the kick, snare and hi-hat. There are no other instruments in this song. There is no vocal melody apart from the beatbox itself.",False,False
3056,Simd4JoehW8.wav,"The low quality recording features a synth lead melody and groovy synth piano playing over rock songs played on playback. The song consists of a punchy kick and snare hits, shimmering hi hats, funky electric guitar melody, groovy bass and passionate male vocals singing over it in the beginning. It sounds funky and groovy, while the recording is a bit noisy.",False,False
3062,SlnjJv305Vg.wav,A cellist plays this lilting melody with a piano accompaniment and no other instruments. The music is emotional and tragic. The tempo is slow and has a lot of beauty to it. The song is a cover of a famous love song.,False,False
3065,Sr2Grfi3lFg.wav,"This song would be classified as bubblegum pop. The  music is more suitable for children, as it has a young and light-hearted style of production. There's a bright and tinny synth which is used to play a repeated motif, and at one point we hear a pair of birds mimicking the melody in their squeaky bird-like tones.",False,False
3067,Ss1bubMNPQE.wav,This is a world music piece in the style of Celtic folk music. There is a female vocalist singing gently and melodically. There is an airy strings section creating a relaxing atmosphere while the piano plays a mellow arpeggio. The atmosphere is soothing. This piece could be used during the vivid scenery shots of a movie that takes place in the middle of nature.,False,False
3068,SsVc1TAVsSc.wav,"This music is instrumental. His tempo is fast with a lively ukelele rhythm, melodious harp harmony and shaker beats with male vocalisation. This clip is the beginning of a song with latin music influences. The music is a lively, spirited, happy, cheerful, warm, energetic latin folk song.",False,False
3072,SwdhfGXkMCo.wav,This piece involves multiple french horns. The piece sounds regal  and like something you would hear if the king of a country was moving  in his chariot through his kingdom along with a grand parade. The staccato bassline helps add to the sense of marching forward.,False,False
3076,T0OFKHj6878.wav,This is a hip-hop music piece. There is a male vocal rapping at the forefront while there are repetitions and ad-libs that can be heard in the background. An eerie sounding melodic pad is playing the melody. There is a strong bass. The rhythmic background is composed of a hip-hop electronic drum beat. The atmosphere is unnerving. This piece could be playing in a scene where criminal activities are occurring in a crime/noir movie taking place in a big city.,False,False
3078,T0tyLNN7SKA.wav,"The low quality recording features a folk song that consists of a digital synth melody played, after which there is an exciting male vocal. It sounds energetic and exciting. The recording is noisy and in mono.",False,False
3079,T0uoYE12cnI.wav,"The low quality recording features an indie song that consists of harmonizing vocals melody, alongside passionate vocals over acoustic rhythm guitar melody in the left channel and funky strummed electric guitar chord progression in the right channel of the stereo image. It sounds passionate, soulful, funky and emotional.",False,False
3080,T2pIUdaDMuA.wav,"Amateur recording of electronic drum sounds played in free time. The sound is quiet, low fidelity and instrumental.",False,False
3081,T2zoWLYzEpo.wav,This song contains female voices singing in a soul fashion along to a piano and trumpets playing a finale. An acoustic drum is playing a closing cymbal hit at the end. Then the crowd starts clapping and cheering. This song may be playing as part of a movie scene.,False,False
3083,T78nMdsJMmk.wav,"This is an R&B music piece from a sit-com soundtrack. Initially, there is a male voice narrating what is going on in the episode. Then the piece starts playing with a high pitched male vocal at the forefront. The melody is being played by the electric guitar and the bass guitar while the rhythmic background consists of an acoustic drum beat. The atmosphere is urban.",False,False
3086,T7bG4kIEw-M.wav,This is an amateur recording of an afrobeat piece playing in the background of a dance performance. The piece can be barely heard from the cheering sounds coming from the crowd. The piece has a clear afrobeat rhythm and it is used as an accompaniment for an African dance.,False,False
3087,T7khbuOBHbo.wav,This slow pop song features the brass section playing the main melody in harmony. This is accompanied by hand claps on every alternate count. A tambourine plays a rhythmic beat in the background. Two piano notes are played in the background in the first bar of the song. There are no voices in this song. This instrumental song has a romantic theme. This song can be played in a romantic movie.,False,False
3088,T8U3ihbHh9A.wav,The song is an instrumental. The tempo is medium with a bass guitar using innovative improvisation skills along with a drum track with heavy cymbal crashes. The song is energetic and passionate.,False,False
3090,T9fk99yqwN4.wav,This amateur recording features a shofar being played. It sounds like a bugle. The melody starts on a low note followed by a higher note and alternates the same with a long ring of the high note. It is played in a place with a lot of reverb. There are no other instruments in this song. There are no voices in this song. This can be played in a movie scene just before a war.,False,False
3092,TArWNq2retM.wav,"This clip features an organ being played in an operatic style. The sound is haunting and emotional. It's played live in a room, and the quality of the audio in the recording is poor. We hear the acoustics of the room which heavily echo.",False,False
3093,TC4mH6nACm8.wav,"The low quality recording features a wooden percussion, metallic percussion, percussive guitar and repetitive bells melody. It sounds groovy, bouncy, suspenseful, reverberant and intense.",False,False
3095,TEWYFkjH2jc.wav,"A male vocalist sings this upbeat song in a foreign language. The tempo is fast with a lively keyboard harmony, spirited drumming, funky bass line, rhythmic acoustic guitar, shakers  enthusiastic vocal backup and clapping. The song is upbeat, high-spirited, energetic, buoyant, cheerful, peppy, happy and groovy. This song is a  lively Pop song.",False,False
3098,THfTLXBLpJE.wav,This is a low quality audio featuring a male voice singing the main melody. Another voice sings in harmony with the main voice. /the melody is simple and repetitive. This is accompanied by percussion playing a simple beat. The bass plays the root notes of the chords. Trumpet play fills in between lines. This is a happy song. This song has a ska feel. This song can be played at a retro style dance party.,False,False
3101,TIAj-fi_R7c.wav,"The low quality recording features a jazz song that consists of a passionate trumpet melody in the left channel of the stereo image and mellow piano chords in the right channel, followed by smooth double bass and shimmering hi hats. It sounds soft, mellow, passionate and relaxing. The recording is a bit noisy.",False,False
3105,TLMEsc_42Gw.wav,"The low quality recording features a live performance of an alternative/indie song, sung by passionate male vocalists over an acoustic guitar melody. It sounds passionate, emotional and heartfelt. The recording is noisy and in mono.",False,False
3107,TObYoD2pGb0.wav,This audio contains someone strumming one only chord on a e-guitar then a male voice starts speaking in the midrange. In the background you can hear people talking.,False,False
3110,TSl5LrM6LcQ.wav,"This music is instrumental. The tempo is slow with a resonating electric guitar riff. The music is spooky, eerie, sinister, mysterious and suspenseful with a little white noise/static.",False,False
3112,TWV3YLscSaw.wav,"The low quality recording features a passionate, reverberant male vocal singing over a wide arpeggiated acoustic guitar melody and acoustic guitar solo melody, followed by a simple bass. It sounds emotional and passionate.",False,False
3115,TWnrcjA6VTk.wav,"The low quality recording features an accordion melody, electric guitar melody and trombone melody, after which there is a crowd clapping, laughing and chattering sounds. There are also tinny glass impacts in the background. It gives off fun and happy vibes.",False,False
3117,TZGDukKAVS8.wav,"Here we have an early 2000s hip hop song which features a grungy guitar and a high pitched synth riff. The recording is done live, and thus the poor audio quality. There is a lower bass-synth which has the characteristics of a trumpet and a repeated riff is played on it.",False,False
3120,Ta0GmXPnGWk.wav,The song is an instrumental. The song is medium tempo with an electric guitar playing guitar riffs with a nice low end; The audio quality is average. The song is passionate and exciting.,False,False
3121,TabaOeYq2ek.wav,"A female singer sings this cool melody. The song is medium tempo with a percussive bass line, slick drumming rhythm, guitar accompaniment , keyboard accompaniment and various percussion hits. The song has a strong dance groove and retro pop in style.",False,False
3126,TcoRmHHHNgI.wav,This song contains an acoustic drum playing a simple groove along with an upright bass. A piano is playing short chords along with the snare of the drums. Trumpets are playing a melody along with the male voices singing together in unison and other harmonies. In the background you can hear a synth string chord and plucks playing a little melody. This song may be playing in a theater while watching a musical.,False,False
3128,TdvwUwpYYos.wav,"This song sounds like it would be fitting in some kind of fantasy sci-fi game. There is a melodic flute played at the beginning, along with a pad synth. There is the sound of water running from a tap and dripping into a bucket of water. The singer has a smooth, ethereal voice that's flawless.",False,False
3129,Tfc6184uCIk.wav,Here we have an instrumentalist blowing a horn. The horn makes a high pitched sound. This is a live recording.,False,False
3131,TgOr_C6xP6U.wav,This percussion song features only a percussion instrument being played and a crash cymbal. This is a promotional audio clip to feature the sound of the instrument. There are no other instruments in this clip. There are no voices in the song.,False,False
3133,TiDdR-6bIcY.wav,"The low quality recording features a live performance of a pop song that consists of a passionate female vocal, alongside harmonizing background female vocals singing over synth pad chords, punchy kick and snare hits, shimmering cymbals, claps, mellow bells melody and smooth bass. It sounds emotional and passionate.",False,False
3134,TiOBlG-R1Y4.wav,"This hard rock song feels like the kind of song that would play as you are preparing to go to war. The instruments are gritty, grungy, and intense. The electric guitarist plays an intricate motif and the bass player matches the main part of the riff. The drummer plays potent and punchy rhythms which feature the crash cymbal - which adds a bright shimmery contrast to the dark and grungry guitars.",False,False
3135,TkHZdMJPwKc.wav,"The low quality recording features an ambient song that consists of synth pad chord, shimmering chime bells and simple bass. It sounds mellow, soft, calming and relaxing.",False,False
3136,TkclVqlyKx4.wav,This is a live performance featuring bagpipes and a marching percussion section. The bagpipes are characteristic of Scottish music and the motif they play in unison is uplifting.,False,False
3139,TokHdpvX7Es.wav,"The low quality recording features a choir singing over punchy kick and snare hits, shimmering hi hats, groovy piano and groovy bass. In the first half, there are harmonizing female vocals singing, after which the male harmonizing vocals start singing. It sounds soulful, passionate and emotional. The recording is a bit noisy.",False,False
3145,TsTdffJ9LHg.wav,"This music is instrumental. The tempo is fast with a vigorous and rapid western classical saxophone harmony. It is spirited, vibrant,untiring, engaging, skillful and high-spirited.",False,False
3147,Tt3BnoJw8ds.wav,This symphonic rock song features a male voice singing the main melody in common time. This is accompanied by percussion playing a simple beat with single and double strokes on the snare in alternate counts. The bass plays only the root notes of the chords with no embellishments. The strings play a repetitive phrase of three notes throughout the song. The mood of the voice is storytelling. This song can be played in a rags to riches movie.,False,False
3154,U0sjbOT6hY4.wav,"The low quality recording features a didgeridoo melody played over wooden percussion and shimmering shaker. There are some crowd chattering noises in the background. It is reverberant, due to the fact that it was performed in a medium size room, uptempo and the recording is noisy.",False,False
3155,U0xhbrULfNY.wav,This is a lullaby in the style of Chinese traditional music. It is an instrumental piece. The qin is playing the main tune while the erhu is holding notes in the background. The occasional higher end strum of the guzheng can be heard. The atmosphere is calming and relaxing. This piece would fit perfectly in the background of a meditation video. It could also be included in the playlists that are meant to induce sleep in babies.,False,False
3156,U3TpCc2zHrI.wav,This is an industrial metal/alternative metal music piece. There is a male vocal singing in a harsh manner using the guttural technique. The melody is being played by the keyboard and the distorted electric guitar while the bass guitar is playing in the background. The acoustic drums are playing a loud and fast-paced metal beat with heavy use of twin pedals on the kick drum. The atmosphere is violent. This piece could be used in the soundtrack of a gruesome horror video game.,False,False
3162,U8yqYlErUz8.wav,This music is a ukelele instrumental. The tempo is medium with a simple melody and a male voice at the end of this clip. This is a ukelele lesson/ tutorial.,False,False
3164,UCBocxMCdck.wav,"Here we have an electronic dance song that is building up to a crescendo moment. We hear a synth sound that is almost  like a combination between a wood percussion instrument and the sound of water droplets. The sound has reverb applied to it, and speeds up towards the end as the song builds up. We hear a riser sound effect as well.",False,False
3165,UC_XpUcIQ_8.wav,"This clip features a rock and roll song. The main melody is sung by a male voice. Female voices sing backing vocals in harmony with the main voice. This is accompanied by percussion playing a simple beat in common time. A saxophone is playing fills in between lines. Due to the low audio quality, other instruments are not clearly audible. This song can be played in a dance party with a retro theme.",False,False
3168,UDS6PrY9ZIM.wav,"This pop song features a female voice singing the main melody. At the highest pitch, her voice goes into falsetto. This is accompanied by percussion playing a simple beat in common time. An electric guitar plays a repetitive two note phrase in the background. Another guitar player fills in the background. The bass plays the root notes of the chords. This song can be played in a romantic movie.",False,False
3169,UDTsCTLkZzc.wav,"The low quality recording features an electro song being scratched by a DJ. The song consists of synth lead melody, punchy kick, claps, boomy bass and reverberant metallic impacts. It sounds groovy and energetic.",False,False
3171,UEOUXjX5R2I.wav,"The low quality recording features an electro song that consists of repetitive, high pitched female vocals, alongside exciting male vocals, over groovy bass, punchy kick, energetic snare hits and repetitive synth lead melody. It sounds groovy, energetic, aggressive and hypnotic - due to the repetitiveness.",False,False
3172,UEel3wTf0Sk.wav,This is a gritty and upbeat indie pop song. The lead singer has a raspy voice. The drummer plays a build-up drum roll into a  high energy chorus refrain.,False,False
3175,UHvYrO1IGCc.wav,"This is a gear showcase jam. Firstly, the performer describes the sound effect that is achieved when the octave pedal is connected to the electric guitar. Then, he starts to play a simple tune with a crunchy sound. Parts of the recording where the performer is not speaking can be used as electric guitar samples in beat-making.",False,False
3177,UJA5AWbt6HM.wav,"The Regional Mexican song features a passionate male vocal singing over guiro percussion, followed by wooden percussion, shimmering cymbals, acoustic rhythm guitar in the left channel of the stereo image and bright brass melody in the right channel. It sounds joyful, happy and passionate.",False,False
3179,ULHPhjaJ6p0.wav,This audio contains someone playing a complex and fast classical piece of music on a clavicembalo. This song may be playing live at a concert.,False,False
3180,ULXbXpLcoVA.wav,This is a disco/house music piece. There is a male vocal sample and a chopped hollering sample constantly repeating in the beat. The bass sound is fuzzy. The rhythm is provided by a slightly fast tempo electronic drum beat. The atmosphere is energetic. This piece could be played at nightclubs or dance clubs.,False,False
3182,UO9HtZMrbBE.wav,"The low quality recording features a repetitive synth lead melody playing over shimmering shakers and open hats and punchy ""4 on the floor"" kick pattern. It sounds energetic, uptempo and like it is an intro section of the song, since the audio is slowly fading in,",False,False
3185,UPPHkyd7lwE.wav,"This is an excerpt from a movie soundtrack. There is a string orchestra playing an ominous tune that is full of suspense. This piece could be used in the soundtrack of a horror movie, especially during the scenes where a character is walking through a dangerous zone.",False,False
3187,UR3k09hOxI4.wav,The song is an instrumental. The song is in medium tempo with various Latin percussions playing syncopated rhythms and an organ playing accompaniment. The song is a Latin Jazz tune with a definite dance rhythm. The audio quality is mediocre.,False,False
3188,URM1QgX5Ar4.wav,Someone is playing a rock/funk riff on an e-guitar with a lot of low end. Then a male voice starts speaking. This song may be playing during a guitar lesson.,False,False
3189,US3ZL2zhXgI.wav,The low quality recording features a flat male vocal talking over ukulele melody. It sounds like a tutorial and the recording is noisy and in mono.,False,False
3192,UVY68vFiApA.wav,"The low quality recording features a children's song that consists of a groovy piano, mellow bells melody, punchy kick and shimmering hi hats, after which a mellow female vocal starts singing. It sounds happy, fun, soft, mellow and joyful.",False,False
3194,UXDzDV_f1jw.wav,This is a live performance of a theremin piece. The theremin is playing eerie high-pitched sounds in the lead while the bass guitar and the percussion is playing in the background. The atmosphere is creepy and unsettling. This piece could be used in the soundtrack of a horror movie or a horror video game.,False,False
3195,UY2_Q830lqo.wav,This song is played by an ensemble. The lead melody is played on a clarinet. A flute plays backing notes. A French horn plays the lower registers. Another clarinet plays a melody in harmony. This is an instrumental song. There are no voices in this song. There is no percussion in this song. This song is relaxing. This song can be played in a black tie dinner event.,False,False
3196,Ubj0jlheyvk.wav,This audio contains a synth bass playing a bassline in a steady 8th notes rhythm along with other digital pluck sounds playing a fast pattern melody in the mid to higher register. Digital flute-like sounds are playing a melody along and one on top in a higher pitch. This song may be playing in an adventure video-game.,False,False
3199,Uc_1PzGr5xw.wav,"The low quality recording features a tutorial where in the beginning there is a banjo guitar melody over which a passionate male vocalist is singing. In the second half of the loop, a flat male vocal is talking. The recording is noisy, in mono and it sounds passionate and emotional.",False,False
3201,UeYmnV-B8so.wav,This piece contains a lot of reverb and the instruments are using delay to create long arpeggio landscapes and rhythms. An acoustic guitar is being picked creating an arpeggio melody. A piano is playing a countermelody with a lot of reverb. A synth bassline playing one note in a 8th note rhythm is holding the ground of this composition. This song may be playing while dancing alone in your room.,False,False
3202,UfEGX0rNOvA.wav,"A female singer sings this cool melody with male backup singer in harmony. The song is medium tempo with a groovy bass line, steady drumming rhythm, keyboard harmony and other percussion hits. The song is groovy with a story telling nature. The song is a retro hip hop dance hit.",False,False
3206,UiiYMspxfhU.wav,"The Pop song features an echoing female vocal singing over mellow piano chord progression and filtered sustained synth bass. It sounds emotional, mellow and passionate.",False,False
3207,UjDh1OlOwuE.wav,This audio contains someone playing percussion. In the background you can hear people's voices. This song may be playing in a cultural presentation.,False,False
3208,UkTWmyy7ia8.wav,This audio contains an orchestral classical composition played by string instruments. violins/violas are playing the main melody in a higher key. The piece sounds fast paced and elevating. This song may be playing live sitting in an orchestra performance.,False,False
3210,UkqayNnk00w.wav,"The Electro song features a reverberant reversed piano melody and synth bass with a modulated filter effect on it, over which there is a white noise riser that leads into the short snippet of drop that consists of layered punchy kick and shimmering hi hat. Right before the drop, there is a filtered, echoing male vocal too. It sounds emotional and exciting.",False,False
3212,Uo-Okq1D8Xo.wav,"The low quality recording features a classical song played on harpsichord. It sounds emotional, soulful and passionate.",False,False
3216,Ur8O3h8S0K4.wav,"A female singer sings this lovely melody with a choral harmony support. The song is medium tempo with  a Steady drumming rhythm, various percussion, percussive bass line, keyboard accompaniment and guitar rhythm. The song slows down at the end. The song is emotional and exciting.",False,False
3223,Uu8m1oOWkiE.wav,The low quality recording features a loud bell impact. The recording is noisy and in mono.,False,False
3228,Ux3YosKD-9I.wav,This is the live recording of a classical music recital. There is a harp being played in an innovative manner that combines both the melodic and the rhythmic aspects of the instrument. The atmosphere of the piece is dreamy. It could be used in the soundtrack of a calm video game or a nature documentary.,False,False
3229,UxT3KG4AHAI.wav,"The low quality recording features a passionate male vocal chant, followed by harmonizing male vocals chants, after which a shimmering shaker and wooden percussion start playing. It sounds soulful, passionate and dynamic. The recording is mono and noisy.",False,False
3230,UxlrI-9RtWg.wav,The low quality recording features a resonating bowl tone. It sounds calming and the recording is noisy and in mono.,False,False
3231,UxrAsZ7Z09Y.wav,"The low quality recording features an electro song playing, while the crowd is screaming. It sounds loud, harsh, distorted and the recording is in mono and noisy.",False,False
3236,V1A4wBgvPgI.wav,This jazz song features the main melody played on a flugelhorn and a saxophone. Both instruments play in harmony with variations in melody. These instruments compliment each other. This is accompanied by percussion playing a jazz beat with constant strokes on the ride cymbal. The bass guitar plays a groovy bassline starting with a descending lick. This is then followed with an ascending lick to reach the higher notes before descending back. The guitar plays chords with string muting in a jazz rhythm.  The mood of this song is upbeat. This song can be played in an advertisement for a luxury car.,False,False
3241,V5HMIxuAtv8.wav,"The low quality recording features a live performance of a harmonizing mixed choir, introduced by a fruity male vocal. There is a footstep and crowd clapping sound right after introduction. The recording is a bit noisy, in mono and it sounds passionate, emotional and soulful.",False,False
3246,VAqPLAgn9NI.wav,This is a Hungarian hip-hop music piece. There is a male vocal rapping in the Hungarian language. There is a piano sample in the melodic background. There is also a strong bass sound. The rhythmic background has an electronic drum beat. The atmosphere is gloomy and urban. This piece could be used in the soundtrack of a crime movie or a TV series that takes place in Hungary.,False,False
3248,VB82vMSTYK0.wav,This composition contains a small orchestra playing melodies on violas and violins in the higher mid range to the higher register. The celli and the upright bass being stroked with a bow are playing a rhythmic melody part that gives the foundation of the song. This song may be playing live as a classical concert.,False,False
3249,VCIN1OJkNbg.wav,Someone is playing a melody along with chords in the mid range on an organ. This song may be playing in a gospel church.,False,False
3250,VCozi4GDpxQ.wav,"This music is instrumental. The tempos medium with vocalisation that sounds like blowing raspberries or a motor, followed by a man giving instructions on how to use this technique on a didgeridoo followed by a didgeridoo sound. There are ambient sounds in the background like people talking and gentle breeze. The didgeridoo sound is deep, rich, droning and unique. This clip is a tutorial/lesson on how to play a didgeridoo .",False,False
3251,VCrnnx9jTqs.wav,"In this clip, we hear some random drum sequences on the tom drums and snare drum of a drumkit. Towards the end, there is a slightly high pitched sound in the background that can be subtly heard.",False,False
3256,VHyXvbg6y9M.wav,This audio contains someone playing a fast melody on a harp. This song may be playing as part of a video-game.,False,False
3258,VJ1RqPqF9O4.wav,This pop ballad features a female voice singing the main melody. This is accompanied by an acoustic guitar playing chords. An electric guitar plays a descending lick after one line. There are no other instruments in this song. The mood of this song is romantic. This song can be played in a romantic movie.,False,False
3262,VMWW9OX1EJM.wav,A man narrates a documentary in this video. The audio quality is poor with keyboard harmony and medium tempo percussions playing along with waves crashing sounds.,False,False
3267,VP1cB_AVu6c.wav,This song contains a digital drum with a shaker sound and a triangle. A soft sub bass is playing along. In the background you can hear one continuous high tone from a digital string sound. Other strings and a piano are playing a simple repeating melody. The female voice is singing along with backing vocals in the background. This song may be playing loud while driving a car.,False,False
3268,VRfi64fecj4.wav,"This is an upbeat pop dance song in Spanish. The drum beat is energetic and punchy and features hi-hat hits in eighth notes throughout the clip. There's a male vocalist chanting the same phrase energetically, while the female singer calmly and coolly sings a gentle melody. The female singer's melody almost stands in contrast to the very lively beat.",False,False
3270,VSAbMy1Rlio.wav,"This is a comedy music piece. There are male vocalists singing in a rap-like manner in the Hindi language. The tune of the piece is being played by the synth bass while the rhythm is played by an electronic drum beat. There is an amusing aura to it. Due to the lyrics, this piece could be used in the soundtrack of a comedy movie involving married men.",False,False
3271,VSf3_XpiPkQ.wav,"This is an indie folk music piece. There is a melancholic melody being played by the banjo and the trombone, then they both stop and the organ can be heard holding a note. The atmosphere is sentimental. This piece could be used in the soundtrack of a drama, especially during the scenes where people are mourning the loss of a character.",False,False
3273,VTagIq90b7s.wav,"The low quality recording features wide synth chords, sustained synth bass and mellow bells melody, followed by low tom hits located in the left channel of the stereo image. It sounds emotional, passionate, powerful and soulful.",False,False
3278,VZjE27e9X7o.wav,The low quality recording features a didgeridoo groovy melody that slowly increases in volume. The recording is mono and noisy.,False,False
3280,Vbx6TFxSPYY.wav,"The low quality recording features a sound of a digital bell, followed by crowd noises in the background. The recording is noisy and in mono.",False,False
3283,Ve6Zy1BXBbY.wav,This low quality audio features a child singing the main melody. This is accompanied by other children's voices singing vocables in the background in harmony. An acoustic guitar strums chords. There are no other instruments in this song. This song has a holiday mood. This song can be played in a Christmas movie.,False,False
3287,VfEJHqtsuIo.wav,"The low quality recording features an electro song that consists of passionate female vocals singing over punchy kick, synth melody, male chants, snappy claps, shimmering hi hats, followed by echoing flat male vocals. It sounds energetic and exciting.",False,False
3294,VkXLtUx-RmI.wav,This audio contains crickets chirping. Then someone starts playing a digital accordion. This is an amateur recording.,False,False
3295,VlXi2TxMXbc.wav,"This is a live recording of a musician playing a Chinese flute, otherwise known as a dizi. It is a calming and melodic piece - and you could imagine yourself walking peacefully through marshlands or grasslands. Though the melody is enchanting, the audio quality is average - with a slight fuzzy buzz present in the background.",False,False
3297,VlwbDjggUKk.wav,This is an instrumental trumpet music piece. The trumpet is playing a calming main melody while the keyboard and the bass guitar are playing in the background. There is a slow tempo acoustic sounding drum beat playing the rhythm. The atmosphere is soothing.This piece could be used in the soundtrack of an art movie. It could also be playing in the background at a sauna.,False,False
3299,Vo6eT8eMMfQ.wav,"The low quality recording features a live performance of a hard rock song that consists of punchy kick and snare hits, energetic cymbals, distorted bass guitar and aggressive electric guitar riffs. There are some crowd cheering sounds in the background. It sounds energetic, aggressive and the recording is noisy and in mono.",False,False
3303,VrqBeY3kfKI.wav,This is a cinematic orchestral piece which feels victorious and announces an important moment. There is narration over the music. The instruments are violins and brass instruments. There is a rapid and light flute melody at the end.,False,False
3304,VsMy72BoIbU.wav,"This is a heavy metal piece from a video game soundtrack. There is a female vocalist singing melodically in the French language. The melodic background consists of the electric guitar, the keyboard and the bass guitar. In the rhythmic background there is an upbeat electronic drum sound. There is a gothic feel to the piece. This piece could work well in the soundtrack of a historical horror movie that takes place in France.",False,False
3309,Vwekk3EOa-U.wav,"The low quality recording features a smooth bass, electric guitar melody, synth pad chords and mellow piano chords playing. It sounds soft, mellow and easygoing.",False,False
3312,Vx_vqfpRdUU.wav,"This music is a mellow instrumental. The tempo is medium with a passionate violin harmony and a simple, sharp piano melody with intense bass lines. The overall mood of the music is deep, sad, lonely, melancholic, nostalgic and poignant and yet beautiful and pleasant.",False,False
3313,Vy00ycBpqpc.wav,"First, we have a bass intro that is played on the upright bass - it lasts for around five seconds. And then we heard some women speaking in Spanish while there was the sound of a liquid splashing in the  background. There is then an American man who speaks. Part of this clip was recorded live and then the narration dubbed over it.",False,False
3315,VzGHr0aV220.wav,Instrumental music featuring dense synthesizers and bell sounds. Ethereal music with 80's style synthesis.,False,False
3318,W00eTCOgUNs.wav,"This country song features a female voice singing the main melody. Another female voice sings backing vocals in harmony with the main voice. This is accompanied by percussion playing a simple beat in common time. A guitar strums chords. The bass plays the root notes of the chords. After the voices pause, a guitar solo is played in a repetitive pattern. The mood of this song is romantic. Other instruments cannot be heard due to low quality of audio. This song can be played in a romantic movie.",False,False
3321,W2KaBnoGxek.wav,"The Ambient song features wide synth pad chords, mellow piano melody and some sea waves sounds. It sounds relaxing and calming, like something you would hear in yoga sessions.",False,False
3323,W3DwueAy65k.wav,"This music is instrumental. The tempo is fast with incoherent music playing loudly with the sound of a vinyl record being scratched on a turntable. There are ambient sounds of people talking, hooting and cheering. This music is a DJ live in action.",False,False
3325,W4eLgBYEEqA.wav,"The low quality recording features a short snippet of flat male vocal talking, while in the background an orchestral music is playing. The music contains sustained brass melody, wide huge percussion and sustained strings melody. It sounds powerful and epic.",False,False
3326,W4nQpOHIPEw.wav,This song features a solo played on a pedal steel guitar. This is a country blues melody. This involves slides on the guitar. This is accompanied by percussion playing a simple beat in common time. The bass plays 12 bar blues style bassline. An organ outlines chords in the background. This is an instrumental song. There are no voices. This song can be played in a bar.,False,False
3328,W5BB6pubJZI.wav,"The song is an instrumental. The tempo is variable with two different soundtracks with snare play, sitar accompaniment, techno drumming and keyboard accompaniment. The song is a techno dance rhythm. The audio has average audio quality.",False,False
3333,W7i4LkdSfjw.wav,"The low quality recording features a live performance of a metal song that consists of manic drums played over aggressive electric guitar melodies and distorted bass guitar. The drums consist of a punchy double pedal kick, punchy snare hits and energetic cymbals. There are some crowd cheering sounds in the background. It sounds aggressive, and energetic overall.",False,False
3335,W8Xv3Q2kGRA.wav,"The low quality recording features a live performance of a traditional song and it contains wooden percussion, violin melody and flute melody. It sounds soulful, passionate and the recording is noisy and in mono.",False,False
3336,WAxDN-FyPn8.wav,This is a movie music piece. The theme is being played by an orchestra. There is a wide array of cinematic strings playing a gentle yet profound tune. The atmosphere is heart-touching. It could be used in the soundtrack of a drama movie at a scene where the characters are reminiscing the good memories they experienced with a character that has passed away.,False,False
3337,WBBKiXYVEdM.wav,This song features a variety of choral voices singing different notes in harmony. This could also possibly be synth sounds programmed to have choral voices. This song can be played in a spa or meditation centre. This song is played at a slow tempo using only oohs and aahs.,False,False
3338,WCiS9IDILQg.wav,This is a classical music piece. It is an instrumental piece. There is a violin playing a melancholic tune. The atmosphere is suspenseful. The quality of the recording is slightly poor. This piece could suit well during a mysterious sequence in a thriller movie.,False,False
3340,WCl93HBuj60.wav,"This music is instrumental. The tempo is fast with lively percussion rhythms of the drums, cymbal riffs, congas, bongos, steel pan and piano accompaniment. The music is lively, spirited, engaging, funky, groovy and buoyant. This music is a percussive instrumental.",False,False
3341,WE0JqjuhaQI.wav,"The low quality recording features a passionate female vocalist singing over dissonant brass stabs, groovy bass, wooden snare hits, synth pad chords, punchy kicks and shimmering hi-hats. It sounds groovy and passionate.",False,False
3343,WEXJSNm_T0o.wav,This audio contains a female choir singing a melody in harmony and acapella. Rising and falling in dynamics. This song may be playing live as a performance.,False,False
3345,WI2d5vDJeLo.wav,Solo electric bass playing a scale passage in free time with a male singer singing along in unison two octaves up.,False,False
3346,WIuLaxWIAAI.wav,This is the recording of a drum solo performance. The drummer is performing various complex beats and chops with a rapid procession on an acoustic drum kit. There is a tambourine placed on the snare drum that rattles with every stroke. The atmosphere of the solo is energetic. Parts of this solo could be sampled to be used as intro jingles for music channels. These samples could also be used in beat-making.,False,False
3349,WK-gdfCurCg.wav,"This music is a Jazz instrumental. The tempo is medium with a groovy bass one, smooth harmony on acoustic guitar and rim shots.The music is smooth, lively, informal, chill, ambient and atmospheric with the sound of musicians talking to each other.",False,False
3350,WKL40jfQD3g.wav,This composition contains a horn playing a melody with reverb on it. Then a string section comes in playing a soothing melody rising and falling in pitch. You can hear some digital clicking sounds that seem not to belong to the musical composition. This song may be playing in a fantasy adventure video-game.,False,False
3352,WNmAlKrAPjQ.wav,"This music is instrumental. The tempo is slow with an emphatic violin harmony, keyboard accompaniment and rhythmic acoustic guitar with female vocalisation. The song is romantic, sentimental, emotional, nostalgic, poignant, charming, dreamy and soft.",False,False
3356,WQsuFvw43RA.wav,"The low quality recording features an ambient song that consists of a mellow piano melody, short plucked melody and wide synth pad. It sounds calming and relaxing.",False,False
3357,WRZGYDh7qRo.wav,This gothic rock song features a male voice singing the main melody. The melody is repetitive for each line. This is accompanied by percussion playing a simple rock beat in common time. A distortion guitar plays power chords. A synth plays a high pitched repetitive melody. This song has a suspenseful feel. This song can be played in a horror movie.,False,False
3358,WSMdqFEjGXE.wav,"This is a live performance of a classical music piece from the impressionist school. It is being performed by a string quartet of two violins, one viola and one cello. The quartet is playing a dramatic tune. The atmosphere is gloomy. This piece could be used in the soundtrack of a drama movie during tragic scenes.",False,False
3360,WT2iyJmKkc8.wav,"The song is an instrumental followed by the DJ talking about his lessons. The tempo is medium with disc scratching, steady drumming rhythm, various clapping percussion, modulated vocal samples, and a percussive bass line. The song is an electronic dance tune.",False,False
3364,WWIT13tTW7c.wav,"This is a live performance of classical music with clear tango influences. The piece is being performed by four different ranges of saxophone: alto, baritone, tenor and soprano. The variety of range using similar characteristics of sound gives the piece a vibrant atmosphere. This piece could be used in the soundtrack of a movie that is about a culture clash situation between North American and Latin American characters.",False,False
3366,WYbD9YUrf_4.wav,"The low quality recording features a bagpipes melody played while soldiers are marching. The recording is noisy, in mono and it sounds prideful, soulful and powerful.",False,False
3367,WYxXUBP_XaM.wav,The low quality recording features an aggressive harmonica solo playing over a shimmering shaker. There is a low microphone pop sound right before the shimmering shaker comes in. It sounds passionate and energetic. The recording is noisy and in mono.,False,False
3368,WZd2nT2Afds.wav,"The low quality recording features a flat female vocal talking over loud bells, reverberant male vocal talking, water leaking sounds and choir singing. It sounds like a compilation of sounds. The recording is noisy and in mono.",False,False
3369,W_979HkE4EI.wav,This is a drum lesson recording. A double stroke roll pattern is being performed on the snare drum of an acoustic drum kit. A metronome click can be heard in the background.,False,False
3370,W_MZo88gzrA.wav,"The low quality recording features a live performance of a pop song that consists of passionate female vocals, alongside background harmonizing vocals, singing over energetic drums, groovy, thin bass, mellow synth pad and addictive synth lead melody. Even though the recording is noisy and in mono, it sounds energetic, happy and fun.",False,False
3371,W_zgEkvp4xU.wav,This is an Afropop music piece. There is a female vocalist singing melodically. The main tune is being played by the keyboard while the bass guitar is playing in the background. The rhythmic background consists of a slightly slow tempo acoustic drum beat and afro percussive elements. The atmosphere is vibrant and sentimental. This piece can be used as the soundtrack of a drama movie that takes place in Africa.,False,False
3373,WcC9sKxJ1gI.wav,This is a clip featuring a motif from an instrument that sounds a little like a theremin whistle. There is a fuzzy quality to the instrument as well. This song feels like an eighties pop style song.,False,False
3374,Wd4T3iTsgrI.wav,"The low quality recording features a harmonizing french horn melody. It sounds passionate and easygoing, while the recording is noisy and in mono.",False,False
3376,WditOomsdRU.wav,"This is a soothing folk pop piece. We hear a violin and a harp as the leading melodic instruments, and the cello and piano as backing. The song is airy and the vocalist has a light and ethereal voice.",False,False
3377,Wdl7A3de0L4.wav,This song contains someone playing a ukulele fingerstly. This song may be playing live sitting around a bonfire with friends.,False,False
3379,WdxNikVdK-U.wav,"This is an Indian traditional music piece performed live by an orchestra. The orchestra is composed of the bansuri, the sitars and the tabla percussion. There is a vibrant atmosphere in the recording. This piece could be used in the soundtrack of a Bollywood movie.",False,False
3381,We9P_UcHNk8.wav,The low quality recording features a cover of an alternative/indie song that consists of acoustic guitar melody. It sounds groovy and the recording is in mono and noisy.,False,False
3386,Wh5JSj89tW8.wav,"Amateur recording of solo acoustic guitar strumming. Tape hiss, room reverb and unintentional mic clipping is audible throughout.",False,False
3391,WiAFUo2nxIk.wav,This is a DJ performance recording of two kids scratching a turntable. The turntable is being scratched over a hip-hop breakbeat that consists of a loud electronic drum beat. The atmosphere is danceable and there is an urban sound. This piece could be played at sports venues. It could also be sampled for use in beat-making.,False,False
3393,WjPHxUtF9go.wav,The low quality recording features an emotional electric guitar melody. The recording is noisy and in mono as it was probably recorded with a poor quality microphone.,False,False
3395,WmTDKYYH5OU.wav,"The low quality recording features a flat male vocal rapping over sustained strings melody, punchy kick, mellow snare, groovy bass and some commentary that can be heard in the background. It sounds emotional, energetic and the recording is noisy.",False,False
3397,WmyhSRhWh3k.wav,"This is a big band jazz music piece. It is an accompaniment piece to the Charleston dance. The band consists of a wide range of brass sections, an upright bass, a jazz acoustic drum beat and a vibraphone. Sounds from the cheering crowd can be heard. The atmosphere is lively. The piece is upbeat.",False,False
3401,Wp5AiCmbQjA.wav,"The low quality recording features an acapella cover of a R&B song that consists of flat female vocal singing over hand tapping sounds and snaps. The recording is mono and noisy, as it was probably recorded with a phone.",False,False
3404,WrpWb-Zumnc.wav,This is a classical music piece from a movie soundtrack. There is a brass section holding a single chord while a saxophone and then a trumpet plays a solo in the lead. The rhythmic background is provided with a crescendo movement played by a timpani. The atmosphere is dramatic. This piece can be used in the soundtrack of a drama movie during scenes of elevated tension.,False,False
3409,Wu3LKQG1fwU.wav,"The low quality recording features a rock song that consists of wide electric guitar melodies, groovy bass guitar, shimmering shakers, punchy snare and kick hits, followed by aggressive tom rolls. It sounds energetic and the drums are reverberant, as they were probably recorded in a medium size drum room.",False,False
3410,WvaIypMvAHY.wav,"This is the recording of a guitar lesson video. There is a male speaking in an instructive manner, giving the name of the chord he is about to play next. The chords are being played gently on a clean sounding electric guitar. There is a mellow feel to the sound. Parts of this recording can be sampled for use in beat-making.",False,False
3411,Wvg5rlMbjJc.wav,"This is a pop punk music piece. There is a fast-paced distorted electric guitar playing the main tune. A bass guitar is supporting it in the background. The rhythm is being played by a loud acoustic drum beat. The atmosphere is rebellious and aggressive. This piece could be used in the soundtrack of a high school drama TV series, especially during scenes where acts of delinquency are committed.",False,False
3416,X-uVubaJ3II.wav,A cello is picking a melody in the lower key serving as bass. Other instruments such as brass and oboes are playing melodies along with a xylophone playing the main melody. Strings in the background elevate some parts of the song. This composition sounds playful and may be playing in a magical fantasy movie.,False,False
3417,X0MN34Us6eE.wav,"The low quality recording features a flat male vocal singing over tinny wooden percussions, punchy ""4 on the floor"" kick pattern, groovy bass, long crash cymbal, shimmering shakers, syncopated snare hits and electric guitar melody. In the first half of the loop, there is a short snippet of crowd cheering and clapping over brass melody. It sounds fun, happy and energetic.",False,False
3418,X1KJfb5xhr4.wav,This amateur recording features trumpets playing the main melody. This is accompanied by the bass drum playing one beat on alternate counts and two beats on the remaining alternate counts. Hand claps are played on alternate counts. Other instruments are not audible due to the low audio quality.,False,False
3420,X28GWrn9LlI.wav,"The low quality recording features a live performance that consists of a flat female vocal singing over electric rhythm guitar melody. It sounds passionate, reverberant and emotional. The recording is noisy and in mono, as it was probably recorded with a phone.",False,False
3421,X2gHQb5ubco.wav,A female opera singer sings this climatic high pitched finish. The song is medium tempo with a string section accompaniment and a rhythm Section. The song is dramatic and high on adrenaline. The audio quality is very poor.,False,False
3422,X6Q53uXgaHc.wav,"This is an instrumental track featuring the double bass and acoustic guitar. Initially, chords are strummed on the acoustic guitar, and then arpeggio notes are played. The double bass is played with a bow and plays the leading melodic motif in the song. The song feels like it would be suitable in an adventure movie.",False,False
3426,X9H8FzpVL8s.wav,This audio contains someone playing an e-guitar using a vibrato and chorus effect. This is an amateur recording. This song may be playing guitar at home.,False,False
3429,XEIP1OUXU8E.wav,"This music is a sinister Electronic instrumental. The tempo is medium with a claviharp melody and keyboard accompaniment with digital sounds and a menacing roar and grunt. The music is intense, sinister, scary, anticipating danger, menacing, mysterious and suspenseful.",False,False
3431,XHczpbtBhk4.wav,"This is a recording of a live show performance by a rock band. We hear some cheering fans and then the song starts with an electric guitar lick and a bass guitar, and a kick on the drums. The audio quality is muffled and poor.",False,False
3432,XI-tRuDZ6HA.wav,"The low quality recording features an alternative/indie song that consists of a passionate male vocal singing over groovy bass guitar, wide electric guitar melodies, shimmering cymbals and ""4 on the floor"" kick pattern. It sounds mellow, easygoing, emotional and passionate.",False,False
3433,XI9CNsX6JSE.wav,"The low quality recording features an electro song being played in a club and it consists of high pitched, repetitive, female vocals singing over groovy bass, punchy snare hits and shimmering hi hats. It sounds upbeat and energetic, even though the sound is muffled, noisy and in mono.",False,False
3434,XILyHZyyCik.wav,"The low quality recording features a live performance of a pop song that consists of flat male vocal talking, passionate female vocal, alongside harmonizing wide female vocals, singing over punchy kick and snare hits, shimmering hi hats and groovy bass. There are crowd singing and cheering sounds in the background. It sounds groovy, emotional, energetic and passionate.",False,False
3436,XJXn88r9ys8.wav,"The low quality recording features a cover of a rock song that consists of flat male vocal singing over distorted electric guitar melody, energetic drums and groovy bass guitar. The song sounds passionate and energetic.",False,False
3438,XM4hxyK-Ddo.wav,"This is a symphonic orchestra playing  a piece that's riveting, thrilling and exciting. The peace would be suitable in a movie when something grand and impressive happens. There are clarinets, tubas, trumpets and french horns being played. The brass instruments help create that sense of a momentous occasion. The percussion is done on timpanis and a cymbal.",False,False
3439,XNlFs7Yjauk.wav,This slow pop song features a male voice singing the main melody. This song starts with a melody played on synth strings. This is accompanied by percussion playing a simple beat. The bass plays the root notes of the chords with a run to reach the next note. There are different synth layers playing different melodies within the scale to produce a complex melody. The voice starts to sing a romantic melody. This is accompanied by the percussion playing a minimalistic beat. The synth pads play a sustained chord in the background. The bass note is sustained through the line being sung. This song can be played in a romantic movie.,False,False
3440,XOLVI1bgxqk.wav,Someone is strumming a melody on a clean e-guitar. This may be playing for an advertisement.,False,False
3441,XOsHEjo-RSg.wav,This is a Mexican folk music piece being performed live. There is male voice shouting at the end of the piece. The accordion is playing the main melody. The acoustic guitar and the bass guitar are playing in the background. The rhythmic background consists of a latin acoustic drum beat. The atmosphere is lively. This piece could be playing in the background at a Mexican restaurant.,False,False
3442,XPGtOugQ69U.wav,"This techno song starts off with a synth playing a melody followed by another synth playing a burst of two chords. The two chord bursts are accompanied by percussion playing an outro roll. The instruments pause and a male voice starts to narrate a few lines. After two lines, the pitch of the voice is lowered in pitch to reach a bass pitch. This voice fades away to silence. This song can be played in a movie featuring a robot.",False,False
3444,XRQyoAk-Qz0.wav,This epic song features a pulsating synth playing in eighth notes in the background. The clip starts with a crash cymbal being struck. A flute plays a melody and an angelic voice sings the same melody using vocables. A bass drum alternates between one stroke and two strokes played at alternate counts of each bar. This song has an epic feel. The mood is motivational. This song can be played in a slow motion clip of an athlete winning a race.,False,False
3447,XUzaEsoOlWQ.wav,Dramatic female opera singer accompanied by orchestra and brass and cymbal crash.,False,False
3448,XW6tS4zAZ5E.wav,This audio contains trumpets playing the main melody in the higher mid range while oboes and flutes are playing a melody that sounds like a bunny hopping over obstacles. Then the music stops with a crashing sound and an alarm clock starts ringing. This song may be playing live as part of an orchestra composition.,False,False
3449,XWVGQbfpA0k.wav,This is a guitar cover video. There are no vocals in this piece. The acoustic guitar is playing a mellow tune with the heavy use of arpeggios. The atmosphere is gentle and relaxing. This piece could be used as the opening theme of a teenage drama TV series. It could also be playing in the background at a coffee shop.,False,False
3450,XWhmLbnrtd0.wav,"The low quality recording features a cover of a pop song and it consists of harmonizing male vocals and loud shoe tapping that serves as a rhythm. The recording is in mono and very noisy, as it was probably recorded with a phone. It sounds passionate and energetic - even without the instruments.",False,False
3451,XWj7nP7kfdQ.wav,This opera song features a female voice singing at a high pitch. This is accompanied by a shimmering background sound for one bar. This is followed by the sound of wind. This song has a victorious mood. This song can be played at the end of a war scene for the victor of the war.,False,False
3453,XXdPZMsrBd4.wav,"The Techno song features a repetitive synth bass, repetitive, distorted synth cowbell percussion and punchy ""4 on the floor"" kick patter. It sounds energetic and addictive, almost hypnotic - like something you would hear in clubs.",False,False
3455,XYQnMxWnetY.wav,"The pianist plays a classical piano piece which brings out a feeling of suspense and tension. The piece is complex and rapid. It has the sense of building up due to the low rumbling of the bass notes. The recording is a low-quality recording, and it is live.",False,False
3459,XalMIYYgHt0.wav,This song contains an acoustic piano playing a jazzy melody and chords along to a very light acoustic drum playing with brushes. An upright bass is playing its own line. On top of that a female voice is singing in a higher key and with a little reverb on her voice. This song may be playing at a jazz festival.,False,False
3460,Xaq-segSEsQ.wav,"A male vocalist sings this energetic Nigerian song. The tempo is fast and upbeat with keyboard harmony and Afro beats of conga, clave, drums and akuba. The music is upbeat, catchy, spirited, energetic, youthful and pulsating with a dance groove. This song is a Reggae song.",False,False
3461,XaqVAF-ADWU.wav,"This song is a vocal duet of male singers in a foreign language . The tempo is medium fast with an animated electric guitar melody, boomy bass drops, digital drums and synthesiser arrangements. The music is buoyant, youthful,punchy, groovy and emphatic with mellow vocals. This song is contemporary Pop.",False,False
3463,XdBf_omYIO4.wav,"This folk song features a harmonica playing the main melody. The harmonica plays three descending notes. This is followed by a double stop being played a total of nine times in groupings of two, three, three and one time. Then it plays a higher note going down a descending scale of two more notes. This is accompanied by an acoustic guitar strumming chords. The mood of this song is sad. This song can be played at a house party.",False,False
3464,XdxTZ4-sJvY.wav,"This heavy metal song features a distortion guitar playing palm muted power chords using mostly down strokes. The bass plays the root note of the chord using the same rhythm pattern. The percussion plays the hi-hat in a continuous pattern and the kick on the first count of the bar. On the third bar, the distortion guitar plays one chord without palm muting. This song can be played at the introduction of a video game. This song has no voices. This is an instrumental song. The mood of this song is aggressive.",False,False
3465,Xe59DpKa-O4.wav,"This is a hardcore techno music piece. There is an extremely strong, ear-piercing bass sound. The rhythmic background is a fast-paced and loud electronic drum beat. The atmosphere is violent. This piece could be played at rave sets.",False,False
3467,XfLI8gHCuFE.wav,This is a techno house music piece. There is a piercing sounding synth lead playing an alarm-like tune. The atmosphere is loud and aggressive. This piece could be playing during nighttime scenes in the soundtrack of a noir movie or a noir video game.,False,False
3470,XgLUXNAC7b8.wav,"This is an electronic music piece. There is a repeated piano theme in the melody. There are various eerie sound effects. Then, a violin starts playing. The atmosphere is unsettling. This piece would fit well in the soundtrack of a mystery video game.",False,False
3472,XgXOW3lX25Y.wav,This hard rock song features a distortion guitar playing aggressive riffs. This is accompanied by a rock percussion playing a simple rock beat with a roll at the end. The bass guitar plays the root notes of the chord with a flourish to move to the subsequent note. There are no voices in this song. This is an instrumental song.,False,False
3473,XhV4zf-Xlmk.wav,A male voice is singing in the midrange then another male voice joins singing in a lower harmony. In the background you can hear a jazz drum playing along with an upright bass and a flute. An acoustic piano is playing jazzy licks. Then the drum breaks the beat with strong fill-ins before a brass section elevates the piece. This song may be playing live during a jazz performance.,False,False
3474,Ximk6BHj9nE.wav,"This recording features a baptist church choir singing a worship song vibrantly. The song is energetic and uplifting. It's a live recording with unclear audio which makes it difficult to hear the song lyrics. There's an organ, drums, tambourine and bass.",False,False
3475,XjGm3Bn4j5k.wav,"The low quality recording features a live performance of a metal song. The recording is noisy, in mono and so crushed, distorted, harsh and loud that you can barely hear anything but the loud noise.",False,False
3480,Xl4RSHQsnl8.wav,"The low quality recording features a live performance of a pop song that contains a reverberant soft male vocal singing over mellow piano chords. There are crowd singing noises in the background. It sounds soulful, passionate and emotional.",False,False
3481,Xm2ciX0_UP8.wav,"The low quality recording features an alternative/indie song that consists of arpeggiated synth keys, growl synth bass, mellow synth bells melody and synth pad chords. It sounds chill and easygoing.",False,False
3482,XmMN-6g1L8w.wav,This is a live performance of a classical music piece. There is an orchestra performing the piece with a violin lead playing the main melody. The atmosphere is sentimental and heart-touching. This piece could be playing in the background at a classy restaurant.,False,False
3483,Xn0wIqnt_44.wav,"This music is an electronic instrumental. The tempo is fast with heavily synthesised arrangements and intense drumming with a male voice speaking over the music. The music is intense, vigorous,animated, futuristic  and vital. It sounds like video game music and the male voice seems to be reviewing Video Games.",False,False
3484,XnHAH2aPHk0.wav,Someone is playing a clean e-guitar with a lot of reverb and delay. Fingerpicking and creating dreamy rhythm and melodic patterns. In the background you can hear a drumloop and an e-bass. This song may be playing during a little live concert.,False,False
3486,XoTJkok3FlY.wav,Low quality recording features an arpeggiated electric guitar melody. It sounds emotional and passionate.,False,False
3487,XpueyrkcMyQ.wav,This is a jazz music piece. There is a trumpet and a saxophone playing the lead melody. The piano is playing the chords of the piece while the upright bass is playing a groovy bass line. The acoustic drums are playing a swing type beat for the rhythmic background. The atmosphere is groovy. This piece could be playing in the background at a coffee shop.,False,False
3490,XscNEv9tX5U.wav,"The low quality recording features plastic percussion hits. The recording is noisy and in mono, as it was probably recorded with a phone.",False,False
3491,Xsvi5Mgl3qo.wav,"The low quality recording features a mellow harp melody that sounds mystical, soft, hypnotic and passionate.",False,False
3494,XvN-qr-WYmw.wav,"The low quality, noisy recording features a live performance of a traditional song and it consists of loud synchronized percussion and bagpipe melody playing over it. It sounds soulful and passionate - like something you would hear in Scotland, as the bagpipe is their traditional instrument.",False,False
3497,XxKlsW4H0qo.wav,This is a clip of a singing bowl. The tone is high pitched and sustained and ringing. The song would be suitable for a meditation room or for any kind of environment wherein tranquility is the end goal.,False,False
3500,XzRxO8n3WRE.wav,"This is a low quality recording of a veena being played. This is a classical Hindustani song. The veena plays a note bending the string to a higher note and then descending back to the original note. The audio gets cut off intermittently. Briefly, during the places where the audio is heard, a tabla is heard. There are no voices in this song. This song can be played in a conservative Indian movie featuring a wedding scene.",False,False
3502,XzlDa1dzUh4.wav,This amateur recording features an electric guitar playing hammer ons on the pentatonic scale. There is a backing track that fades away and stops playing. The electric guitar plays a chord and pauses. The guitar then strums one more chord four times. There are no voices in this song. This is an instrumental.,False,False
3506,Y0_Ixl1d7oQ.wav,"The low quality recording features a compilation of basketball game highlights and it consists of crowd cheering and floor squeaking sound effects, followed by commentary of energetic male vocals, while a R&B song is playing in the background. The song consists of a boomy kick, claps, shimmering hi hats, high pitched piano chord progression and passionate male vocals, alongside wide male doubling vocals, singing over it. It sounds energetic and exciting.",False,False
3507,Y1ItBiA8nKU.wav,This audio contains someone talking while playing a rhythm with drumsticks on a drum pad. This is an amateur recording. This may be playing live while watching a lesson during drum class.,False,False
3508,Y1gheqplpIg.wav,This is an instrumental theremin piece. The theremin is making vague sound effects. There is an eerie atmosphere to this performance. This recording could be sampled for use as sound effects in movies.,False,False
3511,Y6OOFbrzdP8.wav,"This is an amateur cover of a guitar solo in a heavy metal piece. The solo is being played on an electric guitar. There is a rapid procession of high-pitch notes in the solo. The feel is complex and aggressive. The quality of the recording is a bit poor. If the quality issue can be resolved, this piece could be sampled for use in beat-making.",False,False
3515,Y8plCTF8xsY.wav,"The low quality recording features a live performance of an orchestra playing sustained brass melody, shimmering cymbals and sustained strings melody. It sounds muddy and muffled, as it was probably recorded with a poor quality microphone, but also passionate. The recording is noisy and in mono.",False,False
3517,YAVVMxqtxGE.wav,"The low quality recording features a tutorial that consists of a flat male vocal talking, after which there are a few different pitch cowbell one shots. The recording is in mono and it is noisy.",False,False
3518,YAYp2E5vMNw.wav,"The low quality recording features a live performance of a classical song that consists of sustained strings, woodwinds melody, aggressive strings lick, wooden percussion and repetitive violin melody. It sounds suspenseful and intense.",False,False
3519,YB28WMv7wUE.wav,This amateur recording features a synth string swell at the beginning of the audio. Alien sounds are played in the background. This is followed by a crash cymbal struck once. Other instruments are not audible due to the low quality of audio. There are no voices in this song. This is an instrumental song.,False,False
3520,YB_PzRgHOeo.wav,This is a pop music piece with an early 2000s feel. There is one male and one female vocalist singing melodically. The melody is being played by the electric guitar and the keyboard guitar with the bass guitar in the background. The rhythm is provided by the acoustic drums with occasional clap sounds. The atmosphere is easygoing and danceable. This piece could be used in the soundtrack of a sit-com movie or a TV show.,False,False
3521,YBbvQ0RPrG8.wav,This music is instrumental. The tempo is medium with an electric guitar harmony. The music is a catchy riff with a male voice speaking in a foreign language. This clip is an electric guitar lesson/ tutorial.,False,False
3522,YDBxdZchOuM.wav,"The song is an instrumental. The tempo is medium with a guitar playing a romantic lead, steady drumming, rock drumming, percussive bass line, cymbals crashing and guitar strumming rhythm. The song is exciting and youthful. The song has a bad audio quality.",False,False
3523,YDh36ZdneAU.wav,This is the recording of a guitar lesson video. There is a male instructor first performing the tune and then describing what he is playing. The tune is being played on a clean sounding electric guitar and there is a blues feel to it. The atmosphere is easygoing. The parts the male voice is not heard can be sampled for use in beat-making.,False,False
3524,YErpnsceZw8.wav,"This is a live performance by a female vocal quartet. They harmonise their voices and sing in a vibrant and cheerful way. They sing in French. Later, we hear two violins playing in sync as well as an accordion. The recording quality of the audio is poor.",False,False
3525,YEwikeeqF38.wav,"This audio contains a scary song that may belong in a horror movie. There is a tuned wind sound, synth pads and drones creating an uncomfortable atmosphere. On top of that a synth pluck sound is playing a dissonant melody and a piano is playing one single note in the mid range.",False,False
3527,YFhbrSUb0JQ.wav,"The low quality recording features a clarinet melody. It sounds harsh, loud and the recording is noisy and in mono.",False,False
3528,YGWweVRzFrw.wav,This clip features a heavenly sounding harp. The piece is arpeggio driven and elicits a feeling of tranquility and peace. The harp is full bodied and the instrumentalist balances the high tones with a deep bass sound.,False,False
3530,YJKZVSvz1Bk.wav,"This music is instrumental. The tempo is medium fast with boomy bass, turntable scratching and digitally arranged music. The music is muffled as the audio quality is inferior but the beats are punchy, buoyant, bouncy, youthful, groovy and energetic. This music is a turntable scratching technique.",False,False
3531,YK1AEw1kf28.wav,"The low quality recording features a classical song that consists of passionate male opera vocal singing over wide strings melody, wide brass melody and woodwinds melody, over which there is a fruity male vocal talking. It sounds passionate, epic and powerful - like something for commercial.",False,False
3533,YLlbLSNxdQ4.wav,"The low quality recording features a children's song that consists of a clock ticking, church bells melody, plucked strings melody and flat female vocal singing over it. It sounds happy, joyful and fun. The recording is mono and noisy.",False,False
3536,YNoR-SR5t1s.wav,This audio contains a male voice talking while a theremin is playing a melody in the mid- to higher register with a lot of vibrato. Celli and upright basses are plucking a strange melody in the lower register creating tension. This song may be playing in an art/alien movie.,False,False
3539,YODoF8e7Jlk.wav,This is a street performance of an instrumental music piece. The performer is playing a melody on the didgeridoo while he is using various percussive elements to create the rhythmic background. The atmosphere is eccentric and there is a tribal sound to the piece. This piece could be used in the soundtrack of an adventure movie with a jungle or a desert setting.,False,False
3540,YOG_PPvTvW0.wav,The song is an instrumental. The tempo is medium with a harpsichord being played expertly with no other instrumentation. The song is melancholic and exciting. The song is western classical baroque piece that evokes a sense of grandeur.,False,False
3541,YSXrSxC68VM.wav,"Here we have an energetic, up-tempo japanese rock song. The drumming is potent, punchy and predominant. The drummer plays the ride cymbal frequently, creating a shimmery effect in the song. The female singer has a calming voice.",False,False
3543,YTYj8Bk0qM8.wav,"This music is instrumental. The tempo is slow with a French Horn playing the Titanic soundtrack. The music is romantic, emotional, nostalgic, loud, lucid ,sad and poignant, mellow and sentimental. This music is a French Horn instrumental.",False,False
3545,YVEqyQjyy1Q.wav,"A female vocalist sings this spirited pop. The tempo is fast with infectious piano melody, slick drumming, funky bass, baritone saxophone, Hammond organ accompaniment with enthusiastic vocals. The song is fresh, youthful, buoyant; energetic, high-spirited, cheeky, suggestive, playful and groovy. This is a hit Pop Song.",False,False
3546,YW4AKwkpYxs.wav,"This music is instrumental. The tempo is fast with an energetic electric guitar lead harmony. The music is emphatic, seasoned, enthusiastic,engaging and high-spirited. This music is a Hard Rock instrumental.",False,False
3548,YXDHyD4HU0E.wav,"The low quality recording features a passionate male vocal singing over groovy bass piano melody, muted brass melody, sustained strings melody and shimmering hi hats. It sounds passionate and soulful.",False,False
3549,YZH-PZBir3E.wav,"This is a house remix of a pop music piece. The female vocal from the original track is being repeated as a sample. There is a strong bass and a loud electronic drum beat in the background. The piece is upbeat and energetic. It could be played at nightclubs, dance clubs and DJ performances.",False,False
3550,YZvv4hOlNqw.wav,"The low quality recording features a hip hop song where a fruity male vocal is rapping over punchy kick and snare hits, shimmering hi hats, groovy bass and brass melody. It sounds bouncy, groovy and upbeat.",False,False
3555,YcfGSJB1YvQ.wav,This gospel song features a male voice singing the main melody in an emotional voice. This is accompanied by the percussion playing continuously in sixteenth notes on the ride cymbal. The bass plays a groovy lick and fill based on the root note of the chord. The piano plays a chord followed by a fill and an ascending run. This song can be played in a Christian movie.,False,False
3556,Ycid0vBwqUg.wav,"This is a mellow and soulful 2000s R&B song. The female vocalist gives a sensual and passionate vocal performance. The song is seductive, intimate and relaxed. There are string-like sounds and a warm and bright pad-synth along with the mellow groovy drum beat.",False,False
3557,Yd8JBTdUvrw.wav,This song features the shofar being played. The shofar is blown and the pitch quickly changes from low to high while being blown. This is a religious instrument. There are no other instruments in this song. There are no voices in this song. This song can be played in a movie scene as a battle call.,False,False
3558,YddV91xnUz4.wav,"The low quality recording features a rock song where dissonant female vocals are singing over electric guitar melody, groovy bass guitar, hollow snare, shimmering hi hats and soft kick hits. It sounds sloppy and the recording is noisy.",False,False
3561,Yiau7DypQi0.wav,"This music is an electronic instrumental. The tempo is medium with intense synthesiser  arrangements and electronic sounds, along with the sound of rhythmic whistling. The music sounds scary, sinister, anticipatory, futuristic, spotty and unnerving. This music is Electronic/Synth Pop.",False,False
3562,Yj7YyxKyXPU.wav,"This music is instrumental. The tempo is fast with a lively trumpet harmony with steady drumming, keyboard harmony and tambourine beats. The music has middle eastern music influences . It is busy, loud, boisterous, and chaotic.",False,False
3563,YjTz5y8DnWo.wav,This is an amateur recording of an Irish folk music piece. It is an instrumental piece. There is an Irish flute playing a playful melody in a home setting. The atmosphere is cozy. This piece could be used in the soundtrack of an arcade adventure video game during the parts where the protagonist is traversing through forested areas.,False,False
3566,YlgCFc3OvmI.wav,"This song features an acoustic guitar playing chords using only down strokes. There are only two chords being played. The rhythm is played on a 6/8 time signature. A male voice sings vocables in falsetto. Toward the end, the voice produces a belching sound. There are no lyrics in this song. There are no other instruments in this song. This song can be played at a quirky party.",False,False
3567,YnE5ONaXtLY.wav,This is an instrumental Rajasthani folk music piece. There is a high-pitched flute playing a melody while a group of tambourines are keeping the rhythm. The atmosphere is vibrant. This piece could be used as an accompaniment piece for a folk dance course.,False,False
3569,Ypuv3htJlpg.wav,This is an amateur recording of a harmonica solo being performed over a blues/rock-n-roll music piece. The piece is instrumental. The harmonica plays a melodic solo in the style of blues. The backing track consists of the electric guitar and the bass guitar playing a simple tune while the medium tempo acoustic drums are playing a basic blues rock beat. The atmosphere is easygoing. This piece could be playing from the radio during a road trip in a movie.,False,False
3570,YqAsph_ouRM.wav,This low quality audio features an electric guitar playing a solo. The sounds of the instruments are not clear due to the low audio quality. The percussion plays a fast beat in the background. There are no voices in this song. This song can be played in a car chase sequence in a movie.,False,False
3571,YqZNMFyPJOQ.wav,This audio contains someone playing a melody on a banjo. A male voice is speaking with a deeper voice. This is an amateur recording.,False,False
3574,Yt1czlnCUCg.wav,"This children's song features a male voice singing the main melody. This is accompanied by male and female voices singing backing vocals in harmony. This has a call and response technique where the main voice sings a line followed by the response by the choir. This is accompanied by percussion playing a simple beat. After two bars, the instruments pause. The bass plays the root notes of the chords and sliding to a pause at the end of the bar. During the pause, the voices continue to sing. The main voice sings two lines and the choir sings the third line with the main voice in harmony. The mood of this song is happy. After the pause, the singers return to singing the same melody. This song can be played in an educational movie for children.",False,False
3575,YtYjdkTK5oY.wav,"The low quality recording features a synth melody and a lot of synth sound effects, over which there is a funny boy vocal talking. The synth melody continues to play in the second part of the loop where shimmering bells, snaps layered with snappy rimshots and harmonizing kids' vocals singing over them, appear. It sounds happy, joyful and fun - like something kids would listen to.",False,False
3578,YvT7qFbUOO0.wav,"In this recording we hear two main instruments - the sitar and the tabla. The sitar player plays some simple and slow licks, in an emotive way. The tabla player plays a simple rhythm to support the sitar. The recording is an old recording - and this is a vintage south asian music piece.",False,False
3579,Yw28B_xflHk.wav,This folk song features the lead melody played on a rebab instrument which sounds like violins. This song has a Middle-Eastern melody. This is accompanied by traditional Middle-Eastern percussion. A tambourine is played in the background. The other instruments are not clear due to the low quality of the audio. There are no voices in this song. This is an instrumental song. This song can be played at a village scene in a movie.,False,False
3581,YxQzJweGS2c.wav,This is a lullaby music piece. There is a female vocalist singing gently. The acoustic guitar is playing a mellow tune while the bass guitar accompanies with a simple bass line. There is a synth with a string sound in the background. The atmosphere is calming and sleep-inducing. This piece could be played at nurseries and it could be included in the soundtracks meant to put babies to sleep.,False,False
3582,YxkYVsE0UdQ.wav,"This audio contains various e-guitars playing different parts and melodies of a song. One is playing as bass, another one is fingerpicking chords while another one is playing a distorted arpeggio melody on top. This song may be played live by a busker with a loop padel.",False,False
3584,YyYEzAY2e2I.wav,The song is an instrumental. The tempo is slow with a didgeridoo playing percussive grunting low tones in a sonorous manner. The song is trance-like with a dance performing live on stage. The song is meditative and deeply spiritual.,False,False
3585,YyZ5bXcMDv4.wav,This pop ballad features a song played on an electric piano. The main melody is played on an electric piano. This is accompanied by synth layers playing fills in the background. Synth pads play a warm sound which is sustaining chords in the background to fill the musicscape. There are no voices in this song. This is an instrumental song. The mood of this song is romantic.,False,False
3586,Yz1DrC54UGk.wav,This song contains a acoustic drums running through a filter playing along with a tambourine. A e-guitar is playing a short repeating melody. A e-bass is first playing with a effect and then clean when a brass section comes in. This song may be playing with headphones while running on a sunny day.,False,False
3589,Z-Vb1Ay-zNA.wav,"The song is an instrumental. The tempo is medium with a clarinet playing lead supported by a wind section, horn section, brass section and other percussion. The song is exciting and energetic. The song is a western classic tune with bad audio quality issues.",False,False
3590,Z0O2r0Dl2T4.wav,This is an instrumental wind band music piece. There are three trumpets playing the main melody while a wind instrument sound is playing a supporting tune. There is a bass guitar playing in the background. The rhythm consists of a simple electronic drum beat. The atmosphere is playful and cheerful. This piece could be used in the soundtrack of a kids TV show.,False,False
3591,Z0OTDXtjK9M.wav,"The low quality recording features an electric guitar melody being played. There is a tiny audio pop in the left channel of the stereo image. The recording is noisy and muffled, but regardless it sounds hopeful.",False,False
3594,Z2c1npe5AYY.wav,"The low quality recording features a deep tone singing bowl resonance and a bowl hit impact. It sounds relaxing, calming and hypnotic.",False,False
3597,Z6q5doznOcI.wav,"This sounds like the ending of a big orchestral piece, with the brass section sustaining a harmony at the end. The piece feels warm, relaxing and emotional.",False,False
3601,ZAT2_-x59pY.wav,This audio contains someone playing a rhythm using acoustic drum samples along with synth pad sounds with a lot of reverb creating harmonies and a melody. This song may be playing and producing music at home.,False,False
3602,ZCKzgf3QD4M.wav,"People chant and sing in unison. The song is medium fast tempo with Indian percussion playing fast, violins and other stringed instruments playing harmony along with people clapping. The song is meditational and spirited. The audio quality is poor.",False,False
3603,ZCR7qJ2IgGI.wav,"The song is an instrumental. The tempo is medium with ambient sounds like a sawing tool sounds, guitar rhythm, bass guitar solo and a steady drumming with various percussion hits. The song is an advertisement jingle for a tool works company. The sound quality is average with ambient room sounds.",False,False
3604,ZE0f_S44O7M.wav,"This is a middle eastern dance pop  song. We hear a fun, and vibrant beat that's for dancing, and a vocalist who sounds charming and has a silky voice. There are string instruments for the melodic component of the instrumental. We hear high pitched falsetto backing vocals behind the lead vocalists' performance.",False,False
3606,ZF8uHVu4Res.wav,This is an instrumental military march music piece. The uilleann pipes are playing the piece at a medium-to-high range. The atmosphere is epic. This piece could be used in the soundtrack of a historical drama during the scenes of a victory parade.,False,False
3607,ZFG9jHrLtBE.wav,This is a lesson recording on how to deploy certain turntable scratching techniques. There is a female voice speaking in an instructive manner. She is showing how to achieve the stab sound.,False,False
3608,ZFg6KpT5ehU.wav,This song features beat boxing. There are no instruments in this song. This beat boxing melody is played using the mouth. There is no vocal melody in this song. This is an amateur recording. This song can be played in a live dance party.,False,False
3610,ZGfGiVauGL4.wav,"The low quality recording features a sustained strings melody, mellow brass melody and wooden percussion one shot at the end of the loop. It sounds passionate, emotional and the sound is slowly fading in - which could mean that it is an intro section of the song.",False,False
3611,ZH8VGGvZBok.wav,This song features synth pads being played in the background. An organ sound is layered with this sound. A synth sound plays chords in this song. There is a squeaky sound like the sound of a squeaky cycle wheel playing in the background. There are no voices in this song. There are no other instruments in this song. This song is dreamy and relaxing. This song can be played in a meditation center.,False,False
3612,ZHsAU90h8oc.wav,"This audio contains a jazz composition with a saxophone taking the lead-melody supported by a string section, a e-bass and a piano playing some notes along in a higher pitch. This song may be playing in a romantic restaurant.",False,False
3616,ZK3bYlekfm0.wav,This is the recording of a harmonica lesson. There is a male instructor who is playing the harmonica and then describing his technique.,False,False
3617,ZK5M3DZejzk.wav,"The commercial music features a groovy piano melody played over snare rolls in the first half of the loop. Right after, there is a drop that consists of a punchy ""4 on the floor"" kick pattern, shimmering hi hats, claps, groovy piano and wide synth lead melody. It sounds happy, fun, euphoric and exciting.",False,False
3621,ZM0imDMXuw8.wav,An acoustic drum is playing a groove that is not strongly connected to reggae rhythm. A e-bass and piano-keys are bringing the typical reggae backbeat while another synth sound is playing short plucks as a melody. The male voice is singing in a reggae-fashion and in a higher key. In the background you can hear a big organ sound coming in and playing along with the melody. The elements are spread along the speakers. This song may be playing with speakers riding on your bike.,False,False
3623,ZNGJN30LCwM.wav,A male vocalist sings this Christmas song. The tempo is medium with minimal instruments like keyboard harmony and steady drumming. The audio quality is inferior so the music is incoherent. This is a live performance with ambient sounds of people clapping and cheering. This is a contemporary Christmas Song.,False,False
3625,ZOGMpGQQ3FI.wav,"This is the live performance of an electric guitarist. The chords are arpeggiated and the guitar has effects applied to it to produce a warm and rich tone. The song is calm and peaceful, and would be suitable for a tranquil afternoon walk at the park.",False,False
3626,ZOKQFjrfbpw.wav,This is an intricate melody played on the harpsichord. It's recorded live and has a suspenseful feeling to it. The melody is played at a medium tempo.,False,False
3627,ZOzavOPeuJQ.wav,"The low quality recording features a metal song that contains a flat male vocal, alongside harmonizing high pitched female vocal, singing over punchy kick and snare hits, shimmering hi hats, distorted bass guitar, mellow synth bells melody and groovy wide electric guitar riff. It sounds energetic, groovy, aggressive.",False,False
3628,ZPK1hSPI540.wav,"A female vocalist sings this pleasant pop song. The tempo is medium with a keyboard harmony, melodious acoustic guitar harmony, bright drumming , steel pan and the sound of birds chirping. The song is mellow, soft, pleasant, soothing, hopeful, sentimental, sweet and cheerful.this song is a Reggae Pop.",False,False
3629,ZQwpXl8qnnk.wav,"This is an intimate and warm R&B instrumental. We hear fuzzy synth melodies driving the crux of the sound, and in this particular instrumental we are able to appreciate the crossovers between hip hop and R&B - as the drum beat is complex and hip hop inspired, with punchy snare action.",False,False
3630,ZSGRzalgx4s.wav,This song features trombones playing the main melody. The trombones slide down from higher pitch notes and play tunes like elephants trumpeting. This is accompanied by a tuba playing the bass notes. A percussion player plays a simple beat in common time. This song is upbeat. This is an instrumental with no voices. This song can be played in  Broadway shows.,False,False
3632,ZSItez9gTyY.wav,"The low quality recording features loud church bells. It sounds like an intro of the recording, since the sound is slowly fading in. The recording is noisy.",False,False
3633,ZTVMsW1h3bI.wav,"This song contains someone strumming a melody on a mandolin while more people are whistling along. Then a mandolin, an e-bass and an acoustic guitar are playing a short melody in a lower key before breaking into the next part along with flutes and percussions. This song may be played outside by musicians performing.",False,False
3634,ZTf9i8y5muo.wav,This is an industrial dance music piece. There is no singer in this piece. It has a strong and repetitive bass sound. The rhythmic background consists of a fast-paced electronic drum beat. The piece has an energetic atmosphere. It could be played at nightclubs or dance clubs.,False,False
3637,ZUg7rRpFGvA.wav,The low quality recording features a shofar horn siren. It is so loud that the audio is distorting. The recording itself is a bit noisy.,False,False
3639,ZVMIk3xYaYo.wav,This song features the sound of synth pads. The synth is playing one chord and the volume slowly swells. There are no other instruments in this song. There is no voice in this song. This song can be played in a movie sequence when a person is actively searching for something in the dark.,False,False
3641,ZVvX2-ldhvY.wav,solo acoustic nylon string guitar playing in a fingerstyle Brazilian bossa nova style.,False,False
3643,ZX7EzqMBjfo.wav,This is a melodic composition on the organ. The song itself feels soothing and calming. We hear light arpeggios played which would be suitable for a lullaby or a fairytale story.,False,False
3644,ZYUAY6EN05Q.wav,"Cheery and joyous music which would fit well in a musical. Complex vocal arrangements with female background vocals, male and female lead vocalists singing in unison one octave apart. Piano, electric bass, and orchestral accompaniment drive the compound meter.",False,False
3645,ZZrvO__SNtA.wav,This audio contains someone playing a dreamy melody on the harp. This audio is an amateur recording. You can hear white noise from the recorder. This song may be playing in an anime movie.,False,False
3646,Z_0Ta-m_-hU.wav,"This music is an intense instrumental.The tempo is fast with vigorous violin harmony that slows down to the accompaniment of a grim Piano harmony. The music is a Ritardando and has a grim, dark, intense,serious,bleak, dreary, and dangerous vibe to it.",False,False
3651,Zbmm_hXcrA0.wav,"The low quality recording features a pop song that consists of suspenseful synth, repetitive piano melody, filtered synth bass and sustained strings melody located in the left channel of the stereo image. It sounds uplifting, soulful and exciting.",False,False
3652,Zc4rX7nbRW4.wav,"The low quality recording features a distorted electric guitar solo melody playing. At the end of the loop, there is a short pedal tap sound. The recording is a bit noisy, but it sounds passionate.",False,False
3661,ZkGQhIbEDrs.wav,"The low quality recording features piano chords, followed by echoing plucked strings melody and smooth bass guitar. It sounds creepy, haunting and suspenseful.",False,False
3663,ZkmtfBzpQlI.wav,This song contains a male voice rapping over an instrumental containing a drumbeat with a sub bass. A brass sample is playing a melody also used as a rhythmic element. An organ is panned to the right side of the speakers. Other sound samples such as a male voice singing a melody are being used. This song may be playing loud when having or needing a good elevating mood.,False,False
3665,ZleHXDirD58.wav,This symphonic song features an orchestra playing a variety of instruments. The main melody is played on trumpets and violins. This is accompanied by the brass section and horn section of the orchestra. Clarinets play in harmony with the violins and trumpets. A xylophone kind of instrument plays bell sounds with the same melody as the main instruments. Cellos play the bass part of the song. This is accompanied by a bass drum playing a steady count. A drum kit plays the percussion part with a marching beat. There are no voices in this song. This is an instrumental song. The feel of this song is uplifting.,False,False
3667,Zmtw8tP-KFo.wav,The Low Quality recording features a synth key melody. It sounds suspenseful and intense. The recording is noisy.,False,False
3668,ZnBvXFDWpWo.wav,"Instrumental modern hip hop beat featuring a clap, low kick, and record scratching with virtuosity.",False,False
3669,Zo9xROGuV3k.wav,Someone is playing an evolving rhythm on various percussion instruments. This seems to be a professional piece with a lot of dynamics. This song may be playing as a part of an orchestra performance.,False,False
3671,ZocCGcJcGJE.wav,"The low quality recording features a wide high pitched synth pad and wide low, sustained strings chords playing in the background, after which there is a thunderstruck sound effect, followed by male grunting and crowd yelling sound effects. It sounds suspenseful and intense - like a movie scene would.",False,False
3673,Zq92ED3IvLQ.wav,This song contains acoustic drums playing a simple hip hop groove along with a e-bass and e-guitars playing a simple repeating line. A male voice with a deeper voice is rapping on top of it. The song may be playing while having a BBQ in the garden with your friends.,False,False
3678,ZtcHktwEfAU.wav,"The low quality recording features a folk rock song that consists of a sustained bagpipe melody and sustained synth bass, followed by funky synth keys and punchy toms. It sounds suspenseful and intense.",False,False
3680,ZwLfj7tvpdc.wav,"A female singer sings this passionate melody with backup singers in vocal harmony.  The song is medium tempo with a percussive bass line, groovy drumming rhythm, keyboard accompaniment and other percussive hits. The song is a retro pop love song.",False,False
3684,Zy_YSROQmlE.wav,This is a Croatian pop music piece. There is a male vocalist singing melodically in the lead. The acoustic guitar is playing a simple tune with the bass guitar playing in the background. The rhythm is played by a basic electronic drum beat with an acoustic sound. There is a lively atmosphere to this piece. This piece could fit well in the soundtrack of a romantic comedy movie that takes place in Croatia.,False,False
3686,ZzyWbehtt0M.wav,"The low quality recording features a country blues song that consists of fruity male vocal singing over groovy electric guitar melodies, groovy bass, shimmering cymbals, mellow snare, soft kick hits and clapping. The recording is a bit noisy, as it is vintage, and it sounds passionate, groovy, uptempo and cool.",False,False
3688,_0-2meOf9qY.wav,"This music is an electronic guitar instrumental. The tempo is slow with a melancholic , resounding harmony on the guitar. It is mellow, soft, poignant, sentimental and emotional.",False,False
3690,_2P_EJsnBls.wav,"The low quality recording features a passionate male vocal, alongside harmonizing mixed vocals, singing over acoustic rhythm guitar, accordion melody and groovy bass. It sounds passionate and joyful. The recording is noisy and in mono - the sound is coming from the right channel only.",False,False
3691,_2wFjBoreaY.wav,"A male vocalist sings this energetic Punjabi folk song. The tempo is medium fast with an infectious tabla and Dhol percussive beat, ektara rhythm and a funky keyboard accompaniment. The song is lively, spirited, cheerful, simple, happy, playful, enthusiastic, vivacious with a festive, celebratory vibe and dance groove. This song is a Festive Punjabi Folk song.",False,False
3692,_3GnNMrDuCs.wav,This audio contains someone playing a piece on cello ranging from the low register up into the higher register. This song may be playing during a live performance.,False,False
3694,_5fwnVeZbvI.wav,"A male singer sings this  Telugu folk song. The tempo pop is medium  with a tambourine, tabla and other south Indian percussion playing steadily, along with string instrument harmony. The song is a folk tune and probably a courtship song. The song has loud sound effects which are funny. The audio quality is poor.",False,False
3695,_5w5TVK5B90.wav,This song contains someone playing a transverse flute in a very high pitch. Breathing sounds can be heard. This song may be playing in a live orchestra solo.,False,False
3696,_6C2ffY_-mc.wav,"The low quality recording features a quiet bowl resonating sounds and even though the recording is so noisy and in mono, it is still calming.",False,False
3698,_8OIugVSFeE.wav,"A male singer sings Arabic vocals with backup singers in vocal harmony. The song is medium tempo with a steady drumming rhythm, percussive bass line, keyboard accompaniment and percussive hits. The song is an Arabic dance song.",False,False
3699,_94ra2KoZGo.wav,"This music is a lively harmonica instrumental. The tempo is medium with a spirited melody. The music is lively, clear, energetic, vibrant and breezy with a male voice at the end of the audio clip. This is probably a Harmonica tutorial.",False,False
3702,_AVegKwklcg.wav,"This is a bluegrass cover of an originally heavy metal music piece. There is a male vocalist singing melodically in the lead. The tune is being played by the banjo, the mandolin and the acoustic guitar while the bass guitar is playing in the background. The atmosphere is playful and there is a rural feel to the piece. This piece could be used in the soundtrack of a comedy movie that takes place in the rural parts of the USA.",False,False
3703,_AjXY9cHCxA.wav,"Here we have a live recording of a simple motif being played on a contra alto clarinet, which has a deeper tone than other clarinets. The player coughs at the beginning of the recording, mumbles a few words softly, and then plays a simple slow motif.",False,False
3704,_G3lYKAITu8.wav,This audio contains people playing rhythms and melodies on bells with sticks. This is an amateur recording.,False,False
3705,_GQnXfIGNKY.wav,"This is a live performance of an alternative R&B music piece. There is a female vocalist singing in a seductive manner in the lead. Later on, a male vocalist starts rapping. There is a groovy bass line in the background. The DJ is scratching the turntable. The rhythmic background is provided by an R&B acoustic drum beat. The atmosphere is sensual and the sound is urban. Sounds of the crowd cheering can be heard in the recording.",False,False
3706,_GjHL0FkYoY.wav,"The low quality recording features a Soca song that features repetitive flat male vocal singing over wide male background grunts, repetitive buzzy synth, punchy kick, syncopated snare and wooden percussion. It sounds energetic and uptempo.",False,False
3709,_HfaIP9e0ww.wav,This is an instrumental cover of a ballad piece. The harp is gently playing the melody with improvisational touches differing from the original version. There is a calming and soothing atmosphere to this piece. This music could be playing in the background at a hotel or a spa resort.,False,False
3710,_IP6zlayY7k.wav,"This is an amateur flute cover of a pop music piece. The flute is playing a gentle melody in the major key. There is a backing track that has a mellow acoustic guitar playing. The atmosphere is calming and easygoing. Although the audio quality is not that great, this piece could be sampled for use in beat-making.",False,False
3712,_JTHtcRHxnw.wav,"This audio contains the sound of bells ringing in different rhythm, tempo and pitch. This is an amateur recording. This may be playing in the center of a village.",False,False
3715,_KaRkSyELy4.wav,The low quality recording features a tutorial where a fruity male vocalist is talking in-between electric guitar chords. There is a very buzzy guitar amp in the background and the recording is very noisy.,False,False
3716,_MjbdUaJcik.wav,"The song is an instrumental. The tempo is medium with a brass section including trumpets, trombones and tubas playing in an instrumental harmony. The song is emotional and spirited. The song is western classical music piece.",False,False
3719,_Ra1Y6K7nSs.wav,This reggae song features male voices singing the main melody in harmony. The clip starts off with the sound of a chalk writing on a board. This is followed by a percussion roll. The voices start singing the main melody. This is accompanied by percussion playing a reggae beat. The bass plays a reggae style bassline. The keyboard plays staccato chords in a reggae rhythm. The mood of this song is happy. This song can be played in a birthday scene in a movie when a family is on a holiday on an island.,False,False
3720,_Rpn2FUAUgY.wav,"The low quality recording features a sustained string melody, followed by woodwind and mellow marimba melodies. It sounds emotional, passionate and sad - like something you would hear in the movies, as the background music.",False,False
3722,_Slo8QXYOp8.wav,The song track is instrumental. The tempo is medium with temple bells being played to create two distinct tones with long vibrations creating clear overtones. The  soundtrack is calming and deeply religious. The audio track quality is poor with ambient environment noises.,False,False
3723,_VmCPixy9GQ.wav,"Ambient music full of textures. Present are a slow descending glissando from a high-pitched metallic screech, a bowed string bass, atmospheric reverb. The mood is foreboding and ominous. Good for an unsettling horror soundtrack.",False,False
3724,_WYwB1qRgLM.wav,"Orchestra music with pizzicato strings, bowed bass and cello, and a clave with reverb. The music feels stationary, like a vamp, with a sense of waiting.",False,False
3725,_XrolyeJXDw.wav,"The low quality recording features a classical song that consists of a wide strings melody, low brass and woodwinds melody. It sounds suspenseful and intense.",False,False
3728,_cf0WYQcNvk.wav,"This is a religious music piece. There is a female vocalist singing melodically in the Portuguese language with a Brazilian accent. The piano and the violin are playing a mellow tune. The atmosphere is spiritual. Although the words give the impression it is a Christian gospel, the footage in the video belongs to the site of a syncretic movement, so one should not mistakenly take it as a gospel piece.",False,False
3730,_dF-ZGquRNY.wav,This song features a theremin being played. There is no melody to this song. There is no other instrument in this song. This sounds like the sounds of a computer on a spaceship. There is no voice in this song. This song can be played in a movie featuring an alien spaceship.,False,False
3735,_kPmYc1nXuQ.wav,"This relaxing song features the sound of pads in the background. A guitar strums a chord first then plays arpeggiated chords. At the end of the song, a piano chord is played. A wave-like synth plays one continuous note in the background. The bass plays the root notes of the chords and the note lingers. The mood of this song is relaxing. This song can be played in a spa.",False,False
3739,_miAGxDX5FM.wav,This jazz song features the main melody played on a reed instrument and a guitar in unison. The melody is an ascending pattern of three notes per beat. This is accompanied by percussion playing a simple beat ending on an extended drum roll. The bass plays a descending run followed by an ascending run. The piano plays jazz chords in the background. There are no voices in this instrumental song. This song can be played in a luxury bar.,False,False
3742,_nrz_BawPMY.wav,"A female vocalist sings this delicate harmony. The tempo is slow with an organ accompaniment. It is soft, mellow, meditative, enigmatic, mysterious, melancholic and haunting. This song is a Modern Classical.",False,False
3743,_oNLyxk08oA.wav,"Here we have a solo bass flute player. The music sounds mystical, like in a fantasy movie about dragons and fairies. There is reverb applied to the sound.",False,False
3744,_pU2KbHMN4Q.wav,This song contains an acoustic drum playing and comes to an end. Then a violin is playing the main melody together with a bass horn and other brass instruments in a higher register. A xylophone is also playing the melody in a higher octave. This song may be playing during a funny magic show.,False,False
3746,_qf0UiKtB3k.wav,This is a classical music piece. The piece is being performed on a harpsichord. There is a sophisticated aura to it. The piece has a medieval sound. It would fit perfectly in the soundtrack of a historical drama movie that takes place in the medieval era. It could also work well as the opening theme for a literature YouTube channel.,False,False
3747,_u2cNlW5DxQ.wav,The low quality recording features a cover of a rock song and it consists of a funky acoustic bass guitar solo melody played aggressively. It sounds groovy and the recording is noisy and in mono.,False,False
3748,_vwBe9ZXWXE.wav,This clip is a live recording of a complex and rapid piece being played on the trumpet. The trumpet is very high pitched and the piece ascends and descends rapidly in succession.,False,False
3749,_wyELLqwF3w.wav,"This is an instrumental piece with a harmonica as the main lead melodic instrument. High pitched, wobbly sounds are played on the harmonica and contrasted by a deep and full acoustic guitar on which arpeggios are played. There's a sustained pad synth in the background which adds to the overall calming and soothing tone of the song.",False,False
3750,_x4a974Pl-A.wav,"The low quality recording features a pop song that consists of a passionate male vocal singing over punchy kick and snare hits, shimmering shakers, synth pad, groovy bass and brass melody. It sounds passionate, emotional, energetic and upbeat.",False,False
3751,_xC7IXGWlk4.wav,"This traditional music is played on didgeridoos. There are three didgeridoos being played. They are played by vibrating the lips and blowing into the instrument. This produces the droning sound. On one of the didgeridoos, a stick is being hit to form a percussive rhythm. The other didgeridoos play a melody by opening the mouth wider and narrowing the mouth in an alternate pattern. Halfway through the song, a tambourine is played. This song can be played in a movie where tribal people have a ceremony.",False,False
3752,_xURU_-ffC4.wav,This song contains someone strumming chords on an acoustic guitar while playing a harmonica. This song may be playing at a local bar.,False,False
3753,_y07ENAx2_E.wav,"The low quality recording features a live performance of a jazz song that consists of a wide passionate, harmonizing male vocals singing over punchy snare and kick hits, shimmering hi hats, groovy bass guitar, synth pad and funky electric guitar melody. It sounds funky, groovy and passionate.",False,False
3757,_yzcCFe-uo0.wav,"This song is a duet of the Christmas Carol ‘Jingle Bells’ in Spanish. The tempo is medium with keyboard harmony, tambourine beats , hand percussion and accordion accompaniment . The song is cute, simple, cheerful, happy and animated.",False,False
3758,_zQTlTCqMzs.wav,"A male vocalist sings this powerful solo in a foreign language. The tempo is medium with a spanish guitar accompaniment. The song has minimalist music with captivating, lilting and almost haunting vocals. This is a live performance with ambient sounds of people talking. The audio  quality is inferior as it is an amateur recording. This song is a Latin/Spanish Folk song.",False,False
3759,a-11dtG7aK4.wav,This song has a relaxing feel. It starts off with a synth playing a chord sequence. This is followed by synth strings playing a high pitched melody. The notes fade into each other. Another synth plays the bass notes in the background. There is no percussion in this song. The mood of this song is dreamy. This song can be played in a dream sequence in a movie.,False,False
3761,a-P0p_UtagM.wav,This audio contains acoustic drums playing with an e-bass. An accordion is playing a short chord melody on the backbeat while someone is playing a flute melody completely out of tune and all over the place. This is an amateur recording. This song may be playing at home while practicing playing the flute.,False,False
3766,aBEiuYSSEH0.wav,"The low quality recording features a traditional song played in the beginning, after which there is a loud horn sound and wooden impact. It sounds weird, harsh and repetitive.",False,False
3768,aC3IBcRNyro.wav,This is an instrumental song featuring a french horn being played. The french horn plays the main melody. This is accompanied by a piano playing arpeggiated chords. A bass plays the root notes of the chords. There are no other instruments in this song. This is a slow tempo song. This song has a romantic and relaxing mood. This song can be played in a romantic movie.,False,False
3770,aCTm1TcL7z8.wav,"The low quality recording features an electric guitar solo melody played over groovy bass guitar, shimmering tambourine, punchy kick and tinny wooden percussion. It sounds groovy, funky and passionate.",False,False
3772,aDlWOvCdNMk.wav,This song features an instrumental played on bagpipes. One pedal note is played continuously on the lower register while the higher notes are played to a melody. There are no other instruments in this song. There are no voices in this song. This is an instrumental song. This song can be played at a Scottish fair.,False,False
3774,aGMdcxeF6Ak.wav,"A girl band sings this lively song. The tempo is medium with vibrant music. The audio quality is inferior so the music and vocals are incoherent. This is a live performance with ambient sounds of fans cheering, clapping and singing along. This song is a hit Country Rock.",False,False
3775,aHZdDmYFZN0.wav,The low quality recording features a classical song that contains a wide string melody. It sounds suspenseful and intense.,False,False
3776,aIIEI33EUqI.wav,This song contains soft synth pads playing in the lower to higher register with little dreamy notes sprinkled on top. This song may be playing for a meditation session.,False,False
3779,aKhM6zyL--k.wav,The first sound effect in this clip is the sound of old TV static. Then we hear a retro video game sound used to illustrate when the character jumps up. Then we have a sustained calming sound which is like the  sound after a large bell has been rung.,False,False
3780,aLnBwjLUZao.wav,"This blues song features a male voice singing the main melody at a comfortable pitch. This is accompanied by percussion playing a simple rock beat in common time. An overdriven guitar plays a blues riff. After one bar, the guitar and bass pause while the percussion and voice continues. The bass plays the root notes of the chords. The mood of this song is happy. This song can be played in a bar scene in a movie.",False,False
3781,aNJEh3_Vmps.wav,This is a song that would be suitable as meditation music or background music for sleeping. It is calming and features sustained high pitched notes on a pad synth. The song feels ethereal and relaxing.,False,False
3782,aNjtfIoVzas.wav,This song contains a plucked string instrument playing a melody in the higher register along with an acoustic guitar strumming chords on the backbeat and an upright bass playing a simple melody along to the lead melody. This song may be playing in a video-presentation.,False,False
3785,aPAa2sfhS7k.wav,"This music is a Western Classical Instrumental. The music is fast tempo with a plethora of instrumentation. From a vigorous clarinet solo, flute, intense trumpets , violin symphony, cello, viola and French horns, this music is a treat to the ears. It is smooth, rich, full bodied, exquisite and elegant with an urgent and sombre vibe.",False,False
3788,aQdZtz90Yzw.wav,This song features chords being played on a ukulele. A male voice narrates the chords being played. There is no vocal melody in this song. There are no other instruments in this song. This clip can be used in an instructional lesson for ukulele.,False,False
3789,aRGAnD12qdw.wav,This song contains someone playing congas accompanied by other percussive instruments such as a woodstick sound. Male voices are singing as a choir in the background. This song may be playing live at an urban meetup.,False,False
3790,aSyRV5j2zV4.wav,"The low quality recording features a wide choir female vocals singing, while there is a flat male vocal talking over it. It sounds like a tutorial of sorts.",False,False
3794,aURLQXt_6fE.wav,"This is a percussion orchestra performance. There are many percussive elements in this orchestra such as the congas, the maracas, the marimba and the xylophone. There is also an acoustic drum playing in the orchestra. The atmosphere is lively.",False,False
3798,aVNcweinmEM.wav,This is an R&B music piece. There is a male vocalist singing melodically in the lead. The melody is being played by the synth sound. The rhythm is being played by an electronic drum beat which has a sound that is very similar to a 909 kit. The atmosphere is danceable and urban. This piece could be used in the soundtrack of a teenage drama movie or a TV show.,False,False
3801,aXDgw2fLHAA.wav,"This clip features two jazzy songs. The first one has a fast paced melody that's led by an electric guitar which plays intricate solos. The next song is led by a clarinet, it's more slow-paced and bouncy.",False,False
3805,a_r8wKJ8ePw.wav,"This music is a high spirited acoustic guitar instrumental. The tempo is fast and the music is lively, spirited, Vibrant and vivacious with static and the sound of tapping. This music is a country style acoustic melody.",False,False
3807,ac_8oRMgDz0.wav,"This meditation song features male voices chanting in deep, low voices. This is accompanied by synth sounds playing at different pitches. One of the synths plays a droning low pitch sound. The mid and higher register sounds play instruments sounding like wind instruments. The sounds produced are ambient sounds and have a dreamy feel. The song is relaxing and calming. This song can be played in a meditation center.",False,False
3810,adHhqDnyZv8.wav,"This music is a rich Italian Classical Orchestra. The tempo is fast with a symphonic orchestra with a rich ,animated violin solo, complete with violin, cello viola , flute and piano accompaniment . This music is a sonic treat. It is rich, expressive, exquisite, spectacular, enthralling and captivating. This music is a Baroque classical.",False,False
3812,aeDZVfGk7bk.wav,This audio contains someone playing a mouthwarp. Then another recording starts where someone is strumming chords on an e-guitar fingerpicking a melody. This song may be playing for a photo slide show made for the family.,False,False
3813,aek3GoFr5MI.wav,This audio contains a dubstep beat with a lot of bass and aggressive synth sounds. In the background you can hear the crowd cheering. This is an amateur recording and of poor audio-quality. This song may be playing at a live dance show.,False,False
3814,aeujZtBvMFY.wav,"This is an instrumental jazz fusion piece. Various instruments are played throughout this piece. A wide variety of key instruments such as the piano, the organ, the celeste, the rhodes, the synth and the harpsichord can be heard. The atmosphere is funky and eccentric. A vibrant array of samples can be gathered from this piece, ideally for use in the soundtrack of a goofy cartoon.",False,False
3817,agK1OkzW5Yg.wav,This meditation song features a guzheng playing the main melody. A kind of zither plays arpeggiated chords in the background. Chimes are played in between lines. This song has a Chinese melody. This song is relaxing. There are no voices in this song. This song can be played in a meditation center.,False,False
3818,agw-ujSdX0A.wav,"This is the recording of a Pakistani marching band. The bagpipes are playing the melody. The rhythmic background is provided by a drumline that is played by the snare drums, the bass drums and the cymbals. The atmosphere is vibrant and lively. This piece could be playing in the background at a parade.",False,False
3824,apA0IY_5-2g.wav,This is a neo-soul music piece playing under the background of a dance contest. There is a male vocalist singing melodically in the lead. There is a repeating acoustic guitar sample in the beat. A strong bass sound can be heard. The rhythm consists of an electronic drum beat. There are voices shouting over the music in the video. The atmosphere is groovy and urban.,False,False
3827,ar4YQ_DOcyk.wav,"A female vocalist sings this cheerful song. The tempo is fast with a peppy keyboard harmony, simple, march like drumming, steady bass line, acoustic guitar and bells chiming. The song is a foreign language but from the sound and vibe of it, it seems like a fun, happy, joyful, cheerful, warm hearted and popular folk song.",False,False
3828,argBwTHDDVI.wav,"This clip features an instruction by a male voice on how to use an effect on a synth. After the narration, three notes are played on a synth. The first one is loud, the second note is lower and softer. The third note is lower but louder in volume. There are no other instruments in this song.",False,False
3832,atWaDoSyGgY.wav,This song contains someone playing acoustic drums along with an e-bass. They both sound in the foreground. A male voice is singing in the high mids and with reverb and a little delay on his voice. Then the song breaks into the next part and an e-guitar comes in with a strummed melody. This song may be playing with headphones lost in thoughts.,False,False
3838,axqtExFY5-s.wav,This is an instrument review jam that is played in the style of flamenco music. There is an acoustic guitar being played while a male voice gives his opinion concerning the instrument. The character of the sound is sensual. The guitar sounds can be sampled for use in beat-making.,False,False
3840,b-7oO1Rw-fo.wav,"This funk pop song features a male voice singing at a high pitch. The style of singing is rapping in this section. This is accompanied by a kick drum. The kick drum plays on every count of the bar for two bars followed by doubling the beat for the next two bars. In the gaps of the lines, a voice sings vocables. After two bars, the bass plays an ascending run. A siren sound is played in the background ascending along with the bass. This song can be played in a club.",False,False
3841,b-Cr0EWwaTk.wav,"The low quality recording features a hip hop song that consists of flat male vocals, alongside echoing whispering vocals, rapping over shimmering hi hats, punchy kick, boomy 808 bass, claps, quiet snare hits and arpeggiated synth melody. The song sounds energetic, especially because of the uptempo hi hat triplets.",False,False
3842,b-Y-AjW6MJ0.wav,"The low quality recording features a rock song that consists of a flat male vocal and flat female vocal talking, followed by punchy kick and snare hits, shimmering hi hats, energetic crash hits, wide electric guitar chords, groovy bass guitar and synth lead melody. It sounds energetic.",False,False
3843,b0dVykd2i6g.wav,"This is a pop/soft rock music piece. There is a male vocalist singing melodically. The main melody is being performed by the piano with the strings' sound holding notes in the background. A solid bass line can be heard. A slow tempo acoustic drum beat is keeping the rhythm. The atmosphere is easygoing. This piece could be used in the soundtrack of a romantic comedy, especially during the scenes where the male protagonist is feeling regret for his actions.",False,False
3844,b12xqPnM0So.wav,"The low quality recording features a live performance of a folk song that consists of a woodwind melody, followed by accordion melody, trumpet melody, metallic percussion and groovy bass. It sounds passionate and cultural.",False,False
3846,b2-izZk5_BM.wav,"This is a Romanian pop music piece. There is a male vocalist singing with autotune. The melody is being played by a synth sound. There is a bass guitar playing a simple bass line while the rhythmic background consists of a slow tempo electronic drum beat. The atmosphere is sentimental. This piece could be used in the soundtrack of a Romanian soap opera, especially during romantic scenes.",False,False
3847,b2XAPiRUoN4.wav,This is a marching parade of hundreds of Scottish bagpipe players. They are all playing the same melody with the exact same pitch. The song itself feels somewhat encouraging and positive.,False,False
3850,b6hr31Qaemg.wav,"This is a vocal performance from a soap opera soundtrack. There is a female vocalist that is singing with a heavily manipulated voice, most probably through the use of a vocoder. The volume of the track is unnecessarily loud and it peaks frequently. There is an unsettling atmosphere. It could be used in the soundtrack of a horror movie where the protagonist is slowly losing touch with reality.",False,False
3853,b98BJ36K1wo.wav,This audio contains someone playing an acoustic drum with a fast paced and complex rhythm. This is an amateur recording.,False,False
3857,bBGcQ2-W768.wav,"The Soft Rock song features a flat male vocal singing over arpeggiated electric guitar melody, punchy kick, groovy bass, shimmering hi hats and snappy rimshots. It sounds emotional and easygoing.",False,False
3859,bBy0NCoCEHc.wav,"The low quality recording features a live performance of a traditional song and it consists of a bell melody, followed by wooden percussion. There are some flat male vocals talking, after which there are harmonizing male vocals singing over it. It sounds passionate, even though the recording is noisy.",False,False
3863,bJVogLOURmc.wav,"The low quality recording features a drums solo that contains manic tom rolls and a ride cymbal one shot at the end. There was an exhale sound once the player finished his performance. The recording is very noisy, in mono and it sounds aggressive and energetic.",False,False
3865,bKm2_67xtVs.wav,"The Rock song features a sustained strings melody, groovy bass, electric guitar melodies, punchy snare, shimmering hi hats, mellow kick hits and acoustic rhythm guitar. It sounds soulful and like something you would hear during the 70s. The recording is a bit noisy.",False,False
3870,bPWbeWf5xNI.wav,"A female singer sings this beautiful love song with backup singers in vocal harmony. The song is medium tempo with a steady drumming rhythm, percussive bass line, autoharp accompaniment, guitar rhythm and keyboard accompaniment. The song has poor audio quality and makes an excellent wedding dance song.",False,False
3871,bPYbRSI16IY.wav,"The low quality recording features a filter modulated synth bass, after which there is a short snippet of flat male vocals talking over sea waves sounds in the background. The recording is mono and noisy.",False,False
3872,bQ9vpp_yXvk.wav,"This song features the main melody sung by a choir. This is accompanied by the string section and brass section featuring violins and trumpets. Hand claps are heard on every count. Orchestral percussion plays in the background. As the quality of audio is low, many instruments cannot be heard. This song can be played in a celebration.",False,False
3873,bSX5-VPL8rE.wav,"Make the singer sing this Latin rap song in vocal harmony. The song is medium  tempo with a steady drum drumming rhythm, keyboard accompaniment, string section harmony, percussive bass line and machine gunshot sounds. The song is story telling and violent in nature. The song has bad audio quality.",False,False
3876,bTlp5Qr99RY.wav,"The low quality recording features a salsa song that consists of a passionate male vocal singing over shimmering chime bells, wooden percussion, shimmering shakers and groovy piano melody. It sounds passionate, emotional and addictive.",False,False
3879,bVtHAk5w2Z8.wav,This is a kids song in the style of pop punk. There is a male vocalist singing in a playful manner. It is joined occasionally by a robotic voice and the roars of a lion. The electric guitar and the bass guitar are playing a simple theme. The rhythmic background consists of a fast tempo acoustic drum beat. The atmosphere is cheerful. It could go well in the soundtrack of a kids show.,False,False
3882,bZJoTauRldE.wav,"A male singer sings this passionate vocal. The song is medium tempo with a groovy bass line, steady drumming rhythm and a violin playing a solo. The song is a live performance by a folk singer. The song has a bad audio quality issue.",False,False
3883,bZXQlQnleL4.wav,"This is a classical style of music played by a brass quintet. The instruments featured include the trombone, tuba, french horn and trumpets. The motif they play is repeated, and it has a celebratory feel - as if for a big occasion.",False,False
3886,bciw4Tqp6h4.wav,"The low quality recording features a flat male talking over background music that consists of a saxophone melody played over shimmering hi hats, snappy rimshots, groovy piano melody, mellow bells melody and simple bass. It sounds happy, fun and easygoing - like something kids would listen to.",False,False
3888,bf8JlTKzOs8.wav,This is an educational kids music piece. There is a female vocalist singing in a childlike manner in the Korean language. The keyboard is playing the melody while there is a bass guitar playing in the background. The rhythm is provided by a simple acoustic drum beat. The atmosphere is lively. This piece could be played for science-related classes at schools in Korea.,False,False
3889,bg_QoesbfOA.wav,"This is a Pakistani Sufi music piece. There is a female voice singing in a devoted manner. A bass tune can be heard supporting the vocals. The rhythm is performed by a membranous percussion, most probably a def. The atmosphere is religious. This piece could be played at Sufi religious events.",False,False
3891,bkQrvXXIRng.wav,Someone is playing acoustic drums with a lot of loud cymbal hits along with a screaming male vocal. A distorted e-guitar is playing long low notes. The atmosphere sounds dangerous and aggressive. This song may be playing in the band room practicing drumming.,False,False
3892,bkXrQyDbKtk.wav,This song features a choir singing a Christian hymn. The voices sing one note followed by a higher note followed by a descending pattern. The female voices sing the soprano and alto voices. The male voices sing tenor and bass parts. There are no instruments in this song. This song is an acapella song. This song can be played in a church.,False,False
3896,bl8PgmZ9iOc.wav,"The low quality recording features a flat male vocal talking, alongside some claps and snare rolls. It sounds like an interview and the recording is mono and noisy.",False,False
3904,bqeVxA97TQU.wav,"This techno song features a synth playing the main melody. It is based on chord structures. The bass plays the root notes of the chords. The percussion is programmed. The kick plays on every count and the hi-hat plays on the 'and' of every count. After four bars, the kick plays an eighth note rhythm. This song can be played in a club.",False,False
3906,br4A2uNud50.wav,"This music is a lively instrumental. The tempo is fast with bright trumpet harmony of French horns, trumpets accompaniment and a steady, punchy bass drum rhythm. The music is upbeat, punchy, buoyant, spirited, lively and vivacious. The audio quality is an amateur recording. This music is a live performance with ambient sounds of people clapping and cheering .",False,False
3908,bsz_enSJSVk.wav,This is a clip which sees a solo bass guitarist play a series of motifs in a bluesy style. The playing oscillates between a low phrase and high notes to which the player slides down.,False,False
3912,bxF2vxTzlvo.wav,This is a pop music piece. There is a female vocalist singing melodically in the lead. The acoustic guitar is playing the main tune while the bass guitar is playing in the background. The rhythm is provided by a slow tempo acoustic drum beat. The atmosphere is emotional. This piece could be used in the soundtrack of a romance movie where the characters are missing each other at night.,False,False
3913,bxZeGrM_0ac.wav,"The low quality recording features a jazz song that consists of a saxophone solo melody played over hollow snare, groovy double bass, shimmering hi hats, shimmering shakers and brass melody. It sounds uptempo, groovy and passionate - like something you would hear in a jazz club.",False,False
3915,by57LpTlGbs.wav,"This reggae song features a male voice singing vocals at a high pitch, almost screaming. This is accompanied by percussion playing a reggae beat. The bass plays a groovy lick and plays a chromatic run of five notes to reach the note to start the chorus. A guitar strums one chord on alternate counts. This song can be played in a Caribbean themed party.",False,False
3918,c-85TtcfVSI.wav,"The low quality recording features a passionate male vocal, alongside harmonizing background vocals, singing over tinny snares, snappy rimshots, shimmering hi hats, groovy bass and electric guitar chords. It sounds groovy and passionate.",False,False
3922,c3T1gWSVp6c.wav,"The low quality recording features a regional Mexican song that consists of a passionate male vocal singing over brass melody, wooden percussions, tinny metallic percussions, groovy piano melody and groovy bass. It sounds joyful, happy and energetic.",False,False
3924,c5NGOcNyF4g.wav,"This music is a lively instrumental. The tempo is fast with an animated clarinet lead, lively spanish guitar rhythm, ukulele accompaniment and bright tambourine /pandeireta beats. The music is upbeat, buoyant, peppy, cheerful, happy, playful and fun Latin Clarinet Instrumental.",False,False
3925,c6Fiz5IznkU.wav,The low quality recording features an electric guitar melody played with a chorus effect on. The recording is noisy and in mono.,False,False
3927,c8gD6153aNI.wav,"This song features a drum solo being played. The hi-hat, snare, kick and toms are played in this clip. There are no other instruments in this song. There are no voices in this song. This song can be played in an instruction video.",False,False
3934,cF7317DK0NQ.wav,Someone is playing a melody in the higher midrange on a cello. In the background you can hear someone playing along on a cembalo. This song may be playing at a live concert.,False,False
3935,cFIZraIPAXE.wav,"This music is instrumental. The tempo is medium fast with synthesiser arrangements , digital drums and electronic music . The music is upbeat, pulsating, youthful, buoyant, exciting, punchy , psychedelic and has propulsive beats with a dance groove. This music is EDM/Techno.",False,False
3936,cG1dpyC8gV4.wav,This clip features two male voices in conversation. The sound of a tabla is played. There is no music in this clip. There are no other instruments in this clip.,False,False
3938,cGorUmWMrwo.wav,"This music is instrumental. The tempo is slow with an acoustic guitar harmony, loud electric guitar feedback and fiddle. The music is intense, rugged, vivid, melancholic, pensive, raw, powerful, emphatic and strong. This music is classic Blues Country Music.",False,False
3939,cGrQw46ftj0.wav,"The low quality recording features an acoustic rhythm guitar melody, arpeggiated harp melody, simple bass and sustained strings melody. It sounds soulful and passionate - like a traditional song.",False,False
3941,cHMDIt3-TsE.wav,"This clip features an electric guitar being played. This electric guitar has a distortion effect. A chorus effect is also added. The distortion guitar starts off with a descending lick on the pentatonic scale followed by palm muted power chords. A few double stops are played and at the end, a string bend is played. There are no other instruments in this song. There is no voice in this clip. This song can be used in a demo of a chorus effects pedal.",False,False
3942,cJ80eZY03Yg.wav,"The low quality recording features a live performance of an orchestra and it consists of loud brass melody, mellow woodwinds melody, suspenseful violin melody and muffled percussion. It sounds epic, powerful and passionate. The recording is in mono, a bit noisy and it is reverberant as it was performed in a large concert hall.",False,False
3943,cJD5JFWnxNo.wav,"This song contains a female kid's voice singing with a little reverb and delay in her voice. An e-bass is playing a simple line along with a piano playing major chords. Panned to both sides of the speakers you can hear different percussive elements such as ride cymbal hits, shaker and bongos. Another keyboard sound is playing the main melody taking turns with the singer. Some twinkling sound adds single notes on top to round up the lullaby. This song may be playing for a kids tv-show.",False,False
3946,cMhajmOBr0c.wav,The clip is of a Christian worship song - a gospel song. It's a powerful ballad with violins which add an uplifting emotional effect. The male singer has a smooth and gentle voice. There's an uplifting and soulful choir performing backing vocals.,False,False
3948,cOsm3r-xKEE.wav,"The low quality recording features a reggae song that consists of a flat male vocal, alongside harmonizing background male vocals, singing over shimmering shakers, offbeat piano chords, brass melody, wide toms, tinny echoing snare and punchy kick layered with it. It sounds upbeat and easygoing.",False,False
3949,cQWJeYfyw8Y.wav,This feels like a romantic ballad. The bansuri plays a soothing melody and the male vocalist comes in with a beautiful and gentle voice. This is an Indian song and it is emotional and brings about stillness. The acoustic guitar plays arpeggios.,False,False
3950,cQX-WgT0ACQ.wav,"A guitarist is tuning his guitar making string noises, peg sounds and fretboard noises. The audio is very bad with a boomy low end. The conversation is engaging and keeps the crowds occupied as the guitarist gets ready for the next song.",False,False
3951,cQpK9zs_uv0.wav,This is the live performance of a percussion piece. There is a playful sounding jazz steel pan solo being performed on stage. The atmosphere is easygoing. This piece could be used during tropical scenery shots in a movie with a summer/vacation theme.,False,False
3953,cSBRb4KF5xs.wav,"The song is an instrumental. The song is in medium tempo with a cello playing percussively, a  clarinet in melody and supported in harmony by a bass clarinet and a trombone. The song is a rock song cover played live. The song is engaging and rich in quality.",False,False
3954,cT-KZPVpU9M.wav,The low quality recording features a flat male vocal talking over a classical song that consists of sustained strings melody. It sounds dramatic and suspenseful.,False,False
3955,cTJqIkSuf6s.wav,"The low quality recording features a live performance of a rock song and it consists of flat male vocal singing over arpeggiated electric guitar melody, groovy bass guitar, shimmering hi hats, snappy rimshots and punchy kicks. In the background, there are some crowd singing and crowd cheering noises. It sounds emotional and a bit addictive.",False,False
3958,cWvkOY6OKss.wav,"This song features a cello being played at the higher pitches. Toward the end, a few wrong notes are played and a scratchy sound is heard. There are no other instruments in this song. There is no voice in this song. This song can be played in a children's animation movie.",False,False
3959,cX926M1_LqM.wav,"The low quality recording features a groovy synth keys melody and synth keys bass playing together. It sounds jazzy, funky, boomy and the recording is noisy and in mono. Sounds like something you would hear in jazz bars.",False,False
3963,cYSW6Y884dA.wav,"The low quality recording features wide acoustic guitar melodies playing over shimmering hi hats, followed by acoustic bass guitar. It sounds passionate and joyful.",False,False
3966,cabjr3xtcR4.wav,This song contains digital drums with a kick on every beat and an open hi hat on the backbeat. A synth bass is playing a melody along with an e-bass. A male voice is singing along with a male backing singer. The crowd is cheering and singing along. This is an amateur recording and of poor audio-quality. This song may be playing at a live concert.,False,False
3968,ccsgja0XsWE.wav,"This music is an energetic instrumental.  The tempo is fast with a synthesizer groove followed by instructions in a male voice and with another synthesiser groove. This is a synthesiser, demonstration, review or tutorial on how to add layers to a sound track.  The music is energetic, youthful, enthusiastic, high-spirited , funky and pulsating.",False,False
3971,cdUk-F-5NCI.wav,"This music is an electric guitar instrumental. The tempo is fast with an enthusiastic electric guitar riff with the voice of a man giving instructions. The music is powerful,emphatic, loud, groovy, youthful, skillful and engaging. This clip is an electric guitar lesson/tutorial.",False,False
3972,ce03XKuyDtk.wav,The low quality recording features a wide electric guitar arpeggiated melody. The recording is noisy and it sounds like some kind of tutorial.,False,False
3974,cfeTMVWFHLo.wav,"This is a live recording of a quartet. The group consists of upright bass, cello, acoustic guitar and flute. The instrumental has a pop feel to it, with the flute playing the melody.",False,False
3975,chfTjqlrFQQ.wav,"This song is a crossover of a reggae song with a soul song. This features a male voice singing the main melody. It starts off with the voice which is accompanied by the guitar, bass and percussion playing in the pause between lines. During the pause, a synth sound is played which is modulated by a ring modulator. After the pause, the voice starts the main melody. Trumpets play a melody. The bass and percussion continue to play with a reggae feel. Female backing voices sing vocables. This song is relaxing. This song can be played at the end of a war movie.",False,False
3977,chwqnnaiYXw.wav,"This is a classical music piece. The french horn is playing the main melody in a gentle manner. In the meantime, the piano is playing a backing tune. There is a serene atmosphere to this piece. This music could go well in the soundtrack of a still life TV series. It could also be playing in the background at a classy restaurant.",False,False
3979,cjTrK-kA6x0.wav,"The low quality recording features a short snippet of breathy flute melody at the beginning of the loop, followed by birds chirping and water flowing sounds, due to the fact that it was recorded outdoors. The recording is noisy and in mono.",False,False
3983,cmJj7SxQEp8.wav,This reggae song features a male voice singing the main melody. This is accompanied by percussion playing a reggae beat. The bass plays a single note on the fourth count of each bar. There are no other instruments in this song. This song can be played in a club as a dance song.,False,False
3984,cn-SilfYLZo.wav,"The song is an instrumental. The tempo is medium with footstep like percussion, mysterious bell tones, tremolo effects, string section harmony, crescendoing tones and various percussion hits. The song is suspenseful and ominous. The song is a movie soundtrack with bad audio quality.",False,False
3988,colnyHv9CAA.wav,"This country song features a male voice singing in a Southern accent. The main melody is a typical country melody. This is accompanied by a violin playing backing notes. The guitar strums chords. The double bass plays the root note and lower fifth of the chords. This song has a happy mood. At the end, there are multiple male voices singing one word together. This song can be played in a happy Country Western movie.",False,False
3995,ctJI7pCbxAo.wav,"This pop song features a male voice singing the main melody. Other voices sing backing vocals using the same melody. This is accompanied by programmed percussion playing a dance beat. A wave synth plays a repetitive melody. The bass plays the root notes of the chords. Toward the end of the song, a tabla is played. The mood of this song is happy. This song can be played in a club as a dance song.",False,False
3996,cu0k3Uclp1I.wav,"This is a live recording. We hear a set of Indian bagpipes, otherwise known as mashak, playing a complex motif. There are two singers doing open-mouthed humming in contrasting high and low pitches simultaneously. We hear the applause and cheering of a crowd as well. At the beginning, a male speaker and female speaker each make some comments in a South Asian language.",False,False
3997,d-AcpHG7OjU.wav,This is an instrumental percussion piece recording. There is a drummer playing rudiments in rapid procession on a practice pad. A loud metronome beep can be heard close by. This piece could be used in rudimentary education during drum lessons.,False,False
4001,d20qTsF6ll8.wav,"A male vocalist sings this upbeat retro song. The tempo is medium with an infectious electronic guitar, hard hitting drums, rhythmic acoustic guitar and funky bass. The song is rhythmic, groovy, upbeat, catchy, and energetic. This song is Retro Rock and Roll.",False,False
4004,d61plJ66vE8.wav,"The low quality recording features a fruity male vocal singing over steel drums melody, electric guitar melody, brass stabs, punchy kick and snare hits, energetic crash cymbal, groovy bass, shimmering shakers and sustained organ keys chord. It sounds joyful, happy and exciting.",False,False
4005,d6nURbq86zM.wav,The song is an instrumental. The tempo is medium with different sized bells played with gongs producing various tones with vibrato and echo effects. The sounds are very meditational and therapeutic in nature. The audio quality is bad.,False,False
4006,d6w3d9S1LVM.wav,"This is a metalcore/post-hardcore music piece. There is a male vocal singing using the vocal fry technique. A distant piano melody can be heard. There is an electronic drum beat with a heavy reverb effect. Later on, a string sound starts playing and adds texture to the melodic background. The atmosphere is dramatic and rebellious. This piece can be used in the soundtrack of a teenage drama movie, especially where one of the characters is experiencing a breaking point.",False,False
4008,d9r_kYpOvW8.wav,The song is an instrumental. The song is slow tempo with an organist playing a tune on a church organ and sounds of switches being turned on and off. The song is emotional and sounds devotional in nature. The audio quality is poor with ambient room sounds.,False,False
4011,dCCh6POPUeA.wav,This song contains acoustic drums playing together with an e-bass. An accordion is playing the main melody together with a flute playing in a higher register. This song may be playing while waiting in line for a phone call.,False,False
4012,dDKUjMHerLs.wav,"A male Russian singer sings this rap vocals with a female backup singer in vocal harmony. The song is fast tempo with techno drumming rhythm, percussive bass line, keyboard accompaniment and sonic effects. The song is a techno dance hit. The audio quality is poor.",False,False
4014,dHDosntsNho.wav,"A female singer sings in a huge arena live along with crowds singing along with  her in vocals. The song is medium tempo with steady drumming rhyme and giant drum rolls, violin playing solo, a brass band section  and orchestra playing along. The song is energetic, cheerful and highly popular. The audio quality is very poor with heavy ambient crowd noises.",False,False
4017,dKJk3JavNzo.wav,"A male vocalist sings this lively African song. The tempo is fast with synthesiser arrangements, bright drumming and African percussive instruments. This song is a happy, cheerful, colourful, infectious ,captivating Nigerian Music.",False,False
4020,dMfKImuNJjA.wav,"The low quality recording features muffled gunshots over a wide, low synth pad, reversed crash cymbal and haunting male vocals. It sounds suspenseful, intense and dramatic.",False,False
4023,dNQh2iLVAoY.wav,This audio contains someone playing a theremin. Playing around with the pitch. This may be playing in a comedic act.,False,False
4025,dPCj4WhTZ3c.wav,E-guitars are fingerpicking two different melodies in an arpeggio fashion while another distorted e-guitar is playing the main melody along with a -ebass breaking into the next part with the drums playing a loud groove with toms and crash cymbals. Before that part a male voice was talking before breaking into loud screaming in a deeper voice. This song may be playing live at a rock concert.,False,False
4027,dS8AZdmn8Wk.wav,"The low quality recording features a live performance of a classical song and it consists of sustained cello melody played over passionate piano melody, after which there is a plucked cello melody. It sounds emotional and passionate.",False,False
4030,dSyue3RJllA.wav,"This music is instrumental. The tempo is slow with an Oud solo. The music is minimalist, simple, melancholic, nostalgic, emotional, wistful, pensive; poignant and intense. This is Middle Eastern classical music.",False,False
4031,dT7uHHQEYHQ.wav,The low quality recording features a pop song that consists of harmonizing vocals singing over punchy snare and kick hits and shimmering cymbals. It sounds energetic and exciting.,False,False
4035,dUlQepCYXgw.wav,This song features a flute playing the main melody. The flute plays staccato notes and allows only the last note to be sustained. This is accompanied by a cello playing the same melody in the lower register. There are no voices in this song. This song is an instrumental. This folk song features no other instruments. This song can be played in an animation movie featuring fairies.,False,False
4038,dYVy7moyQCc.wav,"This music is instrumental. The tempo is fast with a spirited didgeridoo harmony. The music is droning, rhythmic, deep and rich with the rhythmic tapping /clapping. This is street busking with ambient sounds of people talking, bicycle bells and feet scuffling. The music is droning, hypnotic, meditative, trance and engaging.",False,False
4039,dakJh2CdT9Q.wav,"This is an ominous, haunting, mysterious track which would do well in a horror movie or game. There's a chilling piano motif, some knocking sounds and a low sustained synth that almost sounds like orchestral cello.",False,False
4040,dalyCstquy8.wav,"This pop song features a female voice singing the main melody. Female voices sing backing vocals in between lines at the beginning. After three bars, the female voices sing in harmony with the main voice. This is accompanied by programmed percussion playing a simple beat. The snare is played on the third count of every bar. Synth strings play an epic style melody in the background. The bass plays the root notes of the chords. A piano plays a descending run in the first bar. The mood of this song is romantic. This song can be played in a romantic movie.",False,False
4042,dbBlYyaFKTQ.wav,"The low quality recording features a classical song that consists of a brass solo melody played over sustained brass melody and short flute lick. It sounds emotional, joyful and the recording is noisy.",False,False
4043,dbenNuhAW_I.wav,This is a Vedic music piece. There are female vocals singing in a devotional manner. There is a veena playing a repeated theme for the melody. The rhythmic background is being provided by the tabla. The atmosphere is religious. This piece could be playing in the background at Hindu religious events.,False,False
4044,dbftWJH0OvA.wav,"This music is instrumental. The tempo is slow and steady with a droning monotone , crystal bowl harmony. The sound is sharp, repetitive, incessant, relaxing, trance, therapeutic , hypnotic vibrations used in meditation or sound healing/therapy.",False,False
4049,diSfkEkTVkE.wav,"The song is an instrumental. The tempo is medium with a DJ creating cool rhythmic structures; groovy drum rhythm, percussion hits, grunge tones and staccato notes. The song is exciting and energetic. The song is a techno dance tune.",False,False
4050,dj-DWiV1z9g.wav,This audio contains someone playing a complex groove on tablas along with someone playing a solo on a zitar with the same complex rhythm. This song may be playing in a live concert having a little solo together with instruments.,False,False
4052,dl1ljByerd8.wav,"The low quality recording features a live performance of a traditional song and it consists of flat male vocal and reverberant fruity male vocal singing over smooth bass and strings melody. It sounds very muddy, muffled and there is a harsh microphone feedback sound. The recording is noisy itself.",False,False
4053,dlhlQKTz3Vs.wav,This audio contains a male voice talking when someone starts playing a melody in the lower mid-range on a saxophone. This song may be playing live during a saxophone class.,False,False
4054,doHRurF8bf8.wav,"A male Hindi singer sings this tragic romantic song. The  song is medium tempo with a strong percussion line with tablas and other Indian percussion, strong bass line and a  sitar or guitar playing accompaniment. The song is sad yet romantic. The audio quality is average.",False,False
4058,dqQgzsNpwoQ.wav,"The low quality recording features an orchestra playing classical music and it consists of a mellow brass melody and soft strings melody. There are also some floor crackling sounds, while the recording is noisy itself. It sounds passionate and emotional.",False,False
4060,drJaSu3AWhQ.wav,"The low quality recording features a funky blues acoustic guitar melody. The recording is in mono, a bit noisy, reverberant - as it was probably recorded with a phone and it sounds passionate. There are also some strings creaking sounds, while the player is playing the instrument.",False,False
4061,drqKxGmdf8Y.wav,The low quality recording features a live performance of a folk song and it consists of harmonica solo melody over acoustic rhythm guitar chord progression. It sounds happy and fun. The recording is noisy and a bit reverberant as it was probably recorded with a poor quality microphone.,False,False
4063,dsVzafZik3c.wav,This is an R&B/hip-hop music piece. There is a female vocalist singing melodically. The melody is being played by the keyboard which has a crisp sound. There is a strong bass sound in the background. The rhythm is provided by a loud acoustic drum beat. The atmosphere is hip and urban. This piece could be used in the soundtrack of a drama movie that takes place in the big city.,False,False
4066,duMRKOb4E2w.wav,This audio contains a lot of people playing a complex snare roll groove in synchronicity along with people playing bass drums. The bass drums are overloading the speakers of the recording. This composition may be playing for an army celebration.,False,False
4068,dw4YwJppiec.wav,"This song has a cool vibe to it. The singer has a warm and suave tone to his voice and vocal delivery. This is an alternative rock song, with a slow tempo. It gives off a cool  and aloof vibe. There's reverb and echo on the singer's vocal.",False,False
4073,dzPPmuFUicc.wav,"The low quality recording features a country song that consists of a passionate male vocal singing over arpeggiated acoustic guitar melody, acoustic rhythm guitar chords, mandoline guitar melody and groovy bass. It sounds passionate, joyful and emotional.",False,False
4074,dzW5M4sCphI.wav,"A live recording of a brass ensemble in a chamber style arrangement. Natural reverb from a recital hall is present. The music features counterpoint amongst the different instruments, and the mood is stately and noble.",False,False
4077,e1PG31QlQmc.wav,"The low quality recording features a live performance of a folk song that consists of an echoing passionate male vocal singing over sustained strings melody, acoustic guitar melody and some crowd cheering and whistling sounds in the background. It sounds joyful, passionate and emotional overall.",False,False
4078,e1sWvJsGOAc.wav,"This is an exciting, epic cinematic orchestral piece. This kind of music would be used for a scene involving a chase or something thrilling. There are tubas, trombones, trumpets and french horns playing the same exciting motif.",False,False
4080,e4EwrAN6lvU.wav,"A male singer sings this passionate melody accompanied by crowds who are singing along  and cheering. The song is in medium tempo with a strong drumming rhythm, cymbals crashing, steady bass line and keyboard accompaniment. The song has extremely bad audio quality.",False,False
4082,e4abjaPD9R0.wav,"The Soft Metal song features a flat male vocal, alongside harmonizing male background vocals, singing over energetic cymbals, electric guitar melodies, distorted bass, punchy kick and snare hits and wide manic toms. It sounds aggressive and energetic.",False,False
4084,e5SK6olIYcY.wav,"This is a live recording of a traditional church choir singing Christmas carols. The music, in some ways, feels ethereal and like what is seen in  movies about what heaven would be like.",False,False
4085,e6lTl9JIW5Y.wav,"The low quality recording features a jazz performance that consists of saxophone solo melody played over shimmering cymbals, followed by trombone melody and walking double bass. It sounds warm, but dark, due to the poor quality microphone it was recorded with.",False,False
4089,e9ptOl22Duc.wav,"The low quality recording features a clarinet solo melody and bass clarinet melody playing. It sounds passionate and joyful, while the recording is noisy and in mono.",False,False
4090,eAFKjP7o1as.wav,This is the live performance of a Baroque music performance. There is a male vocalist singing at a very high pitch. The melody is being played by a harpsichord. There is a medieval sound to this piece. It could be used in the soundtrack of historical dramas that take place in Medieval Europe.,False,False
4093,eCyMTN6Hg5k.wav,"This music is an intense electronic instrumental . The tempo is slow with electric guitar,acoustic guitar and synthesiser arrangements. The music is grim, intense, boomy, serious, fervent and passionate.",False,False
4095,eISYX9koocM.wav,"The low quality recording features a live performance of a traditional pop song and it consists of an addictive female vocal singing over punchy kick and snare hits, groovy bass, electric guitar melody, strings melody and wooden percussion. There is a short snare roll, right before the bass drops. It sounds messy, a bit harsh, distorted, but also passionate, addictive and energetic.",False,False
4096,eJFZuX0WHgk.wav,This is a pop rock music piece being performed in the studio. There is a male vocalist singing melodically in the lead. The electric guitar is playing a simple tune with the bass guitar in the background. The acoustic drums are playing an upbeat rhythm with off-beat hi-hat strokes. The atmosphere is energetic. This piece could be used as the opening theme of a Korean teenage drama TV series.,False,False
4101,eRiGPyewJpI.wav,"The low quality recording features a muffled crowd talking in the background while there is a horn melody, alongside horn siren sound playing. It sounds like a traditional thing to do.",False,False
4102,eSIxvnEQ6R0.wav,"The low quality recording features a traditional song that consists of mellow synth pad chords, wide plucked echoing strings, wobbly percussion, wooden percussion and shimmering tambourine. It sounds happy and joyful - like something you would hear at some traditional festivals.",False,False
4104,eSsadT6mh7g.wav,"The low quality recording features some camera shuttering sound effects and a jazz song playing in the background. The song consists of a cool saxophone solo melody over groovy bass, easygoing electric guitar chords in the left channel of the stereo image and energetic drums. It sounds easygoing and energetic at the same time.",False,False
4107,eVjcfdxSFKQ.wav,"This music is an aggressive instrumental. The tempo is fast with hard hitting, vigorous drumming, keyboard harmony and synthesiser arrangements with siren sounds and a menacing, deep growl. The music is angry, aggressive, passionate, extreme,scary, sinister, suspenseful, gothic , hostile, belligerent, violent and combative. This music is Death metal/Death Core.",False,False
4110,eWNERam16Hg.wav,This is an Indian film music piece. It is an instrumental piece. There is a sitar playing the melody. The tabla percussion is keeping the rhythm in the background. The atmosphere is lively. This piece is a good folk dance accompaniment piece.,False,False
4111,eWSA0xubW7I.wav,"This is a Punjabi film music piece. At first, the melody is being played by the accordion. Then, it is being played by the flute. In the background, a bass guitar is playing. The rhythm is provided by the percussion. The atmosphere is vibrant. This piece could be used as an accompaniment piece for a folk dance course.",False,False
4114,eX1Hynef5Rc.wav,"The low quality recording features a hip hop song that contains a phone dialing sound effects, alongside filtered female vocal talking as the user is busy on the phone. In the second half of the loop, there are punchy kicks and snare hits playing. It sounds groovy and energetic overall.",False,False
4119,eZC1AP_JjXM.wav,This is a wedding march that belongs to Scottish folk music. It is an instrumental piece. The tune is being played by the French bagpipes at a medium-to-high pitch. The atmosphere is cheerful. This piece could be playing at a Scottish wedding. It could also be included in the soundtrack of a historical drama movie during wedding scenes.,False,False
4122,eZrrzGgTpfk.wav,This audio seems to contain two songs. In the beginning someone is strumming chords on acoustic drums while a male voice is singing in a high pitch. Then the song switches to a robotic voice sample singing. Then a digital drum comes in with a fat kick and bass sound creating the base together with the vocal sample. In the background you can hear scratching sounds. This song may be playing while working out.,False,False
4125,ecS6SJGkhIw.wav,"The low quality recording features a flat girl vocal talking over a folk song that consists of an arpeggiated guitar melody played over groovy bass, shimmering shakers and ""4 on the floor"" kick pattern. There are some birds chirping sounds in the background. It sounds energetic, fun and happy.",False,False
4126,echeYDYFhlY.wav,"This is a folk rock/alternative music piece. There is a male vocalist singing melodically in the lead. The main tune is played by the acoustic guitar with a rather quiet bass line in the background. There is a timid acoustic drum beat in the rhythmic background. The atmosphere is sentimental and melancholic. This piece could be used in the soundtrack of a drama TV series, especially during a scene where the episode would end with the characters daydreaming.",False,False
4128,eezaOfrLOkM.wav,"The low quality recording features an orchestra live performance and it contains a mellow brass section melody, sustained strings melody, soft piano chords and smooth double bass. It sounds easygoing and happy, like something you would listen to while trying to relax.",False,False
4130,ehJKd9HLA04.wav,"This music is a lively instrumental. The tempo is fast with a spirited violin which is most likely a pochette playing a spirited harmony. The music is upbeat, catchy, happy,cheerful, engaging and energetic. This instrumental is a folk song instrumental.",False,False
4137,en0haa37gnk.wav,"This music is instrumental. The tempo is slow with a droning vibration of a metal bowl called the Tibetan bowl or singing bowl. The music is a single note drone with vibrations and resonance. It is calming, meditative, stress relieving, meditative and soothing.",False,False
4138,en56uOGTwzg.wav,This is a beatbox performance played on a flute. There is a flushing sound effect in the beginning of the recording and then the performance begins. There is an eccentric feel to the piece. The sound effect in the beginning could be used in a soundboard while the flute can be sampled for use in beat-making.,False,False
4139,entThp930cw.wav,This house music features percussion being played to a Latin beat. There are no other instruments in this song. There are no voices in this song. This song can be played in a club.,False,False
4140,erHadqauC8A.wav,"This song is a simple instrumental. The tempo is medium with a lively tempo and melodic violin accompaniment. The tune is simple,refreshing, emphatic and mellifluous.",False,False
4145,ev_YCCuGVSs.wav,"Medium tempo rock drum beat with a half time feel, using only two chords played by acoustic guitar arpeggios, piano chords and a male singer. The mood is sentimental.",False,False
4147,evy2azZk3kE.wav,This audio contains a harp playing a fast melody along with a cuatro strumming chords. An e-bass is playing an almost walking bassline along with a high pitch stick hit playing a rhythm. A male voice is singing loud and in a higher pitch than other male voices are responding singing in harmonie. This song may be playing at a live concert.,False,False
4150,exD5okdopWc.wav,"The low quality recording features a folk song that consists of passionate male vocal singing over shimmering shakers, smooth bass, sustained strings melody and groovy piano melody. It sounds emotional, soulful and passionate - like something you would hear in movies.",False,False
4152,eyY6f4iQDH4.wav,This song features an electric guitar. A male voice is narrating about the major scale. The guitar plays a descending scale pattern from the high note in the scale to the low note. There are no other instruments in this song. There is no vocal melody in this song. This can be played for an instructional video on playing the guitar.,False,False
4154,f1NV9qTjOv8.wav,Someone is playing a fast melody on bagpipes in the lower higher register accompanied by a base drone sound. This song may be playing during a traditional ceremony or event.,False,False
4155,f1UMPPWbCrU.wav,"This is the recording of a radio play. There is a male voice narrating a story. As a transition piece, the bassoon plays a tune implying mystery and the brass section starts playing a little after. There is a theatrical aura to this piece. It could be used in the soundtrack of a movie as background music during scene transitions.",False,False
4158,f4jW2H6V7gk.wav,"A male singer sings this exciting melody with female backup singers in vocal harmony. The song is medium fast tempo with a strong bass line, steady drumming rhythm, keyboard accompaniment and a car horn playing percussively. The song has pretty bad audio quality. The song is a retro hip hop dance tune.",False,False
4162,f7OQTtTdgrA.wav,This song features the sound of a theremin. It starts off with the sound of a heartbeat played on the theremin itself. Then four ascending notes are played. There is a kind of continuous pad sound playing in the background. There are no other instruments in this song. There are no voices in this song.,False,False
4163,f8QGA4vN6HY.wav,"The song is an instrumental. The tempo is fast with a groovy jazz drumming rhythm with good brush works, strong bass line, piano accompaniment and various percussion hits. The song is groovy and energetic. The song is jazz fusion.",False,False
4169,fD1xB9lDbPQ.wav,"This song contains a male acapella group singing and beatboxing creating harmonies, bass and singers in the higher register. This song may be playing live for a talent show.",False,False
4170,fDMbNCdGXBc.wav,"The low quality recording features a country song being played on an acoustic rhythm guitar and raw male vocal singing over it. It sounds passionate and emotional, even though the recording is noisy and in mono.",False,False
4171,fE7tbn6Fnw4.wav,The low quality recording features a classical song that consists of a harpsichord melody played over strings and brass melody. It sounds emotional and passionate.,False,False
4172,fEFeRM5bT8o.wav,"The low quality recording features a Christmas song that consists of harmonizing vocals singing over synth bell melody, flute lick, groovy bass, acoustic rhythm guitar, shimmering bells, shimmering shakers and piano melody. It sounds happy, fun, euphoric, nostalgic and exciting - just like every Christmas song should sound.",False,False
4176,fFYMsrMGQtU.wav,"The clip features calm instrumentation, led by a theremin. The percussion is simple and derivative of hip hop. The tune is a sort of calm, soothing kind.",False,False
4179,fJ6ZeWYfLjA.wav,This comedy song features a male voice singing the main melody followed by another male continuing the melody. This is accompanied by a piano playing staccato chords in a melody similar to the voices. A choir sings vocables in harmony in the background. There are no other instruments in this song. This song can be played in a comedy movie.,False,False
4180,fKni4PUSxu4.wav,This song contains an acoustic piano playing a melody in the mid- to high range along with a simple bassline playing long notes. A saxophone is playing a loud melody in a higher key. In the background you can hear strings and some fast percussive rolls. THe audio contains white noise. This song may be playing on a romantic date.,False,False
4181,fM8elJ4jkic.wav,"The low quality recording features a live performance that consists of bagpipes melodies. It sounds soulful, passionate, cultural and the recording is in mono and noisy.",False,False
4182,fPIG7nrpgec.wav,"The low quality recording features shimmering bells that slowly fade out, leading into a funky electric guitar melody. It sounds cool and upbeat.",False,False
4184,fPYxUa1ZVAY.wav,"This is an instrumental flute music piece. The flute is playing a gentle melody while an acoustic guitar is playing an arpeggio in the background. There is a calming, relaxing atmosphere. This piece would fit perfectly in the background of a meditation video. It could also be used in the soundtrack of a documentary during serene scenery shots.",False,False
4188,fU9woCZqemw.wav,"The low quality recording features a shimmering bell melody, followed by some stuttering swing sound effects. It sounds passionate and addictive.",False,False
4190,fWfQxB2pVrc.wav,This folk song features a harmonica playing the main melody. This is accompanied by an acoustic guitar strumming chords. There are no other instruments in this song. This is an instrumental song. There are no voices in this song. The mood of this song is upbeat and happy. This song can be played in a movie scene involving a highway drive.,False,False
4191,fWu8vVSSkNQ.wav,"The low quality recording features a shofar tone played so loudly that the recording is distorted and harsh, aside from being already noisy itself. It is also in mono, as it was probably recorded with a phone.",False,False
4197,fYvUB-qy4IM.wav,This slow rock song features a male voice singing the main melody. This song starts off with a guitar playing hammer ons over three chords. The main part of the song starts off after this sequence. It starts off with a drum roll and a pentatonic run on the guitar. The voice comes in after the roll and the bass starts playing with the voice. The bass plays the root notes of the chords. The voice sings an emotional line. This song can be played in a movie based on the hippie culture.,False,False
4199,f_NR19LpA_E.wav,"This music is a mellow instrumental. The tempo is slow with a mellifluous flute harmony with trumpet, trombone tuba accompaniment , lively drumming and bass cello. The music is playful, sunny, melodic, animated and pleasant.",False,False
4201,fcpVyvn5vKk.wav,This is a stringed quartet playing a piece that feels positive and happy. The instruments are violin and cello and the style of playing is reminiscent of Indian style violin playing.,False,False
4202,fe10sxFSz_I.wav,This audio contains someone playing a harp picking a tremolo melody. A female opera voice starts singing along in a higher pitch. This is an amateur recording. You can hear recording noises and the whole audio is panned to the left side of the speakers. This song may be playing in a theaterhouse.,False,False
4208,fiAcNMpd2vM.wav,"The low quality recording features a live performance of a folk song that consists of a passionate male vocal singing over groovy bass, woodwind melody, punchy snare and wooden percussion. It sounds joyful, energetic and the recording is noisy.",False,False
4210,fjxD32KIHgE.wav,Solo percussion playing additive rhythms and polyrhythms.,False,False
4213,fmHbWq-7-iQ.wav,"The low quality recording features a soft metal song that consists of muffled male vocals, alongside wide background melodic male vocals, singing over filtered synth pad, uptempo toms rolls, punchy snare and kick hits and shimmering cymbals. It sounds energetic and addictive.",False,False
4215,fp0oCFL6w4o.wav,"This is a live performance of a rock music piece. There are male vocals singing melodically. The electric guitar is playing the main tune. The bass guitar is playing a simple bass line. In the rhythmic background, there is a simple acoustic drum beat. The atmosphere is cheerful. This piece can be used in the soundtrack of a feelgood TV series during the credits.",False,False
4217,fpbtmY9VfCw.wav,This is an electronic house music piece. There is a melodic pad playing a repeated tune for the melody. The strong bass and the loud electronic drums are playing as the essential backbone of the house music genre. There is a male voice sample that repeats the same word. There is a female voice sample that speaks occasionally. The atmosphere is energetic. This piece could be playing at nightclubs or dance clubs.,False,False
4218,fpdgtpBOh-c.wav,This slow pop ballad features two cellos playing in harmony. One cello plays the high notes. The second cello plays the bass notes. This is accompanied by a piano playing chords in the background. The mood of this song is romantic. There are no voices in this song. This song can be played in a romantic movie.,False,False
4219,frqnZb8Ssjo.wav,"This clip features a drum kit being played. Different parts of the drum kit are played. At the beginning, a female narrates the process in one line following which different parts of the kit are struck. This sound can be played in a drum test scenario.",False,False
4221,fsXQHyg5qDI.wav,"This song features a male giving instructions on playing a guitar. A distortion guitar is playing the root note and the fifth. After the instruction, the root note and the fifth is played individually. This song features only the male instruction voice and no vocal melody. There are no other instruments in this song. There is no percussion in this song.",False,False
4223,ftKCLRd9_no.wav,"The low quality recording features a flat male talking singing over ukulele chord progression, after which the flat male vocal is talking. It sounds like a tutorial and the recording is noisy and in mono.",False,False
4225,fvTh5m9RHZw.wav,"This is an instrument comedy music piece. There is a clarinet playing a goofy tune. Then, the clarinet stops and the strings section starts playing a dramatic melody. This piece could be sampled to be used as instrumentals in an advertisement jingle.",False,False
4227,fvpDYGzdRmo.wav,"The song is an instrumental. The tempo is medium with a recorder being played with a lot of heart, accompanied by  string section harmony. The song is emotional and has a lot of spirit. The song is a western classical music masterpiece.",False,False
4229,fw_cFbj9eHQ.wav,This audio contains a lot of people playing a percussive instrument. You can also hear stick hits. It seems like they're all playing the same rhythmic pattern. This song may be playing live in a drumming school.,False,False
4231,fxznho_kNPY.wav,"The song is an instrumental. The song is medium tempo with a violin, viola, cello playing a string harmony accompanied by an acoustic guitar strumming chords. The song is a western classical music piece.",False,False
4232,fyLctn3jNUs.wav,"This audio contains a female voice speaking. Then a loud theremin tone comes in, rising and falling in pitch. This is an amateur recording.",False,False
4234,g-ZOluGhMoA.wav,This is hardcore electronic music piece. The rhythmic background consists of a fast tempo electronic drum beat with a crisp sound. There is an aggressive fuzzy bass. The atmosphere is energetic. This piece could be used in the soundtrack of a mobile car racing game.,False,False
4236,g0AXzsecS5M.wav,The vocalist raps in a way that is more like a spoken story. The song is upbeat and energetic. The genre of music would be suitably described as rave or jungle music. It's an intense feeling song. The drum beat is simple and comes underneath a variety of sound effects like sirens and beeps.,False,False
4238,g0aOPWwNMFQ.wav,This piano song features a piano playing the backing chords. A violin plays the main melody. The melody is romantic but turns eerie at the end. There are no other instruments in this song. A male voice narrates two words toward the end of the song. This song can be played in a promotional video.,False,False
4240,g2H8i_TuhgI.wav,"This is a classical music piece in the style of a military march. There is a wind orchestra playing the melody. In the rhythmic background, marching band elements such as the snare drum, the bass drum, the cymbal and the triangle can be heard. There is an epic atmosphere. This piece would fit perfectly in the soundtrack of a war video game.",False,False
4244,g8XTU3OalGs.wav,This clip features a synth being played. The tone is that of an electric piano. This synth plays the bass notes as well as the treble notes. This song has no other instruments. This is an instrumental song with no voices. This song can be played in an instructional video for synthesizers.,False,False
4245,gAQiARaliPA.wav,This is an upbeat Arabic dance pop song. There's an energetic male singer with a heavily autotuned voice who sings to the beat. The beat features a four on the floor kick drum pattern and hi-hats being played in a pattern of 16th notes. There's a rapid repeated synth melody riff. The song would be heard at a dance club.,False,False
4248,gCSShNsw-_A.wav,"The song is an instrumental. The tempo is medium fast with strong metal drumming, groovy bass line, distorted guitar playing rhythm and cymbals crashing. The song is high on adrenaline and exciting. The audio quality is poor.",False,False
4253,gEYTdeQiFv8.wav,This is an Omani traditional music piece performed live on the street. The melody is being performed by the bagpipes. The atmosphere is vibrant and lively. This piece could be used in the soundtrack of a historical drama that takes place in the Gulf region during British imperial rule.,False,False
4257,gI-ovjTWBzo.wav,This song contains a male voice loudly singing in a higher key. A flutelike instrument is playing a melody out of tune accompanied by an accordion sound. This is an amateur recording.,False,False
4258,gIFg6jvXgb4.wav,"This clip features a low and reverberating synth, and then a bright and futuristic and spacey synth. The low synth sounds like a landing space ship.",False,False
4259,gIQ4QrKXjCc.wav,This is an instrumental progressive/math rock piece. The electric guitar is playing a complex solo with rapid procession of notes using the tapping technique. There is a reverberating piano sample in the background. The atmosphere is trippy. This piece can be used in the soundtrack of a video game that takes place in outer space.,False,False
4260,gMgN50wSnNc.wav,"This salsa song features a female voice singing the main melody. This is accompanied by percussion on a drum kit as well as on a congo. The congo gives this song the salsa feel. The drum kit plays the cowbell and high pitched snare drum to add more of the salsa vibe. The bass plays groovy fills. Trumpets, trombones and saxophones play fills in between lines. They play in harmony. A piano plays jazzy chords in the background. This song can be played in a dance club for a salsa night.",False,False
4262,gNpzuFPu6q8.wav,"The low quality recording features a passionate female vocalist singing over wooden percussion, synth lead melody and plucked strings melody playing in the background. It sounds passionate, emotional, joyful and traditional.",False,False
4263,gOhONZR_F7c.wav,A string digital drum is playing a simple groove along with a shaker sound. A piano is playing a neo-soul melody while a high pitched vocal sample is panning to both sides of the speakers. It almost sounds like a plucked strings instrument. On top of that a male voice is singing in a higher pitch. This song may be playing being on a date with someone you started going out with.,False,False
4264,gRGiTueWUVI.wav,"This song is a salsa song, with various layers of upbeat percussion which are suitable for dancing. There are bongo drums and maracas, played at a medium to high tempo. The vocalist has a dainty voice and sings in almost a high pitched voice in almost a whisper. There are brass instruments, especially trumpet and the song would be suitable for a salsa party.",False,False
4267,gTX4SG70cEY.wav,"A male vocalist sings this sad melody. The tempo is  slow with an acoustic guitar accompaniment and a droning keyboard harmony. The song is soft ,mellow, sad, emotional, sentimental, regretful , lonely and poignant. This song is an Alternative Rock/Indie.",False,False
4268,gVMoI2ukbtc.wav,This is an R&B/pop music piece. There is a female vocalist singing melodically in the lead. The melody is being played on the electric guitar. The bass guitar is playing in the background. The rhythmic background consists of an electronic drum beat. The atmosphere is easygoing and generic. This piece could work well as an advertisement jingle.,False,False
4269,gW33LYEvoaw.wav,solo harmonic playing a single high note and bending it down a half step. This is followed by a male voice over.,False,False
4271,gX9OuOKLLTQ.wav,This music is an instrumental tutorial. A male musician is keeping count in French to the drone-like tune of a French Horn. The audio is not clear and has a lot of static.,False,False
4275,gb8PG-5i5YI.wav,"The song is an instrumental. The tempo is medium with a brass including trumpets and saxophones playing in harmony, wooden xylophones and Latin percussions play accompaniment to the band along with a male singer. The song is exciting and groovy. The audio quality is poor and probably a home recording.",False,False
4276,gcdqffsCWI8.wav,This is an instrumental latin music piece. There is a keyboard playing a few notes. The acoustic drums start playing initially by hitting a small cymbal repeatedly and then performing drum rolls on the snare drum. The drum rolls sound very much alike to the style of a marching band. Parts of this recording can be sampled for use in beat-making.,False,False
4277,gfIqYbQQq10.wav,This audio contains digital drums with an open hi hat. A distorted e-guitar and an e-bass are both playing the same melody in the lower register. A synth pluck is playing a simple repeating rhythmic melody on top. You can hear the sound of glass breaking. This song may be playing at a live festival.,False,False
4278,gffng5G4X4w.wav,"The low quality recording features an arpeggiated electric guitar melody. It sounds passionate, fun, happy and joyful. The recording is noisy and in mono.",False,False
4280,ghW2xZMvpIQ.wav,"A female vocalist sings this soft melody. The tempo is slow with violin harmony, keyboard accompaniment, saxophone, digital drum, tabla and tambourine beats. The song is mellow, soft, melodic, soothing, calming , devotional and euphonious. This song is a Tamil Christian Song.",False,False
4284,gjujPd1lP8E.wav,A digital kick in playing on every beat along with short voice samples with breathy sounds that sound seductive. Then the song changes into someone fingerpicking an acoustic guitar along to someone playing an acoustic snare/hihat with brushes. This first song may be playing in a club and the second one at a live concert.,False,False
4285,gkB4KBHBV9g.wav,"A male vocalist sings a soft melody in a foreign language. The tempo is slow with a piano harmony . The vocals are soft and subdued with ambient background sounds. The song is simple, mellow , melancholic and soft. This song is soft pop.",False,False
4286,gkMbHlNAFig.wav,This is a cover of a pop music piece. There is a male vocalist singing melodically. The melody is being played by the acoustic guitar and the electric guitar while the bass guitar is playing in the background. The rhythm is provided by a slow tempo acoustic drum beat. There is a mellow atmosphere in this piece. It could be used in the soundtrack of a drama TV series.,False,False
4287,gp1DYuoQH08.wav,This is a live performance of a jazz ballad music piece. The accordion is playing a solo as the main melody. There is an acoustic guitar playing the chords of the piece. The bass line is being played by the upright bass. The atmosphere is gentle. This piece is the perfect music to be played in the background at a coffee shop.,False,False
4289,gpEU6RafUf0.wav,"The song track is an instrumental. The tempo is medium, with a guitarist demonstrating a guitar effects reverb pedal by playing related instrumental phrases. The song is trippy and exciting. The audio quality is poor as it’s an amateur home recording .",False,False
4290,gpNzFsxwy5k.wav,"The low quality recording features a Chiptune music that consists of a high pitched vocal singing over groovy synth keys, synth lead melody, laser synth effects, punchy kick, claps, shimmering hi hats and groovy synth bass. It sounds energetic, fun, happy and joyful - like something kids would listen to.",False,False
4292,gqkqzqCHM3A.wav,This meditation song features a melody played on a flute. The tone of the flute is tremulous. This is accompanied by a Veena playing a repetitive melody. There are no other instruments in this song. There are no voices in this song. The mood of this song is relaxing and calming. This song can be played in a meditation center.,False,False
4293,grE0lwTsSPg.wav,"This is an upbeat, soulful and funky song. It's got a catchy and fast paced rhythm which makes it good to dance to. The singer has a raspy and energetic voice.",False,False
4294,grisjVTZeTk.wav,"This music is an electronic instrumental. The tempo is fast with synthesiser articulation, electronically arranged music and digital drumming . The music is a vigorous, vivacious, energetic, hypnotic, psychedelic, new age, trance like and trippy. This is used in EDM/ Techno Pop.",False,False
4296,gsEk62Efbh4.wav,"This salsa song contains percussive elements as maracas,cowbell and bongos creating a typical salsa rhythm spread across both sides of the speakers. An e-bass is playing a complex walking bassline. An acoustic piano is playing a melody up and down the scales along with backing vocals singing in harmony as a countermelody to the male lead voice singing in the midrange. This song may be playing in a latin bar.",False,False
4297,gsIB8HjsRtw.wav,"The low quality recording features a live performance of a folk song that contains an accordion melody playing over acoustic rhythm guitar, groovy bass, punchy kick and snare hits, shimmering cymbals, saxophone and trumpet melody. It sounds passionate and easygoing, even though the recording is noisy and the stereo image is unbalanced, due to the fact that the sound is leaning towards the left channel.",False,False
4300,gwBfZJ5IGOA.wav,The Low Quality Recording features a widely spread simple strings melody. The recording is a bit noisy.,False,False
4301,gxAyZk01T3k.wav,This song contains someone playing a melody on a flute panning to the right side of the speakers. A lower synth drone pad is underlining the flute along with more synth pad sounds and wind. Then a soft riser comes in and a digital drum starts playing along to a synth bass sound. This song may be playing in an indie movie.,False,False
4305,h-3DrDQC62k.wav,"This clip features a drum solo being played on a rock drum kit. The snare, kick, toms, hi-hat and splash are being struck. A pattern is played on this percussion. There are no other instruments in this song. There are no voices in this song. This song can be played in a drum instruction video.",False,False
4309,h6Y0KDtUNHw.wav,"This music is instrumental. The tempo is medium with an intense didgeridoo harmony, violin melody and keyboard accompaniment. The music is eerie,suspenseful; grim, sinister, scary and spooky. It is the sound track of a movie.",False,False
4311,h7ty6D1LunA.wav,"The low quality recording features house music generated from a digital drum machine. It consists of boomy synth bass played over shimmering hi hats, snappy snare and punchy kick. It sounds groovy and a bit dull.",False,False
4313,h9zF09TMgLU.wav,This song contains a drumbeat with a funky bassline. A male voice is singing in a higher range. in the background you can hear different voice samples and scratching. This song may be playing while cruising down the street in your car.,False,False
4315,hBT0bbJl1dU.wav,"The low quality recording features a groovy piano melody, mellow cello melody and brass melody. It sounds emotional and passionate, while the recording is noisy.",False,False
4316,hCELSy7hVKE.wav,"The low quality recording features an arpeggiated theremin melody being played. The recording is noisy, in mono and it sounds weird and gives off some spacey vibes.",False,False
4317,hCIB1E60Nbw.wav,"The Electro song features a punchy ""4 on the floor"" kick pattern, shimmering open hats, tinny wide minimal percussions, low groovy bass, simple electric guitar melody and reverberant snappy rimshots. It sounds dark, energetic, suspenseful and exciting.",False,False
4323,hHS5C0RKa8A.wav,"The R&B song features a melancholic female vocal singing over mellow piano melody, electric guitar chords, synth lead melody, groovy bass, organ keys chords, shimmering hi hats, punchy snare and soft kick hits. It sounds emotional, passionate and heartfelt.",False,False
4325,hHqrcLiKJRg.wav,"This is the live performance of a bluegrass gospel music piece. There are male vocals synchronously harmony singing which is called a ""stack"" in bluegrass music. The melody is being played by the fiddle, the banjo, the acoustic guitar and the mandolin. There is a cozy atmosphere in this piece. It could be playing in the background of an American roadside diner. This piece could also be played at a Christian religious event.",False,False
4326,hIEj8msjg8E.wav,"This music is instrumental. The tempo is fast with a hypnotic harmony of the didgeridoo. The music is unique, catchy,engaging, mesmerising and hypnotic because of the continuous droning. This music is a Didgeridoo instrumental.",False,False
4330,hM88FG1_D5Q.wav,"The low quality recording features harmonizing male vocals singing over a song played on playback, followed by a flat male vocal talking. At the end of the recording, there is a male laughter. It sounds fun and the recording is noisy.",False,False
4331,hNKTrKk4hZs.wav,"This music is a grim instrumental. The tempo is slow with a   Violin symphony. The deep bass of the cello to the accompaniment of a steady, droning violin melody and the sound of a ringing bell give it a very intense and serious vibe. The music is enthralling, powerful,impactful, intense, sinister, scary and anticipatory. This is an orchestral harmony.",False,False
4332,hOSzGYKaJGE.wav,"The low quality recording features a rock song that consists of an electric guitar melody, smooth bass, shimmering shakers, snappy rimshots and soft male vocals singing over it. The recording is really noisy and in mono. It sounds cool, groovy and easygoing.",False,False
4335,hRQJgZVxRX0.wav,This is the recording of a gear showcase. There is a male voice advertising an effect amp. The distorted electric guitar is playing a crunchy-sounding riff with the added effect of the chorus amp. The atmosphere is hard-hitting. Some parts of this recording could be used in heavy guitar samples for beat-making. Such parts could also work in sections of an advertisement jingle.,False,False
4344,hVVrl9FkKnY.wav,"This is an instrumental rock music piece recording in the style of blues. There is an electric guitar playing a solo using the shredding technique. The backing track consists of a piano, a bass guitar and acoustic drums. There is a groovy feel to it. Parts of this recording could be sampled for use in beat-making.",False,False
4345,hVikKRODjbI.wav,"This music is an animated instrumental. The tempo is fast with a playful trumpet harmony, trombone, synthesised sounds and sounds of glass shattering,punching and grunting. This music is a background score for an animated movie for kids.",False,False
4346,hWiAoE4u4y8.wav,This is an alternative metal music piece. There is a male vocal singing loudly initially with a cleaner character and then with a heavy vocal fry. The distorted electric guitar is playing a heavy riff with the bass guitar in the background. The rhythmic background consists of an aggressive acoustic drum metal beat. The atmosphere is rebellious and violent. This piece can be used in the soundtrack of an action video game or a thriller movie during scenes of a face-off or a combat.,False,False
4347,hXLo1l5gS-I.wav,This is an instrumental harp cover of a heavy metal music piece. The atmosphere of the recording is lively. This piece could be used in the soundtrack of an arcade video game. It could also be sampled for use in beat-making.,False,False
4348,hYlSisv-VRU.wav,"A male vocalist sings this powerful pop. The tempo is medium fast with an emphatic and  groovy bass line, lively trumpet harmony, piano accompaniment, electric guitar rhythm, tambourine beats and infectious drums. The song is lively,spirited, engaging, vivacious,passionate, compelling and ambient with powerful vocals . This Song is an R&B/Funk.",False,False
4349,hYy0na5oUzE.wav,"This is a latin pop music piece with a salsa beat. There is a male vocalist singing melodically in the lead. The melody is being played by an orchestra composed of the trumpet, the piano and the bass guitar. The rhythmic background is provided by a mild acoustic drum beat with heavy use of latin percussive elements. The piece has a sensual atmosphere. This music could go well in a Latin American soap opera soundtrack where there is a hopeless situation for one of the characters.",False,False
4350,hZfCziBaGTI.wav,This music features a ukulele being played. Only one string is played for tuning. This clip can be used to tune the G string of the ukulele. There are no voices in this clip. There are no other instruments in this clip.,False,False
4351,hbCaMcbT8to.wav,This is an acoustic cover of a rock music piece. There is an acoustic guitar playing a gentle melody. The piece has a slow tempo. The atmosphere is sentimental. This piece can be included in the soundtrack of a romantic movie.,False,False
4352,hbqdthlv6CU.wav,"This is a live recording of an italian song that is primarily played on the accordions. We have a male vocalist with a mature voice, who sings in a tone that feels a little bit sombre. The music itself has a romantic feeling to it.",False,False
4356,hgJK2ZDgWtU.wav,This is the recording of a DJ performance. The DJ is performing on a turntable using the scratching technique. The beat in the background has a repeating male vocal sample and a groovy bass sound. The rhythmic background consists of an electronic drum beat. The atmosphere is urban. This piece could be used in the soundtrack of a teenage drama TV series that takes place in the ghettos of a big city.,False,False
4358,hhU78ykPr5w.wav,"The low quality recording features a house music that consists an echoing female scream and reverberant flat male vocal over repetitive percussive synth melody, wooden percussions, groovy bass, shimmering hi hats, reversed snare hits and punchy ""4 on the floor"" kick pattern. It sounds hypnotic, energetic and exciting.",False,False
4359,hhVFK9tYu84.wav,"This is a live blues-rock performance. The saxophone is playing a solo section, and the electric guitar repeats an arpeggio. This song  would be suitable in a blues bar.",False,False
4360,hheF-AgCqIg.wav,Someone is strumming a melody on the mandolin. The audio-quality is very poor and you can hear a high frequency ringing in the recording. This song may be playing while practicing at home.,False,False
4361,hhohfEC82JI.wav,"A male singer sings this animated melody . The song is medium tempo with a groovy bass , keyboard accompaniment and steady drumming rhythm. The song is cheerful and animated and designed as educational material for little children.",False,False
4363,hjrl1KHEuqE.wav,This song contains digital drums playing a groove together with an e-bass. Different fast paced synth sounds are playing a rhythmic melody along to the drums. Violas are playing a countermelody to the male voices singing a melody creating a harmony. This song may be playing in a movie scene where someone is driving with a partner on a motorbike.,False,False
4364,hk-1KRWTM-4.wav,"Here we have a live recording of a performance by a female singer/songwriter. She plays simple chords with a simple rhythm on the guitar, while she sings with a vibrant and youthful voice. The song is a pop song.",False,False
4365,hkWOAj09_dY.wav,This audio contains a string section playing a romantic ballad. Violin and viola are playing the lead melody while celli are playing a rhythmic melody in the background. This song may be playing live for a wedding.,False,False
4367,hlHb9HwNxk8.wav,"The low quality recording features a live performance of an opera that consists of a passionate female vocal singing over strings melody, brass melody and mellow percussion. It sounds emotional and passionate.",False,False
4370,hm0SeoNSGkc.wav,"The low quality recording features a live performance of an arpeggiated acoustic guitar melody and plucked harp melody. It sounds mellow, soft, easygoing and the recording is really noisy and in mono.",False,False
4372,hnlVKC7rxdg.wav,This symphonic song features french horns playing in harmony. The notes played are descending and they finally fade away. There are no other instruments in this song. There are no voices in this song. This song can be played in a dream sequence in a movie.,False,False
4375,hqCJarP-nVI.wav,"This music is instrumental. The tempo is medium with a beautiful Harpsichord rendition. The music is a famous Western Classical composition by an Italian composer. The  music is engaging, enthralling, rich, deep, passionate baroque music.",False,False
4377,hrCf8rMBtA8.wav,"The low quality recording features a pop song that consists of a passionate male vocal, alongside harmonizing vocals, singing over wide claps, layered with shimmering tambourine, groovy bass and straight piano melody. It sounds emotional and passionate.",False,False
4379,hu5pjj1KzK8.wav,"The low quality recording features an echoing theremin melody, slowly fading out, over growly synth bass. It sounds suspenseful and haunting - like something you would hear in horror movies.",False,False
4381,hvmCuosF0Xo.wav,"This track is characterised by a leading melody that is played on an instrument which sounds like it would be suitable in a video game like Super Mario Brothers. Behind this instrument, there is a grungy, fuzzy and dirty electric guitar being played. The drummer plays a simple beat to allow the melody to shine. The song has an energizing feel to it.",False,False
4382,hwSOjoHFLn4.wav,This is a post-grunge/pop punk music piece. There is a male vocalist singing melodically in the lead. The main melody is being played by the electric guitar in the major key with the bass guitar backing it. The rhythmic background consists of an acoustic drum beat. The atmosphere is energetic and cheerful. This piece could be used in the soundtrack of a comedy TV series as the opening theme.,False,False
4383,hwe6y-jSqdQ.wav,"The low quality recording features a compilation of rock songs in-between which there is a flat male vocal talking. At the very beginning there is a short snippet of a groovy piano melody and fruity male vocal singing over it. After that, there is an even shorter snippet of a song that consists of acoustic rhythm guitar and a male vocalist singing over it. And at the end of the loop, there is a fade in into a flat male vocal singing with background vocals over punchy kick, punchy snare, shimmering cymbals, distorted bass guitar and electric guitar melody. Overall it sounds weird and chaotic, due to the arrangement of the sounds, but it is also energetic.",False,False
4386,hzznbzry5R8.wav,"The song is an instrumental. The song is medium tempo, with an acoustic guitar playing blues, strong drumming rhythm, walking bass line and keyboard harmony. The song is exciting and has a dance rhythm. The audio quality is poor.",False,False
4389,i6dFcfV64RE.wav,"The low quality recording features a live performance of a classical cover of a rock song that consists of a cello strings melody playing.The recording is noisy, slightly distorted and in mono.",False,False
4391,i70a79YhlMk.wav,"This is the live performance of a Mexican folk music piece. In the beginning, there is a female voice giving an introductory speech in the Spanish language. Then, the arpa jarocha (which is a Mexican harp) and the ukulele start playing a lively and relaxed tune. The atmosphere is vibrant. This piece could be used in the soundtrack of a Mexican soap opera during scenes of calmer temperament.",False,False
4392,i8PFu7AiwaE.wav,The low quality recording features a 6/8 conga percussion rhythm. The recording is noisy and in mono.,False,False
4396,iBh37YAaHMU.wav,This audio contains a complex and funky acoustic drum groove along with a repeating bassline. The clean e-guitar is playing along with the bass in the lower register. A tambourine adds flavor to the drums. This song may be playing at a breakdance battle.,False,False
4402,iEcWlreXhGc.wav,"This is the type of horn that would be heard in a distant battlecry. The clip features just this war horn sitting on top of a deep, low ringing and sustained bass. There is  reverb applied to the sound of the horn.",False,False
4404,iFWtsT5zRKo.wav,"The low quality recording features a rock song that consists of harmonizing male vocals singing over groovy piano melody, groovy bass guitar, electric guitar melody, punchy snare, soft kick hits and shimmering hi-hats. There is a short snare roll that serves as a transition into a new section. It sounds groovy and addictive.",False,False
4405,iHXUaVWi7kE.wav,This audio contains a very high pitched sound played with a synthesizer. Then another synthesizer sound that sounds a little bit like cleaning a window. This song may be playing at home experimenting sounds with a synthesizer.,False,False
4407,iLIBaMceZQc.wav,This is a classical music piece that is being performed live by a philharmonic orchestra. There is a wide array of instruments in the brass and the strings sections playing an epic tune. There is a grandiose atmosphere to this piece. It could be used in the soundtrack of an adventure movie where the protagonist begins his odyssey and explores wonderful scenes.,False,False
4408,iMTHDuW_xKc.wav,"The low quality recording features an indie song that consists of a mellow piano melody, punchy kick and snare hits, wide toms and shimmering hi-hats. As the kick is leaning to the left and the snare to the right - it makes the stereo image unbalanced. Overall it sounds groovy, suspenseful and reverberant.",False,False
4412,iQAXwX28LLw.wav,This is the intro part of a hip-hop beat. There is a rising pattern coming from a synth bass that has its low-pass filter getting dragged to higher frequencies. There is a hype feel to it. This part of the beat can be sampled and looped to be used in the soundtrack of a video game when the main character is simply walking around or exploring the area.,False,False
4415,iS-iTbHndw8.wav,A female singer sings this passionate melody with backup singers in vocal harmony. The tempo is medium and gradually slows down towards the end. The drumming rhythm is steady and retards to the end with a percussive bass line and keyboard accompaniment. The song is a retro disco or R&B love song. The song has poor audio quality.,False,False
4417,iSETDHfErjU.wav,This song contains digital drums playing along with a funky synth bassline. Other synth sounds are playing pads and a lead melody. This song sounds like it was made for dancing. This song may be playing in a club.,False,False
4419,iTV3Otwq_dI.wav,Someone is scratching along to a hip hop style backing song containing digital drums and a synth arpeggio sound playing in the midrange. Two male voices are speaking. This song may be playing while practicing scratching.,False,False
4422,iUxy2s5d60o.wav,A saxophonist plays a phrase on the alto sax and explains the movement. The song is medium tempo with no other instrumentation. The audio quality is poor and serves as an online music tutorial.,False,False
4425,iX_a2Ct0ya8.wav,This is an acapella performance with a beautiful male pop vocal that has a combination of airy and raspy qualities. The song would fit in the pop genre. The clip features non-verbal ad libs such as grunts and other vocal exclamations.,False,False
4426,iYWvaxU5OXk.wav,This clip features a cello playing the melody. The sound of this cello ranges from mid range to bass pitch. There are no other instruments. There are no voices in this clip. This is an instrumental song. This song can be played in a detective theme movie.,False,False
4431,ia6-da2KdI0.wav,"The low quality recording features an electro song playing in the background, while there is a muffled male vocal being interviewed. It sounds muffled and loud. The recording is noisy and in mono.",False,False
4433,iaRDUksPv50.wav,This music is an electronic instrumental. The tempo is medium with an intense electronic boom and sound of something collapsing or tumbling. The clip starts with the angry voice of a child talking in a foreign language.,False,False
4434,iaonijK95qA.wav,The song is an instrumental. The tempo is slow with  a synth trumpet playing a lilting melody with supporting keyboard synth accompaniment and no percussion. The song is emotional and powerful. The song is a movie soundtrack.,False,False
4435,ib8pMT_ug7o.wav,"The low quality recording features an electric guitar melody. It sounds mellow, chill and easygoing.",False,False
4439,ieEPKa3HiGo.wav,"The low quality recording features a tutorial where a flat male vocalist is talking, after which he plays an arpeggiated acoustic guitar melody. The recording is extremely noisy.",False,False
4440,iePMcLYozYY.wav,"The low quality recording features a buzzy bass guitar playing. It sounds passionate, even though the recording is very noisy.",False,False
4441,ihCl2ImrOYE.wav,"This music is instrumental. The tempo is slow with the resounding vibrations of the cello , flute or recorder melody with a female voice talking about Spinal treatment . The music is soft, soothing, meditative,hypnotic, calming, droning, recurring and insistent. This clip is a documentary or tutorial on spinal treatment superimposed on the instrumental.",False,False
4442,ihJT65fZaHY.wav,"This is a gear review jam video. There is a male voice describing the tone that he achieves from using an amp with the electric guitar. The said amp applies an echo effect to the electric guitar, making it sound more dreamy. The performer is playing a simple tune. This piece could be sampled for use in an advertisement jingle or in beat-making.",False,False
4443,ik-fXNjxw58.wav,"The low quality recording features a reverberant snare roll, followed by wide low toms hits. At the very end of the loop, there is a short snippet of breathy flute melody. It sounds intense and suspenseful.",False,False
4444,ikEuQPSBY-0.wav,This song contains a piano playing a minor chord progression. In the background you can hear a synth lead pad playing kind of an easy arpeggio melody. Panned to the right side of the speakers you can hear strings playing a melody in the midrange. A male voice is singing in the midrange breaking his voice into headvoice. This song may be playing on loud speakers when alone at home.,False,False
4446,imIFtW4O5S0.wav,This song contains someone playing a blues melody on the acoustic piano along with an e-guitar and an e-bass. The acoustic drums are playing a constant rhythm while male deep voice is backed by higher sounding male voices singing harmonies along with him. Then a male voice starts talking that seems not to be part of the musical composition. This song may be playing in a cafe.,False,False
4449,itT0_RhSipQ.wav,"The soundtrack is mysterious and builds anticipation. The tempo is medium with male actors vocalising a monologue, along with a terse string section harmony. The soundtrack builds anticipation and fear. The audio quality is bad.",False,False
4451,ivymRS3iEZk.wav,"The low quality recording features a sustained didgeridoo melody being played. It sounds low, suspenseful and the recording is noisy and in mono.",False,False
4452,izVCz3P43p8.wav,The low quality recording features a passionate electric guitar solo melody being played. It is a bit reverberant too.,False,False
4453,j-93krRXAaY.wav,This instrumental music is relaxing. It features a slow melody played on a harp. A flute continues to play a melody with the harp playing in the background. A male voice talks in the end in a narrative tone. This music can be played in a dream sequence in a movie.,False,False
4454,j-TVVmVmygg.wav,"The low quality recording features an arpeggiated acoustic guitar melody and some cars passing by sounds in the background. It sounds heartfelt, emotional and sad. The recording is noisy.",False,False
4456,j0UMI2DrnMA.wav,This song contains an upright bass playing a simple bassline along with an acoustic guitar strumming chords and a mandolin playing a fast paced melody. A violin is ending the phrase in the mid range. Then male and female voices are singing with the female voice being the lead voice. In the background you can hear the crowd laughing. This song may be playing as a local concert.,False,False
4460,j4A1ObGurUk.wav,This clip is an amateur attempt at beatboxing. The tempo is medium and the beat is Catchy but it is a failed attempt at imitating digital drums. There is a female voice speaking in foreign language.,False,False
4461,j5R0hwX27Gk.wav,"The low quality recording features a breathy flute melody, violin melody and arpeggiated harp melody. It sounds joyful, emotional and passionate. The recording is a bit noisy.",False,False
4462,j6O_U9EseKQ.wav,"The low quality recording features aggressive metallic and wooden percussion played chaotically. The recording is noisy, loud and in mono, as it was probably recorded with a phone.",False,False
4463,j7AxC1RpjcE.wav,The low quality recording features a tinny mellow rubber impact over a muffled song played on playback in the background. It sounds messy and the recording is very noisy and in mono.,False,False
4464,j8FYy5YfK7k.wav,This is a soul/R&B music piece. There is a trio of two male vocalists and a female vocalist singing melodically. The keyboard is holding the chords in the background while the electric guitar and the bass guitar are playing a groovy tune. The rhythmic background contains an electronic drum beat. The atmosphere is urban. The piece could be played during a retro-themed party at a nightclub.,False,False
4465,j8z9a9A8LV4.wav,"A male voice speaks in a menacing voice over a pop song in the background. The song is fast tempo with synthesiser articulation , digital arrangements and electronic sounds with subtle male vocals. The music is upbeat, energetic, enthusiastic, youthful, chilling, vibrating, exciting and pulsating. This song is a hit by Dance Pop.",False,False
4466,j9UZv0GOJ_I.wav,This is a traditional Korean song featuring a motif played on a stringed instrument known as a gayageum. The percussion is simple and traditional.,False,False
4467,jBmP7xTI_TA.wav,This audio contains someone playing a modern piece of music on an acoustic piano. This song may be playing live in a bar with a piano.,False,False
4468,jD0nqkyuHPg.wav,"The low quality recording features a hip hop song that consists of a mellow arpeggiated piano melody played over sustained strings melody, chime bell and filtered male vocal in the first half of the loop. In the second half the beat drops and it consists of a punchy kick and snare hits, shimmering hi hats and passionate female vocals singing over. It sounds passionate, groovy and emotional.",False,False
4470,jHEBYrI8zHE.wav,This is a Greek folk music piece. There is a male vocalist singing melodically and with a lot of articulation. The clarinet is playing the main theme while there is an electric guitar playing a backing tune. The rhythmic background consists of a percussion line that sounds very much like the toubeleki. There is a vibrant atmosphere. This piece could be playing in the background at a Greek cuisine restaurant or a Greek tavern.,False,False
4471,jIoDR_eskaU.wav,This low quality audio features a male voice singing the main melody. This is accompanied by percussion playing a simple but fast paced beat. Trumpets are featured in this song playing fills at high pitch. This song can be played in an aerobics workout session where fast movements are required.,False,False
4472,jKWl63gozLE.wav,A female vocalist sings this pop song in a foreign language. The tempo is medium with karaoke music and vocal backup. The audio quality is inferior and the music is incoherent except for a violin harmony and piano accompaniment. This song is an amateur home video.,False,False
4474,jOkHEMsCCFc.wav,Someone is playing a shofar in a very high pitch using rhythmic techniques. There is some reverb of the room in the recording. This song may be playing while enjoying your instrument at home.,False,False
4476,jPBg5cR8XeA.wav,"This music is instrumental. The tempo is fast with a loud, lively keyboard , hard hitting drums and electric guitar melody. The audio is muffled so it is hard to hear the other instruments. This performance is live with ambient sounds of audience cheering, clapping and singing along. This music is a Christmas Carol instrumental.",False,False
4477,jPOWgfA0zAo.wav,"The low quality recording features a passionate male vocal, alongside passionate female vocal in the left channel of the stereo image, singing over shimmering hi hats, which are also in the left channel, widely spread funky electric guitar chords, synth keys melody in the right channel, groovy bass, wooden percussions and mellow rimshots. It sounds happy, joyful, easygoing and chill.",False,False
4479,jQYSfy4DzIc.wav,"A male singer sings this hip hop dance song. The tempo is medium tempo with a groovy bass line, keyboard harmony and  reggae inspired drumming rhythm. The song is story telling and romantic in nature.",False,False
4480,jR_wBfxgZwE.wav,"The low quality recording features laughing male sounds over sloppy drums that contain energetic crash cymbal hits and toms percussion. It sounds exciting, even though the recording is noisy and in mono, as it was probably recorded with a phone.",False,False
4483,jV8kq0MpWMU.wav,This is an ASMR clip which features a sound that is crackly and fuzzy. We also hear the ambient tone of a room - possibly an air conditioner in the background.,False,False
4485,jWTm17KZGI8.wav,"The low quality recording features a traditional song that consists of passionate male vocals singing over wooden percussion, claps, repetitive plucked strings melody and accordion melody. The percussion and plucked strings are in the left channel, while the other elements are in the right channel of the stereo image. It sounds passionate and soulful.",False,False
4486,jXi1dFAB0n8.wav,This is an electronic dance music piece. It is an instrumental piece. There is an ambient synth holding a note in the background while a melodic pad is playing the main tune. The rhythmic background consists of a medium tempo electronic drum beat. The atmosphere is danceable and trippy. This piece could be playing in the background at a nightclub or a dance club. It could also work well in the soundtrack of a sci-fi video game with a dystopian future setting.,False,False
4487,jZi0VVWt72E.wav,The low quality recording features a tutorial where a flat male vocal is talking in between harmonica tones. The recording is mono and noisy.,False,False
4489,jaJdPUAv6N0.wav,The low quality recording features a tutorial where a flat male vocalist is talking in-between punchy electro kick and synth hi hat. The recording is noisy and in mono.,False,False
4491,jbyVJdDlo2Q.wav,"The low quality recording features a didgeridoo melody played outside, along with some birds chirping and crickets sounds. The recording is noisy and in mono.",False,False
4492,jcZQhxb5lyw.wav,"The low quality recording features a harmonizing female vocals singing. It sounds passionate, emotional and the recording is noisy and in mono.",False,False
4494,jdEbwMS9xqo.wav,"The low quality recording features a live performance of a metal song that features a flat male vocal talking, repetitive cowbell percussion and manic drums. The recording is loud, messy, distorted, muffled and it sounds aggressive and uptempo.",False,False
4495,je1amtXOKF4.wav,"The low quality recording features a sustained strings melody over which there is a mellow arpeggiated harp melody being played. It sounds spooky, haunting and emotional - like something you would hear in thriller mystery movies.",False,False
4497,jfxTOlXF3Kk.wav,This audio contains a violent and tense cinematic composition. Evolving synth pads are played in a higher key with an aggressive overdrive bass sound with reverb. Then you can hear a machine gun shooting. This song may be playing for an action video-game.,False,False
4501,ji5wvUUQjHY.wav,This is a classical music piece from the romantic era. The piece is being performed by the double bass. There is a melancholic atmosphere to the piece. The overall feel is dark and dramatic. This piece could be used in the soundtrack of an art movie.,False,False
4502,jjNxc9Zf9s8.wav,"This music is instrumental. The tempo is slow with an electric guitar harmony. It is mellow, sad, sentimental,sombre, poignant and emotional. This music is a movie theme melody.",False,False
4503,jjYXRmE19lQ.wav,"This music is instrumental. The tempo is fast with an enthralling harpsichord melody. The music is an energetic, high-powered, vibrant, vivacious and melodious western classical.",False,False
4505,jlIbJVfnHB4.wav,"A male singer sings this passionate melody with backup singers in vocal harmony. The song is medium tempo with a slick drumming rhythm, keyboard accompaniment, beep tones, strong bass line and slick percussion hits. The song is groovy and story telling in nature. The song has poor audio quality.",False,False
4506,jlmCu2GMoG4.wav,This recording is full of flutes and string instruments played with a bow. All of them are playing melodies spread across the sides of the speakers. Someone is playing a percussion instrument and a male voice is singing in a higher key. To me it sounds overloaded with too many melodies playing at the same time. This song may be playing in a traditional presentation.,False,False
4511,jtwRKyQ8-lg.wav,This is a hip-hop/dancehall music piece. There is a repeating female vocal sample in the lead. The piano is playing the chords of the song. There is a groovy bass guitar in the background. The rhythm is provided by an acoustic drum beat with a lot of rhythmic sound effects applied to give it more of a swing feel. The atmosphere of the piece is chill and urban. This piece could be the opening theme of a sit-com taking place in the big city.,False,False
4514,jzij1UX73kU.wav,"The low quality recording features an ambient song that consists of a wide sustained synth pad, followed by mellow sustained strings. It sounds relaxing, calming and like something you would listen to in a yoga session.",False,False
4519,k4kbpRRRgcQ.wav,"This contemporary gospel song features a female voice. When the voice reaches a high pitch, she sings in falsetto. This is accompanied by percussion playing the floor tom and kick. The splash cymbal is played on the fourth count of the bars. A piano plays arpeggiated chords in the background. Synth pads play chords in the background filling the musicscape. This gospel song is emotional. This song can be played in a worship session in church.",False,False
4520,k4ttuqKjiw0.wav,This audio contains a simple drum groove along with a bassline playing long notes. A piano and keyboard are playing chords and melodies panned to the left and right side of the speakers. Male voices are singing a melody together. Some in the mid and high range and one as a bass voice. This audio may be playing at a celebration event.,False,False
4522,k6F3gc8f8kI.wav,"The low quality recording features a flat male talking, after which there are harmonizing clarinet melodies playing. It sounds soulful and the recording is in mono and noisy.",False,False
4523,k8AE-vqWbm4.wav,This audio contains a male church choir singing from the low register up into the mid-higher register. An acoustic piano is providing single notes walking up the keybed. This song may be playing in a church sung by a male choir.,False,False
4525,kAAGkKPVgZ8.wav,"The low quality recording features a pop song that consists of a passionate, echoing female vocal singing over punchy kick, groovy bass, repetitive synth lead melody and some claps. It sounds energetic, passionate and addictive.",False,False
4529,kH-F9JzC7eE.wav,solo ukelele playing in free time in a demonstrative manner with a female voiceover.,False,False
4530,kIEEDYowZhA.wav,"The low quality recording features a short snippet of flat male vocals, followed by steel guitar melodies. It sounds passionate, even though the recording is very noisy.",False,False
4531,kKPGTMdz99A.wav,This audio contains a synth drone playing in the lower midrange and other synthesizer sounds on top. One of them is playing a melody in a higher pitch. A female voice is talking along to the music. The whole recording is full of reverb. This song may be playing during meditation or while falling asleep.,False,False
4534,kMNL4Y4XMhc.wav,This is a classical music piece performed by an orchestra. There is a wide ranging brass section that has the french horn as the lead playing the melody. In the percussive background there are the tubular bells which give the piece a festive feel. The atmosphere is vibrant. This piece would fit perfectly in the soundtrack of a Christmas movie either as the opening theme or during the scenes where there is a preparation going on.,False,False
4535,kMmjr8deHis.wav,"The low quality recording features a folk song that consists of an echoing male chant over punchy kick and snare hits, wooden percussion, addictive strings and brass melodies and simple bass. It sounds traditional, addictive, passionate and energetic. The recording is noisy and in mono.",False,False
4536,kOBh4NZ4wZQ.wav,"A male vocalist sings this smooth Soul song. The tempo is medium with a groovy bass line, trombone harmony, electric guitar rhythm, slick drumming, vocal backup, congas and tambourine  beats with smooth vocal backup. The song is soft, rich, elegant, ambient and smooth. This music is a Funk pop/Soul.",False,False
4537,kOREaTKeyZw.wav,This audio contains someone playing a piece of music on a bagpipe. The music sounds traditional. This song may be playing at a folksfest.,False,False
4539,kR2yBlL6nFU.wav,"The low quality, mono recording features a classical song performed by sad violin melody and harpsichord. The recording is noisy and it sounds emotional and passionate.",False,False
4543,kTBlMy4dtC0.wav,"A male singer sings this cheerful children’s song.  The song is medium tempo with reggae inspired drumming rhythm, guitar accompaniment, groovy bass line and keyboard harmony. The song is exciting and cheerful. The song is a children’s dance song.",False,False
4547,kVaQA3PhSio.wav,"The low quality recording features a short snippet of echoing effect at the beginning, after which there is a theremin swell. It sounds suspenseful, intense and the recording is noisy and in mono.",False,False
4549,kX5bTiq5eBo.wav,The song is a hip hop song with a violin motif playing the most prominent role in the instrumental. The drum beat is a simple boom bap beat. The rapper has a raspy voice and he sounds emboldened regarding his message. The violin riff is repeated throughout the song.,False,False
4550,kYrJadZmjm0.wav,"This is a house song, meant for dancing. The synths are played rapidly for the build-up and then the song drops into a section where it's mostly the low, rumbling, futuristic pad and the house drum beat. This song would be heard at house dance parties.",False,False
4552,kZPz8ExTzBk.wav,A male beatboxer creates a cool groove with animated sounds like grunting and mouth percussion. The song is medium tempo with no other instrumentation. The song is energetic and passionate. The song has bad audio quality.,False,False
4554,k_ET0i2y0Ow.wav,This audio contains someone playing a classical piece on a cembalo. This song may be playing live in a theater.,False,False
4559,kcTwJwdLTSo.wav,"This is a piece by a classical orchestra. The melody is mainly led by string instruments such as violins and  cellos. The piece elicits feelings of sadness, and can initiate a desire to reflect. The piece ends on an uplifting high note, which could be used as a sign that better days are to come.",False,False
4560,kdxW11WBlQE.wav,"This song contains a fast and silent jazz drum rhythm with a fast groove on the ride. Someone is playing an arpeggio melody on an acoustic piano in the midrange, adding a little melody on top being played in the upper register. A upright bass is playing a walking bassline. A saxophone is playing the main melody. This song may be playing live as a concert.",False,False
4562,kepd6_X_vS4.wav,"The low quality recording features a bowl scraping resonance tone over which there is a deep male vocal hum. The recording is in mono, noisy and it sounds calming and relaxing.",False,False
4566,kgvx9drZXpk.wav,This song contains a female voice singing along to a piano playing chords and the melody along. An acoustic drum is playing together with an e-bass. In the background you can hear an organ and a background choir. This song may be playing in a church.,False,False
4567,kh6rmFg3U4k.wav,"The low quality recording features a resonating bell in one shot. It sounds mellow, soft, calming, relaxing and hypnotic - like something you would listen to while meditating.",False,False
4569,khVk4pTS0bE.wav,"This is a soothing Italian ballad. The leading instruments are a harmonica and acoustic guitar on which arpeggios are played. The singer has a silky baritone voice, and captures the reflective and tranquil nature of the song with his performance.",False,False
4570,kiu-40_T5nY.wav,"A male vocalist sings this mesmerising song. The tempo is slow with synthesiser articulation. The song is meditative, ethereal,mesmerising,captivating, futuristic, hypnotic and psychedelic. The incessant vocal riff and droning music give it a trance vibe. This song is a Trap Pop.",False,False
4572,kjmmzA6i5rk.wav,"A male singer sings this pop melody with backup singers with vocal harmony. The song is medium, with a keyboard accompaniment , steady drumming rhythm and strong bass line. The song is passionate and cheerful. The audio quality is poor.",False,False
4574,kkOGbgGJLF4.wav,A male vocalist sings this  spirited song. The tempo is medium fast with an acoustic and electric guitar flourish with a bass cello. This bit is the end of the song as the musician plays a closing riff and the sound of clapping and cheering can be heard. This song is an enthusiastic live performance of an energetic Soft Rock.,False,False
4576,kkjNpwNcMWI.wav,"A female vocalist sings this spirited song. The tempo is fast with an animated keyboard harmony, groovy bass lines, electric  guitar, tenor and alto saxophone accompaniment, enthusiastic drumming and tambourine beats with vocal backup. The song is energetic, upbeat, youthful, enthusiastic with emphatic vocals. This song is contemporary alternative rock.",False,False
4578,kmZFn-CQ19A.wav,This audio contains someone playing an acoustic guitar fingerstyle. An upright bass is playing a line in the background. This song may be playing guitar to someone.,False,False
4579,kmmK69N3Om0.wav,"This clip is regal, momentous, big, impressive. We hear a loud bang on the timpani percussion instrument, followed by a motif on the french horn. This is the type of piece that would be played for the arrival of a king, or the return of an epic war hero.",False,False
4581,kp5OxEzxuSg.wav,This electronic music is played on a drum kit. This song also uses a processor to make electronic sounds. The percussion plays the ride continuously followed by the hi-hat continuously. Deep bass sounds are played on the electronic console. There are other animated sounds like the sound of an alien space ship played in this song. This song has no other instruments. There are no voices in this song.,False,False
4587,kuj0Oi2_7yU.wav,After a clicking sound and e-guitar slide up the fretboard someone is playing a melody on an e-guitar. White noise from the recording can be heard. This song may be playing in a guitar class.,False,False
4589,kw2wPVxUgQY.wav,This is the live recording of a boy band performing a pop music piece. The male vocals are singing melodically. There is a keyboard and a bass guitar playing in the background. The rhythm is provided by the acoustic drums. The atmosphere is emotional. This piece could be included in the soundtrack of a teenage romance/drama movie.,False,False
4590,l-RdHtsYWBY.wav,"This is a Scottish folk music rendition of a rock music piece. It is an instrumental piece. The Scottish bagpipes are playing the melody while the rhythmic background is provided by a bodhran frame drum. The atmosphere is energetic and lively. The audio quality of the piece is quite poor. Still, it could be used in a comedy movie as a song playing from the radio.",False,False
4591,l0fCHZhKEDA.wav,"The low quality recording features a groovy piano organ keys in the left channel and organ keys lead melody played in the right and the middle channel of the stereo image, followed by groovy bass, shimmering hi hats and soft kick hits. It sounds happy and joyful.",False,False
4593,l21xSYRR_Xc.wav,"The low quality recording features a flat male vocal talking in-between resonating shofar melody. It sounds like a traditional instrument and it is reverberant, as it was probably recorded in a medium size room.",False,False
4594,l3YrliBpOdM.wav,This is an instrument lesson recording. The same tune is being played repeatedly on a harmonica to present a technique on how to play it. The male instructor gives occasional descriptions about the technique.,False,False
4597,l6LUPlmua6I.wav,This is a funk/disco music piece. There is a male vocalist singing melodically in the lead. The melody is being played by the keyboard with the backing of the electric guitar and the bass guitar. The rhythm is being played by the acoustic drums. The atmosphere is groovy. This piece could be played at a retro-themed party at a dance club.,False,False
4598,l8P2wU-JyI8.wav,This folk song features a male voice singing the main melody. The voice is loud and not modulated. This is accompanied by a violin and a harp. The violins are playing high pitched notes. The harp is playing a repetitive phrase. There is no percussion in the song. This song can be played in a village style movie.,False,False
4600,lAMiOhScSPg.wav,"This is an R&B/neo-soul music piece. There is a male vocalist in the lead singing melodically. The main tune is being played by the electric guitar and the keyboard. There is a strong and groovy bass sound. The rhythmic background consists of a slow tempo electronic drum beat. The atmosphere is sentimental. This piece could be used in the soundtrack of a romantic comedy movie that takes place in the big city, especially during the scenes where a character is going through the feeling of heartbreak.",False,False
4601,lBSS2AbA560.wav,"Here we have a flute which has a lot of echo and reverb applied to it. The music is relaxing, serene, tranquil. It would be suitable as meditation music.",False,False
4605,lDGQu122JdU.wav,The song is an instrumental. The tempo is medium with a quartzophone being played delicately by an expert producing ethereal pulsating tones of music. The song is emotional and beautiful. The audio quality with ambient nature sounds.,False,False
4606,lDnYXLGEEFQ.wav,"The low quality recording features a woodblock one shot. The recording is in mono, noisy and it sounds like a tutorial.",False,False
4608,lFv1MJSSWNs.wav,"There is a kids music piece playing from a small speaker. It is a robotic voice singing about brushing teeth. At the same time, a kid brushing his teeth can be heard. A female voice talks to the kid telling him to keep on brushing.",False,False
4618,lRTeWmoeen4.wav,This is a reggaeton/latin pop piece in the chipmunk style. There is a melodic pad and a keyboard playing the melody. The rhythmic background consists of an electronic drum beat. There is a comedic atmosphere. This piece could be used in the background of funny social media content.,False,False
4619,lSb7Y-_3to8.wav,This is a classical music piece performed on the claviorgan instrument. The piece has a mellow atmosphere with a unique sound. This piece could be used in the soundtrack of a historical drama TV series during the scenes where the characters are walking inside the royal courtyard. The piece could also be sampled for use in beat-making.,False,False
4620,lSbCqHZy_l4.wav,"The low quality recording features a fruity male vocal talking, after which he starts singing over harmonizing choir, groovy bass, mellow piano melody, shimmering cymbals, punchy kick, punchy tom and snappy rimshots. It sounds emotional, soulful and passionate.",False,False
4621,lTAfSpsyTSI.wav,"This symphonic song features the string section and brass section playing the main melody. The instruments are playing different parts in harmony. At the beginning, the instruments play a two note descending sequence in which the second note is allowed to ring. Then one note is played and allowed to sustain for six counts followed by a bass note that is played for the remaining counts. A snare plays a pattern during this last sustain. A cymbal is also played at the end of this phrase. There are no voices in this song. This is an instrumental song. This song can be played in a movie about a voyage.",False,False
4623,lTuEsrVV6Uw.wav,This is an instrumental percussion piece performed by an orchestra. There is a marimba playing the main melody at the forefront while bell percussion adds texture around it. There is a timpani that plays a loud drum line that is accentuated by occasional cymbal hits. The atmosphere is lighthearted. This piece would fit perfectly in the soundtrack of an arcade video game.,False,False
4624,lUp9WnLYetg.wav,The song is an instrumental. The tempo is medium with an aborigine playing a didgeridoo and a tapping rhythm in a percussive manner. The audio quality is bad with ambient crowd talking sounds. The music is traditional and deeply meditative in nature.,False,False
4626,lXrypwLQO3U.wav,"The Disco song features a passionate female vocalist singing over a funky electric guitar melody, groovy bass, punchy kick and claps. It sounds passionate, funky and groovy - like something you would hear in clubs during the 80s.",False,False
4627,lYJAqOpp6RM.wav,"This is a middle eastern pop song, with traditional elements such as the habban. The percussion is also traditional and may involve the use of a bendir. The singer sounds calm and has some autotune applied to his vocal.",False,False
4628,lYtoy8sa-Q0.wav,This audio contains someone playing a melody on an organ in the mid- to higher range. This song may be playing in a church.,False,False
4629,lZavPVn7O4Q.wav,This is the remix of an Original Pilipino Music (OPM) Christmas song. The female vocalist is singing melodically and in a festive manner. The melody is being played by a strings section while the rhythm consists of an electronic drum beat with heavy usage of percussive elements. The atmosphere is cheerful. This piece could be played at Christmas events in the Philippines.,False,False
4632,lePP2BaZhJU.wav,This pop rock song features a guitar riff being played. This guitar has a chorus effect added to the sound. Another guitar plays one chord in a three stroke grouping. The bass plays only one note throughout the song. This is accompanied by percussion playing a simple beat in common time. There are no voices in this song. This is an instrumental song. This song can be played in a movie with sports as the focus.,False,False
4633,leiPemYDg-8.wav,"This clip feels like a magical fairytale. It features layers of violin that are somewhat orchestral in their arrangement, on top of acoustic guitar arpeggios that cut through the legato violin melodies. At the beginning, there is a warm synth that sounds a little bit like an accordion - rapid chord stabs are played there in eighth notes.",False,False
4634,lfCWGQ6URds.wav,This audio contains someone playing a complex and fast rhythm on the tambourine. Also playing percussive. This song may be playing at a traditional ceremony.,False,False
4636,lhizlCmlbYY.wav,This is an instrument which creates sounds that are similar to laser beams. It sounds futuristic and like something that would be heard in a sci-fi movie. There's a slight crackle to the sounds and they are high-pitched.,False,False
4640,lnJdWXRgjKo.wav,"The song is an instrumental. The tempo is slow with a strong bass line, guitar accompaniment, violin accompaniment and Arabic horn instrument playing melancholic. The song is sad and tragic. The audio quality is poor.",False,False
4642,lnnlghshsVo.wav,"The low quality recording features a live performance of a bagpipes melody. It sounds traditional, passionate and the recording is in mono and noisy.",False,False
4643,loyHHBilYPM.wav,"The low quality recording features a steel drums melody played over punchy kick and snare hits, shimmering hi hats and groovy bass. It sounds exotic and joyful. The recording is noisy.",False,False
4644,lpHa-S_x1LA.wav,This classical Hindustani song features the sitar playing the main melody. Open strings are continuously played with fretted strings providing the main melody of this song. This is accompanied by a tabla playing a classical rhythm. There are no other instruments in this song. There are no voices in this song. This song can be played for an Indian traditional dance.,False,False
4650,lwQVcLxFBIQ.wav,A male voice is singing in the mid range accompanied by acoustic drums with a groove on the ride cymbal and a bass playing a simple line. In the background you can hear a keyboard playing short chords while a trumpet is playing its own melody at the end of the singer's phrases.  This song may be playing in a repair workshop.,False,False
4653,m--xEFqqrLc.wav,The song is an instrumental. The song is medium tempo with a tenor saxophone playing a lilting melody in legato style. The song has no other instrumentation support. The audio quality is very poor.,False,False
4655,m-eyGzf9Ux4.wav,This is a Christian gospel music piece. There is a female vocalist singing melodically. An acoustic guitar and an electric guitar are playing in the melodic background. The atmosphere is religious. This piece could be used as a background music for Christian social media content.,False,False
4657,m0FhT3UnXjA.wav,Someone is playing high single long notes on a harmonica along to a metronome sound. Then a male voice starts speaking. This audio may be playing as a harmonica tutorial.,False,False
4658,m1ov6te6jK8.wav,This song features a male voice singing the main melody. The instruments lend an Indian tonality to the song. The song starts with a flute solo backed by a tabla and a stringed instrument that sounds like a santoor. This is followed by a violin solo backed by the tabla as percussion. The bass plays the root notes of the chords. The male voice starts singing after the violin solo. This song has a gospel feel. The voice is mellow and carries emotion.,False,False
4661,m4bBsvuS4EU.wav,"The song's instrumental tempo is slow with various percussive hits, harp playing and a French horn playing a gentle yet strong melody. The song is emotional and full of hope. The song is an adventure movie soundtrack.",False,False
4663,m8-aK8egg84.wav,"Solo harmonica playing blues licks, followed by a male voiceover.",False,False
4664,m8poFnEbvW8.wav,"The low quality recording features distorted electric guitar chords playing over rock songs played on playback. It sounds messy and harsh, as the frequencies of the room and the actual sound of the guitar and song are clashing with each other.",False,False
4665,m9tnNkon_iw.wav,This clip is a sound of scratching or scraping using binaural sound. The effect is a 3D stereo sound sensation. The sounds are clear and lucid as if hearing it live. This clip is a demonstration of Binaural sounds.,False,False
4666,mAmaUI7_uZ0.wav,Amateur produced hip hop music with out of tune male and female vocals and amateur vocal production. The backing track is a trap beat with a synthesizer arpeggio.,False,False
4667,mB2FAS0DNkk.wav,"The low quality recording features a live performance of a pop song that contains flat male vocals talking on a microphone over a song played on playback and some crowd cheering noises. The song consists of a ""4 on the floor"" kick pattern, energetic cymbals, groovy synth bass, claps and synth lead melody. It sounds happy, joyful and exciting.",False,False
4668,mBG-st0VUXs.wav,A solo trumpet playing an energetic staccato melody with dramatic glissandi. The trumpet has been processed to add a stereo delay effect and reverb. The tone is very bright.,False,False
4672,mFcHGbnNtSQ.wav,"The low quality recording features a live performance of a jazz song and it consists of a passionate female vocalist singing over groovy piano melody, saxophone melody, groovy bass, shimmering hi hats, punchy snare and soft kick hits. It sounds passionate, soulful and the recording is noisy and in mono.",False,False
4673,mFp1nrnlGx4.wav,"The low quality recording features a cajon percussive rhythm played, after which there is a flat male vocal talking. It is noisy, mono, reverberant and it sounds like a tutorial.",False,False
4674,mGU4ZRstxpY.wav,This slow rock song features a male voice singing the main melody. This is accompanied by other voices singing vocables in the background. The percussion plays a simple beat in common time. The bass plays the root notes of the chords. A synth plays a repetitive chord in staccato. A piano plays some high pitched notes in between lines. This song can be played in a movie scene at a harbour at night.,False,False
4676,mKIapkfnAGY.wav,This audio contains two people playing accordion. One is playing the foundation as rhythmical chords while the other person is playing the lead melody in a higher pitch. This song may be playing live in the countryside.,False,False
4679,mMT1kEejAG8.wav,low fidelity recording of a solo electric guitar with a distorted tone playing fast notes with aggressive vibrato and whammy bar for dive bombs. The mood is frenetic and wild. The style would fit in an 80's heavy metal band.,False,False
4681,mOFyRCMlXIo.wav,"This clip brings about the sensation of building up to something. It features an arpeggiated melody on the piano, and timpani drum rolls. The audio quality is low.",False,False
4682,mOmYcOBqhwo.wav,The low quality recording features a groovy tabla percussion playing. The recording is noisy and in mono.,False,False
4685,mQ1E8rx2dnI.wav,"The low quality recording features a cover of a regional Mexican song and it consists of harmonizing female vocals singing over a mellow harp melody and flamenco acoustic guitar melody. It sounds raw, emotional and passionate. The recording is a bit noisy and there are some car rev noises in the background.",False,False
4687,mRKud6yP4iU.wav,"The low quality recording features a traditional song that consists of a passionate woodwind melody playing over wide sustained strings, acoustic guitar chords and dissonant string melody. It sounds joyful, weird and hypnotic.",False,False
4688,mU6cfEWw5Og.wav,"The low quality recording features a flat male vocal talking, after which there is a shimmering tambourine being played. The recording is noisy and the stereo image is unbalanced, as the audio is slightly leaning towards the right channel of the stereo image.",False,False
4691,mWL9_WIbykw.wav,This is a synthwave music piece. It is an instrumental piece. There is an analog sounding synth playing a mellow tune. An overall feeling of nostalgia can be felt from this piece. It could be used in the soundtrack of a drama movie that is about a protagonist who cannot adapt to modernity.,False,False
4692,mWuX--EEq2E.wav,"This is a live performance of a Greek folk music piece. There is an orchestra performing the piece. There is a floghera flute playing the main tune while the oud and the bass guitar are playing in the background. The rhythm is being played by the acoustic drums. After the shout coming from a male voice, the orchestra starts accelerating. The atmosphere is lively. This piece could be playing in the background at a seaside Greek tavern.",False,False
4693,mZNNWTrvGoA.wav,"This is a trombone performance piece for an audition. The tune being played resembles something that would be heard at the royal court of a western kingdom. The atmosphere is dramatic. This piece could be used in the soundtrack of a historical drama movie, especially during the scenes where the king is attending a feast.",False,False
4694,maZ3b5w6xVI.wav,The low quality recording features a loud church bells playing. The recording is in mono and it is very noisy.,False,False
4695,macnXLRXbHU.wav,"The low quality recording features a harmonica solo melody over soft double bass and arpeggiated acoustic guitar melody. It sounds emotional, passionate and heartfelt.",False,False
4696,maeSHVZX8xc.wav,The low quality recording features a gospel song that contains a harmonizing mixed vocals singing. The recording is a bit noisy and it sounds emotional and passionate.,False,False
4697,mcAsO331Z9s.wav,"This music is an upbeat instrumental. The tempo is fast with a plethora of instruments like trumpets, congas, bongos, steel drum, accordion,saxophone, keyboard,and electric guitar. The music is perky, buoyant, high spirited, enthusiastic, energetic with complex harmonies. This music is a contemporary take in Traditional Latin folk music.",False,False
4698,mdOZIOc8SA4.wav,This song contains a lot of synth pad and drone sounds creating a meditative atmosphere. Then a deep soft bass sound comes in. A piano is playing a slow melody with a lot of reverb. A flute sound is playing a simple melody on top and a pluck instrument is playing another short melody. Then a digital female choir sounding pad comes in. This song may be playing during a meditation session.,False,False
4702,mhru3GXbkHY.wav,"The low quality recording features an orchestral music that consists of a wide string melody, followed by mellow brass, wide brass melody and shimmering cymbals. It sounds suspenseful and intense - like something that you would hear in the background of a movie scene.",False,False
4704,mjZylz3nCwQ.wav,The low quality recording features an orchestral music played by wide violin melody and low cello. It sounds emotional and passionate - like something you would hear in old cartoons.,False,False
4705,mlpTCec4igo.wav,"The low quality recording features a country song that contains harmonizing vocals singing over electric guitar solo melody, smooth bass guitar, acoustic rhythm guitar, snappy rimshots, shimmering hi hats and soft kick hits. It sounds soulful, emotional and passionate.",False,False
4706,mlrarQ5nVlU.wav,"The low quality recording features a live performance of a classical song that consists of a woodwinds melody, sustained strings melody and double bass melody. It sounds passionate and the recording is in mono and noisy.",False,False
4708,mpikDeSk-mM.wav,"A female singer sings this cool dance melody. The song is medium-fast tempo with a cool dance groove, percussive bass line, steady dance rhythm, keyboard accompaniment and various percussion hits. The song is groovy and proper electronic dance music hit,",False,False
4709,mpymEs4Mcw8.wav,This African beat song features a male voice singing the main melody. Other voices sing one word after each line. This is accompanied by percussion playing an African dance beat. The bass plays a groovy bassline. A flute plays the same melody as the main voice. This song has a happy mood. This song can be played in a dance party.,False,False
4712,msnm_tYXcYw.wav,This audio contains someone playing a melody on steeldrums along to a backing track containing an e-bass playing a melody along with an e-guitar. A kick is being played on every beat. This song may be played on the streets by a busker.,False,False
4713,mtapmFDmImA.wav,Here we have a pair of differently calibrated Tibetan bowls being played. They sound similar to bells and they create a high pitched resonating sound after the initial transient hit. The sounds are relaxing and would be suitable for a meditation session.,False,False
4714,mu0dlj8ibA4.wav,"The low quality recording features an organ keys melody played over playback instrumental that consists of groovy bass, plucked melody and some wooden percussion. It sounds weird, bouncy, happy and the recording is very noisy.",False,False
4717,mwLrABPxvgA.wav,"The low quality recording features a live performance of steel drums. It sounds exotic, passionate and emotional, even though the recording is noisy and has some audio popping sounds.",False,False
4718,mwqluX7sXXU.wav,"This music is a Jazz instrumental. The tempo is medium fast with lively trumpets, groovy bass lines, infectious drumming, sound of bells and chimes at the end followed by the voice of a female speaking. The music is spirited, ambient, complex, fun, informal, active,smooth and airy and emphatic.",False,False
4719,mwwnfWgV_5U.wav,This is a power metal/speed metal music piece. The melody is being performed by the distorted electric guitar and the keyboard while the bass guitar is playing in the background. The rhythmic background consists of a loud metal acoustic drum beat. The atmosphere is aggressive and upbeat. This music would suit perfectly in the soundtrack of an adventure video game. It could also work well in the soundtrack of an action-filled cartoon series.,False,False
4720,mx7kjFY7ALs.wav,"A male vocalist sings this Classical song. The tempo is fast with animated ghatam, mridangam and tabla accompaniment and violin harmony. The vocals are classical notes and lyrics in a South Indian language. The song has three layers, the melody, percussion and drone. This song is a devotional Carnatic Classical song.",False,False
4721,myGef3nriL8.wav,"This is an instructive recording about body percussion. In the beginning, there is a backing track that has the sitar and the tabla in it. Then, the music stops and a boy starts talking about body percussion in the Italian language. The part where the backing track is playing could be sampled for use in beat-making.",False,False
4722,myGffB4WcF8.wav,This is a classical music piece. It is being performed on the harpsichord. The piece is in the minor key. The atmosphere is gentle and it has a medieval sound. This piece could be used in the soundtrack of a medieval era historical drama TV series during the scenes where the characters are taking a stroll through the meadows.,False,False
4724,n16ZUTfZtDM.wav,"The low quality recording features an ambient song that consists of a wide mellow synth pad and echoing bells. It sounds relaxing, calming and easygoing.",False,False
4725,n179cK8EubU.wav,This is a gear showcase jam. There is a male voice talking in between the sounds giving information about a reverb pedal. There is an electric guitar playing random tunes with the reverb effect. The tunes in the recording are simple. Sounds from this recording could be sampled for use in beat-making.,False,False
4727,n1PTn_NH_K0.wav,This is a gear showcase video demonstrating the sound difference when an electric guitar is connected to an amp. The electric guitar is playing simple tunes. A male voice is describing the applied effect. Sounds from this piece can be sampled for use in beat-making.,False,False
4729,n3EeS2mVU5w.wav,Solo nylon string acoustic guitar played fingerstyle in a flamenco tradition. The guitar has lower bass notes than a regular 6 string guitar.,False,False
4730,n3QsFeGadEE.wav,"This song features synth sounds. There is no particular melody. There is no percussion and no voices. This sounds like sounds from outer space. When the first note is played, a ring modulated sound is played in the background. The same pattern is found in the third, fourth and fifth notes. This song can be played in a movie featuring an outer space theme.",False,False
4733,n4QSYx4wVQg.wav,Quirky surf rock music featuring a retro organ playing a simple melody and twangy electric guitar with female background vocals and a male lead vocal. The mood is fun and silly.,False,False
4736,n87PCgYm6mE.wav,"The low quality recording features an experimental song that consists of wide synth pad chords, wide echoing & shimmering hi hats and filtered echoing acid bass melody that slowly fade in, in the second half of the loop. There are also some subtle crackles, as the recording is a bit noisy. It sounds mystical, hypnotic and haunting.",False,False
4738,nB2Lf5TTmBs.wav,"This is an instrumental meditation music piece. The only instrument being played is a set of Tibetan singing bowls. The bowls are rung at different frequencies, giving resonant sounds. The atmosphere of the recording is calming and relaxing. This piece is the perfect background track for a meditation video or a meditation session at a wellness center. It could also be playing in the background at a spa.",False,False
4740,nBiHncFD0dM.wav,"This is a traditional middle eastern song from an older era. The recording quality suggests that this is a vintage song. There is a group of children singing the same melody in unison, and then there is a male with a soothing vocal. The song comes in at a medium tempo and is suitable for dancing.",False,False
4742,nFkmTa4oY84.wav,"Whilst this clip is mellow, it feels like the song has a general sense of budding energy. On the bass guitar we have a simple three note motif repeated across different chords. The singer has a seductive, airy and sultry female voice. In the background, we hear an atmospheric, futuristic pad synth.",False,False
4743,nFoktpUVeVw.wav,This song contains a tabla rhythm spread across both sides of the speakers. An acoustic guitar melody panned to the right side of the speakers. Far in the background you can hear clapping as part of the song. A male voice is singing in a higher register than a violin takes over playing a melody in a higher register with reverb and a little delay. This song may be playing in a lovely movie-scene.,False,False
4746,nJ3tuDmcdTs.wav,This song contains someone playing an accordion melody and chords along with an acoustic guitar strumming the same chords. Someone is playing an acoustic instrument while a male voice is singing in a higher key. This song may be playing in the countryside.,False,False
4747,nJaezskegdc.wav,"The low quality recording features passionate female harmonizing vocals, alongside wide staccato female vocals melodies singing over some claps. It sounds passionate and joyful.",False,False
4748,nL4zx0-mi14.wav,This song is a classical composition played on a harpsichord. This features the notes played on the higher register and the bass notes played on the same instrument. There are no other instruments in this song. This song has no voices. It is an instrumental song. This song can be played to honor royalty.,False,False
4749,nONXdP6T3pc.wav,"The low quality recording features a traditional pop song that consists of harmonized vocals singing over breathy flute melody, groovy bass, wooden percussion, strings melody and acoustic guitar chords. It sounds happy and fun - like a song you would hear in a TV commercial.",False,False
4753,nSLxQLYYoNE.wav,"The low quality recording features a R&B song that consists of flat male vocals, alongside filtered background male vocals, singing over punchy kick and snare hits, shimmering cymbals, uptempo hi hats, distorted bass and repetitive synth lead melody. It sounds messy, as the frequencies are clashing with each other, but also energetic, emotional and addictive - like something you would quickly learn to sing along.",False,False
4755,nT1YAP4Vy9s.wav,"This is a Christian rock/CCM piece. There is a male vocalist singing melodically. The main melody is being played by the acoustic guitar. The electric guitar, the piano and the bass guitar are playing in the background. The rhythm consists of an easygoing acoustic drum beat. The atmosphere is religious. This piece could be used in the soundtrack of a gospel movie. It could also be playing in the background at a Christian religious event.",False,False
4759,nVSDv46ARvY.wav,"The low quality recording features a live performance of a classical song that consists of an arpeggiated harp melody and breathy flute melody. It sounds soulful, emotional and passionate.",False,False
4761,nW6Naj6eeI4.wav,"This audio contains acoustic drums playing something like a reggae groove along with an e-bass. A e-guitar strumming chords, piano, organ saxophones and trumpets are playing a short melody on the backbeat giving this song its reggae feeling. In-between the instruments are playing a short loud melody to break into the next part. The instruments are spread across the sides of the speakers. This audio may be playing in an urban coffee shop.",False,False
4762,nXfqAzdu8IY.wav,"The low quality recording features a traditional song that consists of a breathy flute melody playing over wide acoustic guitar chords. It sounds addictive, joyful and passionate.",False,False
4763,nY4tpb8O_Rg.wav,A bass trombone is playing a melody while violas and violins support with a long melody in the mid and higher register. This song may be playing live.,False,False
4764,nYO8n62Piys.wav,This is an acapella version of a swing jazz music piece that was performed with various layers of a vocal synth software called vocaloid. Three different harmonies can be heard from this vocal synth. There is a bass guitar playing a walking bass line in the background. The rhythmic background consists of finger clicks and a swing jazz beat performed with brushes on a snare drum. The atmosphere is cheerful but eerie. This piece could be used in the soundtrack of an arcade/analog type video game. It could also work well in the soundtrack of an anime.,False,False
4767,nZOgoVEud_w.wav,"The cover of a rock song consists of soft male vocal singing over shimmering cymbals, punchy snare and kick hits, groovy bass guitar, addictive synth keys melody and electric guitar melody. It sounds energetic, but yet mellow and addictive - thanks to that cadence.",False,False
4768,nZQZ7CpXqAU.wav,"The low quality recording features a tutorial that consists of a french horn melody played in-between flat male vocal talking. The recording is noisy, mono and quiet.",False,False
4770,n_REM0fSVrA.wav,This is the recording of an acoustic drum solo. The drummer is playing a groovy beat with a lot of different fills. This piece could be sampled and looped to be used in the background of a hip-hop beat.,False,False
4771,n_boIyhZqWc.wav,This bollywood song features a female voice singing the main melody. This is accompanied by a tabla and other percussion playing a staccato beat. A guitar strums chords in staccato following the percussion in the breaks. Another guitar plays arpeggiated chords. A piano plays in the background. The bass walks down playing a descending bassline. The mood of this song is romantic. This song can be played in a romantic movie.,False,False
4777,nbb8vmfjHJs.wav,"The song is an instrumental. The tempo is fast with a fast metal drumming rhythm, complete with cymbal crashes, distorted guitar lead, guitar playing rhythm, and percussive bass line. The song is a death metal song ending with a bad audio quality.",False,False
4779,ncMDKMEFhnM.wav,This is a street performance of a church hymn. It is being performed by a choir singing melodically in a devotional manner. The atmosphere is religious. The audio quality is a bit poor.,False,False
4783,ng9Dpk4qiP4.wav,The low quality recording features a didgeridoo melody. It sounds boomy and the recording is noisy and in mono.,False,False
4786,njybD3PNrlc.wav,"The song is an instrumental. The tempo is medium with a tabla playing percussion, Veena and other stringed instruments playing harmony. The audio quality of the video is very poor. The song is a classical Carnatic music tune.",False,False
4787,nkSRzaqpOCQ.wav,"This instrumental song features a flute playing a high pitched melody. The melody starts off with one high pitched staccato note. After a brief pause, the flute plays two ascending notes in which the second note is sustained. Then a third higher note is played followed by a descending run of four more notes and ending on one higher note. There are no other instruments in this song. There is no percussion in this song. This song has a relaxing mood. This song can be played at a meditation center.",False,False
4788,nlWXsfjHeA8.wav,"A male vocalist sings this Jazz melody. The tempo is medium with a jazz style piano and drumming, groovy bass line, tambourine beats and vocal backup. The harmony is syncopated and complex. It is ambient, atmospheric, punchy, emphatic and enjoyable.",False,False
4791,nnc6m1pBJ4c.wav,"This is a Hindi film music piece. Initially, there is a female voice crying. Afterwards, an orchestra made up of a flute, a string element, a sitar and a piano starts playing an emotional tune. The atmosphere of the piece is heart-touching. It could be used in the soundtracks of Bollywood movies during heartbreaking scenes.",False,False
4792,noLrCDzAp5M.wav,"The Hip Hip song features an autotune male vocal, alongside harmonizing background vocals, singing over boomy 808 bass, snappy rimshots, synth pad chords, synth organ keys chords and tinny hi hats. It sounds groovy and addictive.",False,False
4793,nqcVA89BD6I.wav,This song features an electric guitar played using a clean tone. Octaves are played in this clip. The first note is a slide up two frets followed by an ascending lick using octaves throughout the song. There are no other instruments in this song. A buzz is heard probably from the hi-gain amp that is being used. There is no voice in this song. This song can be used in a guitar instruction video.,False,False
4795,nr9oLIsbDyQ.wav,"This is a tutorial involving the french horn. We have an American male speaking, giving instruction related to the french horn instrument. At a point in the clip, the musician plays one note on the horn.",False,False
4797,nrj2zTr7U0o.wav,The song is an instrumental. The tempo is medium with a maestro percussionist performing a solo drum solo in front of a live audience. The song is exciting and gripping. The audio quality is poor.,False,False
4798,nsxaoH9DjDo.wav,This is a jam performed on a homemade theremin instrument. There are irritatingly high-pitched sounds coming from the theremin. The atmosphere is creepy and unsettling. The sounds in this recording could be sampled for use in beat-making.,False,False
4801,nu_Bl8Pz6PE.wav,"This music is instrumental. The tempo is fast with a groovy drumming rhythm with bass drums, snares, cymbals and a Cowbell. The rhythm is upbeat, catchy, punchy and buoyant. This music is a Drumming lesson/ tutorial.",False,False
4802,nv1hWkBbG0g.wav,This song contains digital drums with percussive elements such as a cowbell and synth sounds used as short percussion in a higher pitch and also a high pitched voice sample. A male voice is rapping in a higher pitch. This song may be playing while driving in your car.,False,False
4804,nvRd4xgEWbw.wav,"The low quality recording features a rock song that consists of a melancholic male vocal singing over punchy kick and snare hits, shimmering ride cymbals, groovy bass guitar and acoustic rhythm guitar. It sounds emotional and heartfelt.",False,False
4805,nvoGwmKh6NI.wav,"The low quality recording features a techno song that consists of DJ scratching sound effects, groovy bass, buzzy synth leads, punchy ""4 on the floor"" kick pattern, shimmering hi hats and some claps. It sounds energetic, aggressive and weird - due to those synth lead ""screams"".",False,False
4806,nvrMO6TDu2g.wav,"This song contains a female voice singing in the mid to higher register sounding sensual and sad. She is singing along to a backing track containing acoustic drums playing along with an e-bass. Castanets typical for latin music, an acoustic guitar, plucked and long notes being played by strings giving the song a feeling of flamenco music. In the background you can hear the crowd giving applause. This song may be playing as a live concert.",False,False
4810,nyLpME6YH20.wav,This is a ska punk music piece. There is a male vocalist with a raspy voice singing in the Spanish language. The keyboard and the electric guitar are playing the melody while there is a bass guitar playing in the background. The rhythm consists of fast tempo acoustic drum beats. The atmosphere is lively. This piece can be played at sports venues.,False,False
4812,nzdlPYd8XUs.wav,"This is a bright and twangy twelve bar blues song. We hear some intricate piano playing, a bright and warm electric guitar on which chords are being played, and a groovy walking bassline. This song would be suitable in a blues bar.",False,False
4816,o1E579RL33w.wav,The song is an instrumental. The song is medium tempo  with an accordion playing in an accompaniment style with both medley and harmony and no other instrumentation. The music is romantic and melancholic. The audio quality is poor.,False,False
4817,o2bqT0ZTz7E.wav,This audio contains a male voice singing a harmony with another voice both in the mid to higher register. Then a e-piano comes in playing a minor chord. This song may be playing live during a concert.,False,False
4820,oARFeTnImOg.wav,"This is a live recording which features strums of a single chord on a ukulele. At points in the clip, there is the voice of someone who is speaking. The recording is of a low-quality, and thus the audio has a slight fuzzy sound the whole way through.",False,False
4821,oBBTqXQFTiA.wav,"The low quality recording features a live performance of a pop song that consists of harmonizing male vocals singing over punchy kick and snare, shimmering hi hats, groovy bass, brass melody and electric guitar melody. There are some crowd clapping and cheering sounds in the background. It sounds energetic, exciting and groovy.",False,False
4822,oBwt8T8P8Zs.wav,"The Jazz song features reverberant saxophones and trumpet melodies playing over groovy double bass, groovy piano melody, shimmering cymbals and soft kick hits. It sounds uptempo, groovy and passionate, like something you would hear in traditional jazz bars.",False,False
4823,oC0e8GXYy_4.wav,"The song is an instrumental. The tempo is medium with a keyboard accompaniment, sonic effects, various percussion hits, strong bass line and synth pad section. The song is eerie and full of tension. The song is tv show theme and has poor audio quality.",False,False
4825,oEJ5bh-OIuU.wav,"This song features two female voices. One of the voices sings an 'ooh' throughout the song. The second voice sings an 'ah' in places. The first time the 'ah' is sung, it is in a dissonant harmony. The second one is in the scale. This is accompanied by a guitar playing arpeggiated chords. There are no lyrics in this song, but only lyrics. There is no percussion in this song. This song can be played in a movie scene where a person is confused after having been forced to make a tough decision.",False,False
4830,oKab6-syQD4.wav,This song contains an acoustic drum playing along to a e-guitar strumming chords before breaking into a more silent part with the e-bass repeating the same note. The e-guitar is playing a simple short melody with delay. Then a deeper male voice is singing and the crowd starts cheering. This recording is in bad audio-quality. This song may be playing at a live concert.,False,False
4831,oMZcsGUi8ZE.wav,"This clip features a synchronised playing of some traditional South Asian horned instruments. The horns are played in unison, at a high pitch, and create the sensation of a royal and momentous occasion.",False,False
4832,oMgSuyPBINs.wav,This audio contains someone playing a classical piece on a harpsichord. This song may be playing live at a concert.,False,False
4833,oN9_GYDkNcM.wav,This is a comedy music piece in the style of a Christmas song. It is an instrumental piece. There is a rhythmic background that is composed of percussive elements. The sleigh bells can be heard very distinctively. The melody is played by a lute in a slightly out-of-sync manner while a tuba is playing the bass line. The piece has a tongue-in-cheek feel to it. This piece could fit well in the soundtrack of a Christmas-themed comedy movie.,False,False
4834,oNggxSyyyq8.wav,This audio contains a lot of different percussive instruments spread to both sides of the speakers. In the background you can hear a laughing sample in a high pitch. A male voice is singing in a higher pitch than a female voice takes over singing. A doorbell is ringing. An acoustic guitar is strumming chords. This song may be playing at an open air festival where everybody can dance along.,False,False
4835,oNqBsQiNoAU.wav,This song contains a female acapella choir singing together a melody in minor along with a piano. A e-guitar panned to the ride side of the speakers is providing a supporting melody. This song may be playing as a live performance in a theater.,False,False
4836,oNryELagQUM.wav,A female singer sings this beautiful melody. The tempo is medium with a string section harmony and a strong bass line. The audio quality is poor. The song is a retro pop hit with inspiring and romantic vibes.,False,False
4839,oPiyXhxRGe4.wav,This is an amateur cover of a grunge rock music piece. Both the recording and the playing are of poor quality. There is a male vocalist singing in a grunt-like manner as the lead. A crunchy riff is being played by the distorted electric guitar and the bass guitar while the acoustic drums are playing a simple rock beat. The atmosphere is rebellious and noisy.,False,False
4843,oSDZZHN77PI.wav,"The low quality recording features a tutorial where a flat male vocalist is talking after a clean electric guitar chord is played. Judging by the short snippet at the end of the loop, there is a guitar pedal effect that changes the preset of the guitar sound. The recording is noisy and in mono.",False,False
4848,oTzTZqDOIt0.wav,"A female vocalist sings this upbeat electronic pop song. The tempo is fast with enthusiastic synthesiser arrangements, groovy drumming. The music is electronically arranged and has a youthful, vivacious, enthusiastic, buoyant dance groove. This music is upbeat Electronic Dance music.",False,False
4849,oUp-acoLyvU.wav,This song contains an orchestra playing a melody in the mid to high range with a string section decreasing in volume.Oboes/flutes are playing another melody on top with a low timpani hit in the background. This song may be playing at the end of an emotional adventure movie.,False,False
4854,oZF73R89bk0.wav,This audio contains a loud and strong digital drum almost sounding like an acoustic drum set. A bass sound rich in harmonica is serving as bassline while a short female shouting voice sample is repeatedly being played as a rhythmic element. This song may be playing for a dance battle.,False,False
4861,ogOTksL2Vas.wav,This song contains a male voice singing a drone sound in the lower register while other male voices are singing a harmonic melody in the mid-range. This song may be playing live in a church.,False,False
4862,oh0EWEvJI90.wav,This song contains digital drums playing a ragga groove with a light pitch shifting sub bass on the kick and snare. A soft synth pad is creating an atmosphere. A deep male voice is singing/rapping over the instrumental. This song may be playing in an urban club.,False,False
4865,ohikUtjUN7c.wav,This is a live performance of a Hindustani classical music piece. There is a male vocalist singing passionately in the lead. The melody is being played by a gentle harmonium tune. The rhythmic background is provided by the tabla percussion. The atmosphere is vibrant. This piece could be used in the soundtrack of a movie with a North Indian setting.,False,False
4866,ojdqgnmcgYM.wav,"The low quality recording features a pop song that consists a passionate female lead vocal, alongside harmonizing female vocal, singing over groovy synth bas, claps, shimmering hi hats, punchy ""4 on the floor"" kick pattern, electric guitar melody and short groovy synth keys chords. It sounds energetic, groovy and addictive. The recording is noisy.",False,False
4867,ojwVhlh-P1U.wav,"Here we have several standing crystal bells being played. They produce a sustained, ringing, high pitched frequency that would be suitable for meditative and relaxed environments. The woman sings a short, open-mouthed melody.",False,False
4869,on18CWdmxn8.wav,"The Pop song features a filtered male vocal, alongside flat male vocal, singing over some claps, boomy kick hits, laser synth riser and addictive synth lead melody. There are also some male laughing sounds. It sounds addictive, groovy and exciting - like something you would hear in clubs.",False,False
4872,ot6SpwD1hzk.wav,This is a glam rock/classic rock music piece. There is a male vocalist singing melodically. The main theme is being played by the electric guitar while the bass guitar is playing in the background. The rhythm is provided by a rock acoustic drum beat. There is a loud vinyl hiss because of how aged the record is. The atmosphere is groovy. This piece could be playing in the background of a rock bar.,False,False
4873,otVPTo72q4w.wav,"This music is instrumental. The tempo is slow with a harmonious melody of string instruments, percussion and wind instruments which sound like the Indian Sarangi, dhol or madal , shakers and a flute. The music is classical, simple, enchanting and melodic. This song is a Folk song Instrumental.",False,False
4874,ou3LJpAM4mk.wav,This audio contains a digital reggaeton beat that uses some acoustic samples. In the background you can hear a soft bass playing along with the kick. A lot of male voices are rapping/speaking providing backing vocals that are spread across both sides of the speakers. This song may be playing at a party outside on the streets.,False,False
4875,ouVuF-y8bog.wav,"This music is an electric guitar instrumental. The tempo is medium with a smooth electric guitar lead harmony. The music is clear, emphatic, smooth, groovy, youthful, crisp, edgy and dominant.",False,False
4877,ovomUNSo_uo.wav,"The low quality recording features a live performance of blues songs and it consists of a harmonica solo melody played over groovy bass, punchy snare, shimmering cymbals and electric guitar melody. As it was recorded with a phone, there are some whistling crowd noises, aside from the fact that the recording is in mono and noisy. It still sounds energetic and passionate.",False,False
4878,ow12iGt8z5Q.wav,"The low quality recording features a wide harmonizing vocals singing over wide toms, groovy bass, punchy snare, energetic crash cymbal, thin kick hits and buzzy synth lead melody. It sounds passionate and addictive thanks to that synth lead. The recording is noisy.",False,False
4881,oxhFIoExrMk.wav,A male Latin singer sings this romantic melody. The song is medium tempo with an acoustic guitar accompaniment with no other instrumentation. The song is emotional and passionate. The audio quality is poor.,False,False
4882,oyAAhjGTNvQ.wav,This bluegrass song starts off with a male voice making an announcement. The music starts to play. The banjo plays an introductory bluegrass lick. This is accompanied by an acoustic guitar strumming chords. The double bass plays the root note and the fifth of the chord. The mandolin plays the rhythm section in the song. There is no vocal melody in this song. There is no percussion in this song. This song can be played in a movie with a Western theme.,False,False
4883,oynXCFZWxnI.wav,"This slow song features a male voice singing the main melody at a comfortable pitch. The tone of the voice is emotional. This is accompanied by a bass playing the root notes of the chords. After one line, a synth swell is played. A piano plays the backing chords. The mood of this song is sad. This song can be played in a sad scene in a movie.",False,False
4884,oypg41SWGDc.wav,This is a funk remix of a hip-hop music piece. There is a male vocal rapping calmly almost as if he is just having a normal conversation with someone. There are various layers of different synths playing different melodies. The piece has a strong bass sound. The rhythm is being played by a groovy electronic drum beat. The atmosphere of the piece is danceable and the sound is urban. This piece could be playing at a retro-themed party at a nightclub.,False,False
4885,ozjs2d_xlSI.wav,"A male singer sings this soulful melody with backup singers in vocal harmony. The song is medium tempo with an organ accompaniment, steady drumming , guitar rhythm and various percussion hits. The song is story telling  and passionate in nature. The audio quality is very poor.",False,False
4886,p0oRrGDrQQw.wav,"French horn solo with orchestral accompaniment, woodwinds, glockenspiel and cymbals. The genre is jazz and classical.",False,False
4887,p1-07VdP__Q.wav,"This music is a Jazz instrumental. The tempo is slow with emphatic brass and wind instrumentation, with cello and jazz drumming. The trumpets are emphatic with a lively trombone riff. The other instruments add a rich, dense layer to the music. It is intense, complex, ambient, groovy and pleasant. This music is a Jazz instrumental.5.",False,False
4888,p1DNl8BF49U.wav,"The low quality recording features a live performance of a jazz song and it consists of groovy double bass, trombone solo and shimmering hi-hats. The recording is a bit noisy and it sounds warm, intimate and passionate.",False,False
4894,p2sXdmex3xQ.wav,"This music is instrumental. The tempo is slow with a melodic acoustic guitar solo. The music is soft, euphonious, dreamy, romantic , warm  ,ambient and soothing. This is a Classical acoustic instrumental.",False,False
4895,p2yedR_jMTU.wav,Someone is playing a melody on an electric organ in a minor key. An acoustic drum is playing a simple groove with single hits on the ride. An e-bass is playing the root note of the melody accompanied by a clean e-guitar sound fingerpicking the chords. Then a deeper male voice starts singing. This song may be playing in a sad romantic movie scene.,False,False
4896,p3DLHNuCYhU.wav,"The low quality recording features a resonating mellow bell playing. It sounds relaxing, calming, soft, mellow, haunting and hypnotic. The recording is noisy and in mono.",False,False
4897,p4T1pddBia0.wav,"This song is a Latin Football team anthem. The song is medium tempo with lively keyboard, flute harmony, synthesiser arrangements , shakers and infectious drumming. The song is youthful, energetic,encouraging, celebratory, cheerful and happy.",False,False
4898,p7VmMa6cpSo.wav,"The low quality recording features a live performance and it contains glass breaking and shattering sounds, high pitched female vocal grunt, sustained synth bass, boomy toms and punchy kick, it also includes a crowd cheering sounds. The recording is in mono, really noisy, muffled and it sounds energetic.",False,False
4899,p8xxC2um9xQ.wav,"The Disco song features a flat male vocal singing over a wide funky electric guitar melody, groovy bass, synth keys chords, funky synth lead melody, punchy kick, punchy snare layered with some claps and simple hi hats. It sounds passionate, funky and groovy.",False,False
4900,p9nbp0Oo1U0.wav,"This song contains an acoustic drum playing a simple groove with heat panned to both sides of the speakers. An e-bass is playing along while someone is strumming chords on an acoustic guitar. Two male voices are singing together in harmony. A viola is joining, playing along with the singer's melody. This song may be playing while cooking at home.",False,False
4901,pCW5ab3SNcQ.wav,"This music is instrumental.The tempo is slow with a keyboard harmony, a male voice talking over the music and the sound of birds chirping. The music is playful, naughty, animated, simple and minimalist. The music style and dialogue indicate that this is an animated movie.",False,False
4902,pDgWT99uaJ0.wav,"This folk song features a quarter. The main melody starts off with the accordion playing an ascending run. This is accompanied by the bass playing the root and fifth of the chords. An acoustic guitar strums chords in waltz time. After the accordion part, the violin plays the main melody and the same instruments back the violin. This song can be played in a village fair.",False,False
4903,pELIBvAnbkY.wav,"The low quality recording features a R&B song that consists of a passionate female vocal, alongside wide exhale sounds and wide repetitive female vocals, singing over claps, punchy kick, shimmering hi hats, synth lead melody and simple synth bass. It sounds energetic and exciting.",False,False
4905,pHC25Ia8Dxo.wav,"A male rock singer sings this climatic solo with a long sustained note. The tempo is medium with strong rock drumming, guitar rhythm; guitar lead and a percussive bass line. The song is hard rock with a lot of spirit and excitement. The audio quality is bad with a lot of ambient crowd noises.",False,False
4906,pHFHsubQVpg.wav,"This is an amateur recording of a Bavarian folk music performance. The audio quality is not that great. There is a male vocalist singing in the lead. Then, brass elements start playing a cheerful tune. There is a festive atmosphere in this recording. It could be playing in the background at an Oktoberfest event.",False,False
4907,pHj8U-3RHc4.wav,"The low quality recording features a live performance of a pop song and it consists of a passionate boy vocal singing over wide synth melody, reversed crash riser, punchy kick and snare hits, shimmering hi hats, groovy synth bass and later sustained synth bass. There is some crowd noise and cheering sounds. It sounds addictive, energetic and exciting.",False,False
4910,pIwn0udLJXI.wav,This DJ song features a DJ console being used to mix music. Vinyl scratching is played  in this clip. The voice is also cut as a DJ drop for this song. The percussion plays a simple steady beat in common time. This song can be played at a DJ party.,False,False
4913,pL71P2hVjMc.wav,This audio features an electric guitar. This guitar is played through an effects pedal adding reverb to the sound. A guitar lick is played with one open string and the melody on the higher register of another string. There are no other instruments in this song. There is no voice in this song. This song can be played in an instructional video on effects pedals.,False,False
4914,pLqa0cqsICA.wav,"This music is a percussive instrumental. The tempo is fast with a vigorous, vivacious beat. It is rhythmic, pulsating, vigorous and energetic with a male voice giving instructions on drumming styles. This clip is an instruction audio/video on drumming patterns.",False,False
4915,pLqasxGYWX8.wav,"This is a live performance of a salsa music piece. The melody is being played by loud and high-pitched trumpets with the backing of the piano and the bass guitar. In the rhythmic background, a group of latin percussive elements are playing such as cowbell and maracas. The atmosphere is vibrant and sensual. This piece could be included in the soundtrack of a romance movie that takes place in the Caribbeans or Latin America.",False,False
4918,pPOUg26EXiU.wav,This audio contains background noises of people talking. Then the music begins involving synth pad sounds playing long drones in the lower mid range to the higher register with little sparkling tones on top playing in a high pitch. This song may be playing for a meditation session.,False,False
4919,pQWpa484HQM.wav,"The low quality recording features a live performance of bagpipe melodies played over some percussive wooden elements. The recording is muffled, noisy, in mono and it sounds soulful and passionate.",False,False
4921,pS1X6Au1EAU.wav,This amateur folk song features a stringed instrument being played by plucking the strings. This is accompanied by a percussion that sounds like a shaker. This is a low quality recording and the sound of whistling can be heard in the background. There are no voices in the song. This song can be played in a movie featuring a visit to a village.,False,False
4922,pSt8NwXyDlg.wav,This is a rocksteady/proto-reggae music piece. There is a male vocalist singing in a relaxed manner. The electric guitar and the bass guitar is playing a groovy melody while occasional synth sounds from the keyboard can be heard. The rhythmic background consists of a slow tempo reggae acoustic drum beat. The atmosphere is chill. This piece could be used in the soundtrack of a summertime movie taking place on a tropical island.,False,False
4924,pTzINk_nVHg.wav,This is a gear showcase jam. The electric guitar is being played initially without and then with the effect of a reverb pedal. There is a groovy feel to the solo that is being played. This piece can be sampled to be used as an advertisement jingle or to be used in beat-making.,False,False
4925,pVfV09CDmus.wav,"This is the sound of a shofar, a bugle-like instrument. It is blown by a person using the lips. This shofar music is playing only one note. There are no other instruments in this song. There is no voice in this song. This song is used for religious purposes.",False,False
4926,pWHkmo9Kn8g.wav,"This low quality recording features a male voice singing the main melody. This is accompanied by percussion playing a simple beat. After two bars, the percussion plays only the ride cymbal. A distortion guitar plays power chords and after two bars, lets the last chord ring. The bass plays the root notes of the chords. This song can be played in a Transformers style movie.",False,False
4929,pXz67syyse0.wav,This is a classical music piece performed on a baritone saxophone. The tone of the baritone saxophone resembles a cello sound. There is a tender feel to the melody being played. The atmosphere is heart-touching. This piece would fit perfectly in the soundtrack of a documentary with serene scenes such as a birdlife documentary.,False,False
4931,pYaegEQ_wtI.wav,"The low quality recording features a compilation of bright trumpet melodies. The recording is noisy, in mono and it sounds passionate and jazzy.",False,False
4933,p_-lKpxLK3g.wav,This classical song features the main melody played by trumpets. This is accompanied by violins playing two note trills. A xylophone plays notes in the background. Church bells are played in the background. There is no percussion in this song. This is an instrumental song. There are no voices in this song. The mood of this song is relaxing. This song can be played in a magical scene in a movie.,False,False
4936,paeNnR33i5Q.wav,This is the live performance of a progressive metal music piece. The electric guitar is playing a complex solo in the lead. There is a bass guitar playing in the background. The rhythm is played by the acoustic drums. There is an agitated feel to the piece. This piece could be playing in the background at a rock bar.,False,False
4937,pbVYSktQ5jE.wav,"The low quality recording features a punk song that contains flat male vocal singing over punchy kick and snare hits, shimmering cymbals, wide electric guitars and groovy bass guitar. It sounds energetic, exciting and upbeat - like something you would jump to at concerts.",False,False
4938,pcOPueObfWs.wav,"The low quality recording features a filtered monster growl, followed by a wide arpeggiated synth. It sounds spooky and haunting.",False,False
4939,pdIAN6lMXSU.wav,This song contains a digital techno drum with a kick on every beat. A sub-bass is inviting to dance along with synth pluck sounds playing a melody in a higher key along with a female voice. A very low pitched male voice sample comes in for a moment before a synth pad sound playing in the midrange comes in. This song may be playing in a techno club.,False,False
4940,pdOskdFwRPg.wav,This song features a drum solo. The drum solo has the accents on the cowbell. The tempo of this song is fast. The hi-hat accentuates the counts and is played in eighth note pattern. There are no other instruments in this song. This song can be played in an instructional video.,False,False
4943,piyYJ2l_h8Q.wav,This is a rock-n-roll music piece. There is a male vocalist in the lead singing in a gritty manner. The electric guitar is playing a simple tune with the backing of the bass guitar. The rhythmic background consists of a basic upbeat acoustic rock drum beat. There is a groovy feel to this piece. It could be playing in the background at a rock bar. It could also be used in the soundtrack of a feelgood movie during road trip scenes.,False,False
4946,pnh_C1w4yGc.wav,"The low quality recording features a flat male vocal talking over an electro song that consists of a punchy ""4 on the floor"" kick pattern, short snare hit and offbeat shimmering hi hats. In the second part of the loop, the electro song is being scratched by a DJ. The recording is noisy and in mono.",False,False
4947,poxsF3-HeP0.wav,"A male vocalist sings this catchy song. The tempo is fast with synthesiser arrangement, punchy digital drum beats, groovy bass line and melodic vocal backup. The music has a repetitive, catchy vocal riff. It is youthful, punchy, bouncy, thumping, pulsating, and throbbing with soulful vocals and a dance groove. This music is Deep House/Techno pop.",False,False
4949,ppAT0f2YCyM.wav,"This song is a duet sung in a two part harmony in a foreign language. The tempo is slow with a male voice chanting a call to which the response is this melodious harmony. The song is soothing, calming, delicate, charming and melodic. This could possibly be a religious ritual.",False,False
4951,pte5jvRKwsA.wav,This is a live recording of an instrumentalist playing a didgeridoo. The melody is rapid and bouncy.,False,False
4952,puAclKsCbes.wav,"This is a fun, upbeat country folk song. We hear a banjo player strum rapidly and then go on to do a solo. We hear cheering and clapping fans, intricate basslines and acoustic guitars being rapidly strummed. It's a fun, uptempo song that would be heard in a barnyard.",False,False
4953,pvxx3aokwCU.wav,"This is an instrument showcase jam. The steel drums are being played in a gentle manner. Then, a male voice starts describing the features of the steel drums. The instrument has a relaxing timbre. The parts where it is being played can be sampled for use in the background of meditation videos.",False,False
4954,pwX5SArqGKU.wav,This pop rock song features a male voice singing the main melody. A backing male voice sings the last part of the line in harmony. This is accompanied by a piano playing staccato chords. There is a momentary silence of instruments except the percussion after the chords are struck. An acoustic guitar plays chords in the background. A bass guitar plays the root notes of the chords. The percussion plays a simple beat in common time and finishes the bar with a roll. Then the drum plays with the beat with an open hi-hat. The mood of this song is happy. This song can be played in a coming of age movie.,False,False
4957,pz8P96myUZk.wav,This contemporary gospel song features a female voice singing the main melody. This is accompanied by percussion playing a simple beat in common time. The bass plays the root nots of the chords. An electric guitar plays fills in between lines. The quality of this audio is low and other instruments cannot be easily identified. This song can be played in a Christian movie.,False,False
4959,pzpg2-jYu6k.wav,This song contains a male voice singing in the midrange while percussion instruments such a triangle and drums are playing a rhythm along with an e-bass. A baritone saxophone is playing a melody and someone is strumming chords and a melody on an acoustic guitar. This is an amateur recording. You can hear a high frequency tone from the recording and the sound is lagging. This song may be playing on the radio in a small village.,False,False
4960,q-86OQ3HZ4o.wav,"This music is a mesmerising Chinese instrumental. The tempo is medium with a melodious Chinese harp or Guzheng with rhythmic pipa, violin harmony and Chinese percussion instruments. The music is soft, soothing, calming, ethereal, meditative, mellifluous,euphonious and enchanting.",False,False
4961,q-sJu8CoZts.wav,"A male vocalist sings this high energy Country Song. The tempo is fast with animated Banjo, fiddle, auto harp, acoustic guitar and cello. The song is cheerful, happy, enthusiastic, fervent, pulsating, buoyant and animated with vocalising and backup. This song is a spirited Country Folk Song.",False,False
4963,q6GBCmLxNIk.wav,The song is an instrumental. The tempo is medium with a string section accompanying the first violin playing a melancholic melody. The song is emotional and melancholic. The song is a classic western classical music piece.,False,False
4964,q7U8p-m8J3s.wav,The song is an instrumental. The tempo is medium with a wood block percussion and a didgeridoo playing percussively. The song is spiritual and emotional in nature. The audio quality is poor.,False,False
4966,q7sK_xrJz-k.wav,"The low quality recording features a flat male vocal talking over electric guitar melody and sustained strings, with some metallic impact sound and stuttering vocal sound effect. It sounds funny and the recording is noisy and in mono.",False,False
4968,q9Gh-zh-5Ig.wav,"Energetic, fun latin salsa music with a fast tempo that includes busy percussion, a brass section, piano, group male vocals.",False,False
4972,qBe_D8Gg5lA.wav,The song is an instrumental. The bagpipes play together in unison and march to the sounds of crowds cheering and other ambient sounds. The song is patriotic like a victory march. The song has very bad audio quality.,False,False
4973,qCUJ-8AlecY.wav,This is a drumline stick trick recording. A drummer is playing rudiments on a snare pad in an acrobatic manner. There is a rapid procession of single and double strokes. This piece could be sampled for use in beat-making.,False,False
4974,qDSvHlHbAqM.wav,"A female vocalist sings this sweet Country song. The music is fast with lively banjo, mandolin, acoustic guitar , dobro and Auto harp harmony, steady bass and rhythmic drumming . The song is emotional, sentimental, pensive, reflective, with a catchy beat. This song is classic Country Pop.",False,False
4976,qDjeY72KaSo.wav,"A Chinese zither plucked string instrument, or guzheng covering a popular western song with virtuosity, tremolo picking and string bending over a steady rock beat. East meets west.",False,False
4980,qFTMEVccUMg.wav,"The low quality recording features a squeaking sound, followed by shimmering bells. The recording is noisy.",False,False
4981,qFo_gRhW6dQ.wav,This is a yoga music piece. There is a male vocal humming a gentle tune. The acoustic guitar is playing a simple arpeggio in the background. There is a calming atmosphere. This piece could fit well during meditation sessions.,False,False
4982,qFrvkOOR2HQ.wav,The low quality recording features a man talking in the background over woodwind melody and wooden percussion. It sounds like a traditional folk song and the recording is noisy and in mono.,False,False
4983,qHRRWdWvjxI.wav,"Lead clarinetist playing a melody with an eastern scale accompanied by wind ensemble, cymbals and drums.",False,False
4984,qI-Ji4gtBPM.wav,"The low quality recording features an electro song that contains soft male vocal singing over punchy ""4 on the floor"" kick pattern, shimmering hi hats and open hats, claps, groovy acid synth bass and mellow synth pad chords. It sounds energetic, groovy and hypnotic.",False,False
4986,qKXhSGaudtk.wav,"The low quality recording features a traditional song that contains a wide string melody, wooden percussion and some noisy sound in the background. It gives relaxing vibes, even though the percussion and strings are a bit aggressive.",False,False
4988,qM8F6ECriRc.wav,"The low quality recording features a traditional pop song that consists of a flat male vocal, alongside exciting background vocals, singing over claps, wooden percussive elements, groovy bass and acoustic guitar melody. It sounds energetic, addictive, fun and joyful - like something you would hear at more traditional parties.",False,False
4990,qMd2DTyF9EE.wav,This is the live performance of an Irish folk music piece. There is no singer. The fiddle is playing an upbeat solo while the bass guitar is playing a complex bass line using the tapping technique. The atmosphere is joyful. This piece could be used in the soundtrack of a documentary that has scenes of rapid movement.,False,False
4991,qOSdHmfwLF4.wav,"The low quality recording features a children song that consists a passionate female vocal singing over, punchy snare located in the right channel, shimmering tambourine in the right channel of the stereo image, shimmering bells melody, shimmering acoustic rhythm guitar chords, simple bass and coughing sound in the beginning. It sounds fun, happy and joyful - like something kids would listen to.",False,False
4994,qRLRLp-KTFs.wav,This is an instrumental didgeridoo piece performed on the street. The didgeridoo is played at a low-to-medium range while the player is performing a simple rhythmic pattern with the use of percussion at the same time. The atmosphere is eccentric. This recording can be used in the soundtrack of a movie that has a tribal setting.,False,False
4995,qRgefptkDeo.wav,This folk song features a clarinet playing the main melody. A trumpet plays a similar melody in harmony. This is accompanied by a tuba playing the bass notes. An acoustic guitar plays chords for this song. There are no voices in this song. This is an instrumental song. There is no percussion in this song. This song can be played at an Oktoberfest party.,False,False
4997,qV_VxEAXXDU.wav,"This music is instrumental. It is the sound of a bell playing incessantly. The sound is loud, booming, vibrating, resounding and resonating.",False,False
5000,qVgnzJuGDBE.wav,"This music is instrumental. The tempo is slow with a smooth saxophone harmony, groovy bassline, syncopated piano and jazz style drumming. The music is soothing, atmospheric, soothing, lively,  romantic, compelling and informal.  This music is a Jazz instrumental.",False,False
5003,qXSG2uq2tNw.wav,"This song is an animated vocalisation. The tempo is fast with a lively piano accompaniment, accordion harmony, cello rhythm, hard hitting drums, groovy bass lines, hand percussion beats and xylophone. The music is upbeat, energetic,enthusiastic, high-spirited and vivacious. This is a live performance with ambient sounds of people talking and general bustling. The audio quality is inferior. This song is a live Pop.",False,False
5010,qcjzfHmQvxg.wav,"The low quality recording features a flat female vocal talking over breathy flute melody. As soon as the female starts talking, the flute melody lowers in volume. The recording is noisy and in mono.",False,False
5012,qeoYWM1uYPI.wav,"The low quality recording features an electro song that consists of reversed hi hats, followed by shimmering 2 step hi hats and ""4 on the floor"" kick pattern playing on top of it. It sounds groovy and exciting.",False,False
5013,qfVIeq7s6tw.wav,The song is an instrumental. The song is medium fast tempo with a didgeridoo playing percussively with no other instrumentation. The song is played passionately and spirited. The audio quality is very poor.,False,False
5014,qfwTbBprDVU.wav,This is a dancehall/reggae music piece. There is a female vocalist singing in a rap-like manner with a Jamaican accent in the lead. The melody is being played by two layers of electric guitar with a bass guitar backing. The rhythm is being played by the electronic drums. An airy synth sound can be heard very faintly in the distance. The atmosphere is chill. This piece can be used in the soundtrack of a summer movie during scenes where everybody is relaxing.,False,False
5015,qh-4EDX4agQ.wav,The song is an instrumental. The song is medium tempo with a horn player playing a deer horn in a repeated manner. The song is spiritual and customary. The song has bad audio quality.,False,False
5017,qjH068GOmQ4.wav,"The low quality recording features a drum & bass song that consists of a repetitive female vocal sound effect, growl synth bass, manic percussions, shimmering hi hats, punchy kick and snare hits and echoing synth pad. It sounds energetic, aggressive and manic - like something you would hear in underground clubs during the 00s.",False,False
5018,qjJ41iwU9LY.wav,"The low quality recording features a pop song that consists of harmonizing vocals singing over pulsating synth lead melody, groovy bass, ""4 on the floor"" kick pattern, punchy snare, shimmering hi hats and some wooden percussive elements. It sounds energetic and addictive.",False,False
5019,qknDM3pcoD0.wav,"This song carries a powerful air of conviction with it that is aided by  the singer's soulful performance. It's a heartbreak song and although it feels sad, it also feels like a reclamation of power. It's a live performance with a full band including guitarists, violinists, a pianist and a drummer who plays a pop beat. The genre for this song could be classified as pop-soul.",False,False
5023,qlklggFvAZs.wav,"This is a contemporary reggae song. The vocalist has a smooth and silky voice, the song sounds romantic and intimate. We hear electric guitar chord stabs on the off-beats which characterise the reggae pop style. There are also licks on the electric guitar and a simple drum beat suitable for laid-back dancing. The song has a tropical feel.",False,False
5024,qlqJF5yPmUc.wav,fast tapping in rhythm. The sounds are clicking. There is a metronome sound present as well. The rhythm is regimented.,False,False
5026,qmR9O2oZCWc.wav,This audio contains someone playing a soothing melody on a harp. This piece sounds a little bit melancholic. This song may be playing at a little concert.,False,False
5028,qp4Ubx7WOAQ.wav,"The clip is a combination of various sound effects. First, we have a fire crackling and this continues throughout the clip. Then we have the sounds of hard objects falling on a wooden floor, and then the sound of glass breaking. What follows is a retro video game beeping sound effect, a grungy electric guitar power chord sequence, and simple rock drumming along with a bassline that matches the chords.",False,False
5029,qpN3Aqrr8mg.wav,This audio contains someone playing a xylophone sound and rattles. This is an amateur recording. You can hear clicking and recording noises. This audio may be playing demonstrating specific sounds on a device.,False,False
5031,qpwjSTEaswI.wav,"This folk dubstep features female voices singing the main melody. This is accompanied by percussion playing a dubstep beat. The tempo of the beat is fast, incorporating shuffles. A jaw harp plays a quirky sound in the background. The tempo of the song is fast. At the beginning, there is no bass. Toward the end, the bass plays while the percussion gets louder. This song can be played in a club.",False,False
5034,qrzNABqN420.wav,"The low quality recording features a rock song that consists of a passionate female vocal singing over punchy kick and snare hits, shimmering hi hats, wide electric guitar melody and groovy bass guitar. It sounds energetic and addictive in the first half of the loop, while in the second part it's mellow and softer.",False,False
5037,qtNTHnXOQew.wav,"The low quality recording features an electro song played live and it consists of at least a punchy snare and a boomy bass. There are some crowd cheering noises in the background. It sounds muffled, energetic, aggressive and distorted as the recording is very noisy and in mono.",False,False
5039,qutPvh6TFd8.wav,"This song features two harps playing a melody. In the beginning, both harps play the harp complimenting each other. After one bar, one of the harps plays the higher repetitive phrase and the other harp plays the lower register notes. This song has a happy mood. There are no other instruments in this song. There are no voices in this song. This song can be played in an inspirational video.",False,False
5043,qwz7oLASJqg.wav,This song features a pop song being sung by male voices in acapella . The voices sing the different parts of a choir. They are singing vocables and not words. The voices sing in harmony. Voices are singing the bass; alto and tenor parts. The mood of this song is romantic. This is an amateur recording. This song can be played in a romantic movie.,False,False
5045,qxWVr67g6yY.wav,This is the live performance of a pop music piece. It is an amateur recording. There are male vocals singing melodically. An electric guitar strums a chord for the ending of a song while the sounds of the cymbals can be heard from the acoustic drums. The cheers of the crowd can be heard even more than the music itself. This recording could be sampled for use in beat-making.,False,False
5047,r0I-G70gyo0.wav,A male voice is speaking. In the background you can hear other voices. Then someone starts playing a bagpipe in a higher register underlaying its own drone. This song may be played on the streets by a busker.,False,False
5049,r1W1z_31Obw.wav,"This is an electronic dance/house music piece. There are female vocals singing melodically. The melody is being played by the keyboard with the electric guitar samples in the background. The rhythm consists of an electronic drum beat and electronic percussive elements. The atmosphere is danceable and energetic. This piece could be used in the soundtrack of a romantic comedy movie, especially during the scenes where a character is hesitating to open up to their crush.",False,False
5050,r2gYE6-cGx8.wav,"This clip would be suitable for a movie soundtrack during a scene that is thrilling, intense, exciting and fueled with adrenaline. The music is played by an orchestra, with several layers of violin and brass instruments. The song brings about an atmosphere that invites action.",False,False
5052,r4G71I1dFpA.wav,"The low quality recording features a soft echoing female vocal singing over mellow piano chords, mellow synth pad chords and reverberant percussion. It sounds soft, mellow, passionate, emotional and sad.",False,False
5053,r4JRDHYukZ4.wav,"A male singer sings this emotional melody. The song is medium tempo with a steady drumming rhythm, accordion accompaniment and people singing together in unison. The song is emotional and sentimental. The song audio quality is poor.",False,False
5054,r4nPBNL3D0E.wav,"A male vocalist sings this lively Rock song. The tempo is fast with bright trumpet harmony, groovy bass, infectious drumming , electric guitar and vocal backup. The music is upbeat, groovy, funky, high-spirited, vibrant and enthusiastic. This song is Retro Rock and Roll.",False,False
5055,r5xTmK2Fq1w.wav,"The low quality recording features a reggae song that consists of flat male vocals, alongside filtered, echoing male vocal and doubling background vocals, singing over punchy kick and snare hits, energetic crash cymbals, tinny wooden percussions, groovy bass and synth keys chords. It sounds energetic, as it is upbeat and addictive, thanks to the cadence.",False,False
5060,r9AxQfXYLEs.wav,"Someone is playing an acoustic drum set with a lot of different percussive sounds such as tambourine, cowbell and congos. A male voice is speaking as if explaining something. This song may be playing in a drumming class.",False,False
5062,rDusaHYR69g.wav,"This clip is two different tracks. The first one is a female vocalist singing a nursery rhyme with lively drums, tambourine beats and vocal backup. The second track is a child singing a song with a playful piano accompaniment . The songs are children’s nursery rhymes.",False,False
5064,rFE_bKOr1W0.wav,The low quality recording features a cover of a classical song played on buzzy harpsichord melody. The recording is a bit noisy.,False,False
5067,rG_6MS6_K6g.wav,A male voice is rapping in a higher pitch and with reverb and delay on his voice. An acoustic drum sample is playing a simple hip hop groove along with a tambourine like sound. The hihat is panned to the right side of the speakers. An e-bass is playing along. A clean e-guitar sample is being repeated as a melodic and rhythmic element. This song may be playing at home while cleaning the house.,False,False
5068,rGgvqyHKI4Y.wav,"This song features a shofar being played. It starts off with a sustained note followed by a higher note. After a short pause, the melody is repeated but the first note is shortened and the second, higher note is sustained. There are no other instruments in this song. This song has religious significance. This song can be played at the call of battle in a historical movie.",False,False
5070,rKRI5UcIICI.wav,This is an acoustic drum solo performance. The drummer is playing rapid and complex fills with a heavy use of cowbells. There is a clear latin music influence in this solo. It has an energetic aura. Parts of this performance could be sampled in use for beat-making.,False,False
5071,rKfpCiJf9do.wav,"The low quality recording features a traditional song that consists of wide wooden percussion, arpeggiated strings melody and breathy flute melody layered with brass melody. It sounds soulful, mystical and passionate.",False,False
5072,rLBGxAj9D14.wav,"This music is an upbeat instrumental . The tempo is fast with a funky harmonica melody leading to a pre-recorded track with infectious drumming, double bass and keyboard harmony. The track is muffled and incoherent. The music is. Catchy, lively, cheerful, perky, funky, happy, vivacious, vibrant and groovy. This music is a Blues Boogie instrumental.",False,False
5077,rNUtYf6EdW8.wav,"The low quality recording features a classical song that consists of a suspenseful brass melody, sustained strings and dynamic low percussion roll. It sounds suspenseful, dramatic and intense.",False,False
5078,rOOBAGxxjBk.wav,"This music is a lively instrumental. The tempo is fast with the charming harmony of trumpet, saxophone, tuba and a rhythmic accordion accompaniment. The music is fresh, spirited,lively, pleasant, merry, cheerful, charming and entertaining. This music is a classical piece.",False,False
5080,rQcecqZtGvE.wav,This orchestral song features a brass band. The main melody is played on the trumpet. The bass is played on a tuba. There are other brass instruments playing in harmony in the background. There is no percussion in this song. There is no voice in this song. The mood of this song is victorious. This song can be played when a champion takes the podium in a classic event such as fencing or an equestrian event.,False,False
5081,rS8oECcQBCk.wav,"This is an advertisement video for a rhythm machine. Firstly, it is shown playing behind a bass guitar jam. Then, it is shown playing behind an acoustic guitar jam. A male voice is describing the benefits and functions of the rhythm machine. The parts where the instruments can be heard without the interruption of the voice can be sampled for use in beat-making.",False,False
5085,rVdI-aD9pq8.wav,This song is played on the bamboo flute. The melody is simple and traditional. The sound is tremulous. There are no other instruments in this song. There are no voices in this song. This song can be played in a children's kung fu animation movie.,False,False
5087,rW5YKFsiWM8.wav,"The song is an instrumental. The tempo is slow with an Indian flute or bansuri playing soulfully to the keyboard accompaniment, sitar accompaniment and a tabla player waiting to join in. The music is soulful and emotional. The audio quality is poor.",False,False
5089,rY9zjr9T_WI.wav,"This is a kids music piece. There is a keyboard playing the main tune while the wind chimes and the xylophone can be heard adding texture. There are sound effects such as clicks and a clown horn. A female voice says ""ice cream"". The atmosphere is goofy and generic. This piece could be used in the background of an educational video about ice cream meant for kids.",False,False
5090,r_KdRKquXsM.wav,This audio contains a composition played by brass instruments such as trumpets playing a melody in the higher range along with a deeper horn and a bass horn. This song may be playing at a theater presenting this composition.,False,False
5092,raM8Lp0aGCk.wav,Someone is playing soft and warm sounding chords on an analog synthesizer slowly opening up a filter letting higher frequencies pass. Someone is playing a melody along on a theremin. Both are playing in the mid to higher range. This song may be playing live.,False,False
5100,rizanOQM61k.wav,"The low quality recording features passionate harmonizing choir vocals, alongside fruity male vocals. It sounds passionate, traditional and joyful. The recording is noisy and in mono.",False,False
5104,rn_v88OiRks.wav,This audio clip features an instruction of playing the guitar. An electric guitar plays a descending pentatonic run at two different places on the guitar to give a different feel. The voice narrates the process of playing the notes. This is followed by a double stop which is played seven times with a string bend on the eighth time. This can be used in an instruction video.,False,False
5105,rnuGOQ-aSjs.wav,"Solo latin percussion music featuring congas, cowbells, and timbales, performing complex rhythms.",False,False
5106,rrAIuGMTqtA.wav,"This is a recording of an electric guitar, first with a chord being strummed and allowed to ring out, then with licks being played. The guitarist plays a blues lick with the guitar producing a clean and compressed tone.",False,False
5111,ryEXhKy1QUI.wav,Male voice over with a solo oboe melody in the background.,False,False
5112,rzVNYg3nClo.wav,"The low quality recording features in-game sound effects and background orchestral music. The in-game sounds are weird high pitched grunts, female grunts, swoosh sound effects, hitting sound effects and laser sound effects. The background music consists of wide strings melody, woodwinds melody and low staccato brass melody. It sounds suspenseful, intense, dramatic and there is a constant noise in the background.",False,False
5114,s1QeDT7jqHQ.wav,"The low quality recording features multiple layers of french horn melodies. It sounds passionate, a bit muddy and soulful.",False,False
5115,s1eMgmzCMDM.wav,This low quality audio features too much noise. The instruments are not audible due to the noise.,False,False
5117,s25X6KwBpxw.wav,"This is a poor quality recording of a yodeling music piece. There is a male vocalist singing rapidly with the yodeling technique. The melody is being played by an accordion. There is a bass guitar playing in the background. The rhythm is provided by an upbeat acoustic drum beat. The atmosphere is cheerful. Despite the quality issue of the recording, it would suit well as a rural radio station music playing inside the car in a movie.",False,False
5121,s3Q8pVDY7ZI.wav,This is a Spanish Christmas song with child vocalists. The song has a jolly and positive vibe to it. There are string instruments and brass instruments. The brass plays a three note motif that is vibrant and positive.,False,False
5124,s5kz8qg4B2Y.wav,"The low quality recording features a live performance of a rock song that consists of a passionate male vocal, followed by passionate female vocal singing over shimmering cymbals, mellow snare and kick hits, electric guitar melody and groovy bass guitar. It sounds distant, reverberant, but also energetic.",False,False
5125,s5wdG7xbTNg.wav,"The low quality, mono recording features reverberant wooden toms, played after long silence, which makes it weird.",False,False
5127,s72505MIhz8.wav,"The low quality recording features a flat male vocal talking, after which an accordion melody starts playing. It sounds joyful and happy, even though the recording is noisy.",False,False
5128,s7VkXHiULz8.wav,This heavy metal song features a male voice singing the main melody. This voice sings in an angry tone. The voice is shrieking. This is accompanied by percussion playing an aggressive rock beat. The distortion guitar plays a riff which starts off on the root note and then plays higher notes in the scale descending back to the root note. The bass plays the root notes of the chords. The mood of this song is anger. This song can be played in an action sequence in a movie.,False,False
5130,sDX_95H0f9Q.wav,"Here we have a couple of musicians playing bagpipes live, and in the background there is the vehicle engine sound of a supercar. The video was recorded outside as we hear the ambient noise of a city.",False,False
5131,sDoV3sMgDhE.wav,"The low quality recording features a short snippet of theremin solo melody, after which there is a complete silence, as the performer turned off his microphone. The recording is noisy and in mono.",False,False
5133,sEIn8YYD9jw.wav,"This song features a harmonica playing the main melody. This is accompanied by percussion playing a simple beat with the focus on the snare. The bass plays the root note of the chord. Due to the low quality of the audio, the other instruments cannot be heard. T.",False,False
5134,sETUDPPoDuo.wav,"This music is an electronic instrumental. The tempo is fast with heavily synthesised music and electronic arrangements with heavy reverb and surround sound. The music is droning, incessant, trippy, hypnotic and trance like. This is an EDM/Synth Pop.",False,False
5136,sGM6xX5laFU.wav,"This music is instrumental. The tempo is slow with an intense violin harmony with heavy bass cello. The music is intense, serious, grim, spooky, eerie, terrifying and spine chilling and sounds like the soundtrack of a horror movie.",False,False
5137,sGVzzQLcT0U.wav,"The low quality recording features a passionate electric guitar lick played over electric guitar chords. It sounds emotional, soulful and the recording is noisy and in mono.",False,False
5141,sIItIq_W3eE.wav,"The Electro song features a harmonizing passionate male vocals, with widely spread and dynamic echo effect on it, singing over groovy bass, groovy piano chords, synth keys and filtered ""4 on the floor"" kick pattern. It sounds exciting, easygoing and addictive - like something you would hear in a DJ set as a warm up.",False,False
5142,sJzb2AhqkSg.wav,"This is a pop/soft rock music piece. There is a female vocalist singing melodically in the lead. The keyboard is playing the main tune while the bass guitar plays in the background. The rhythm is being provided by an acoustic drum beat. The atmosphere is lighthearted. The piece has a slow tempo. The song is in major key. This piece could be used in the soundtrack of a romantic comedy movie, especially during the scenes where the characters are reminiscing about the good old days.",False,False
5144,sL01xTmV_Fc.wav,"This is an emotional ballad played on the theremin. The audio quality is poor, but still we feel the sad and sombre effects of the melody played by the performer.",False,False
5145,sMNuJy4f4A0.wav,This is a soap opera theme music. There is a clarinet playing the main tune with the acoustic guitar and the bass guitar in the backing. There is a melodic pad that can be heard. An acoustic sounding electronic cymbal and wind chimes strokes are playing every now and then. There is a sentimental atmosphere to this piece.,False,False
5146,sOJSjVp6UTc.wav,"This music is instrumental. The tempo is slow with a single note played on a horn-like instrument . The instrument sounds like a Jewish Ram’s horn. It is loud, emphatic, and authoritative with the sound of running water in the background . It is a celebratory,festive ritual music for making announcements. This music is Ritual music.",False,False
5149,sQMzHk9MRAI.wav,"This song contains an orchestra playing an epic sounding piece. Trumpets are playing the main melody along with a brass section providing chords, other string instruments are playing a short melody with the bow and someone is playing marching snares before a cymbal roll comes in and flutes are taking over along with strings in the background. This song may be playing in a war hero movie.",False,False
5151,sRxUm-ziCBo.wav,This song features a harp playing the main melody. This melody is calming and relaxing. This song can be played in a meditation center. There are no other instruments in this song. There are no voices in this song.,False,False
5152,sSavMIH-e-w.wav,"The Jazz song features a saxophone solo melody playing over shimmering hi hats, groovy bass and shimmering bells melody. It sounds passionate, soft, mellow and soulful.",False,False
5154,sU08gu2zJ4c.wav,"The Electro song features a passionate female vocalist singing over wide synth pad chords, mellow synth keys, shimmering hi hats, ""4 on the floor"" kick pattern and haunting synth lead melody. It sounds addictive and exciting.",False,False
5155,sUh43prJYMM.wav,"This music is an animated instrumental. The tempo is fast with a lively cello bass line , viola and violin harmony with a  lead strung instrument which is either an Auto Harp or electric guitar. There is a child’s voice superimposed on the music with incoherent words and a lot of static. The music is lively, intense,playful, fun, cheerful, animated and breezy. This music is an animated Pop.",False,False
5156,sUjAb0SfppQ.wav,"The low quality recording features a tutorial where a flat male vocalist talks, followed by echoing, uptempo electric guitar melody. The recording is really noisy and the actual sound is leaning towards the right channel - which makes the stereo image unbalanced.",False,False
5159,sYJiHxmQWjo.wav,"This music is two separate tracks of two Turkish Rap/Hip-Hop artists. The male and female artists sing a fast tempo, energetic, enthusiastic, spirited and youthful Rap. This is contemporary Turkish Hip-Hop.",False,False
5160,sZQ4TeLueSs.wav,This is a low quality audio clip. This jazz song features percussion playing a Latin style beat. A chindong is being played along with the main percussion. This instrument has a 'tin' sound. There are no other instruments in this song. The male singer narrates one line in the course of this song. This is an instrumental song. The mood of this song is happy.,False,False
5163,s_LMd1_XN1w.wav,This song is a classical music instrumental. The two main instruments it features are piano and violin - the piano plays arpeggiated chords while the violin plays legato notes. The song has a sombre and emotional tone to it.,False,False
5165,sbOBTkrivXM.wav,This hip-hop song features a male voice singing the main melody. There are other quirky voices singing in the background. This is accompanied by programmed percussion playing deep kick and snare hits. Hand claps are played on alternate counts of the bar. This song can be played in a club.,False,False
5167,sd1gAgsXMsc.wav,This audio contains a big bell ringing in a steady rhythm. This is an amateur recording. This sound may be playing in a church bell tower.,False,False
5174,sjiE5CfyuHU.wav,This song contains an acoustic drum sample playing a groove along with an e-bass line. A high pitched sound sample is playing along with an e-piano playing single notes in a higher register. A male voice is rapping in a higher register. In-between you can hear a gunshot and a male voice shouting. This song may be playing while doing sports.,False,False
5178,snJDZAnTMwQ.wav,A digital drum is playing a techno groove with a kick on every beat. A synth bass is playing a simple line along to a piano playing major chords. Panned to the sides of the speakers you can hear a xylophone like sound playing the melody along in a higher key and a marimba adding notes. A digital brass sound is adding hits to the melody. A female voice is singing in a higher key. This song may be playing in a kids tv-show.,False,False
5180,sp77ueBkqS0.wav,"This music is an Electric Guitar instrumental. The tempo is medium with a pleasant electric guitar riff. The music is loud, powerful, clear, tight, intense and engaging.",False,False
5181,spyBrs3relU.wav,The song is an instrumental. The tempo is medium fast with two harpsichordists playing an instrument harmony with no other instrumentation. The song is exciting like a dance but has a bad audio quality.,False,False
5183,st92BzeUzFU.wav,The low quality recording features a shofar repetitive melody. The recording is in mono and so noisy that it slightly distorts the audio. It sounds soulful and reverberant.,False,False
5185,suX7Cri4kAo.wav,"This is a country music piece. There is a female vocalist singing melodically at the forefront. The melodic background consists of the electric guitar, the bass guitar and the piano. The rhythmic background is provided by a simple acoustic drum beat. The atmosphere is upbeat and easygoing. This piece could be playing in the background at a rock bar. It could also work well as an advertisement jingle.",False,False
5186,svNayU6q3Dg.wav,This is a pop music piece. There is a female vocalist singing in a shout-like style. There is a flute and an electric guitar playing the melody with the bass guitar playing in the background. The rhythm is provided by a medium tempo acoustic drum beat. The tune is catchy. The piece is in the major key and there is an easygoing atmosphere to it. This piece could be used in the soundtrack of a sit-com during the credits section.,False,False
5188,sxgMEmp5aGE.wav,"The Traditional song features a sustained strings melody, followed by short strings melody, wide wooden percussions and shimmering shakers. It sounds soulful and passionate.",False,False
5189,sytdnmy0sRs.wav,"The low quality recording features a gospel song that consists of harmonizing female vocals singing over groovy piano melody and some clapping. There are crowd talking noises in the background, while the recording is in mono and noisy. It sounds emotional, passionate and romantic - like something you would hear at weddings.",False,False
5193,t-L_PuzR67U.wav,This is a Swedish bridal march piece. The bagpipes are playing a festive melody. There is a ceremonial atmosphere. This piece could be played at a Swedish wedding or during a wedding scene in a Swedish historical drama movie.,False,False
5196,t1ULMDpL35I.wav,"The low quality recording features a jazz live performance that consists of saxophone solo melody played over energetic cymbals, manic tom roll, punchy snare and kick hits, organ keys chords, groovy double bass and groovy piano chords. It sounds passionate and upbeat.",False,False
5197,t3-xANiQrho.wav,"This composition contains someone playing a solo melody on a horn in the mid to higher register. A string section, flutes and oboes are supported with a short rising harmony. This song may be playing live while listening to an orchestra.",False,False
5198,t3758pixHZY.wav,The song is an instrumental. The song is medium tempo with a keyboard playing a panning harmony with no percussion. The song is emotional and haunting at the same time. The song is probably a movie soundtrack.,False,False
5199,t3Y9Za9roJM.wav,The low quality recording features a cover of a song and it consists of harmonica solo melody over arpeggiated acoustic guitar melodies played a bit sloppy. It still sounds passionate and emotional. The recording is in mono and a bit noisy.,False,False
5200,t5P_HJrrD64.wav,"The low quality recording features a song that consists of a repetitive flat male vocal singing over plucked string melody, groovy bass, wooden percussion, snappy rimshots and soft kick hits. It sounds fun and happy - like something kids would listen to.",False,False
5201,t5RqDGLiDvo.wav,"A male vocalist sings this violent Rock. The tempo is fast and rigorous with hard hitting drums, intense bass line and aggressive electric guitar lead with synthesiser arrangements. The song is loud, violent, thunderous,passionate, boisterous and aggressive. This song is Death Metal.",False,False
5203,t6XtW3SHQNE.wav,"The song is an instrumental. The tempo is medium fast with three accordions playing in harmony and virtuoso style , guitar strumming and other percussion instruments. The song is highly improvisational and has a bad audio quality with ambient room noises.",False,False
5206,t8SLY7xn7Sc.wav,"The low quality recording features a rock song that consists of a passionate female vocal singing over shimmering hi hats, punchy snare, mellow kick hits, uptempo acoustic rhythm guitar, groovy bass and some crowd talking sounds in the background. It sounds energetic, happy and addictive.",False,False
5207,t8os583-_JM.wav,"The low quality recording features a cover of a latin urban song that consists of a groovy bass guitar, acoustic rhythm guitar, hand tapping and electric guitar solo playing over it in the first half of the loop, followed by harmonica solo in the second half of the loop. It sounds passionate and energetic.",False,False
5208,t8uF3PZ3KGQ.wav,"This music is a soothing Chinese lute instrumental. The tempo is slow with a soft melody of the Pipa. It is melodic, zen, meditative, reflective, ponderous and calming.",False,False
5209,t9aSL2MwEDM.wav,This song contains a female singer singing with a lower voice. An acoustic drum is playing a simple groove with a catchy bassline. An e-guitar is playing the notes along with the bass. A keyboard is emulating an e-guitar sound by playing a little lick. This song may be playing at a live concert.,False,False
5211,tBKOvAiNOQE.wav,This is a jazz music piece. There is a piano and a trombone playing a groovy tune. The atmosphere is lively. This piece could be used as an opening theme for a nighttime talk show or a historical YouTube channel.,False,False
5212,tDVOUsG52Jw.wav,"This music is a simple and pleasing instrumental. The tempo is medium fast with a cheerful accordion harmony. The music is minimalist,simple, cheerful, happy, fun, carefree, jolly and lighthearted.",False,False
5213,tDZPGf8WYmI.wav,This is a Christmas music piece. There is a male voice and a female voice singing melodically in the Cebuano language. The electric piano is playing the main melody while the electric guitar and the bass guitar are playing in the background. The rhythm is provided by a simple and upbeat acoustic drum beat. The atmosphere is festive and cheerful. This piece could be the opening theme of a Christmas movie that takes place in the southern Philippines.,False,False
5222,tJHFSRTPyew.wav,"A female vocalist sings this spirited pop. The tempo is  medium fast with percussion accompaniment like congas, bongos and drums , tambourine beats,along with amplified flute like the Ney and rhythmic oud. The music is catchy, youthful, groovy, breezy, romantic, pleasant and spirited. This music is contemporary Folk Pop.",False,False
5223,tJWduBZRJkE.wav,"This is a chaotic mix of sound effects meant to scare the listener. There is a carousel-like tune coming from what sounds like a circus setting. Various ominous sound effects such as screaming, roaring and evil laughter can be heard in the piece. There is an ear-piercingly loud synth sound at some point. The atmosphere is creepy. This piece could be used in the soundtrack of a horror video game during a nightmare/pandemonium sequence.",False,False
5225,tMICtalfpSc.wav,"This is a vintage middle eastern song. The male singer sings passionately in Arabic, on top of a simple instrumental which features violins and a simple drum pattern. This song would be heard in an old middle eastern movie.",False,False
5226,tOb0M2k3deo.wav,Someone is playing a drum groove on the ride with a lot of fill-ins on toms. This song may be playing during drum practice.,False,False
5227,tOnjlUzqSC4.wav,"This is a sad, emotional piano song. Initially, we hear the low pitch and high pitch notes played in unison. The low notes then serve as a bass backing for the treble. The song would suit a sad scene in a movie.",False,False
5229,tPVsTFGWU5Q.wav,"The Dubstep song features a punchy kick and snare hits, groovy hi hats, aggressive synth bass and mellow bells melody played in the beginning. It sounds energetic and haunting.",False,False
5232,tUBTRs7Avk0.wav,"This is an electronic/downtempo house music piece. There is a male vocalist singing melodically under heavy effects. There is a synth and an acoustic guitar playing the repeated main tune. The rhythmic background consists of an acoustic drum beat. The atmosphere is trippy. This piece could be used in the soundtrack of an animation movie, especially during vivid dream sequences.",False,False
5233,tUJ_ZniLjhc.wav,"A female singer sings this sad Country song. The tempo is medium with a Harmonica harmony, steady bass line, acoustic guitar, auto harp and dobro accompaniment. The song is soft, mellow, sad, poignant, emotional, sentimental and despondent with a melodious tune. This Song is a classic Country Pop.",False,False
5234,tUSnod37b9Q.wav,This audio contains someone plucking a simple bassline on an upright bass while you can hear a percussive brushing sound. Then the playing stops and a male voice starts speaking. This song may be playing in a video-tutorial.,False,False
5235,tUZB_Xf1m6k.wav,A male voice is singing a melody in the midrange sounding like having fun while doing so. Backing vocals are shouting at the end of his phrase. In the background you can hear the instruments playing funky melodies; rhythms and grooves. What stands out is a flute playing a flute melody sounding like a traditional chinese melody and digital strings are playing in the midrange. This song may be playing celebrating graduation with costumes.,False,False
5237,tV2m7HFJprU.wav,"This soul funk song features a female voice singing the main melody using vocals. This is accompanied by female voices singing backing vocals. The percussion plays a simple beat in common time. The bass plays a funky bassline. The trumpet plays a repetitive fill in the background. Due to the low quality of audio, other instruments are not audible. This song is a classic disco song and can be played in a disco.",False,False
5239,tW7478HnmCs.wav,This symphonic song features a melody played on cellos and violins in the beginning. A similar melody is played on the harpsichord soon after. The harpsichord plays the melody as well as the bass notes. There is no percussion in this song. This song has no voices. This is an instrumental song which can be played at a black tie event.,False,False
5243,tWwvTUm9RXs.wav,The low quality recording features a tutorial that consists of a flat male vocal talking over snappy wooden snare one shots. The recording is noisy and in mono.,False,False
5246,tbovKStEnME.wav,"The song is an instrumental. The tempo is medium with an accordion player, guitar rhythm, flute player and other percussion playing in harmony. The song is groovy and has gypsy flavour to it. The song audio quality is poor with ambient crowd noises.",False,False
5247,tc7crRl2JqA.wav,This is a rocksteady music piece. There is a male vocalist with a Jamaican accent singing in a relaxed manner. The melody is being played by an electric guitar and a keyboard with a groovy bass guitar joining them in the background. The acoustic drums are playing a slow tempo reggae beat in the rhythmic background. The atmosphere is chill and tropical. This piece could be used in the soundtrack of a romance movie with a tropical setting. It could also be playing in the background at a beach or a seaside restaurant.,False,False
5249,tdTT6rmkk9M.wav,"Someone is playing a kick on every beat along with little fill-ins on toms, cymbals and hihat. An e-bass is playing long notes along with an acoustic guitar finger picking chords while another guitar is playing higher pitched notes in a tremolo. A male voice is singing in a higher pitch sounding grateful. An atmospheric synth pad sound is rising in the background processed with a lot of reverb. This song may be playing with headphones enjoying a beautiful day.",False,False
5252,thHSYzhoLo4.wav,"A male vocalist sings this soft melody. The tempo is slow with a mellow keyboard harmony, steady drumming, subtle bass line and acoustic guitar accompaniment. The song is soft, romantic, melodic, emotional , sentimental, melancholic and pleasant. This song is classic Soft Rock.",False,False
5253,tjQTZM-sqS0.wav,This song features a drum solo. The solo starts with 4 strokes on the kick drum followed by three strokes on the snare and cymbals together. Then the kick is played in groups of three strokes and the hi-hat is and snare is played in a repetitive pattern. This song has no other instruments and no voices. This song can be played in an instructional video.,False,False
5255,tlDBOenCGV4.wav,"The low quality recording features wooden percussion playing in the right channel, shimmering xylophone playing in the left channel and dissonant bells chords in the middle of the stereo image. It sounds suspenseful and intense.",False,False
5259,tnDUwvxQU3k.wav,"The low quality recording features a funk/soul song that consists of a passionate female vocal singing over groovy bass guitar, wide strings chords, low repetitive plucked strings melody, punchy snare layered with claps, soft kicks and shimmering cymbals. It sounds emotional, passionate and addictive.",False,False
5260,tnJb9WyhCUc.wav,"The low quality recording features a hydraulophone melody played alongside water leaking sound. The recording is wide, noisy and it sounds relaxing and calming.",False,False
5261,tnSM-SnE5Lk.wav,"The low quality recording features a distant brass melody and loud impact, after which there are church bells sounds. It is noisy and in mono and it sounds like a compilation.",False,False
5262,too9MtXBwts.wav,"A sweet, melancholy sounding soft rock song with a male singer accompanied by acoustic guitar strumming, a cello counter melody, piano, simple electric bass, and a slow rock drum beat.",False,False
5263,tpamd6BKYU4.wav,This children's song features a male voice singing the main melody. Children repeat numbers after the main voice sings. This is accompanied by percussion playing a simple beat. The bass plays a groovy bassline. A keyboard plays in the background. A sound like a marimba plays individual notes in an ascending order followed by descending notes. An organ plays chords in the background. The mood of this song is happy. This song can be played in a children's educational animation movie.,False,False
5265,tr2iVjsu4xs.wav,This song features a brass quintet. The bass notes are played on a tuba. The main melody is played on the trumpets. This is backed by the trombone and French horn. There are no other instruments in this song. There are no voices in this song. This song is an instrumental song with an epic feel. This song can be played when a victorious protagonist enters the city after a battle in a movie.,False,False
5266,tsdNl72WVs4.wav,"The low quality recording features a steel guitar melody, followed by accordion melody. There are some popping sounds and it sounds passionate, happy and joyful.",False,False
5268,tu3IrmT_2xk.wav,"In this clip we have a man speaking Hebrew, followed by the sound of a high pitched traditional horn. In the background, there are unidentifiable noises.",False,False
5269,tuoBmxts5Xo.wav,"The low quality recording features a live performance of a jazz song that consists of a tenor sax solo melody playing over mellow piano chords, sustained strings, groovy bass, snappy rimshots, shimmering hi hats and punchy kicks. It sounds emotional, passionate and soulful.",False,False
5270,tv14XEQcY0c.wav,This is an Azerbaijani folk music piece. It is an instrumental piece. The only instrument being played is a garmon which has a sound that resembles an accordion. There is a lively atmosphere in the recording. This piece can be played in the soundtrack of a documentary that takes place in the Caucasus region. It could also be used in the soundtrack of an Azerbaijani soap opera.,False,False
5272,tvqvuGywD8U.wav,This audio contains someone blowing a shofar horn with a lot of reverb and a long release time. Panned to the right side of the speakers you can hear water dripping. This song may be playing while doing something like qigong.,False,False
5274,tw8-TlQBcBA.wav,This is an electropop/synth-pop music piece. It is an instrumental piece. There is a crunchy sounding electric guitar tune at the forefront. The rhythmic background consists of an aggressive acoustic drum beat. The atmosphere is hard-hitting. This piece could be playing in the soundtrack of a coming-of-age drama movie.,False,False
5275,tyAXjOihm6g.wav,"The low quality recording features groovy wooden percussion. The recording is in mono, noisy and it sounds boomy.",False,False
5277,u0CgRmXMXNc.wav,This is the recording of a bell ringing lesson video. There is a set of three small church bells being played in various ways. There is a male voice speaking in an instructive manner on how to ring the bells. He is speaking in the Russian language. This recording can be sampled for use in beat-making. The bell sample could also fit well as a sound effect in a cartoon or a movie.,False,False
5278,u0lm58cet1g.wav,"This is a pop/disco music piece. There is a male vocalist singing melodically in the lead while the main tune is being played by the saxophone. In the rhythmic background, there is an electronic drum beat with percussive elements surrounding it. The atmosphere is energetic and danceable. This piece could be playing in the background at a dance club during a retro-themed night.",False,False
5279,u1a5eyk-9ig.wav,"The low quality recording features a kids song sung by harmonizing kids vocals over shimmering bells, claps, synth keys melody, groovy bass and shimmering hi hats in the right channel of the stereo image. It sounds fun, happy, addictive, thanks to that cadence, and like something kids would listen to.",False,False
5280,u3n2OcpEC48.wav,"The low quality recording features a suspenseful tone of didgeridoo. The recording is mono and noisy, as it was probably recorded with a phone.",False,False
5282,u3yOMK8SuRI.wav,This song is a simple instrumental. The tempo slows with the sound of clapping followed by a soft and mellow  ukelele melody. This is a home video of a Ukelele instrumental.,False,False
5283,u68Ghaf_Phs.wav,"This folk song features a variety of instruments. The main melody is played on a violin, flute and accordion. The double bass plays a running bass pattern. An acoustic guitar strums chords. A hammered dulcimer plays parts that give a percussive feel. There are no voices in this song. This is an instrumental song. This song can be played in a luxurious and lively brunch.",False,False
5285,u8aB6EALonk.wav,The song is an instrumental. The song is in medium tempo with a harpist playing a beautiful  cascade of notes while the orchestra watches. The song is exciting and passionate. The audio quality is poor.,False,False
5287,uA-JpZppFsc.wav,The low quality recording features an accordion melody with some plastic tapping keys along the way. It sounds soulful and passionate and the recording is noisy.,False,False
5293,uCXI7dgABHI.wav,"The low quality recording features a groovy cajon percussion, electric guitar chords and groovy synth bass. It sounds groovy and funky.",False,False
5295,uE3BHXXiCFs.wav,"The low quality recording features an afrobeats song that consists of a flat male vocal rapping over punchy 808 bass, strings melody, shimmering hi hats, claps and some snare rolls. It sounds addictive, bouncy and groovy thanks to that rhythm.",False,False
5298,uGfd3xanwro.wav,This audio contains people playing percussive instruments in the background. In the foreground you can hear someone playing a flute in a higher pitch. The sound of the flute is overdriving the speakers of the recording completely. This recording is of very poor audio-quality. This song may be playing while celebrating.,False,False
5302,uLp6z37bfVE.wav,A lot of very active church bells ringing together.,False,False
5305,uQE3fLdzpKs.wav,This audio contains someone playing tao percussion with fast drumrolls. In the background you can hear other noises. This is an amateur recording. This song may be playing live at a traditional performance.,False,False
5307,uRA5Ue30fsY.wav,This is an Oriental dance music piece. It is an instrumental piece. There is an oud and a new flute playing the melody. The rhythmic background is composed of percussive elements such as the def and the tambourine. The atmosphere is exotic and sensual. This piece could be used in the soundtrack of movies that take place in the Middle East region.,False,False
5308,uS2kPLvEo6A.wav,"This is a live performance of the Tibetan singing bowls. The performer is repeatedly striking the bowls with a small hammer and making them vibrate with resonant sound. These sounds create a calming, relaxing aura. This piece would make a perfect background track for a meditation video.",False,False
5309,uSZQGP_i3gs.wav,"The Electro song features repetitive echoing bells, simple piano chords, groovy bass and huge down sweep. It sounds exciting, chill and easygoing - like the drop is incoming.",False,False
5313,uUoEB3DBSjo.wav,"harsh sounding drumline music with a screechy bagpipe, active bass drum, marching snare drum. The sound is loud and grating.",False,False
5315,uYCAxX2F6DA.wav,This audio contains someone playing a tibetan bowl ringing in a high pitch. This may be playing during meditation.,False,False
5318,uZHE9b1WDuM.wav,"The song is an instrumental. The tempo is fast , with a philharmonic orchestra consisting of string section, rhythm section and horns accompanying a virtuoso wooden xylophone playing this western classical hit. The song is energetic and exciting.",False,False
5321,ua0hgl8fi0I.wav,"The low quality recording features a live performance of a classical song that consists of sustained strings and flute melody. There are some chair crackling noises, as well as camera shuttering sounds. It sounds emotional and passionate, and the recording itself is noisy.",False,False
5322,ucSF9NIxK8A.wav,"The low quality recording features a traditional song sung by harmonizing female vocals and followed by wooden percussion, short flute licks and mellow piano chords. It sounds addictive and passionate.",False,False
5323,udQQrQB-gr4.wav,"The Industrial Rock song features a groovy bass, punchy snare, groovy kick pattern, shimmering cymbals, addictive electric guitar melody and arpeggiated synth keys melody playing. It sounds energetic and emotional - like something you would jump to at concerts.",False,False
5324,ue1sgGEvkwE.wav,"This music is an Electronic instrumental. The tempo is fast with vigorous electronic and heavily synthesised music using DL mixer, turn table and drum machines.The Ustica is youthful, futuristic, contemporary, vigorous, groovy, psychedelic, trance, hypnotic ,boomy and pulsating. This music is an Electronica/Tech House.",False,False
5325,uegzZWp6Y4w.wav,This song features a male voice narrating a story in the beginning. This is followed by a drum roll in a marching beat style. A bass note is played which is the root note of the chord. An organ strikes a chord and plays it staccato style. A guitar also strikes a chord. There are no other instruments in this song. This song can be played in a movie trailer.,False,False
5326,ui6ERk-AySw.wav,This is the live performance of an indietronica music piece. The melody is being played by the electric guitars and the bass guitar. The rhythmic background consists of a fast tempo acoustic drum beat. The atmosphere is melancholic. This piece could be used in the soundtrack of a drama movie that takes place in a city setting.,False,False
5328,uknhELOFYmY.wav,"Some big and bold percussion instruments, namely timpanis, are used in this piece and create a bold and magnetic atmosphere. There is an intricate piano melody that comes in after the rhythmic percussive intro. The song fits into the east asian part of the world.",False,False
5329,un-OXLWhvDc.wav,This song contains someone playing blues on a clean e-guitar. Then a male voice starts singing calmly and with a mid ranged voice. This song may be playing in a road-movie.,False,False
5330,uoZ9Rs4E-6Y.wav,This song is played on a harpsichord. The harpsichord plays the bass and treble notes. This is a classical composition. There are no other instruments in this song. There are no voices in this song. This song can be used when a member of royalty arrives at a palace.,False,False
5332,uqAY4lCUcRY.wav,"This audio contains a brass band playing a slow melody. Some are playing a layer of a long chord in the mid to higher register. on top of that a trumpet is leading a melody than other trumpets are coming in giving a loud answer. This song may be played live, performed by part of an orchestra.",False,False
5333,uqUNGNZoxrg.wav,This is a DJ performance piece. The DJ is scratching the turntable over a breakbeat sample. The constantly shifting electronic drums are in the rhythmic background. There is a beat repeat effect added on the beat in the background. The atmosphere is urban. This piece could be playing in the background of a basketball skills compilation video.,False,False
5338,uxLY3CBoPo8.wav,This song features an electric guitar playing the main melody. The guitar plays three ascending chords. Each chord is strummed once at the beginning of the bar. The tremolo bar is used to give the sound a tremulous effect. There are no other instruments in this song. There are no voices in this song. This is an instrumental song. This song can be played in a guitar instruction video.,False,False
5341,v1EDTMRmJlY.wav,"The low quality recording features a reggae song that consists of passionate male vocal singing over offbeat, widely spread guitar chords, groovy bass, punchy kick hits, punchy snare hits layered with claps, bouncy wooden percussions and echoing brass melody. It gives off happy and fun vibes - as every reggae song should.",False,False
5344,v3wR3aIQ23w.wav,This song contains digital drums with an overdrive kick going together with a digital bass. Another synth sub bass is playing a melody. On top of that a lofi bitrate sound is playing a melody in the higher register. This song may be playing during a videogame.,False,False
5345,v4sANJkuwP4.wav,"This symphonic song features an orchestra. At the beginning, a French horn plays a melody. This is followed by a harmony played by the string section and brass section. There is no percussion in this song. This song is uplifting. The mood of this song is suspenseful. This song can be played in a movie where a dangerous scene is taking place.",False,False
5347,v592zQpuaJA.wav,"The low quality recording features a resonating bowl sound, followed by mellow metallic percussion. The recording is noisy and it sounds a bit harsh and disturbing.",False,False
5348,v5SsASLy2c8.wav,This audio contains people playing saxophones in all ranges and with a fast melody. This song may be playing as part of an orchestral performance.,False,False
