hf_index,nodes,edges,temporal_edges,similarity_edges,similarity_edges_per_node,segmentation_mode
0,9,52,16,36,4.0,beat_2
1,10,56,18,38,3.8,beat_2
2,10,58,18,40,4.0,beat_2
3,10,62,18,44,4.4,beat_2
4,12,74,22,52,4.333333333333333,beat_2
5,6,30,10,20,3.3333333333333335,beat_2
6,8,46,14,32,4.0,beat_2
7,9,52,16,36,4.0,beat_2
8,6,30,10,20,3.3333333333333335,beat_2
9,12,70,22,48,4.0,beat_2
10,5,20,8,12,2.4,beat_2
11,16,90,30,60,3.75,beat_2
12,9,56,16,40,4.444444444444445,beat_2
13,8,46,14,32,4.0,beat_2
14,6,30,10,20,3.3333333333333335,beat_2
15,10,62,18,44,4.4,beat_2
16,10,62,18,44,4.4,beat_2
17,10,54,18,36,3.6,beat_2
18,9,52,16,36,4.0,beat_2
19,8,46,14,32,4.0,beat_2
20,17,102,32,70,4.117647058823529,beat_2
21,8,44,14,30,3.75,beat_2
22,9,52,16,36,4.0,beat_2
23,12,78,22,56,4.666666666666667,beat_2
24,10,60,18,42,4.2,fixed_1s
25,12,76,22,54,4.5,beat_2
26,9,54,16,38,4.222222222222222,beat_2
27,14,84,26,58,4.142857142857143,beat_2
28,8,44,14,30,3.75,beat_2
29,7,36,12,24,3.4285714285714284,beat_2
30,14,78,26,52,3.7142857142857144,beat_2
31,13,72,24,48,3.6923076923076925,beat_2
32,8,46,14,32,4.0,beat_2
33,9,54,16,38,4.222222222222222,beat_2
34,11,68,20,48,4.363636363636363,beat_2
35,13,74,24,50,3.8461538461538463,beat_2
36,6,28,10,18,3.0,beat_2
37,9,52,16,36,4.0,beat_2
38,12,74,22,52,4.333333333333333,beat_2
39,10,58,18,40,4.0,beat_2
40,13,76,24,52,4.0,beat_2
41,6,30,10,20,3.3333333333333335,beat_2
42,10,60,18,42,4.2,beat_2
43,6,30,10,20,3.3333333333333335,beat_2
44,11,66,20,46,4.181818181818182,beat_2
45,6,30,10,20,3.3333333333333335,beat_2
46,10,58,18,40,4.0,beat_2
47,10,64,18,46,4.6,beat_2
48,10,60,18,42,4.2,beat_2
49,9,50,16,34,3.7777777777777777,beat_2
50,7,38,12,26,3.7142857142857144,beat_2
51,13,78,24,54,4.153846153846154,beat_2
52,10,56,18,38,3.8,fixed_1s
53,5,20,8,12,2.4,beat_2
54,7,40,12,28,4.0,beat_2
55,10,60,18,42,4.2,beat_2
56,11,66,20,46,4.181818181818182,beat_2
57,10,52,18,34,3.4,beat_2
58,7,38,12,26,3.7142857142857144,beat_2
59,11,68,20,48,4.363636363636363,beat_2
60,12,72,22,50,4.166666666666667,beat_2
61,11,60,20,40,3.6363636363636362,beat_2
62,11,66,20,46,4.181818181818182,beat_2
63,7,38,12,26,3.7142857142857144,beat_2
64,12,66,22,44,3.6666666666666665,beat_2
65,10,54,18,36,3.6,beat_2
66,11,68,20,48,4.363636363636363,beat_2
67,12,68,22,46,3.8333333333333335,beat_2
68,11,68,20,48,4.363636363636363,beat_2
69,11,66,20,46,4.181818181818182,beat_2
70,8,48,14,34,4.25,beat_2
71,9,52,16,36,4.0,beat_2
72,14,90,26,64,4.571428571428571,beat_2
73,12,72,22,50,4.166666666666667,beat_2
74,9,52,16,36,4.0,beat_2
75,10,58,18,40,4.0,beat_2
76,12,72,22,50,4.166666666666667,beat_2
77,8,46,14,32,4.0,beat_2
78,7,38,12,26,3.7142857142857144,beat_2
79,10,56,18,38,3.8,beat_2
80,7,38,12,26,3.7142857142857144,beat_2
81,11,68,20,48,4.363636363636363,beat_2
82,10,60,18,42,4.2,beat_2
83,11,66,20,46,4.181818181818182,beat_2
84,14,90,26,64,4.571428571428571,beat_2
85,11,66,20,46,4.181818181818182,beat_2
86,10,60,18,42,4.2,beat_2
87,17,98,32,66,3.8823529411764706,beat_2
88,14,90,26,64,4.571428571428571,beat_2
89,13,76,24,52,4.0,beat_2
90,13,74,24,50,3.8461538461538463,beat_2
91,9,56,16,40,4.444444444444445,beat_2
92,10,60,18,42,4.2,beat_2
93,11,64,20,44,4.0,beat_2
94,11,66,20,46,4.181818181818182,beat_2
95,11,64,20,44,4.0,beat_2
96,9,56,16,40,4.444444444444445,beat_2
97,12,64,22,42,3.5,beat_2
98,11,62,20,42,3.8181818181818183,beat_2
99,9,54,16,38,4.222222222222222,beat_2
100,10,54,18,36,3.6,beat_2
101,7,38,12,26,3.7142857142857144,beat_2
102,13,76,24,52,4.0,beat_2
103,5,20,8,12,2.4,beat_2
104,12,74,22,52,4.333333333333333,beat_2
105,8,48,14,34,4.25,beat_2
106,12,72,22,50,4.166666666666667,beat_2
107,9,52,16,36,4.0,beat_2
108,13,74,24,50,3.8461538461538463,beat_2
109,10,60,18,42,4.2,beat_2
110,9,50,16,34,3.7777777777777777,beat_2
111,12,66,22,44,3.6666666666666665,beat_2
112,8,42,14,28,3.5,beat_2
113,13,78,24,54,4.153846153846154,beat_2
114,8,44,14,30,3.75,beat_2
115,10,62,18,44,4.4,beat_2
116,12,74,22,52,4.333333333333333,beat_2
117,8,46,14,32,4.0,beat_2
118,9,50,16,34,3.7777777777777777,beat_2
119,12,74,22,52,4.333333333333333,beat_2
120,11,64,20,44,4.0,beat_2
121,10,64,18,46,4.6,beat_2
122,10,54,18,36,3.6,fixed_1s
123,11,62,20,42,3.8181818181818183,beat_2
124,6,30,10,20,3.3333333333333335,beat_2
125,12,74,22,52,4.333333333333333,beat_2
126,8,46,14,32,4.0,beat_2
127,8,44,14,30,3.75,beat_2
128,9,52,16,36,4.0,beat_2
129,10,52,18,34,3.4,fixed_1s
130,7,38,12,26,3.7142857142857144,beat_2
131,12,68,22,46,3.8333333333333335,beat_2
132,11,58,20,38,3.4545454545454546,beat_2
133,7,36,12,24,3.4285714285714284,beat_2
134,11,66,20,46,4.181818181818182,beat_2
135,6,30,10,20,3.3333333333333335,beat_2
136,9,56,16,40,4.444444444444445,beat_2
137,8,44,14,30,3.75,beat_2
138,9,54,16,38,4.222222222222222,beat_2
139,11,64,20,44,4.0,beat_2
140,11,60,20,40,3.6363636363636362,beat_2
141,8,46,14,32,4.0,beat_2
142,11,66,20,46,4.181818181818182,beat_2
143,9,52,16,36,4.0,beat_2
144,10,58,18,40,4.0,beat_2
145,13,74,24,50,3.8461538461538463,beat_2
146,9,52,16,36,4.0,beat_2
147,10,58,18,40,4.0,beat_2
148,11,64,20,44,4.0,beat_2
149,8,46,14,32,4.0,beat_2
150,11,66,20,46,4.181818181818182,beat_2
151,11,68,20,48,4.363636363636363,beat_2
152,8,42,14,28,3.5,beat_2
153,8,44,14,30,3.75,beat_2
154,10,54,18,36,3.6,beat_2
155,13,76,24,52,4.0,beat_2
156,9,54,16,38,4.222222222222222,beat_2
157,10,58,18,40,4.0,beat_2
158,12,70,22,48,4.0,beat_2
159,11,66,20,46,4.181818181818182,beat_2
160,13,78,24,54,4.153846153846154,beat_2
161,8,46,14,32,4.0,beat_2
162,10,54,18,36,3.6,beat_2
163,5,20,8,12,2.4,beat_2
164,9,50,16,34,3.7777777777777777,beat_2
165,6,30,10,20,3.3333333333333335,beat_2
166,15,84,28,56,3.7333333333333334,beat_2
167,14,80,26,54,3.857142857142857,beat_2
168,6,28,10,18,3.0,beat_2
169,8,44,14,30,3.75,beat_2
170,10,58,18,40,4.0,beat_2
171,6,28,10,18,3.0,beat_2
172,14,78,26,52,3.7142857142857144,beat_2
173,6,30,10,20,3.3333333333333335,beat_2
174,13,78,24,54,4.153846153846154,beat_2
175,13,72,24,48,3.6923076923076925,beat_2
176,7,38,12,26,3.7142857142857144,beat_2
177,6,30,10,20,3.3333333333333335,beat_2
178,11,58,20,38,3.4545454545454546,beat_2
179,10,56,18,38,3.8,beat_2
180,8,44,14,30,3.75,beat_2
181,11,64,20,44,4.0,beat_2
182,15,98,28,70,4.666666666666667,beat_2
183,8,46,14,32,4.0,beat_2
184,11,66,20,46,4.181818181818182,beat_2
185,12,72,22,50,4.166666666666667,beat_2
186,10,60,18,42,4.2,beat_2
187,10,62,18,44,4.4,fixed_1s
188,8,44,14,30,3.75,beat_2
189,12,74,22,52,4.333333333333333,beat_2
190,12,66,22,44,3.6666666666666665,beat_2
191,11,66,20,46,4.181818181818182,beat_2
192,10,58,18,40,4.0,beat_2
193,11,68,20,48,4.363636363636363,beat_2
194,8,46,14,32,4.0,beat_2
195,10,54,18,36,3.6,beat_2
196,10,60,18,42,4.2,beat_2
197,8,46,14,32,4.0,beat_2
198,14,88,26,62,4.428571428571429,beat_2
199,6,30,10,20,3.3333333333333335,beat_2
200,13,74,24,50,3.8461538461538463,beat_2
201,7,38,12,26,3.7142857142857144,beat_2
202,8,44,14,30,3.75,beat_2
203,9,48,16,32,3.5555555555555554,beat_2
204,11,64,20,44,4.0,beat_2
205,7,40,12,28,4.0,beat_2
206,8,44,14,30,3.75,beat_2
207,8,46,14,32,4.0,beat_2
208,15,92,28,64,4.266666666666667,beat_2
209,11,62,20,42,3.8181818181818183,beat_2
210,7,38,12,26,3.7142857142857144,beat_2
211,11,70,20,50,4.545454545454546,beat_2
212,8,48,14,34,4.25,beat_2
213,10,62,18,44,4.4,beat_2
214,6,30,10,20,3.3333333333333335,beat_2
215,7,36,12,24,3.4285714285714284,beat_2
216,12,74,22,52,4.333333333333333,beat_2
217,9,52,16,36,4.0,beat_2
218,14,80,26,54,3.857142857142857,beat_2
219,7,38,12,26,3.7142857142857144,beat_2
220,13,74,24,50,3.8461538461538463,beat_2
221,12,76,22,54,4.5,beat_2
222,13,74,24,50,3.8461538461538463,beat_2
223,9,48,16,32,3.5555555555555554,beat_2
224,9,52,16,36,4.0,beat_2
225,10,58,18,40,4.0,beat_2
226,11,62,20,42,3.8181818181818183,beat_2
227,11,66,20,46,4.181818181818182,beat_2
228,8,44,14,30,3.75,beat_2
229,7,38,12,26,3.7142857142857144,beat_2
230,7,38,12,26,3.7142857142857144,beat_2
231,10,56,18,38,3.8,beat_2
232,12,72,22,50,4.166666666666667,beat_2
233,10,56,18,38,3.8,beat_2
234,9,50,16,34,3.7777777777777777,beat_2
235,13,74,24,50,3.8461538461538463,beat_2
236,11,62,20,42,3.8181818181818183,beat_2
237,9,52,16,36,4.0,beat_2
238,11,66,20,46,4.181818181818182,beat_2
239,13,78,24,54,4.153846153846154,beat_2
240,8,46,14,32,4.0,beat_2
241,6,30,10,20,3.3333333333333335,beat_2
242,11,62,20,42,3.8181818181818183,beat_2
243,11,64,20,44,4.0,beat_2
244,7,36,12,24,3.4285714285714284,beat_2
245,12,74,22,52,4.333333333333333,beat_2
246,11,66,20,46,4.181818181818182,beat_2
247,8,44,14,30,3.75,beat_2
248,8,44,14,30,3.75,beat_2
249,12,74,22,52,4.333333333333333,beat_2
250,9,54,16,38,4.222222222222222,beat_2
251,9,52,16,36,4.0,beat_2
252,9,52,16,36,4.0,beat_2
253,12,66,22,44,3.6666666666666665,beat_2
254,12,78,22,56,4.666666666666667,beat_2
255,9,54,16,38,4.222222222222222,beat_2
256,8,46,14,32,4.0,beat_2
257,7,38,12,26,3.7142857142857144,beat_2
258,13,80,24,56,4.3076923076923075,beat_2
259,11,62,20,42,3.8181818181818183,beat_2
260,10,58,18,40,4.0,beat_2
261,9,48,16,32,3.5555555555555554,beat_2
262,10,58,18,40,4.0,beat_2
263,13,74,24,50,3.8461538461538463,beat_2
264,11,62,20,42,3.8181818181818183,beat_2
265,9,50,16,34,3.7777777777777777,beat_2
266,14,82,26,56,4.0,beat_2
267,7,40,12,28,4.0,beat_2
268,13,72,24,48,3.6923076923076925,beat_2
269,13,76,24,52,4.0,beat_2
270,8,46,14,32,4.0,beat_2
271,10,56,18,38,3.8,beat_2
272,12,74,22,52,4.333333333333333,beat_2
273,10,54,18,36,3.6,beat_2
274,14,84,26,58,4.142857142857143,beat_2
275,9,54,16,38,4.222222222222222,beat_2
276,11,74,20,54,4.909090909090909,beat_2
277,11,68,20,48,4.363636363636363,beat_2
278,8,44,14,30,3.75,beat_2
279,8,42,14,28,3.5,beat_2
280,11,62,20,42,3.8181818181818183,beat_2
281,8,46,14,32,4.0,beat_2
282,11,56,20,36,3.272727272727273,beat_2
283,9,52,16,36,4.0,beat_2
284,12,76,22,54,4.5,beat_2
285,10,62,18,44,4.4,fixed_1s
286,10,60,18,42,4.2,beat_2
287,10,62,18,44,4.4,beat_2
288,10,58,18,40,4.0,beat_2
289,8,46,14,32,4.0,beat_2
290,9,54,16,38,4.222222222222222,beat_2
291,9,54,16,38,4.222222222222222,beat_2
292,9,54,16,38,4.222222222222222,beat_2
293,12,78,22,56,4.666666666666667,beat_2
294,11,68,20,48,4.363636363636363,beat_2
295,11,70,20,50,4.545454545454546,beat_2
296,10,60,18,42,4.2,beat_2
297,8,44,14,30,3.75,beat_2
298,12,66,22,44,3.6666666666666665,beat_2
299,12,70,22,48,4.0,beat_2
300,11,68,20,48,4.363636363636363,beat_2
301,12,80,22,58,4.833333333333333,beat_2
302,7,38,12,26,3.7142857142857144,beat_2
303,12,70,22,48,4.0,beat_2
304,11,64,20,44,4.0,beat_2
305,11,66,20,46,4.181818181818182,beat_2
306,9,48,16,32,3.5555555555555554,beat_2
307,8,42,14,28,3.5,beat_2
308,10,58,18,40,4.0,beat_2
309,11,68,20,48,4.363636363636363,beat_2
310,6,30,10,20,3.3333333333333335,beat_2
311,7,38,12,26,3.7142857142857144,beat_2
312,12,68,22,46,3.8333333333333335,beat_2
313,6,30,10,20,3.3333333333333335,beat_2
314,8,44,14,30,3.75,beat_2
315,5,20,8,12,2.4,beat_2
316,17,102,32,70,4.117647058823529,beat_2
317,8,46,14,32,4.0,beat_2
318,9,52,16,36,4.0,beat_2
319,11,70,20,50,4.545454545454546,beat_2
320,6,28,10,18,3.0,beat_2
321,6,30,10,20,3.3333333333333335,beat_2
322,9,54,16,38,4.222222222222222,beat_2
323,11,64,20,44,4.0,beat_2
324,6,30,10,20,3.3333333333333335,beat_2
325,7,36,12,24,3.4285714285714284,beat_2
326,11,62,20,42,3.8181818181818183,beat_2
327,7,38,12,26,3.7142857142857144,beat_2
328,12,70,22,48,4.0,beat_2
329,10,58,18,40,4.0,beat_2
330,11,64,20,44,4.0,beat_2
331,8,42,14,28,3.5,beat_2
332,7,38,12,26,3.7142857142857144,beat_2
333,7,36,12,24,3.4285714285714284,beat_2
334,6,30,10,20,3.3333333333333335,beat_2
335,10,58,18,40,4.0,beat_2
336,11,66,20,46,4.181818181818182,beat_2
337,12,68,22,46,3.8333333333333335,beat_2
338,7,36,12,24,3.4285714285714284,beat_2
339,9,52,16,36,4.0,beat_2
340,7,40,12,28,4.0,beat_2
341,7,36,12,24,3.4285714285714284,beat_2
342,8,46,14,32,4.0,beat_2
343,10,58,18,40,4.0,beat_2
344,8,46,14,32,4.0,beat_2
345,12,66,22,44,3.6666666666666665,beat_2
346,9,54,16,38,4.222222222222222,beat_2
347,10,60,18,42,4.2,beat_2
348,7,36,12,24,3.4285714285714284,beat_2
349,10,60,18,42,4.2,fixed_1s
350,11,62,20,42,3.8181818181818183,beat_2
351,10,62,18,44,4.4,beat_2
352,10,60,18,42,4.2,beat_2
353,6,30,10,20,3.3333333333333335,beat_2
354,5,20,8,12,2.4,beat_2
355,9,54,16,38,4.222222222222222,beat_2
356,9,54,16,38,4.222222222222222,beat_2
357,11,60,20,40,3.6363636363636362,beat_2
358,11,66,20,46,4.181818181818182,beat_2
359,8,46,14,32,4.0,beat_2
360,13,72,24,48,3.6923076923076925,beat_2
361,11,66,20,46,4.181818181818182,beat_2
362,11,56,20,36,3.272727272727273,beat_2
363,10,58,18,40,4.0,fixed_1s
364,9,54,16,38,4.222222222222222,beat_2
365,11,66,20,46,4.181818181818182,beat_2
366,11,64,20,44,4.0,beat_2
367,5,20,8,12,2.4,beat_2
368,13,78,24,54,4.153846153846154,beat_2
369,8,46,14,32,4.0,beat_2
370,11,68,20,48,4.363636363636363,beat_2
371,12,70,22,48,4.0,beat_2
372,7,40,12,28,4.0,beat_2
373,14,90,26,64,4.571428571428571,beat_2
374,15,86,28,58,3.8666666666666667,beat_2
375,13,80,24,56,4.3076923076923075,beat_2
376,7,38,12,26,3.7142857142857144,beat_2
377,10,60,18,42,4.2,beat_2
378,10,58,18,40,4.0,beat_2
379,8,44,14,30,3.75,beat_2
380,12,70,22,48,4.0,beat_2
381,7,36,12,24,3.4285714285714284,beat_2
382,9,50,16,34,3.7777777777777777,beat_2
383,11,64,20,44,4.0,beat_2
384,11,66,20,46,4.181818181818182,beat_2
385,11,64,20,44,4.0,beat_2
386,12,66,22,44,3.6666666666666665,beat_2
387,11,64,20,44,4.0,beat_2
388,8,42,14,28,3.5,beat_2
389,14,92,26,66,4.714285714285714,beat_2
390,14,86,26,60,4.285714285714286,beat_2
391,8,48,14,34,4.25,beat_2
392,7,40,12,28,4.0,beat_2
393,8,48,14,34,4.25,beat_2
394,8,46,14,32,4.0,beat_2
395,10,60,18,42,4.2,beat_2
396,8,46,14,32,4.0,beat_2
397,13,72,24,48,3.6923076923076925,beat_2
398,11,62,20,42,3.8181818181818183,beat_2
399,9,54,16,38,4.222222222222222,beat_2
400,10,56,18,38,3.8,fixed_1s
401,10,60,18,42,4.2,beat_2
402,5,20,8,12,2.4,beat_2
403,13,78,24,54,4.153846153846154,beat_2
404,8,46,14,32,4.0,beat_2
405,9,52,16,36,4.0,beat_2
406,11,60,20,40,3.6363636363636362,beat_2
407,11,62,20,42,3.8181818181818183,beat_2
408,17,98,32,66,3.8823529411764706,beat_2
409,5,20,8,12,2.4,beat_2
410,8,44,14,30,3.75,beat_2
411,6,30,10,20,3.3333333333333335,beat_2
412,5,20,8,12,2.4,beat_2
413,9,50,16,34,3.7777777777777777,beat_2
414,5,20,8,12,2.4,beat_2
415,13,74,24,50,3.8461538461538463,beat_2
416,10,56,18,38,3.8,beat_2
417,8,42,14,28,3.5,beat_2
418,9,52,16,36,4.0,beat_2
419,10,60,18,42,4.2,beat_2
420,13,76,24,52,4.0,beat_2
421,8,44,14,30,3.75,beat_2
422,6,30,10,20,3.3333333333333335,beat_2
423,10,58,18,40,4.0,beat_2
424,10,58,18,40,4.0,beat_2
425,12,68,22,46,3.8333333333333335,beat_2
426,16,90,30,60,3.75,beat_2
427,6,30,10,20,3.3333333333333335,beat_2
428,10,56,18,38,3.8,beat_2
429,10,58,18,40,4.0,beat_2
430,9,52,16,36,4.0,beat_2
431,8,46,14,32,4.0,beat_2
432,13,70,24,46,3.5384615384615383,beat_2
433,13,76,24,52,4.0,beat_2
434,10,62,18,44,4.4,fixed_1s
435,12,78,22,56,4.666666666666667,beat_2
436,10,60,18,42,4.2,beat_2
437,13,76,24,52,4.0,beat_2
438,10,62,18,44,4.4,beat_2
439,7,36,12,24,3.4285714285714284,beat_2
440,10,60,18,42,4.2,beat_2
441,12,76,22,54,4.5,beat_2
442,10,58,18,40,4.0,fixed_1s
443,8,44,14,30,3.75,beat_2
444,9,52,16,36,4.0,beat_2
445,8,44,14,30,3.75,beat_2
446,11,66,20,46,4.181818181818182,beat_2
447,9,50,16,34,3.7777777777777777,beat_2
448,10,60,18,42,4.2,beat_2
449,13,82,24,58,4.461538461538462,beat_2
450,10,58,18,40,4.0,beat_2
451,9,52,16,36,4.0,beat_2
452,5,20,8,12,2.4,beat_2
453,6,30,10,20,3.3333333333333335,beat_2
454,11,70,20,50,4.545454545454546,beat_2
455,10,58,18,40,4.0,beat_2
456,10,58,18,40,4.0,beat_2
457,10,60,18,42,4.2,fixed_1s
458,5,20,8,12,2.4,beat_2
459,12,74,22,52,4.333333333333333,beat_2
460,10,58,18,40,4.0,beat_2
461,10,58,18,40,4.0,fixed_1s
462,10,60,18,42,4.2,fixed_1s
463,5,20,8,12,2.4,beat_2
464,6,30,10,20,3.3333333333333335,beat_2
465,10,60,18,42,4.2,fixed_1s
466,7,38,12,26,3.7142857142857144,beat_2
467,10,60,18,42,4.2,beat_2
468,9,52,16,36,4.0,beat_2
469,10,58,18,40,4.0,beat_2
470,6,30,10,20,3.3333333333333335,beat_2
471,8,44,14,30,3.75,beat_2
472,11,64,20,44,4.0,beat_2
473,6,30,10,20,3.3333333333333335,beat_2
474,7,40,12,28,4.0,beat_2
475,6,30,10,20,3.3333333333333335,beat_2
476,10,60,18,42,4.2,beat_2
477,6,30,10,20,3.3333333333333335,beat_2
478,8,44,14,30,3.75,beat_2
479,8,44,14,30,3.75,beat_2
480,9,52,16,36,4.0,beat_2
481,8,46,14,32,4.0,beat_2
482,9,52,16,36,4.0,beat_2
483,12,68,22,46,3.8333333333333335,beat_2
484,12,78,22,56,4.666666666666667,beat_2
485,10,56,18,38,3.8,beat_2
486,8,48,14,34,4.25,beat_2
487,9,50,16,34,3.7777777777777777,beat_2
488,12,64,22,42,3.5,beat_2
489,9,54,16,38,4.222222222222222,beat_2
490,7,38,12,26,3.7142857142857144,beat_2
491,11,72,20,52,4.7272727272727275,beat_2
492,7,38,12,26,3.7142857142857144,beat_2
493,9,52,16,36,4.0,beat_2
494,11,70,20,50,4.545454545454546,beat_2
495,8,42,14,28,3.5,beat_2
496,11,68,20,48,4.363636363636363,beat_2
497,10,56,18,38,3.8,beat_2
498,7,38,12,26,3.7142857142857144,beat_2
499,11,66,20,46,4.181818181818182,beat_2
500,15,96,28,68,4.533333333333333,beat_2
501,11,70,20,50,4.545454545454546,beat_2
502,10,54,18,36,3.6,beat_2
503,5,20,8,12,2.4,beat_2
504,11,62,20,42,3.8181818181818183,beat_2
505,10,60,18,42,4.2,beat_2
506,7,34,12,22,3.142857142857143,beat_2
507,12,74,22,52,4.333333333333333,beat_2
508,9,48,16,32,3.5555555555555554,beat_2
509,7,36,12,24,3.4285714285714284,beat_2
510,8,46,14,32,4.0,beat_2
511,12,66,22,44,3.6666666666666665,beat_2
512,13,74,24,50,3.8461538461538463,beat_2
513,11,70,20,50,4.545454545454546,beat_2
514,11,68,20,48,4.363636363636363,beat_2
515,11,64,20,44,4.0,beat_2
516,16,100,30,70,4.375,beat_2
517,9,52,16,36,4.0,beat_2
518,9,50,16,34,3.7777777777777777,beat_2
519,10,62,18,44,4.4,beat_2
520,6,30,10,20,3.3333333333333335,beat_2
521,10,58,18,40,4.0,beat_2
522,6,30,10,20,3.3333333333333335,beat_2
523,12,68,22,46,3.8333333333333335,beat_2
524,8,46,14,32,4.0,beat_2
525,8,44,14,30,3.75,beat_2
526,10,56,18,38,3.8,fixed_1s
527,13,82,24,58,4.461538461538462,beat_2
528,10,52,18,34,3.4,beat_2
529,8,48,14,34,4.25,beat_2
530,10,56,18,38,3.8,fixed_1s
531,8,42,14,28,3.5,beat_2
532,11,58,20,38,3.4545454545454546,beat_2
533,9,52,16,36,4.0,beat_2
534,11,68,20,48,4.363636363636363,beat_2
535,11,68,20,48,4.363636363636363,beat_2
536,10,62,18,44,4.4,beat_2
537,9,50,16,34,3.7777777777777777,beat_2
538,5,20,8,12,2.4,beat_2
539,8,44,14,30,3.75,beat_2
540,9,50,16,34,3.7777777777777777,beat_2
541,5,20,8,12,2.4,beat_2
542,13,82,24,58,4.461538461538462,beat_2
543,12,74,22,52,4.333333333333333,beat_2
544,10,60,18,42,4.2,beat_2
545,9,50,16,34,3.7777777777777777,beat_2
546,6,30,10,20,3.3333333333333335,beat_2
547,6,30,10,20,3.3333333333333335,beat_2
548,10,58,18,40,4.0,beat_2
549,14,80,26,54,3.857142857142857,beat_2
550,10,58,18,40,4.0,beat_2
551,6,30,10,20,3.3333333333333335,beat_2
552,16,98,30,68,4.25,beat_2
553,8,42,14,28,3.5,beat_2
554,8,44,14,30,3.75,beat_2
555,15,90,28,62,4.133333333333334,beat_2
556,13,72,24,48,3.6923076923076925,beat_2
557,15,94,28,66,4.4,beat_2
558,12,64,22,42,3.5,beat_2
559,9,56,16,40,4.444444444444445,beat_2
560,14,88,26,62,4.428571428571429,beat_2
561,10,60,18,42,4.2,beat_2
562,10,60,18,42,4.2,beat_2
563,8,46,14,32,4.0,beat_2
564,8,44,14,30,3.75,beat_2
565,6,28,10,18,3.0,beat_2
566,8,44,14,30,3.75,beat_2
567,11,64,20,44,4.0,beat_2
568,8,46,14,32,4.0,beat_2
569,10,56,18,38,3.8,beat_2
570,16,98,30,68,4.25,beat_2
571,8,46,14,32,4.0,beat_2
572,10,62,18,44,4.4,beat_2
573,10,56,18,38,3.8,beat_2
574,8,44,14,30,3.75,beat_2
575,14,82,26,56,4.0,beat_2
576,12,74,22,52,4.333333333333333,beat_2
577,10,62,18,44,4.4,beat_2
578,9,54,16,38,4.222222222222222,beat_2
579,12,72,22,50,4.166666666666667,beat_2
580,10,58,18,40,4.0,fixed_1s
581,14,88,26,62,4.428571428571429,beat_2
582,13,80,24,56,4.3076923076923075,beat_2
583,9,50,16,34,3.7777777777777777,beat_2
584,10,58,18,40,4.0,beat_2
585,11,68,20,48,4.363636363636363,beat_2
586,8,46,14,32,4.0,beat_2
587,16,98,30,68,4.25,beat_2
588,12,72,22,50,4.166666666666667,beat_2
589,11,62,20,42,3.8181818181818183,beat_2
590,5,20,8,12,2.4,beat_2
591,14,80,26,54,3.857142857142857,beat_2
592,8,42,14,28,3.5,beat_2
593,6,30,10,20,3.3333333333333335,beat_2
594,11,70,20,50,4.545454545454546,beat_2
595,9,50,16,34,3.7777777777777777,beat_2
596,9,50,16,34,3.7777777777777777,beat_2
597,9,50,16,34,3.7777777777777777,beat_2
598,10,62,18,44,4.4,beat_2
599,11,58,20,38,3.4545454545454546,beat_2
600,10,60,18,42,4.2,fixed_1s
601,7,38,12,26,3.7142857142857144,beat_2
602,12,70,22,48,4.0,beat_2
603,5,20,8,12,2.4,beat_2
604,11,64,20,44,4.0,beat_2
605,8,44,14,30,3.75,beat_2
606,11,62,20,42,3.8181818181818183,beat_2
607,11,66,20,46,4.181818181818182,beat_2
608,8,46,14,32,4.0,beat_2
609,11,64,20,44,4.0,beat_2
610,10,62,18,44,4.4,fixed_1s
611,13,76,24,52,4.0,beat_2
612,14,90,26,64,4.571428571428571,beat_2
613,8,44,14,30,3.75,beat_2
614,9,48,16,32,3.5555555555555554,beat_2
615,10,58,18,40,4.0,beat_2
616,7,38,12,26,3.7142857142857144,beat_2
617,8,46,14,32,4.0,beat_2
618,11,68,20,48,4.363636363636363,beat_2
619,9,48,16,32,3.5555555555555554,beat_2
620,6,28,10,18,3.0,beat_2
621,12,66,22,44,3.6666666666666665,beat_2
622,5,20,8,12,2.4,beat_2
623,8,46,14,32,4.0,beat_2
624,6,30,10,20,3.3333333333333335,beat_2
625,12,78,22,56,4.666666666666667,beat_2
626,11,58,20,38,3.4545454545454546,beat_2
627,8,42,14,28,3.5,beat_2
628,10,58,18,40,4.0,beat_2
629,11,62,20,42,3.8181818181818183,beat_2
630,8,44,14,30,3.75,beat_2
631,10,62,18,44,4.4,beat_2
632,12,72,22,50,4.166666666666667,beat_2
633,12,66,22,44,3.6666666666666665,beat_2
634,7,36,12,24,3.4285714285714284,beat_2
635,10,54,18,36,3.6,beat_2
636,11,66,20,46,4.181818181818182,beat_2
637,8,44,14,30,3.75,beat_2
638,8,42,14,28,3.5,beat_2
639,10,60,18,42,4.2,fixed_1s
640,10,60,18,42,4.2,beat_2
641,10,56,18,38,3.8,beat_2
642,12,68,22,46,3.8333333333333335,beat_2
643,10,58,18,40,4.0,beat_2
644,12,64,22,42,3.5,beat_2
645,10,54,18,36,3.6,beat_2
646,8,46,14,32,4.0,beat_2
647,7,38,12,26,3.7142857142857144,beat_2
648,10,60,18,42,4.2,beat_2
649,10,58,18,40,4.0,fixed_1s
650,11,64,20,44,4.0,beat_2
651,10,56,18,38,3.8,beat_2
652,7,38,12,26,3.7142857142857144,beat_2
653,10,58,18,40,4.0,beat_2
654,14,82,26,56,4.0,beat_2
655,14,82,26,56,4.0,beat_2
656,11,66,20,46,4.181818181818182,beat_2
657,7,38,12,26,3.7142857142857144,beat_2
658,9,52,16,36,4.0,beat_2
659,10,60,18,42,4.2,fixed_1s
660,7,38,12,26,3.7142857142857144,beat_2
661,9,54,16,38,4.222222222222222,beat_2
662,10,58,18,40,4.0,beat_2
663,12,74,22,52,4.333333333333333,beat_2
664,10,60,18,42,4.2,beat_2
665,9,52,16,36,4.0,beat_2
666,9,52,16,36,4.0,beat_2
667,8,46,14,32,4.0,beat_2
668,10,56,18,38,3.8,beat_2
669,10,58,18,40,4.0,beat_2
670,12,66,22,44,3.6666666666666665,beat_2
671,5,20,8,12,2.4,beat_2
672,5,20,8,12,2.4,beat_2
673,10,58,18,40,4.0,beat_2
674,13,78,24,54,4.153846153846154,beat_2
675,8,44,14,30,3.75,beat_2
676,10,54,18,36,3.6,beat_2
677,15,92,28,64,4.266666666666667,beat_2
678,9,54,16,38,4.222222222222222,beat_2
679,8,44,14,30,3.75,beat_2
680,11,68,20,48,4.363636363636363,beat_2
681,10,56,18,38,3.8,beat_2
682,12,70,22,48,4.0,beat_2
683,8,46,14,32,4.0,beat_2
684,11,64,20,44,4.0,beat_2
685,8,46,14,32,4.0,beat_2
686,10,54,18,36,3.6,fixed_1s
687,8,42,14,28,3.5,beat_2
688,9,52,16,36,4.0,beat_2
689,10,58,18,40,4.0,fixed_1s
690,13,80,24,56,4.3076923076923075,beat_2
691,9,52,16,36,4.0,beat_2
692,8,44,14,30,3.75,beat_2
693,10,60,18,42,4.2,beat_2
694,5,20,8,12,2.4,beat_2
695,11,68,20,48,4.363636363636363,beat_2
696,10,56,18,38,3.8,beat_2
697,9,46,16,30,3.3333333333333335,beat_2
698,13,84,24,60,4.615384615384615,beat_2
699,7,38,12,26,3.7142857142857144,beat_2
700,13,78,24,54,4.153846153846154,beat_2
701,10,54,18,36,3.6,fixed_1s
702,9,54,16,38,4.222222222222222,beat_2
703,12,72,22,50,4.166666666666667,beat_2
704,11,60,20,40,3.6363636363636362,beat_2
705,9,54,16,38,4.222222222222222,beat_2
706,10,56,18,38,3.8,beat_2
707,11,66,20,46,4.181818181818182,beat_2
708,7,38,12,26,3.7142857142857144,beat_2
709,9,52,16,36,4.0,beat_2
710,11,70,20,50,4.545454545454546,beat_2
711,14,92,26,66,4.714285714285714,beat_2
712,9,52,16,36,4.0,beat_2
713,10,58,18,40,4.0,fixed_1s
714,14,80,26,54,3.857142857142857,beat_2
715,8,46,14,32,4.0,beat_2
716,8,48,14,34,4.25,beat_2
717,13,84,24,60,4.615384615384615,beat_2
718,11,62,20,42,3.8181818181818183,beat_2
719,11,60,20,40,3.6363636363636362,beat_2
720,9,56,16,40,4.444444444444445,beat_2
721,10,58,18,40,4.0,beat_2
722,13,82,24,58,4.461538461538462,beat_2
723,10,58,18,40,4.0,beat_2
724,17,104,32,72,4.235294117647059,beat_2
725,9,52,16,36,4.0,beat_2
726,11,64,20,44,4.0,beat_2
727,10,64,18,46,4.6,beat_2
728,7,38,12,26,3.7142857142857144,beat_2
729,11,62,20,42,3.8181818181818183,beat_2
730,7,38,12,26,3.7142857142857144,beat_2
731,5,20,8,12,2.4,beat_2
732,11,66,20,46,4.181818181818182,beat_2
733,10,62,18,44,4.4,beat_2
734,10,62,18,44,4.4,beat_2
735,10,56,18,38,3.8,beat_2
736,10,62,18,44,4.4,fixed_1s
737,12,68,22,46,3.8333333333333335,beat_2
738,13,82,24,58,4.461538461538462,beat_2
739,6,28,10,18,3.0,beat_2
740,11,60,20,40,3.6363636363636362,beat_2
741,11,64,20,44,4.0,beat_2
742,16,96,30,66,4.125,beat_2
743,10,58,18,40,4.0,fixed_1s
744,13,76,24,52,4.0,beat_2
745,11,70,20,50,4.545454545454546,beat_2
746,11,64,20,44,4.0,beat_2
747,5,20,8,12,2.4,beat_2
748,14,88,26,62,4.428571428571429,beat_2
749,7,36,12,24,3.4285714285714284,beat_2
750,11,70,20,50,4.545454545454546,beat_2
751,11,68,20,48,4.363636363636363,beat_2
752,8,46,14,32,4.0,beat_2
753,7,40,12,28,4.0,beat_2
754,9,52,16,36,4.0,beat_2
755,7,36,12,24,3.4285714285714284,beat_2
756,12,70,22,48,4.0,beat_2
757,13,78,24,54,4.153846153846154,beat_2
758,9,54,16,38,4.222222222222222,beat_2
759,9,52,16,36,4.0,beat_2
760,9,54,16,38,4.222222222222222,beat_2
761,12,72,22,50,4.166666666666667,beat_2
762,11,70,20,50,4.545454545454546,beat_2
763,9,50,16,34,3.7777777777777777,beat_2
764,10,58,18,40,4.0,beat_2
765,8,44,14,30,3.75,beat_2
766,11,66,20,46,4.181818181818182,beat_2
767,9,52,16,36,4.0,beat_2
768,12,68,22,46,3.8333333333333335,beat_2
769,11,68,20,48,4.363636363636363,beat_2
770,14,84,26,58,4.142857142857143,beat_2
771,8,44,14,30,3.75,beat_2
772,6,30,10,20,3.3333333333333335,beat_2
773,13,80,24,56,4.3076923076923075,beat_2
774,6,30,10,20,3.3333333333333335,beat_2
775,10,62,18,44,4.4,beat_2
776,12,74,22,52,4.333333333333333,beat_2
777,11,62,20,42,3.8181818181818183,beat_2
778,6,30,10,20,3.3333333333333335,beat_2
779,9,50,16,34,3.7777777777777777,beat_2
780,8,46,14,32,4.0,beat_2
781,10,60,18,42,4.2,beat_2
782,10,56,18,38,3.8,beat_2
783,7,38,12,26,3.7142857142857144,beat_2
784,11,64,20,44,4.0,beat_2
785,13,82,24,58,4.461538461538462,beat_2
786,10,56,18,38,3.8,beat_2
787,11,68,20,48,4.363636363636363,beat_2
788,12,72,22,50,4.166666666666667,beat_2
789,13,84,24,60,4.615384615384615,beat_2
790,11,64,20,44,4.0,beat_2
791,9,52,16,36,4.0,beat_2
792,5,20,8,12,2.4,beat_2
793,8,48,14,34,4.25,beat_2
794,8,46,14,32,4.0,beat_2
795,5,20,8,12,2.4,beat_2
796,14,92,26,66,4.714285714285714,beat_2
797,9,52,16,36,4.0,beat_2
798,9,50,16,34,3.7777777777777777,beat_2
799,8,46,14,32,4.0,beat_2
800,9,54,16,38,4.222222222222222,beat_2
801,11,66,20,46,4.181818181818182,beat_2
802,6,30,10,20,3.3333333333333335,beat_2
803,10,56,18,38,3.8,beat_2
804,10,62,18,44,4.4,beat_2
805,8,46,14,32,4.0,beat_2
806,9,54,16,38,4.222222222222222,beat_2
807,18,110,34,76,4.222222222222222,beat_2
808,10,58,18,40,4.0,beat_2
809,7,38,12,26,3.7142857142857144,beat_2
810,12,68,22,46,3.8333333333333335,beat_2
811,9,52,16,36,4.0,beat_2
812,7,38,12,26,3.7142857142857144,beat_2
813,8,46,14,32,4.0,beat_2
814,11,64,20,44,4.0,beat_2
815,7,40,12,28,4.0,beat_2
816,13,76,24,52,4.0,beat_2
817,7,38,12,26,3.7142857142857144,beat_2
818,9,52,16,36,4.0,beat_2
819,8,44,14,30,3.75,beat_2
820,6,30,10,20,3.3333333333333335,beat_2
821,11,66,20,46,4.181818181818182,beat_2
822,7,38,12,26,3.7142857142857144,beat_2
823,10,54,18,36,3.6,beat_2
824,12,74,22,52,4.333333333333333,beat_2
825,10,58,18,40,4.0,fixed_1s
826,12,76,22,54,4.5,beat_2
827,11,68,20,48,4.363636363636363,beat_2
828,9,52,16,36,4.0,beat_2
829,9,50,16,34,3.7777777777777777,beat_2
830,11,64,20,44,4.0,beat_2
831,14,80,26,54,3.857142857142857,beat_2
832,7,36,12,24,3.4285714285714284,beat_2
833,8,48,14,34,4.25,beat_2
834,12,72,22,50,4.166666666666667,beat_2
835,8,42,14,28,3.5,beat_2
836,12,66,22,44,3.6666666666666665,beat_2
837,11,64,20,44,4.0,beat_2
838,9,50,16,34,3.7777777777777777,beat_2
839,11,68,20,48,4.363636363636363,beat_2
840,9,52,16,36,4.0,beat_2
841,12,66,22,44,3.6666666666666665,beat_2
842,11,66,20,46,4.181818181818182,beat_2
843,13,72,24,48,3.6923076923076925,beat_2
844,10,62,18,44,4.4,beat_2
845,10,60,18,42,4.2,beat_2
846,8,46,14,32,4.0,beat_2
847,10,58,18,40,4.0,beat_2
848,6,30,10,20,3.3333333333333335,beat_2
849,6,30,10,20,3.3333333333333335,beat_2
850,5,20,8,12,2.4,beat_2
851,11,64,20,44,4.0,beat_2
852,10,58,18,40,4.0,beat_2
853,13,80,24,56,4.3076923076923075,beat_2
854,10,58,18,40,4.0,beat_2
855,9,52,16,36,4.0,beat_2
856,8,46,14,32,4.0,beat_2
857,10,60,18,42,4.2,beat_2
858,13,82,24,58,4.461538461538462,beat_2
859,14,86,26,60,4.285714285714286,beat_2
860,9,50,16,34,3.7777777777777777,beat_2
861,15,86,28,58,3.8666666666666667,beat_2
862,6,30,10,20,3.3333333333333335,beat_2
863,8,44,14,30,3.75,beat_2
864,10,62,18,44,4.4,beat_2
865,9,52,16,36,4.0,beat_2
866,8,42,14,28,3.5,beat_2
867,11,66,20,46,4.181818181818182,beat_2
868,9,54,16,38,4.222222222222222,beat_2
869,9,52,16,36,4.0,beat_2
870,11,64,20,44,4.0,beat_2
871,11,64,20,44,4.0,beat_2
872,9,50,16,34,3.7777777777777777,beat_2
873,9,52,16,36,4.0,beat_2
874,12,80,22,58,4.833333333333333,beat_2
875,11,62,20,42,3.8181818181818183,beat_2
876,16,92,30,62,3.875,beat_2
877,10,58,18,40,4.0,beat_2
878,12,72,22,50,4.166666666666667,beat_2
879,7,38,12,26,3.7142857142857144,beat_2
880,6,30,10,20,3.3333333333333335,beat_2
881,9,56,16,40,4.444444444444445,beat_2
882,10,56,18,38,3.8,fixed_1s
883,15,94,28,66,4.4,beat_2
884,5,20,8,12,2.4,beat_2
885,11,64,20,44,4.0,beat_2
886,11,62,20,42,3.8181818181818183,beat_2
887,8,46,14,32,4.0,beat_2
888,10,58,18,40,4.0,fixed_1s
889,10,56,18,38,3.8,beat_2
890,13,74,24,50,3.8461538461538463,beat_2
891,9,52,16,36,4.0,beat_2
892,8,44,14,30,3.75,beat_2
893,11,66,20,46,4.181818181818182,beat_2
894,12,70,22,48,4.0,beat_2
895,11,66,20,46,4.181818181818182,beat_2
896,13,80,24,56,4.3076923076923075,beat_2
897,6,30,10,20,3.3333333333333335,beat_2
898,9,50,16,34,3.7777777777777777,beat_2
899,11,62,20,42,3.8181818181818183,beat_2
900,10,58,18,40,4.0,beat_2
901,8,46,14,32,4.0,beat_2
902,8,46,14,32,4.0,beat_2
903,8,42,14,28,3.5,beat_2
904,7,40,12,28,4.0,beat_2
905,10,58,18,40,4.0,beat_2
906,13,84,24,60,4.615384615384615,beat_2
907,15,100,28,72,4.8,beat_2
908,12,72,22,50,4.166666666666667,beat_2
909,16,94,30,64,4.0,beat_2
910,10,58,18,40,4.0,beat_2
911,9,52,16,36,4.0,beat_2
912,10,54,18,36,3.6,beat_2
913,11,66,20,46,4.181818181818182,beat_2
914,9,50,16,34,3.7777777777777777,beat_2
915,8,46,14,32,4.0,beat_2
916,12,76,22,54,4.5,beat_2
917,10,58,18,40,4.0,beat_2
918,10,62,18,44,4.4,fixed_1s
919,10,56,18,38,3.8,beat_2
920,5,20,8,12,2.4,beat_2
921,13,76,24,52,4.0,beat_2
922,11,66,20,46,4.181818181818182,beat_2
923,10,60,18,42,4.2,fixed_1s
924,16,100,30,70,4.375,beat_2
925,10,60,18,42,4.2,fixed_1s
926,12,60,22,38,3.1666666666666665,beat_2
927,12,74,22,52,4.333333333333333,beat_2
928,10,58,18,40,4.0,fixed_1s
929,7,40,12,28,4.0,beat_2
930,8,44,14,30,3.75,beat_2
931,10,60,18,42,4.2,beat_2
932,8,44,14,30,3.75,beat_2
933,11,60,20,40,3.6363636363636362,beat_2
934,10,62,18,44,4.4,fixed_1s
935,5,20,8,12,2.4,beat_2
936,10,60,18,42,4.2,beat_2
937,8,44,14,30,3.75,beat_2
938,9,48,16,32,3.5555555555555554,beat_2
939,13,80,24,56,4.3076923076923075,beat_2
940,11,64,20,44,4.0,beat_2
941,7,38,12,26,3.7142857142857144,beat_2
942,10,54,18,36,3.6,beat_2
943,6,30,10,20,3.3333333333333335,beat_2
944,10,58,18,40,4.0,fixed_1s
945,11,66,20,46,4.181818181818182,beat_2
946,13,82,24,58,4.461538461538462,beat_2
947,10,58,18,40,4.0,beat_2
948,11,66,20,46,4.181818181818182,beat_2
949,9,52,16,36,4.0,beat_2
950,9,50,16,34,3.7777777777777777,beat_2
951,7,40,12,28,4.0,beat_2
952,5,20,8,12,2.4,beat_2
953,12,70,22,48,4.0,beat_2
954,15,90,28,62,4.133333333333334,beat_2
955,7,40,12,28,4.0,beat_2
956,6,30,10,20,3.3333333333333335,beat_2
957,5,20,8,12,2.4,beat_2
958,9,52,16,36,4.0,beat_2
959,10,56,18,38,3.8,beat_2
960,11,62,20,42,3.8181818181818183,beat_2
961,12,66,22,44,3.6666666666666665,beat_2
962,12,74,22,52,4.333333333333333,beat_2
963,10,58,18,40,4.0,beat_2
964,10,60,18,42,4.2,beat_2
965,7,38,12,26,3.7142857142857144,beat_2
966,10,56,18,38,3.8,beat_2
967,12,74,22,52,4.333333333333333,beat_2
968,12,72,22,50,4.166666666666667,beat_2
969,5,20,8,12,2.4,beat_2
970,8,48,14,34,4.25,beat_2
971,10,60,18,42,4.2,beat_2
972,7,36,12,24,3.4285714285714284,beat_2
973,9,54,16,38,4.222222222222222,beat_2
974,10,56,18,38,3.8,fixed_1s
975,12,70,22,48,4.0,beat_2
976,11,62,20,42,3.8181818181818183,beat_2
977,9,52,16,36,4.0,beat_2
978,8,48,14,34,4.25,beat_2
979,9,54,16,38,4.222222222222222,beat_2
980,7,40,12,28,4.0,beat_2
981,11,68,20,48,4.363636363636363,beat_2
982,8,44,14,30,3.75,beat_2
983,9,48,16,32,3.5555555555555554,beat_2
984,8,46,14,32,4.0,beat_2
985,10,56,18,38,3.8,beat_2
986,6,30,10,20,3.3333333333333335,beat_2
987,8,44,14,30,3.75,beat_2
988,7,38,12,26,3.7142857142857144,beat_2
989,16,108,30,78,4.875,beat_2
990,5,20,8,12,2.4,beat_2
991,8,42,14,28,3.5,beat_2
992,13,80,24,56,4.3076923076923075,beat_2
993,15,86,28,58,3.8666666666666667,beat_2
994,11,70,20,50,4.545454545454546,beat_2
995,10,58,18,40,4.0,beat_2
996,8,46,14,32,4.0,beat_2
997,8,44,14,30,3.75,beat_2
998,9,52,16,36,4.0,beat_2
999,12,72,22,50,4.166666666666667,beat_2
1000,13,70,24,46,3.5384615384615383,beat_2
1001,6,30,10,20,3.3333333333333335,beat_2
1002,11,60,20,40,3.6363636363636362,beat_2
1003,11,66,20,46,4.181818181818182,beat_2
1004,8,44,14,30,3.75,beat_2
1005,8,46,14,32,4.0,beat_2
1006,10,62,18,44,4.4,beat_2
1007,9,50,16,34,3.7777777777777777,beat_2
1008,12,72,22,50,4.166666666666667,beat_2
1009,10,58,18,40,4.0,beat_2
1010,13,86,24,62,4.769230769230769,beat_2
1011,9,50,16,34,3.7777777777777777,beat_2
1012,9,54,16,38,4.222222222222222,beat_2
1013,13,76,24,52,4.0,beat_2
1014,10,52,18,34,3.4,beat_2
1015,14,86,26,60,4.285714285714286,beat_2
1016,12,78,22,56,4.666666666666667,beat_2
1017,12,70,22,48,4.0,beat_2
1018,11,68,20,48,4.363636363636363,beat_2
1019,17,108,32,76,4.470588235294118,beat_2
1020,11,68,20,48,4.363636363636363,beat_2
1021,11,64,20,44,4.0,beat_2
1022,11,64,20,44,4.0,beat_2
1023,8,46,14,32,4.0,beat_2
1024,11,64,20,44,4.0,beat_2
1025,11,66,20,46,4.181818181818182,beat_2
1026,8,44,14,30,3.75,beat_2
1027,10,56,18,38,3.8,beat_2
1028,13,72,24,48,3.6923076923076925,beat_2
1029,14,86,26,60,4.285714285714286,beat_2
1030,9,54,16,38,4.222222222222222,beat_2
1031,10,58,18,40,4.0,beat_2
1032,10,58,18,40,4.0,beat_2
1033,16,100,30,70,4.375,beat_2
1034,10,60,18,42,4.2,beat_2
1035,6,30,10,20,3.3333333333333335,beat_2
1036,8,46,14,32,4.0,beat_2
1037,9,50,16,34,3.7777777777777777,beat_2
1038,7,38,12,26,3.7142857142857144,beat_2
1039,11,68,20,48,4.363636363636363,beat_2
1040,6,28,10,18,3.0,beat_2
1041,10,58,18,40,4.0,fixed_1s
1042,10,58,18,40,4.0,beat_2
1043,5,20,8,12,2.4,beat_2
1044,9,52,16,36,4.0,beat_2
1045,7,38,12,26,3.7142857142857144,beat_2
1046,14,84,26,58,4.142857142857143,beat_2
1047,6,30,10,20,3.3333333333333335,beat_2
1048,6,28,10,18,3.0,beat_2
1049,11,68,20,48,4.363636363636363,beat_2
1050,12,74,22,52,4.333333333333333,beat_2
1051,9,54,16,38,4.222222222222222,beat_2
1052,10,54,18,36,3.6,beat_2
1053,9,54,16,38,4.222222222222222,beat_2
1054,12,68,22,46,3.8333333333333335,beat_2
1055,13,82,24,58,4.461538461538462,beat_2
1056,10,54,18,36,3.6,beat_2
1057,6,30,10,20,3.3333333333333335,beat_2
1058,10,62,18,44,4.4,beat_2
1059,10,58,18,40,4.0,beat_2
1060,9,54,16,38,4.222222222222222,beat_2
1061,12,72,22,50,4.166666666666667,beat_2
1062,9,52,16,36,4.0,beat_2
1063,13,82,24,58,4.461538461538462,beat_2
1064,9,50,16,34,3.7777777777777777,beat_2
1065,10,64,18,46,4.6,fixed_1s
1066,10,58,18,40,4.0,beat_2
1067,7,34,12,22,3.142857142857143,beat_2
1068,8,42,14,28,3.5,beat_2
1069,11,64,20,44,4.0,beat_2
1070,10,56,18,38,3.8,beat_2
1071,9,48,16,32,3.5555555555555554,beat_2
1072,11,68,20,48,4.363636363636363,beat_2
1073,10,64,18,46,4.6,beat_2
1074,5,20,8,12,2.4,beat_2
1075,11,68,20,48,4.363636363636363,beat_2
1076,8,46,14,32,4.0,beat_2
1077,10,60,18,42,4.2,fixed_1s
1078,9,52,16,36,4.0,beat_2
1079,8,44,14,30,3.75,beat_2
1080,10,58,18,40,4.0,beat_2
1081,11,68,20,48,4.363636363636363,beat_2
1082,11,66,20,46,4.181818181818182,beat_2
1083,10,56,18,38,3.8,beat_2
1084,10,56,18,38,3.8,beat_2
1085,7,38,12,26,3.7142857142857144,beat_2
1086,9,52,16,36,4.0,beat_2
1087,13,72,24,48,3.6923076923076925,beat_2
1088,10,62,18,44,4.4,beat_2
1089,6,30,10,20,3.3333333333333335,beat_2
1090,12,70,22,48,4.0,beat_2
1091,9,50,16,34,3.7777777777777777,beat_2
1092,7,36,12,24,3.4285714285714284,beat_2
1093,11,68,20,48,4.363636363636363,beat_2
1094,10,58,18,40,4.0,fixed_1s
1095,9,48,16,32,3.5555555555555554,beat_2
1096,7,38,12,26,3.7142857142857144,beat_2
1097,12,68,22,46,3.8333333333333335,beat_2
1098,9,46,16,30,3.3333333333333335,beat_2
1099,8,46,14,32,4.0,beat_2
1100,14,90,26,64,4.571428571428571,beat_2
1101,10,58,18,40,4.0,beat_2
1102,9,52,16,36,4.0,beat_2
1103,5,20,8,12,2.4,beat_2
1104,10,60,18,42,4.2,beat_2
1105,13,76,24,52,4.0,beat_2
1106,10,62,18,44,4.4,beat_2
1107,6,30,10,20,3.3333333333333335,beat_2
1108,15,86,28,58,3.8666666666666667,beat_2
1109,11,64,20,44,4.0,beat_2
1110,8,44,14,30,3.75,beat_2
1111,10,58,18,40,4.0,beat_2
1112,8,44,14,30,3.75,beat_2
1113,6,30,10,20,3.3333333333333335,beat_2
1114,9,48,16,32,3.5555555555555554,beat_2
1115,6,30,10,20,3.3333333333333335,beat_2
1116,6,30,10,20,3.3333333333333335,beat_2
1117,14,76,26,50,3.5714285714285716,beat_2
1118,8,38,14,24,3.0,beat_2
1119,8,44,14,30,3.75,beat_2
1120,8,44,14,30,3.75,beat_2
1121,8,46,14,32,4.0,beat_2
1122,11,66,20,46,4.181818181818182,beat_2
1123,11,70,20,50,4.545454545454546,beat_2
1124,6,30,10,20,3.3333333333333335,beat_2
1125,5,20,8,12,2.4,beat_2
1126,12,72,22,50,4.166666666666667,beat_2
1127,8,48,14,34,4.25,beat_2
1128,12,76,22,54,4.5,beat_2
1129,9,54,16,38,4.222222222222222,beat_2
1130,6,30,10,20,3.3333333333333335,beat_2
1131,6,30,10,20,3.3333333333333335,beat_2
1132,15,92,28,64,4.266666666666667,beat_2
1133,9,50,16,34,3.7777777777777777,beat_2
1134,10,56,18,38,3.8,beat_2
1135,10,60,18,42,4.2,beat_2
1136,9,52,16,36,4.0,beat_2
1137,8,42,14,28,3.5,beat_2
1138,13,74,24,50,3.8461538461538463,beat_2
1139,10,56,18,38,3.8,beat_2
1140,10,60,18,42,4.2,beat_2
1141,10,60,18,42,4.2,beat_2
1142,11,60,20,40,3.6363636363636362,beat_2
1143,11,62,20,42,3.8181818181818183,beat_2
1144,12,70,22,48,4.0,beat_2
1145,12,70,22,48,4.0,beat_2
1146,16,100,30,70,4.375,beat_2
1147,16,98,30,68,4.25,beat_2
1148,15,96,28,68,4.533333333333333,beat_2
1149,8,44,14,30,3.75,beat_2
1150,10,58,18,40,4.0,beat_2
1151,8,44,14,30,3.75,beat_2
1152,9,54,16,38,4.222222222222222,beat_2
1153,14,82,26,56,4.0,beat_2
1154,9,52,16,36,4.0,beat_2
1155,11,66,20,46,4.181818181818182,beat_2
1156,9,56,16,40,4.444444444444445,beat_2
1157,9,52,16,36,4.0,beat_2
1158,9,54,16,38,4.222222222222222,beat_2
1159,9,54,16,38,4.222222222222222,beat_2
1160,5,20,8,12,2.4,beat_2
1161,15,88,28,60,4.0,beat_2
1162,9,52,16,36,4.0,beat_2
1163,9,50,16,34,3.7777777777777777,beat_2
1164,11,68,20,48,4.363636363636363,beat_2
1165,9,52,16,36,4.0,beat_2
1166,9,52,16,36,4.0,beat_2
1167,11,56,20,36,3.272727272727273,beat_2
1168,12,76,22,54,4.5,beat_2
1169,12,66,22,44,3.6666666666666665,beat_2
1170,8,44,14,30,3.75,beat_2
1171,8,46,14,32,4.0,beat_2
1172,10,56,18,38,3.8,beat_2
1173,10,60,18,42,4.2,fixed_1s
1174,11,68,20,48,4.363636363636363,beat_2
1175,7,40,12,28,4.0,beat_2
1176,11,64,20,44,4.0,beat_2
1177,6,30,10,20,3.3333333333333335,beat_2
1178,10,60,18,42,4.2,fixed_1s
1179,10,56,18,38,3.8,beat_2
1180,11,70,20,50,4.545454545454546,beat_2
1181,10,56,18,38,3.8,fixed_1s
1182,9,46,16,30,3.3333333333333335,beat_2
1183,11,60,20,40,3.6363636363636362,beat_2
1184,7,38,12,26,3.7142857142857144,beat_2
1185,13,74,24,50,3.8461538461538463,beat_2
1186,12,70,22,48,4.0,beat_2
1187,12,68,22,46,3.8333333333333335,beat_2
1188,12,76,22,54,4.5,beat_2
1189,7,36,12,24,3.4285714285714284,beat_2
1190,9,54,16,38,4.222222222222222,beat_2
1191,10,60,18,42,4.2,beat_2
1192,11,66,20,46,4.181818181818182,beat_2
1193,7,38,12,26,3.7142857142857144,beat_2
1194,10,54,18,36,3.6,beat_2
1195,12,64,22,42,3.5,beat_2
1196,9,48,16,32,3.5555555555555554,beat_2
1197,9,52,16,36,4.0,beat_2
1198,10,58,18,40,4.0,beat_2
1199,11,60,20,40,3.6363636363636362,beat_2
1200,10,54,18,36,3.6,beat_2
1201,8,46,14,32,4.0,beat_2
1202,10,60,18,42,4.2,beat_2
1203,7,38,12,26,3.7142857142857144,beat_2
1204,11,62,20,42,3.8181818181818183,beat_2
1205,11,64,20,44,4.0,beat_2
1206,9,50,16,34,3.7777777777777777,beat_2
1207,16,100,30,70,4.375,beat_2
1208,14,76,26,50,3.5714285714285716,beat_2
1209,7,38,12,26,3.7142857142857144,beat_2
1210,10,60,18,42,4.2,beat_2
1211,12,70,22,48,4.0,beat_2
1212,9,54,16,38,4.222222222222222,beat_2
1213,9,52,16,36,4.0,beat_2
1214,9,50,16,34,3.7777777777777777,beat_2
1215,5,20,8,12,2.4,beat_2
1216,11,64,20,44,4.0,beat_2
1217,10,62,18,44,4.4,beat_2
1218,11,68,20,48,4.363636363636363,beat_2
1219,10,54,18,36,3.6,beat_2
1220,9,52,16,36,4.0,beat_2
1221,13,72,24,48,3.6923076923076925,beat_2
1222,10,60,18,42,4.2,beat_2
1223,11,66,20,46,4.181818181818182,beat_2
1224,13,80,24,56,4.3076923076923075,beat_2
1225,7,40,12,28,4.0,beat_2
1226,9,52,16,36,4.0,beat_2
1227,7,38,12,26,3.7142857142857144,beat_2
1228,10,60,18,42,4.2,fixed_1s
1229,13,74,24,50,3.8461538461538463,beat_2
1230,9,56,16,40,4.444444444444445,beat_2
1231,8,46,14,32,4.0,beat_2
1232,11,64,20,44,4.0,beat_2
1233,7,38,12,26,3.7142857142857144,beat_2
1234,9,52,16,36,4.0,beat_2
1235,10,58,18,40,4.0,beat_2
1236,12,72,22,50,4.166666666666667,beat_2
1237,9,52,16,36,4.0,beat_2
1238,10,62,18,44,4.4,beat_2
1239,11,66,20,46,4.181818181818182,beat_2
1240,10,56,18,38,3.8,beat_2
1241,12,70,22,48,4.0,beat_2
1242,11,66,20,46,4.181818181818182,beat_2
1243,7,40,12,28,4.0,beat_2
1244,6,30,10,20,3.3333333333333335,beat_2
1245,8,46,14,32,4.0,beat_2
1246,11,62,20,42,3.8181818181818183,beat_2
1247,8,44,14,30,3.75,beat_2
1248,6,30,10,20,3.3333333333333335,beat_2
1249,8,46,14,32,4.0,beat_2
1250,13,74,24,50,3.8461538461538463,beat_2
1251,13,78,24,54,4.153846153846154,beat_2
1252,12,76,22,54,4.5,beat_2
1253,7,38,12,26,3.7142857142857144,beat_2
1254,11,64,20,44,4.0,beat_2
1255,12,72,22,50,4.166666666666667,beat_2
1256,10,60,18,42,4.2,beat_2
1257,8,42,14,28,3.5,beat_2
1258,10,54,18,36,3.6,beat_2
1259,12,72,22,50,4.166666666666667,beat_2
1260,10,62,18,44,4.4,beat_2
1261,10,60,18,42,4.2,beat_2
1262,10,54,18,36,3.6,fixed_1s
1263,12,72,22,50,4.166666666666667,beat_2
1264,11,68,20,48,4.363636363636363,beat_2
1265,7,40,12,28,4.0,beat_2
1266,9,52,16,36,4.0,beat_2
1267,9,52,16,36,4.0,beat_2
1268,13,74,24,50,3.8461538461538463,beat_2
1269,9,54,16,38,4.222222222222222,beat_2
1270,11,60,20,40,3.6363636363636362,beat_2
1271,10,60,18,42,4.2,beat_2
1272,7,38,12,26,3.7142857142857144,beat_2
1273,8,46,14,32,4.0,beat_2
1274,10,54,18,36,3.6,beat_2
1275,12,72,22,50,4.166666666666667,beat_2
1276,11,62,20,42,3.8181818181818183,beat_2
1277,7,38,12,26,3.7142857142857144,beat_2
1278,11,62,20,42,3.8181818181818183,beat_2
1279,12,72,22,50,4.166666666666667,beat_2
1280,10,58,18,40,4.0,beat_2
1281,13,80,24,56,4.3076923076923075,beat_2
1282,8,46,14,32,4.0,beat_2
1283,19,120,36,84,4.421052631578948,beat_2
1284,10,62,18,44,4.4,beat_2
1285,10,62,18,44,4.4,beat_2
1286,11,62,20,42,3.8181818181818183,beat_2
1287,8,44,14,30,3.75,beat_2
1288,11,62,20,42,3.8181818181818183,beat_2
1289,11,66,20,46,4.181818181818182,beat_2
1290,11,64,20,44,4.0,beat_2
1291,10,62,18,44,4.4,beat_2
1292,12,76,22,54,4.5,beat_2
1293,15,92,28,64,4.266666666666667,beat_2
1294,10,58,18,40,4.0,beat_2
1295,11,68,20,48,4.363636363636363,beat_2
1296,9,48,16,32,3.5555555555555554,beat_2
1297,10,58,18,40,4.0,beat_2
1298,13,82,24,58,4.461538461538462,beat_2
1299,14,84,26,58,4.142857142857143,beat_2
1300,11,62,20,42,3.8181818181818183,beat_2
1301,8,46,14,32,4.0,beat_2
1302,16,94,30,64,4.0,beat_2
1303,12,76,22,54,4.5,beat_2
1304,7,38,12,26,3.7142857142857144,beat_2
1305,6,28,10,18,3.0,beat_2
1306,11,58,20,38,3.4545454545454546,beat_2
1307,10,58,18,40,4.0,beat_2
1308,8,46,14,32,4.0,beat_2
1309,10,58,18,40,4.0,beat_2
1310,10,60,18,42,4.2,fixed_1s
1311,14,90,26,64,4.571428571428571,beat_2
1312,11,68,20,48,4.363636363636363,beat_2
1313,10,56,18,38,3.8,beat_2
1314,10,58,18,40,4.0,beat_2
1315,9,54,16,38,4.222222222222222,beat_2
1316,8,44,14,30,3.75,beat_2
1317,11,66,20,46,4.181818181818182,beat_2
1318,6,30,10,20,3.3333333333333335,beat_2
1319,10,60,18,42,4.2,beat_2
1320,10,54,18,36,3.6,beat_2
1321,8,42,14,28,3.5,beat_2
1322,15,82,28,54,3.6,beat_2
1323,8,44,14,30,3.75,beat_2
1324,12,70,22,48,4.0,beat_2
1325,12,72,22,50,4.166666666666667,beat_2
1326,10,60,18,42,4.2,beat_2
1327,8,44,14,30,3.75,beat_2
1328,14,82,26,56,4.0,beat_2
1329,14,84,26,58,4.142857142857143,beat_2
1330,6,30,10,20,3.3333333333333335,beat_2
1331,10,60,18,42,4.2,beat_2
1332,14,90,26,64,4.571428571428571,beat_2
1333,6,30,10,20,3.3333333333333335,beat_2
1334,16,94,30,64,4.0,beat_2
1335,10,60,18,42,4.2,beat_2
1336,9,52,16,36,4.0,beat_2
1337,10,58,18,40,4.0,fixed_1s
1338,10,60,18,42,4.2,beat_2
1339,8,48,14,34,4.25,beat_2
1340,10,58,18,40,4.0,beat_2
1341,6,30,10,20,3.3333333333333335,beat_2
1342,10,58,18,40,4.0,beat_2
1343,9,54,16,38,4.222222222222222,beat_2
1344,11,62,20,42,3.8181818181818183,beat_2
1345,15,92,28,64,4.266666666666667,beat_2
1346,16,96,30,66,4.125,beat_2
1347,9,52,16,36,4.0,beat_2
1348,9,54,16,38,4.222222222222222,beat_2
1349,10,58,18,40,4.0,beat_2
1350,10,54,18,36,3.6,beat_2
1351,11,66,20,46,4.181818181818182,beat_2
1352,10,60,18,42,4.2,beat_2
1353,8,46,14,32,4.0,beat_2
1354,7,36,12,24,3.4285714285714284,beat_2
1355,10,56,18,38,3.8,beat_2
1356,10,56,18,38,3.8,beat_2
1357,11,64,20,44,4.0,beat_2
1358,14,86,26,60,4.285714285714286,beat_2
1359,9,54,16,38,4.222222222222222,beat_2
1360,10,60,18,42,4.2,beat_2
1361,12,72,22,50,4.166666666666667,beat_2
1362,9,52,16,36,4.0,beat_2
1363,10,62,18,44,4.4,beat_2
1364,16,92,30,62,3.875,beat_2
1365,9,52,16,36,4.0,beat_2
1366,11,62,20,42,3.8181818181818183,beat_2
1367,11,66,20,46,4.181818181818182,beat_2
1368,7,40,12,28,4.0,beat_2
1369,8,44,14,30,3.75,beat_2
1370,6,30,10,20,3.3333333333333335,beat_2
1371,15,94,28,66,4.4,beat_2
1372,8,44,14,30,3.75,beat_2
1373,11,64,20,44,4.0,beat_2
1374,10,60,18,42,4.2,beat_2
1375,10,62,18,44,4.4,beat_2
1376,10,52,18,34,3.4,beat_2
1377,7,38,12,26,3.7142857142857144,beat_2
1378,9,48,16,32,3.5555555555555554,beat_2
1379,11,64,20,44,4.0,beat_2
1380,13,84,24,60,4.615384615384615,beat_2
1381,8,48,14,34,4.25,beat_2
1382,14,82,26,56,4.0,beat_2
1383,12,68,22,46,3.8333333333333335,beat_2
1384,7,38,12,26,3.7142857142857144,beat_2
1385,6,30,10,20,3.3333333333333335,beat_2
1386,9,52,16,36,4.0,beat_2
1387,8,46,14,32,4.0,beat_2
1388,11,66,20,46,4.181818181818182,beat_2
1389,11,66,20,46,4.181818181818182,beat_2
1390,9,50,16,34,3.7777777777777777,beat_2
1391,6,30,10,20,3.3333333333333335,beat_2
1392,12,70,22,48,4.0,beat_2
1393,11,64,20,44,4.0,beat_2
1394,9,50,16,34,3.7777777777777777,beat_2
1395,10,58,18,40,4.0,beat_2
1396,12,60,22,38,3.1666666666666665,beat_2
1397,7,40,12,28,4.0,beat_2
1398,10,60,18,42,4.2,beat_2
1399,13,82,24,58,4.461538461538462,beat_2
1400,10,60,18,42,4.2,beat_2
1401,10,60,18,42,4.2,fixed_1s
1402,11,68,20,48,4.363636363636363,beat_2
1403,12,78,22,56,4.666666666666667,beat_2
1404,11,60,20,40,3.6363636363636362,beat_2
1405,10,58,18,40,4.0,fixed_1s
1406,10,56,18,38,3.8,beat_2
1407,9,54,16,38,4.222222222222222,beat_2
1408,14,86,26,60,4.285714285714286,beat_2
1409,11,64,20,44,4.0,beat_2
1410,9,52,16,36,4.0,beat_2
1411,13,74,24,50,3.8461538461538463,beat_2
1412,13,76,24,52,4.0,beat_2
1413,5,20,8,12,2.4,beat_2
1414,13,76,24,52,4.0,beat_2
1415,10,56,18,38,3.8,beat_2
1416,11,70,20,50,4.545454545454546,beat_2
1417,10,56,18,38,3.8,beat_2
1418,8,44,14,30,3.75,beat_2
1419,11,66,20,46,4.181818181818182,beat_2
1420,15,84,28,56,3.7333333333333334,beat_2
1421,9,50,16,34,3.7777777777777777,beat_2
1422,11,62,20,42,3.8181818181818183,beat_2
1423,13,80,24,56,4.3076923076923075,beat_2
1424,5,20,8,12,2.4,beat_2
1425,17,104,32,72,4.235294117647059,beat_2
1426,10,58,18,40,4.0,beat_2
1427,8,48,14,34,4.25,beat_2
1428,10,62,18,44,4.4,beat_2
1429,11,62,20,42,3.8181818181818183,beat_2
1430,10,62,18,44,4.4,beat_2
1431,12,66,22,44,3.6666666666666665,beat_2
1432,13,82,24,58,4.461538461538462,beat_2
1433,7,38,12,26,3.7142857142857144,beat_2
1434,10,58,18,40,4.0,beat_2
1435,8,46,14,32,4.0,beat_2
1436,7,38,12,26,3.7142857142857144,beat_2
1437,10,64,18,46,4.6,beat_2
1438,6,28,10,18,3.0,beat_2
1439,9,50,16,34,3.7777777777777777,beat_2
1440,9,54,16,38,4.222222222222222,beat_2
1441,7,38,12,26,3.7142857142857144,beat_2
1442,12,64,22,42,3.5,beat_2
1443,13,72,24,48,3.6923076923076925,beat_2
1444,14,82,26,56,4.0,beat_2
1445,10,64,18,46,4.6,beat_2
1446,11,68,20,48,4.363636363636363,beat_2
1447,10,62,18,44,4.4,beat_2
1448,9,50,16,34,3.7777777777777777,beat_2
1449,11,66,20,46,4.181818181818182,beat_2
1450,6,28,10,18,3.0,beat_2
1451,10,62,18,44,4.4,beat_2
1452,17,104,32,72,4.235294117647059,beat_2
1453,9,54,16,38,4.222222222222222,beat_2
1454,8,44,14,30,3.75,beat_2
1455,8,44,14,30,3.75,beat_2
1456,9,50,16,34,3.7777777777777777,beat_2
1457,7,36,12,24,3.4285714285714284,beat_2
1458,10,58,18,40,4.0,fixed_1s
1459,10,60,18,42,4.2,beat_2
1460,8,48,14,34,4.25,beat_2
1461,8,42,14,28,3.5,beat_2
1462,10,56,18,38,3.8,beat_2
1463,13,70,24,46,3.5384615384615383,beat_2
1464,10,62,18,44,4.4,beat_2
1465,12,70,22,48,4.0,beat_2
1466,13,80,24,56,4.3076923076923075,beat_2
1467,7,36,12,24,3.4285714285714284,beat_2
1468,6,28,10,18,3.0,beat_2
1469,11,62,20,42,3.8181818181818183,beat_2
1470,10,58,18,40,4.0,beat_2
1471,12,72,22,50,4.166666666666667,beat_2
1472,11,70,20,50,4.545454545454546,beat_2
1473,7,40,12,28,4.0,beat_2
1474,9,52,16,36,4.0,beat_2
1475,11,64,20,44,4.0,beat_2
1476,12,68,22,46,3.8333333333333335,beat_2
1477,11,68,20,48,4.363636363636363,beat_2
1478,12,72,22,50,4.166666666666667,beat_2
1479,5,20,8,12,2.4,beat_2
1480,7,36,12,24,3.4285714285714284,beat_2
1481,8,46,14,32,4.0,beat_2
1482,7,38,12,26,3.7142857142857144,beat_2
1483,8,46,14,32,4.0,beat_2
1484,9,56,16,40,4.444444444444445,beat_2
1485,11,66,20,46,4.181818181818182,beat_2
1486,9,56,16,40,4.444444444444445,beat_2
1487,10,56,18,38,3.8,beat_2
1488,13,76,24,52,4.0,beat_2
1489,11,66,20,46,4.181818181818182,beat_2
1490,8,48,14,34,4.25,beat_2
1491,12,74,22,52,4.333333333333333,beat_2
1492,9,54,16,38,4.222222222222222,beat_2
1493,10,62,18,44,4.4,fixed_1s
1494,9,50,16,34,3.7777777777777777,beat_2
1495,14,82,26,56,4.0,beat_2
1496,12,74,22,52,4.333333333333333,beat_2
1497,13,76,24,52,4.0,beat_2
1498,7,36,12,24,3.4285714285714284,beat_2
1499,7,38,12,26,3.7142857142857144,beat_2
1500,11,64,20,44,4.0,beat_2
1501,10,60,18,42,4.2,beat_2
1502,8,44,14,30,3.75,beat_2
1503,11,60,20,40,3.6363636363636362,beat_2
1504,11,68,20,48,4.363636363636363,beat_2
1505,11,66,20,46,4.181818181818182,beat_2
1506,8,44,14,30,3.75,beat_2
1507,11,66,20,46,4.181818181818182,beat_2
1508,14,86,26,60,4.285714285714286,beat_2
1509,9,48,16,32,3.5555555555555554,beat_2
1510,6,30,10,20,3.3333333333333335,beat_2
1511,7,36,12,24,3.4285714285714284,beat_2
1512,11,64,20,44,4.0,beat_2
1513,11,70,20,50,4.545454545454546,beat_2
1514,6,30,10,20,3.3333333333333335,beat_2
1515,9,52,16,36,4.0,beat_2
1516,9,52,16,36,4.0,beat_2
1517,8,46,14,32,4.0,beat_2
1518,11,58,20,38,3.4545454545454546,beat_2
1519,10,54,18,36,3.6,beat_2
1520,10,62,18,44,4.4,fixed_1s
1521,8,44,14,30,3.75,beat_2
1522,7,38,12,26,3.7142857142857144,beat_2
1523,6,30,10,20,3.3333333333333335,beat_2
1524,11,62,20,42,3.8181818181818183,beat_2
1525,8,46,14,32,4.0,beat_2
1526,7,38,12,26,3.7142857142857144,beat_2
1527,9,50,16,34,3.7777777777777777,beat_2
1528,10,64,18,46,4.6,beat_2
1529,10,54,18,36,3.6,beat_2
1530,10,60,18,42,4.2,beat_2
1531,11,68,20,48,4.363636363636363,beat_2
1532,10,64,18,46,4.6,fixed_1s
1533,9,52,16,36,4.0,beat_2
1534,11,64,20,44,4.0,beat_2
1535,10,58,18,40,4.0,beat_2
1536,9,54,16,38,4.222222222222222,beat_2
1537,8,44,14,30,3.75,beat_2
1538,9,44,16,28,3.111111111111111,beat_2
1539,5,20,8,12,2.4,beat_2
1540,9,52,16,36,4.0,beat_2
1541,6,30,10,20,3.3333333333333335,beat_2
1542,6,30,10,20,3.3333333333333335,beat_2
1543,7,38,12,26,3.7142857142857144,beat_2
1544,9,52,16,36,4.0,beat_2
1545,10,62,18,44,4.4,beat_2
1546,10,54,18,36,3.6,beat_2
1547,9,52,16,36,4.0,beat_2
1548,13,76,24,52,4.0,beat_2
1549,10,62,18,44,4.4,beat_2
1550,13,78,24,54,4.153846153846154,beat_2
1551,11,66,20,46,4.181818181818182,beat_2
1552,11,66,20,46,4.181818181818182,beat_2
1553,10,62,18,44,4.4,beat_2
1554,14,88,26,62,4.428571428571429,beat_2
1555,8,46,14,32,4.0,beat_2
1556,11,62,20,42,3.8181818181818183,beat_2
1557,7,38,12,26,3.7142857142857144,beat_2
1558,10,60,18,42,4.2,beat_2
1559,14,84,26,58,4.142857142857143,beat_2
1560,7,36,12,24,3.4285714285714284,beat_2
1561,11,66,20,46,4.181818181818182,beat_2
1562,13,80,24,56,4.3076923076923075,beat_2
1563,9,52,16,36,4.0,beat_2
1564,9,52,16,36,4.0,beat_2
1565,11,62,20,42,3.8181818181818183,beat_2
1566,8,44,14,30,3.75,beat_2
1567,10,56,18,38,3.8,beat_2
1568,7,36,12,24,3.4285714285714284,beat_2
1569,14,76,26,50,3.5714285714285716,beat_2
1570,10,58,18,40,4.0,beat_2
1571,15,96,28,68,4.533333333333333,beat_2
1572,13,74,24,50,3.8461538461538463,beat_2
1573,7,38,12,26,3.7142857142857144,beat_2
1574,9,50,16,34,3.7777777777777777,beat_2
1575,11,60,20,40,3.6363636363636362,beat_2
1576,8,44,14,30,3.75,beat_2
1577,7,40,12,28,4.0,beat_2
1578,7,38,12,26,3.7142857142857144,beat_2
1579,9,54,16,38,4.222222222222222,beat_2
1580,10,56,18,38,3.8,fixed_1s
1581,9,54,16,38,4.222222222222222,beat_2
1582,10,60,18,42,4.2,beat_2
1583,8,42,14,28,3.5,beat_2
1584,10,62,18,44,4.4,beat_2
1585,5,20,8,12,2.4,beat_2
1586,8,46,14,32,4.0,beat_2
1587,9,50,16,34,3.7777777777777777,beat_2
1588,9,52,16,36,4.0,beat_2
1589,10,60,18,42,4.2,fixed_1s
1590,8,44,14,30,3.75,beat_2
1591,7,38,12,26,3.7142857142857144,beat_2
1592,8,46,14,32,4.0,beat_2
1593,7,38,12,26,3.7142857142857144,beat_2
1594,7,38,12,26,3.7142857142857144,beat_2
1595,12,66,22,44,3.6666666666666665,beat_2
1596,8,46,14,32,4.0,beat_2
1597,9,52,16,36,4.0,beat_2
1598,9,52,16,36,4.0,beat_2
1599,9,54,16,38,4.222222222222222,beat_2
1600,12,72,22,50,4.166666666666667,beat_2
1601,10,62,18,44,4.4,beat_2
1602,9,52,16,36,4.0,beat_2
1603,10,56,18,38,3.8,beat_2
1604,11,64,20,44,4.0,beat_2
1605,8,46,14,32,4.0,beat_2
1606,9,52,16,36,4.0,beat_2
1607,9,52,16,36,4.0,beat_2
1608,7,38,12,26,3.7142857142857144,beat_2
1609,10,60,18,42,4.2,beat_2
1610,14,92,26,66,4.714285714285714,beat_2
1611,10,56,18,38,3.8,beat_2
1612,11,62,20,42,3.8181818181818183,beat_2
1613,10,60,18,42,4.2,beat_2
1614,9,56,16,40,4.444444444444445,beat_2
1615,11,70,20,50,4.545454545454546,beat_2
1616,10,62,18,44,4.4,beat_2
1617,10,56,18,38,3.8,fixed_1s
1618,9,48,16,32,3.5555555555555554,beat_2
1619,11,64,20,44,4.0,beat_2
1620,13,74,24,50,3.8461538461538463,beat_2
1621,9,56,16,40,4.444444444444445,beat_2
1622,9,46,16,30,3.3333333333333335,beat_2
1623,15,102,28,74,4.933333333333334,beat_2
1624,14,90,26,64,4.571428571428571,beat_2
1625,8,46,14,32,4.0,beat_2
1626,10,60,18,42,4.2,beat_2
1627,14,82,26,56,4.0,beat_2
1628,9,50,16,34,3.7777777777777777,beat_2
1629,10,60,18,42,4.2,beat_2
1630,15,94,28,66,4.4,beat_2
1631,10,58,18,40,4.0,beat_2
1632,10,58,18,40,4.0,beat_2
1633,10,60,18,42,4.2,beat_2
1634,14,94,26,68,4.857142857142857,beat_2
1635,7,36,12,24,3.4285714285714284,beat_2
1636,10,60,18,42,4.2,beat_2
1637,12,74,22,52,4.333333333333333,beat_2
1638,9,52,16,36,4.0,beat_2
1639,8,44,14,30,3.75,beat_2
1640,11,66,20,46,4.181818181818182,beat_2
1641,9,54,16,38,4.222222222222222,beat_2
1642,9,52,16,36,4.0,beat_2
1643,16,104,30,74,4.625,beat_2
1644,5,20,8,12,2.4,beat_2
1645,11,68,20,48,4.363636363636363,beat_2
1646,8,46,14,32,4.0,beat_2
1647,7,38,12,26,3.7142857142857144,beat_2
1648,12,70,22,48,4.0,beat_2
1649,10,54,18,36,3.6,fixed_1s
1650,8,46,14,32,4.0,beat_2
1651,14,80,26,54,3.857142857142857,beat_2
1652,7,36,12,24,3.4285714285714284,beat_2
1653,11,66,20,46,4.181818181818182,beat_2
1654,9,52,16,36,4.0,beat_2
1655,15,96,28,68,4.533333333333333,beat_2
1656,10,60,18,42,4.2,beat_2
1657,10,58,18,40,4.0,fixed_1s
1658,10,58,18,40,4.0,beat_2
1659,10,62,18,44,4.4,fixed_1s
1660,12,74,22,52,4.333333333333333,beat_2
1661,10,56,18,38,3.8,beat_2
1662,11,68,20,48,4.363636363636363,beat_2
1663,11,62,20,42,3.8181818181818183,beat_2
1664,12,68,22,46,3.8333333333333335,beat_2
1665,12,72,22,50,4.166666666666667,beat_2
1666,9,52,16,36,4.0,beat_2
1667,8,44,14,30,3.75,beat_2
1668,12,76,22,54,4.5,beat_2
1669,9,56,16,40,4.444444444444445,beat_2
1670,9,54,16,38,4.222222222222222,beat_2
1671,12,70,22,48,4.0,beat_2
1672,8,46,14,32,4.0,beat_2
1673,11,60,20,40,3.6363636363636362,beat_2
1674,9,52,16,36,4.0,beat_2
1675,15,86,28,58,3.8666666666666667,beat_2
1676,12,72,22,50,4.166666666666667,beat_2
1677,9,54,16,38,4.222222222222222,beat_2
1678,10,64,18,46,4.6,fixed_1s
1679,17,104,32,72,4.235294117647059,beat_2
1680,12,68,22,46,3.8333333333333335,beat_2
1681,7,36,12,24,3.4285714285714284,beat_2
1682,6,30,10,20,3.3333333333333335,beat_2
1683,12,70,22,48,4.0,beat_2
1684,10,56,18,38,3.8,fixed_1s
1685,9,54,16,38,4.222222222222222,beat_2
1686,10,54,18,36,3.6,fixed_1s
1687,11,68,20,48,4.363636363636363,beat_2
1688,6,30,10,20,3.3333333333333335,beat_2
1689,8,46,14,32,4.0,beat_2
1690,8,44,14,30,3.75,beat_2
1691,9,52,16,36,4.0,beat_2
1692,14,86,26,60,4.285714285714286,beat_2
1693,9,50,16,34,3.7777777777777777,beat_2
1694,11,66,20,46,4.181818181818182,beat_2
1695,10,58,18,40,4.0,beat_2
1696,12,64,22,42,3.5,beat_2
1697,11,66,20,46,4.181818181818182,beat_2
1698,10,56,18,38,3.8,beat_2
1699,9,52,16,36,4.0,beat_2
1700,11,64,20,44,4.0,beat_2
1701,10,62,18,44,4.4,beat_2
1702,9,54,16,38,4.222222222222222,beat_2
1703,11,64,20,44,4.0,beat_2
1704,11,64,20,44,4.0,beat_2
1705,10,58,18,40,4.0,beat_2
1706,9,54,16,38,4.222222222222222,beat_2
1707,10,56,18,38,3.8,beat_2
1708,13,74,24,50,3.8461538461538463,beat_2
1709,9,50,16,34,3.7777777777777777,beat_2
1710,10,62,18,44,4.4,fixed_1s
1711,13,78,24,54,4.153846153846154,beat_2
1712,11,70,20,50,4.545454545454546,beat_2
1713,6,30,10,20,3.3333333333333335,beat_2
1714,9,54,16,38,4.222222222222222,beat_2
1715,6,30,10,20,3.3333333333333335,beat_2
1716,17,102,32,70,4.117647058823529,beat_2
1717,13,74,24,50,3.8461538461538463,beat_2
1718,11,64,20,44,4.0,beat_2
1719,12,68,22,46,3.8333333333333335,beat_2
1720,14,86,26,60,4.285714285714286,beat_2
1721,8,44,14,30,3.75,beat_2
1722,5,20,8,12,2.4,beat_2
1723,12,74,22,52,4.333333333333333,beat_2
1724,11,58,20,38,3.4545454545454546,beat_2
1725,8,42,14,28,3.5,beat_2
1726,11,56,20,36,3.272727272727273,beat_2
1727,11,64,20,44,4.0,beat_2
1728,15,84,28,56,3.7333333333333334,beat_2
1729,13,72,24,48,3.6923076923076925,beat_2
1730,6,30,10,20,3.3333333333333335,beat_2
1731,9,54,16,38,4.222222222222222,beat_2
1732,10,56,18,38,3.8,beat_2
1733,8,44,14,30,3.75,beat_2
1734,13,82,24,58,4.461538461538462,beat_2
1735,8,44,14,30,3.75,beat_2
1736,6,30,10,20,3.3333333333333335,beat_2
1737,11,62,20,42,3.8181818181818183,beat_2
1738,8,42,14,28,3.5,beat_2
1739,10,62,18,44,4.4,beat_2
1740,14,90,26,64,4.571428571428571,beat_2
1741,13,76,24,52,4.0,beat_2
1742,15,92,28,64,4.266666666666667,beat_2
1743,12,72,22,50,4.166666666666667,beat_2
1744,11,68,20,48,4.363636363636363,beat_2
1745,8,44,14,30,3.75,beat_2
1746,10,60,18,42,4.2,beat_2
1747,10,58,18,40,4.0,beat_2
1748,10,60,18,42,4.2,beat_2
1749,8,46,14,32,4.0,beat_2
1750,13,80,24,56,4.3076923076923075,beat_2
1751,8,44,14,30,3.75,beat_2
1752,12,70,22,48,4.0,beat_2
1753,9,56,16,40,4.444444444444445,beat_2
1754,9,54,16,38,4.222222222222222,beat_2
1755,12,68,22,46,3.8333333333333335,beat_2
1756,8,46,14,32,4.0,beat_2
1757,8,48,14,34,4.25,beat_2
1758,12,66,22,44,3.6666666666666665,beat_2
1759,15,92,28,64,4.266666666666667,beat_2
1760,8,44,14,30,3.75,beat_2
1761,10,56,18,38,3.8,beat_2
1762,13,80,24,56,4.3076923076923075,beat_2
1763,5,20,8,12,2.4,beat_2
1764,8,46,14,32,4.0,beat_2
1765,6,30,10,20,3.3333333333333335,beat_2
1766,10,62,18,44,4.4,beat_2
1767,10,60,18,42,4.2,fixed_1s
1768,8,42,14,28,3.5,beat_2
1769,5,20,8,12,2.4,beat_2
1770,10,58,18,40,4.0,beat_2
1771,9,50,16,34,3.7777777777777777,beat_2
1772,9,54,16,38,4.222222222222222,beat_2
1773,8,44,14,30,3.75,beat_2
1774,9,52,16,36,4.0,beat_2
1775,10,56,18,38,3.8,beat_2
1776,10,54,18,36,3.6,beat_2
1777,12,72,22,50,4.166666666666667,beat_2
1778,13,76,24,52,4.0,beat_2
1779,11,66,20,46,4.181818181818182,beat_2
1780,8,46,14,32,4.0,beat_2
1781,10,56,18,38,3.8,beat_2
1782,10,64,18,46,4.6,beat_2
1783,10,56,18,38,3.8,beat_2
1784,9,56,16,40,4.444444444444445,beat_2
1785,5,20,8,12,2.4,beat_2
1786,14,78,26,52,3.7142857142857144,beat_2
1787,10,60,18,42,4.2,beat_2
1788,9,50,16,34,3.7777777777777777,beat_2
1789,10,60,18,42,4.2,fixed_1s
1790,5,20,8,12,2.4,beat_2
1791,12,78,22,56,4.666666666666667,beat_2
1792,10,54,18,36,3.6,beat_2
1793,8,44,14,30,3.75,beat_2
1794,8,44,14,30,3.75,beat_2
1795,6,30,10,20,3.3333333333333335,beat_2
1796,6,28,10,18,3.0,beat_2
1797,8,44,14,30,3.75,beat_2
1798,7,38,12,26,3.7142857142857144,beat_2
1799,14,82,26,56,4.0,beat_2
1800,14,78,26,52,3.7142857142857144,beat_2
1801,8,44,14,30,3.75,beat_2
1802,10,52,18,34,3.4,fixed_1s
1803,9,54,16,38,4.222222222222222,beat_2
1804,6,28,10,18,3.0,beat_2
1805,10,54,18,36,3.6,beat_2
1806,11,66,20,46,4.181818181818182,beat_2
1807,6,30,10,20,3.3333333333333335,beat_2
1808,10,58,18,40,4.0,beat_2
1809,11,66,20,46,4.181818181818182,beat_2
1810,9,54,16,38,4.222222222222222,beat_2
1811,7,38,12,26,3.7142857142857144,beat_2
1812,12,68,22,46,3.8333333333333335,beat_2
1813,8,46,14,32,4.0,beat_2
1814,8,44,14,30,3.75,beat_2
1815,10,52,18,34,3.4,beat_2
1816,6,30,10,20,3.3333333333333335,beat_2
1817,13,82,24,58,4.461538461538462,beat_2
1818,10,58,18,40,4.0,fixed_1s
1819,8,48,14,34,4.25,beat_2
1820,11,70,20,50,4.545454545454546,beat_2
1821,11,64,20,44,4.0,beat_2
1822,9,52,16,36,4.0,beat_2
1823,9,50,16,34,3.7777777777777777,beat_2
1824,8,44,14,30,3.75,beat_2
1825,9,48,16,32,3.5555555555555554,beat_2
1826,8,46,14,32,4.0,beat_2
1827,9,52,16,36,4.0,beat_2
1828,11,72,20,52,4.7272727272727275,beat_2
1829,11,66,20,46,4.181818181818182,beat_2
1830,9,52,16,36,4.0,beat_2
1831,7,40,12,28,4.0,beat_2
1832,11,68,20,48,4.363636363636363,beat_2
1833,9,52,16,36,4.0,beat_2
1834,10,58,18,40,4.0,fixed_1s
1835,8,48,14,34,4.25,beat_2
1836,11,60,20,40,3.6363636363636362,beat_2
1837,10,52,18,34,3.4,beat_2
1838,8,46,14,32,4.0,beat_2
1839,10,60,18,42,4.2,beat_2
1840,13,76,24,52,4.0,beat_2
1841,9,50,16,34,3.7777777777777777,beat_2
1842,10,60,18,42,4.2,beat_2
1843,8,44,14,30,3.75,beat_2
1844,7,38,12,26,3.7142857142857144,beat_2
1845,6,30,10,20,3.3333333333333335,beat_2
1846,11,68,20,48,4.363636363636363,beat_2
1847,10,66,18,48,4.8,fixed_1s
1848,12,68,22,46,3.8333333333333335,beat_2
1849,9,52,16,36,4.0,beat_2
1850,9,50,16,34,3.7777777777777777,beat_2
1851,8,44,14,30,3.75,beat_2
1852,13,78,24,54,4.153846153846154,beat_2
1853,8,44,14,30,3.75,beat_2
1854,9,50,16,34,3.7777777777777777,beat_2
1855,12,76,22,54,4.5,beat_2
1856,8,46,14,32,4.0,beat_2
1857,10,56,18,38,3.8,fixed_1s
1858,10,60,18,42,4.2,beat_2
1859,13,78,24,54,4.153846153846154,beat_2
1860,7,38,12,26,3.7142857142857144,beat_2
1861,9,50,16,34,3.7777777777777777,beat_2
1862,8,44,14,30,3.75,beat_2
1863,10,56,18,38,3.8,beat_2
1864,9,54,16,38,4.222222222222222,beat_2
1865,13,74,24,50,3.8461538461538463,beat_2
1866,6,30,10,20,3.3333333333333335,beat_2
1867,5,20,8,12,2.4,beat_2
1868,8,46,14,32,4.0,beat_2
1869,12,72,22,50,4.166666666666667,beat_2
1870,9,56,16,40,4.444444444444445,beat_2
1871,12,68,22,46,3.8333333333333335,beat_2
1872,14,88,26,62,4.428571428571429,beat_2
1873,10,62,18,44,4.4,beat_2
1874,9,52,16,36,4.0,beat_2
1875,10,58,18,40,4.0,beat_2
1876,16,92,30,62,3.875,beat_2
1877,10,60,18,42,4.2,beat_2
1878,9,50,16,34,3.7777777777777777,beat_2
1879,12,66,22,44,3.6666666666666665,beat_2
1880,5,20,8,12,2.4,beat_2
1881,10,60,18,42,4.2,beat_2
1882,8,44,14,30,3.75,beat_2
1883,8,44,14,30,3.75,beat_2
1884,7,38,12,26,3.7142857142857144,beat_2
1885,11,60,20,40,3.6363636363636362,beat_2
1886,10,58,18,40,4.0,beat_2
1887,10,60,18,42,4.2,beat_2
1888,10,58,18,40,4.0,beat_2
1889,13,70,24,46,3.5384615384615383,beat_2
1890,8,48,14,34,4.25,beat_2
1891,14,86,26,60,4.285714285714286,beat_2
1892,10,58,18,40,4.0,beat_2
1893,10,56,18,38,3.8,beat_2
1894,10,54,18,36,3.6,beat_2
1895,9,52,16,36,4.0,beat_2
1896,6,30,10,20,3.3333333333333335,beat_2
1897,10,62,18,44,4.4,beat_2
1898,7,36,12,24,3.4285714285714284,beat_2
1899,7,38,12,26,3.7142857142857144,beat_2
1900,8,46,14,32,4.0,beat_2
1901,10,58,18,40,4.0,beat_2
1902,11,64,20,44,4.0,beat_2
1903,7,38,12,26,3.7142857142857144,beat_2
1904,10,58,18,40,4.0,beat_2
1905,8,42,14,28,3.5,beat_2
1906,14,82,26,56,4.0,beat_2
1907,10,56,18,38,3.8,beat_2
1908,6,28,10,18,3.0,beat_2
1909,11,72,20,52,4.7272727272727275,beat_2
1910,6,30,10,20,3.3333333333333335,beat_2
1911,8,42,14,28,3.5,beat_2
1912,15,86,28,58,3.8666666666666667,beat_2
1913,10,58,18,40,4.0,beat_2
1914,9,52,16,36,4.0,beat_2
1915,9,50,16,34,3.7777777777777777,beat_2
1916,11,68,20,48,4.363636363636363,beat_2
1917,14,86,26,60,4.285714285714286,beat_2
1918,10,60,18,42,4.2,beat_2
1919,11,64,20,44,4.0,beat_2
1920,8,46,14,32,4.0,beat_2
1921,10,56,18,38,3.8,beat_2
1922,13,70,24,46,3.5384615384615383,beat_2
1923,8,38,14,24,3.0,beat_2
1924,6,30,10,20,3.3333333333333335,beat_2
1925,6,30,10,20,3.3333333333333335,beat_2
1926,12,70,22,48,4.0,beat_2
1927,10,58,18,40,4.0,beat_2
1928,7,38,12,26,3.7142857142857144,beat_2
1929,9,52,16,36,4.0,beat_2
1930,6,30,10,20,3.3333333333333335,beat_2
1931,10,62,18,44,4.4,beat_2
1932,6,30,10,20,3.3333333333333335,beat_2
1933,10,58,18,40,4.0,beat_2
1934,10,58,18,40,4.0,beat_2
1935,11,64,20,44,4.0,beat_2
1936,6,30,10,20,3.3333333333333335,beat_2
1937,10,58,18,40,4.0,beat_2
1938,11,68,20,48,4.363636363636363,beat_2
1939,14,82,26,56,4.0,beat_2
1940,8,46,14,32,4.0,beat_2
1941,8,44,14,30,3.75,beat_2
1942,11,68,20,48,4.363636363636363,beat_2
1943,17,102,32,70,4.117647058823529,beat_2
1944,8,46,14,32,4.0,beat_2
1945,10,56,18,38,3.8,beat_2
1946,8,46,14,32,4.0,beat_2
1947,9,50,16,34,3.7777777777777777,beat_2
1948,11,66,20,46,4.181818181818182,beat_2
1949,11,66,20,46,4.181818181818182,beat_2
1950,10,62,18,44,4.4,beat_2
1951,14,86,26,60,4.285714285714286,beat_2
1952,6,30,10,20,3.3333333333333335,beat_2
1953,10,58,18,40,4.0,beat_2
1954,8,46,14,32,4.0,beat_2
1955,12,70,22,48,4.0,beat_2
1956,10,58,18,40,4.0,beat_2
1957,9,52,16,36,4.0,beat_2
1958,10,64,18,46,4.6,beat_2
1959,5,20,8,12,2.4,beat_2
1960,11,64,20,44,4.0,beat_2
1961,8,44,14,30,3.75,beat_2
1962,10,56,18,38,3.8,beat_2
1963,9,52,16,36,4.0,beat_2
1964,7,38,12,26,3.7142857142857144,beat_2
1965,9,52,16,36,4.0,beat_2
1966,10,58,18,40,4.0,beat_2
1967,9,50,16,34,3.7777777777777777,beat_2
1968,12,76,22,54,4.5,beat_2
1969,9,50,16,34,3.7777777777777777,beat_2
1970,10,64,18,46,4.6,beat_2
1971,5,20,8,12,2.4,beat_2
1972,10,58,18,40,4.0,beat_2
1973,10,58,18,40,4.0,beat_2
1974,10,52,18,34,3.4,beat_2
1975,8,44,14,30,3.75,beat_2
1976,11,64,20,44,4.0,beat_2
1977,11,68,20,48,4.363636363636363,beat_2
1978,11,66,20,46,4.181818181818182,beat_2
1979,12,70,22,48,4.0,beat_2
1980,12,74,22,52,4.333333333333333,beat_2
1981,12,70,22,48,4.0,beat_2
1982,9,52,16,36,4.0,beat_2
1983,7,38,12,26,3.7142857142857144,beat_2
1984,8,46,14,32,4.0,beat_2
1985,7,38,12,26,3.7142857142857144,beat_2
1986,13,74,24,50,3.8461538461538463,beat_2
1987,5,20,8,12,2.4,beat_2
1988,16,98,30,68,4.25,beat_2
1989,13,84,24,60,4.615384615384615,beat_2
1990,9,56,16,40,4.444444444444445,beat_2
1991,14,86,26,60,4.285714285714286,beat_2
1992,8,46,14,32,4.0,beat_2
1993,18,106,34,72,4.0,beat_2
1994,19,110,36,74,3.8947368421052633,beat_2
1995,11,62,20,42,3.8181818181818183,beat_2
1996,10,56,18,38,3.8,beat_2
1997,9,56,16,40,4.444444444444445,beat_2
1998,8,46,14,32,4.0,beat_2
1999,11,68,20,48,4.363636363636363,beat_2
2000,10,58,18,40,4.0,fixed_1s
2001,8,42,14,28,3.5,beat_2
2002,11,68,20,48,4.363636363636363,beat_2
2003,5,20,8,12,2.4,beat_2
2004,9,56,16,40,4.444444444444445,beat_2
2005,8,44,14,30,3.75,beat_2
2006,6,30,10,20,3.3333333333333335,beat_2
2007,9,48,16,32,3.5555555555555554,beat_2
2008,7,38,12,26,3.7142857142857144,beat_2
2009,11,70,20,50,4.545454545454546,beat_2
2010,8,46,14,32,4.0,beat_2
2011,13,80,24,56,4.3076923076923075,beat_2
2012,11,66,20,46,4.181818181818182,beat_2
2013,10,58,18,40,4.0,beat_2
2014,8,48,14,34,4.25,beat_2
2015,8,48,14,34,4.25,beat_2
2016,7,36,12,24,3.4285714285714284,beat_2
2017,13,80,24,56,4.3076923076923075,beat_2
2018,8,44,14,30,3.75,beat_2
2019,8,46,14,32,4.0,beat_2
2020,8,46,14,32,4.0,beat_2
2021,12,70,22,48,4.0,beat_2
2022,7,38,12,26,3.7142857142857144,beat_2
2023,7,38,12,26,3.7142857142857144,beat_2
2024,12,76,22,54,4.5,beat_2
2025,13,80,24,56,4.3076923076923075,beat_2
2026,12,72,22,50,4.166666666666667,beat_2
2027,11,64,20,44,4.0,beat_2
2028,6,30,10,20,3.3333333333333335,beat_2
2029,8,46,14,32,4.0,beat_2
2030,12,68,22,46,3.8333333333333335,beat_2
2031,8,46,14,32,4.0,beat_2
2032,8,46,14,32,4.0,beat_2
2033,9,52,16,36,4.0,beat_2
2034,7,40,12,28,4.0,beat_2
2035,11,66,20,46,4.181818181818182,beat_2
2036,11,66,20,46,4.181818181818182,beat_2
2037,15,86,28,58,3.8666666666666667,beat_2
2038,7,40,12,28,4.0,beat_2
2039,15,88,28,60,4.0,beat_2
2040,10,54,18,36,3.6,beat_2
2041,9,52,16,36,4.0,beat_2
2042,7,36,12,24,3.4285714285714284,beat_2
2043,10,58,18,40,4.0,beat_2
2044,10,56,18,38,3.8,beat_2
2045,10,58,18,40,4.0,beat_2
2046,10,60,18,42,4.2,beat_2
2047,10,58,18,40,4.0,beat_2
2048,9,52,16,36,4.0,beat_2
2049,9,50,16,34,3.7777777777777777,beat_2
2050,8,44,14,30,3.75,beat_2
2051,10,60,18,42,4.2,beat_2
2052,9,54,16,38,4.222222222222222,beat_2
2053,14,78,26,52,3.7142857142857144,beat_2
2054,11,66,20,46,4.181818181818182,beat_2
2055,8,44,14,30,3.75,beat_2
2056,6,30,10,20,3.3333333333333335,beat_2
2057,11,68,20,48,4.363636363636363,beat_2
2058,9,52,16,36,4.0,beat_2
2059,8,46,14,32,4.0,beat_2
2060,13,78,24,54,4.153846153846154,beat_2
2061,10,58,18,40,4.0,beat_2
2062,12,78,22,56,4.666666666666667,beat_2
2063,11,66,20,46,4.181818181818182,beat_2
2064,14,80,26,54,3.857142857142857,beat_2
2065,14,76,26,50,3.5714285714285716,beat_2
2066,9,48,16,32,3.5555555555555554,beat_2
2067,7,38,12,26,3.7142857142857144,beat_2
2068,11,66,20,46,4.181818181818182,beat_2
2069,11,64,20,44,4.0,beat_2
2070,10,58,18,40,4.0,beat_2
2071,13,74,24,50,3.8461538461538463,beat_2
2072,11,64,20,44,4.0,beat_2
2073,12,68,22,46,3.8333333333333335,beat_2
2074,10,56,18,38,3.8,beat_2
2075,11,62,20,42,3.8181818181818183,beat_2
2076,10,56,18,38,3.8,beat_2
2077,6,30,10,20,3.3333333333333335,beat_2
2078,9,50,16,34,3.7777777777777777,beat_2
2079,8,42,14,28,3.5,beat_2
2080,12,74,22,52,4.333333333333333,beat_2
2081,11,70,20,50,4.545454545454546,beat_2
2082,8,44,14,30,3.75,beat_2
2083,7,36,12,24,3.4285714285714284,beat_2
2084,7,38,12,26,3.7142857142857144,beat_2
2085,15,96,28,68,4.533333333333333,beat_2
2086,9,52,16,36,4.0,beat_2
2087,9,50,16,34,3.7777777777777777,beat_2
2088,11,58,20,38,3.4545454545454546,beat_2
2089,11,68,20,48,4.363636363636363,beat_2
2090,12,78,22,56,4.666666666666667,beat_2
2091,9,54,16,38,4.222222222222222,beat_2
2092,12,74,22,52,4.333333333333333,beat_2
2093,11,62,20,42,3.8181818181818183,beat_2
2094,10,54,18,36,3.6,beat_2
2095,9,52,16,36,4.0,beat_2
2096,9,54,16,38,4.222222222222222,beat_2
2097,8,44,14,30,3.75,beat_2
2098,6,30,10,20,3.3333333333333335,beat_2
2099,10,54,18,36,3.6,beat_2
2100,9,50,16,34,3.7777777777777777,beat_2
2101,10,58,18,40,4.0,beat_2
2102,15,82,28,54,3.6,beat_2
2103,10,60,18,42,4.2,fixed_1s
2104,16,94,30,64,4.0,beat_2
2105,10,58,18,40,4.0,fixed_1s
2106,12,66,22,44,3.6666666666666665,beat_2
2107,12,66,22,44,3.6666666666666665,beat_2
2108,15,98,28,70,4.666666666666667,beat_2
2109,11,66,20,46,4.181818181818182,beat_2
2110,6,28,10,18,3.0,beat_2
2111,12,68,22,46,3.8333333333333335,beat_2
2112,13,80,24,56,4.3076923076923075,beat_2
2113,8,44,14,30,3.75,beat_2
2114,9,52,16,36,4.0,beat_2
2115,9,54,16,38,4.222222222222222,beat_2
2116,12,76,22,54,4.5,beat_2
2117,5,20,8,12,2.4,beat_2
2118,9,48,16,32,3.5555555555555554,beat_2
2119,9,50,16,34,3.7777777777777777,beat_2
2120,8,44,14,30,3.75,beat_2
2121,7,38,12,26,3.7142857142857144,beat_2
2122,10,60,18,42,4.2,beat_2
2123,12,74,22,52,4.333333333333333,beat_2
2124,7,40,12,28,4.0,beat_2
2125,11,62,20,42,3.8181818181818183,beat_2
2126,7,40,12,28,4.0,beat_2
2127,10,58,18,40,4.0,beat_2
2128,13,80,24,56,4.3076923076923075,beat_2
2129,10,60,18,42,4.2,beat_2
2130,7,38,12,26,3.7142857142857144,beat_2
2131,9,56,16,40,4.444444444444445,beat_2
2132,11,64,20,44,4.0,beat_2
2133,10,60,18,42,4.2,beat_2
2134,10,58,18,40,4.0,fixed_1s
2135,6,30,10,20,3.3333333333333335,beat_2
2136,8,46,14,32,4.0,beat_2
2137,11,64,20,44,4.0,beat_2
2138,13,82,24,58,4.461538461538462,beat_2
2139,10,62,18,44,4.4,fixed_1s
2140,9,54,16,38,4.222222222222222,beat_2
2141,8,46,14,32,4.0,beat_2
2142,12,74,22,52,4.333333333333333,beat_2
2143,11,66,20,46,4.181818181818182,beat_2
2144,11,60,20,40,3.6363636363636362,beat_2
2145,8,42,14,28,3.5,beat_2
2146,10,58,18,40,4.0,beat_2
2147,11,62,20,42,3.8181818181818183,beat_2
2148,10,62,18,44,4.4,beat_2
2149,9,52,16,36,4.0,beat_2
2150,10,60,18,42,4.2,beat_2
2151,9,52,16,36,4.0,beat_2
2152,10,60,18,42,4.2,beat_2
2153,8,46,14,32,4.0,beat_2
2154,10,60,18,42,4.2,beat_2
2155,10,58,18,40,4.0,beat_2
2156,10,60,18,42,4.2,beat_2
2157,9,54,16,38,4.222222222222222,beat_2
2158,15,88,28,60,4.0,beat_2
2159,8,44,14,30,3.75,beat_2
2160,7,38,12,26,3.7142857142857144,beat_2
2161,7,38,12,26,3.7142857142857144,beat_2
2162,12,68,22,46,3.8333333333333335,beat_2
2163,10,60,18,42,4.2,beat_2
2164,9,52,16,36,4.0,beat_2
2165,10,56,18,38,3.8,beat_2
2166,8,46,14,32,4.0,beat_2
2167,8,46,14,32,4.0,beat_2
2168,10,58,18,40,4.0,beat_2
2169,10,62,18,44,4.4,beat_2
2170,11,64,20,44,4.0,beat_2
2171,8,46,14,32,4.0,beat_2
2172,11,66,20,46,4.181818181818182,beat_2
2173,10,54,18,36,3.6,beat_2
2174,9,54,16,38,4.222222222222222,beat_2
2175,6,30,10,20,3.3333333333333335,beat_2
2176,6,30,10,20,3.3333333333333335,beat_2
2177,13,72,24,48,3.6923076923076925,beat_2
2178,10,58,18,40,4.0,beat_2
2179,11,68,20,48,4.363636363636363,beat_2
2180,7,38,12,26,3.7142857142857144,beat_2
2181,13,82,24,58,4.461538461538462,beat_2
2182,7,38,12,26,3.7142857142857144,beat_2
2183,13,76,24,52,4.0,beat_2
2184,7,38,12,26,3.7142857142857144,beat_2
2185,12,70,22,48,4.0,beat_2
2186,11,64,20,44,4.0,beat_2
2187,5,20,8,12,2.4,beat_2
2188,5,20,8,12,2.4,beat_2
2189,12,74,22,52,4.333333333333333,beat_2
2190,8,44,14,30,3.75,beat_2
2191,9,50,16,34,3.7777777777777777,beat_2
2192,8,46,14,32,4.0,beat_2
2193,6,30,10,20,3.3333333333333335,beat_2
2194,10,62,18,44,4.4,fixed_1s
2195,12,64,22,42,3.5,beat_2
2196,10,60,18,42,4.2,beat_2
2197,11,64,20,44,4.0,beat_2
2198,7,38,12,26,3.7142857142857144,beat_2
2199,11,70,20,50,4.545454545454546,beat_2
2200,11,60,20,40,3.6363636363636362,beat_2
2201,10,60,18,42,4.2,beat_2
2202,13,76,24,52,4.0,beat_2
2203,10,58,18,40,4.0,beat_2
2204,10,64,18,46,4.6,beat_2
2205,13,76,24,52,4.0,beat_2
2206,9,50,16,34,3.7777777777777777,beat_2
2207,10,54,18,36,3.6,beat_2
2208,12,68,22,46,3.8333333333333335,beat_2
2209,9,50,16,34,3.7777777777777777,beat_2
2210,10,58,18,40,4.0,beat_2
2211,11,66,20,46,4.181818181818182,beat_2
2212,10,60,18,42,4.2,beat_2
2213,11,68,20,48,4.363636363636363,beat_2
2214,7,38,12,26,3.7142857142857144,beat_2
2215,9,52,16,36,4.0,beat_2
2216,10,62,18,44,4.4,beat_2
2217,11,66,20,46,4.181818181818182,beat_2
2218,11,66,20,46,4.181818181818182,beat_2
2219,6,28,10,18,3.0,beat_2
2220,8,46,14,32,4.0,beat_2
2221,12,76,22,54,4.5,beat_2
2222,9,52,16,36,4.0,beat_2
2223,6,30,10,20,3.3333333333333335,beat_2
2224,10,62,18,44,4.4,beat_2
2225,10,60,18,42,4.2,beat_2
2226,8,44,14,30,3.75,beat_2
2227,12,64,22,42,3.5,beat_2
2228,9,54,16,38,4.222222222222222,beat_2
2229,9,52,16,36,4.0,beat_2
2230,8,46,14,32,4.0,beat_2
2231,8,46,14,32,4.0,beat_2
2232,12,72,22,50,4.166666666666667,beat_2
2233,9,54,16,38,4.222222222222222,beat_2
2234,10,56,18,38,3.8,beat_2
2235,8,46,14,32,4.0,beat_2
2236,10,60,18,42,4.2,beat_2
2237,8,46,14,32,4.0,beat_2
2238,8,44,14,30,3.75,beat_2
2239,8,46,14,32,4.0,beat_2
2240,14,76,26,50,3.5714285714285716,beat_2
2241,12,76,22,54,4.5,beat_2
2242,11,66,20,46,4.181818181818182,beat_2
2243,10,62,18,44,4.4,beat_2
2244,12,70,22,48,4.0,beat_2
2245,6,30,10,20,3.3333333333333335,beat_2
2246,8,46,14,32,4.0,beat_2
2247,7,36,12,24,3.4285714285714284,beat_2
2248,10,52,18,34,3.4,beat_2
2249,9,54,16,38,4.222222222222222,beat_2
2250,11,68,20,48,4.363636363636363,beat_2
2251,10,60,18,42,4.2,beat_2
2252,9,50,16,34,3.7777777777777777,beat_2
2253,13,72,24,48,3.6923076923076925,beat_2
2254,11,60,20,40,3.6363636363636362,beat_2
2255,11,58,20,38,3.4545454545454546,beat_2
2256,12,70,22,48,4.0,beat_2
2257,9,48,16,32,3.5555555555555554,beat_2
2258,5,20,8,12,2.4,beat_2
2259,13,80,24,56,4.3076923076923075,beat_2
2260,11,66,20,46,4.181818181818182,beat_2
2261,11,66,20,46,4.181818181818182,beat_2
2262,11,70,20,50,4.545454545454546,beat_2
2263,6,30,10,20,3.3333333333333335,beat_2
2264,12,72,22,50,4.166666666666667,beat_2
2265,13,76,24,52,4.0,beat_2
2266,8,46,14,32,4.0,beat_2
2267,8,46,14,32,4.0,beat_2
2268,9,50,16,34,3.7777777777777777,beat_2
2269,11,70,20,50,4.545454545454546,beat_2
2270,9,52,16,36,4.0,beat_2
2271,10,58,18,40,4.0,beat_2
2272,10,58,18,40,4.0,beat_2
2273,13,82,24,58,4.461538461538462,beat_2
2274,10,60,18,42,4.2,beat_2
2275,15,94,28,66,4.4,beat_2
2276,15,98,28,70,4.666666666666667,beat_2
2277,11,66,20,46,4.181818181818182,beat_2
2278,8,46,14,32,4.0,beat_2
2279,8,46,14,32,4.0,beat_2
2280,8,48,14,34,4.25,beat_2
2281,12,72,22,50,4.166666666666667,beat_2
2282,10,60,18,42,4.2,beat_2
2283,9,54,16,38,4.222222222222222,beat_2
2284,14,82,26,56,4.0,beat_2
2285,12,72,22,50,4.166666666666667,beat_2
2286,15,86,28,58,3.8666666666666667,beat_2
2287,10,62,18,44,4.4,beat_2
2288,5,20,8,12,2.4,beat_2
2289,10,62,18,44,4.4,beat_2
2290,12,64,22,42,3.5,beat_2
2291,8,48,14,34,4.25,beat_2
2292,13,78,24,54,4.153846153846154,beat_2
2293,8,46,14,32,4.0,beat_2
2294,13,78,24,54,4.153846153846154,beat_2
2295,10,56,18,38,3.8,beat_2
2296,12,70,22,48,4.0,beat_2
2297,7,38,12,26,3.7142857142857144,beat_2
2298,9,52,16,36,4.0,beat_2
2299,6,28,10,18,3.0,beat_2
2300,13,80,24,56,4.3076923076923075,beat_2
2301,11,68,20,48,4.363636363636363,beat_2
2302,10,62,18,44,4.4,beat_2
2303,13,82,24,58,4.461538461538462,beat_2
2304,11,62,20,42,3.8181818181818183,beat_2
2305,8,44,14,30,3.75,beat_2
2306,11,66,20,46,4.181818181818182,beat_2
2307,12,74,22,52,4.333333333333333,beat_2
2308,9,50,16,34,3.7777777777777777,beat_2
2309,7,38,12,26,3.7142857142857144,beat_2
2310,6,30,10,20,3.3333333333333335,beat_2
2311,9,46,16,30,3.3333333333333335,beat_2
2312,8,46,14,32,4.0,beat_2
2313,14,86,26,60,4.285714285714286,beat_2
2314,10,56,18,38,3.8,beat_2
2315,8,48,14,34,4.25,beat_2
2316,16,96,30,66,4.125,beat_2
2317,16,102,30,72,4.5,beat_2
2318,10,62,18,44,4.4,beat_2
2319,14,78,26,52,3.7142857142857144,beat_2
2320,16,100,30,70,4.375,beat_2
2321,10,60,18,42,4.2,beat_2
2322,8,42,14,28,3.5,beat_2
2323,7,36,12,24,3.4285714285714284,beat_2
2324,10,58,18,40,4.0,beat_2
2325,7,38,12,26,3.7142857142857144,beat_2
2326,9,52,16,36,4.0,beat_2
2327,9,50,16,34,3.7777777777777777,beat_2
2328,19,120,36,84,4.421052631578948,beat_2
2329,12,72,22,50,4.166666666666667,beat_2
2330,13,74,24,50,3.8461538461538463,beat_2
2331,10,62,18,44,4.4,fixed_1s
2332,7,38,12,26,3.7142857142857144,beat_2
2333,6,30,10,20,3.3333333333333335,beat_2
2334,12,76,22,54,4.5,beat_2
2335,10,58,18,40,4.0,beat_2
2336,9,52,16,36,4.0,beat_2
2337,9,48,16,32,3.5555555555555554,beat_2
2338,10,62,18,44,4.4,beat_2
2339,8,44,14,30,3.75,beat_2
2340,8,46,14,32,4.0,beat_2
2341,6,30,10,20,3.3333333333333335,beat_2
2342,10,62,18,44,4.4,beat_2
2343,12,74,22,52,4.333333333333333,beat_2
2344,9,54,16,38,4.222222222222222,beat_2
2345,11,64,20,44,4.0,beat_2
2346,11,64,20,44,4.0,beat_2
2347,16,98,30,68,4.25,beat_2
2348,8,44,14,30,3.75,beat_2
2349,11,60,20,40,3.6363636363636362,beat_2
2350,11,64,20,44,4.0,beat_2
2351,13,74,24,50,3.8461538461538463,beat_2
2352,10,52,18,34,3.4,beat_2
2353,7,36,12,24,3.4285714285714284,beat_2
2354,6,30,10,20,3.3333333333333335,beat_2
2355,11,64,20,44,4.0,beat_2
2356,10,60,18,42,4.2,beat_2
2357,5,20,8,12,2.4,beat_2
2358,14,88,26,62,4.428571428571429,beat_2
2359,9,56,16,40,4.444444444444445,beat_2
2360,11,66,20,46,4.181818181818182,beat_2
2361,10,60,18,42,4.2,beat_2
2362,8,44,14,30,3.75,beat_2
2363,10,62,18,44,4.4,beat_2
2364,12,76,22,54,4.5,beat_2
2365,10,58,18,40,4.0,beat_2
2366,9,54,16,38,4.222222222222222,beat_2
2367,15,90,28,62,4.133333333333334,beat_2
2368,12,70,22,48,4.0,beat_2
2369,11,64,20,44,4.0,beat_2
2370,7,36,12,24,3.4285714285714284,beat_2
2371,10,62,18,44,4.4,beat_2
2372,6,30,10,20,3.3333333333333335,beat_2
2373,8,44,14,30,3.75,beat_2
2374,12,64,22,42,3.5,beat_2
2375,10,64,18,46,4.6,beat_2
2376,14,82,26,56,4.0,beat_2
2377,16,102,30,72,4.5,beat_2
2378,13,78,24,54,4.153846153846154,beat_2
2379,14,78,26,52,3.7142857142857144,beat_2
2380,7,36,12,24,3.4285714285714284,beat_2
2381,8,44,14,30,3.75,beat_2
2382,14,82,26,56,4.0,beat_2
2383,10,62,18,44,4.4,fixed_1s
2384,14,88,26,62,4.428571428571429,beat_2
2385,10,60,18,42,4.2,beat_2
2386,8,46,14,32,4.0,beat_2
2387,10,58,18,40,4.0,fixed_1s
2388,11,66,20,46,4.181818181818182,beat_2
2389,11,64,20,44,4.0,beat_2
2390,12,74,22,52,4.333333333333333,beat_2
2391,10,58,18,40,4.0,fixed_1s
2392,9,54,16,38,4.222222222222222,beat_2
2393,5,20,8,12,2.4,beat_2
2394,10,60,18,42,4.2,beat_2
2395,15,86,28,58,3.8666666666666667,beat_2
2396,13,84,24,60,4.615384615384615,beat_2
2397,9,50,16,34,3.7777777777777777,beat_2
2398,8,42,14,28,3.5,beat_2
2399,6,28,10,18,3.0,beat_2
2400,9,52,16,36,4.0,beat_2
2401,10,64,18,46,4.6,beat_2
2402,11,66,20,46,4.181818181818182,beat_2
2403,6,30,10,20,3.3333333333333335,beat_2
2404,7,36,12,24,3.4285714285714284,beat_2
2405,15,88,28,60,4.0,beat_2
2406,12,72,22,50,4.166666666666667,beat_2
2407,6,30,10,20,3.3333333333333335,beat_2
2408,5,20,8,12,2.4,beat_2
2409,12,74,22,52,4.333333333333333,beat_2
2410,11,58,20,38,3.4545454545454546,beat_2
2411,13,76,24,52,4.0,beat_2
2412,11,66,20,46,4.181818181818182,beat_2
2413,10,60,18,42,4.2,fixed_1s
2414,12,72,22,50,4.166666666666667,beat_2
2415,10,60,18,42,4.2,fixed_1s
2416,14,76,26,50,3.5714285714285716,beat_2
2417,9,52,16,36,4.0,beat_2
2418,9,48,16,32,3.5555555555555554,beat_2
2419,8,46,14,32,4.0,beat_2
2420,6,28,10,18,3.0,beat_2
2421,11,68,20,48,4.363636363636363,beat_2
2422,15,92,28,64,4.266666666666667,beat_2
2423,8,44,14,30,3.75,beat_2
2424,12,68,22,46,3.8333333333333335,beat_2
2425,9,54,16,38,4.222222222222222,beat_2
2426,11,64,20,44,4.0,beat_2
2427,12,68,22,46,3.8333333333333335,beat_2
2428,11,66,20,46,4.181818181818182,beat_2
2429,9,48,16,32,3.5555555555555554,beat_2
2430,7,40,12,28,4.0,beat_2
2431,6,28,10,18,3.0,beat_2
2432,10,58,18,40,4.0,beat_2
2433,11,62,20,42,3.8181818181818183,beat_2
2434,10,62,18,44,4.4,beat_2
2435,9,50,16,34,3.7777777777777777,beat_2
2436,10,56,18,38,3.8,beat_2
2437,11,58,20,38,3.4545454545454546,beat_2
2438,7,40,12,28,4.0,beat_2
2439,9,52,16,36,4.0,beat_2
2440,10,56,18,38,3.8,beat_2
2441,7,38,12,26,3.7142857142857144,beat_2
2442,10,62,18,44,4.4,beat_2
2443,5,20,8,12,2.4,beat_2
2444,8,44,14,30,3.75,beat_2
2445,8,44,14,30,3.75,beat_2
2446,13,82,24,58,4.461538461538462,beat_2
2447,6,30,10,20,3.3333333333333335,beat_2
2448,17,106,32,74,4.352941176470588,beat_2
2449,7,38,12,26,3.7142857142857144,beat_2
2450,7,38,12,26,3.7142857142857144,beat_2
2451,9,50,16,34,3.7777777777777777,beat_2
2452,15,88,28,60,4.0,beat_2
2453,12,72,22,50,4.166666666666667,beat_2
2454,10,54,18,36,3.6,beat_2
2455,9,52,16,36,4.0,beat_2
2456,11,66,20,46,4.181818181818182,beat_2
2457,11,64,20,44,4.0,beat_2
2458,12,70,22,48,4.0,beat_2
2459,10,60,18,42,4.2,beat_2
2460,11,62,20,42,3.8181818181818183,beat_2
2461,9,48,16,32,3.5555555555555554,beat_2
2462,8,46,14,32,4.0,beat_2
2463,11,66,20,46,4.181818181818182,beat_2
2464,11,70,20,50,4.545454545454546,beat_2
2465,8,44,14,30,3.75,beat_2
2466,8,48,14,34,4.25,beat_2
2467,7,38,12,26,3.7142857142857144,beat_2
2468,13,76,24,52,4.0,beat_2
2469,13,76,24,52,4.0,beat_2
2470,7,36,12,24,3.4285714285714284,beat_2
2471,8,46,14,32,4.0,beat_2
2472,10,60,18,42,4.2,beat_2
2473,8,44,14,30,3.75,beat_2
2474,10,60,18,42,4.2,beat_2
2475,10,56,18,38,3.8,beat_2
2476,7,38,12,26,3.7142857142857144,beat_2
2477,10,62,18,44,4.4,beat_2
2478,6,30,10,20,3.3333333333333335,beat_2
2479,11,66,20,46,4.181818181818182,beat_2
2480,12,70,22,48,4.0,beat_2
2481,8,44,14,30,3.75,beat_2
2482,10,62,18,44,4.4,fixed_1s
2483,11,62,20,42,3.8181818181818183,beat_2
2484,11,62,20,42,3.8181818181818183,beat_2
2485,12,76,22,54,4.5,beat_2
2486,10,56,18,38,3.8,beat_2
2487,9,50,16,34,3.7777777777777777,beat_2
2488,8,42,14,28,3.5,beat_2
2489,10,62,18,44,4.4,beat_2
2490,9,52,16,36,4.0,beat_2
2491,10,56,18,38,3.8,beat_2
2492,7,38,12,26,3.7142857142857144,beat_2
2493,9,50,16,34,3.7777777777777777,beat_2
2494,8,46,14,32,4.0,beat_2
2495,7,36,12,24,3.4285714285714284,beat_2
2496,7,36,12,24,3.4285714285714284,beat_2
2497,14,80,26,54,3.857142857142857,beat_2
2498,10,56,18,38,3.8,beat_2
2499,10,58,18,40,4.0,beat_2
2500,19,116,36,80,4.2105263157894735,beat_2
2501,7,38,12,26,3.7142857142857144,beat_2
2502,9,50,16,34,3.7777777777777777,beat_2
2503,10,60,18,42,4.2,beat_2
2504,9,54,16,38,4.222222222222222,beat_2
2505,12,68,22,46,3.8333333333333335,beat_2
2506,13,78,24,54,4.153846153846154,beat_2
2507,9,56,16,40,4.444444444444445,beat_2
2508,10,60,18,42,4.2,fixed_1s
2509,10,60,18,42,4.2,beat_2
2510,13,80,24,56,4.3076923076923075,beat_2
2511,10,62,18,44,4.4,beat_2
2512,9,54,16,38,4.222222222222222,beat_2
2513,8,46,14,32,4.0,beat_2
2514,7,36,12,24,3.4285714285714284,beat_2
2515,11,68,20,48,4.363636363636363,beat_2
2516,8,48,14,34,4.25,beat_2
2517,12,68,22,46,3.8333333333333335,beat_2
2518,14,80,26,54,3.857142857142857,beat_2
2519,10,58,18,40,4.0,fixed_1s
2520,14,86,26,60,4.285714285714286,beat_2
2521,10,58,18,40,4.0,beat_2
2522,10,60,18,42,4.2,beat_2
2523,7,40,12,28,4.0,beat_2
2524,10,60,18,42,4.2,beat_2
2525,11,70,20,50,4.545454545454546,beat_2
2526,9,54,16,38,4.222222222222222,beat_2
2527,10,56,18,38,3.8,beat_2
2528,9,48,16,32,3.5555555555555554,beat_2
2529,5,20,8,12,2.4,beat_2
2530,6,30,10,20,3.3333333333333335,beat_2
2531,9,56,16,40,4.444444444444445,beat_2
2532,9,52,16,36,4.0,beat_2
2533,9,52,16,36,4.0,beat_2
2534,11,64,20,44,4.0,beat_2
2535,10,56,18,38,3.8,fixed_1s
2536,9,52,16,36,4.0,beat_2
2537,8,46,14,32,4.0,beat_2
2538,15,94,28,66,4.4,beat_2
2539,10,62,18,44,4.4,beat_2
2540,11,66,20,46,4.181818181818182,beat_2
2541,11,68,20,48,4.363636363636363,beat_2
2542,9,52,16,36,4.0,beat_2
2543,10,58,18,40,4.0,beat_2
2544,7,36,12,24,3.4285714285714284,beat_2
2545,5,20,8,12,2.4,beat_2
2546,10,62,18,44,4.4,beat_2
2547,11,64,20,44,4.0,beat_2
2548,13,72,24,48,3.6923076923076925,beat_2
2549,11,66,20,46,4.181818181818182,beat_2
2550,10,58,18,40,4.0,fixed_1s
2551,11,66,20,46,4.181818181818182,beat_2
2552,6,30,10,20,3.3333333333333335,beat_2
2553,6,30,10,20,3.3333333333333335,beat_2
2554,11,68,20,48,4.363636363636363,beat_2
2555,8,46,14,32,4.0,beat_2
2556,11,72,20,52,4.7272727272727275,beat_2
2557,13,74,24,50,3.8461538461538463,beat_2
2558,12,66,22,44,3.6666666666666665,beat_2
2559,6,28,10,18,3.0,beat_2
2560,11,66,20,46,4.181818181818182,beat_2
2561,15,90,28,62,4.133333333333334,beat_2
2562,8,44,14,30,3.75,beat_2
2563,11,68,20,48,4.363636363636363,beat_2
2564,14,80,26,54,3.857142857142857,beat_2
2565,8,46,14,32,4.0,beat_2
2566,5,20,8,12,2.4,beat_2
2567,8,44,14,30,3.75,beat_2
2568,10,58,18,40,4.0,fixed_1s
2569,7,38,12,26,3.7142857142857144,beat_2
2570,10,58,18,40,4.0,beat_2
2571,6,30,10,20,3.3333333333333335,beat_2
2572,10,56,18,38,3.8,beat_2
2573,11,60,20,40,3.6363636363636362,beat_2
2574,12,72,22,50,4.166666666666667,beat_2
2575,12,74,22,52,4.333333333333333,beat_2
2576,9,54,16,38,4.222222222222222,beat_2
2577,9,52,16,36,4.0,beat_2
2578,8,44,14,30,3.75,beat_2
2579,7,38,12,26,3.7142857142857144,beat_2
2580,11,62,20,42,3.8181818181818183,beat_2
2581,8,44,14,30,3.75,beat_2
2582,11,64,20,44,4.0,beat_2
2583,7,40,12,28,4.0,beat_2
2584,10,60,18,42,4.2,beat_2
2585,10,60,18,42,4.2,beat_2
2586,11,62,20,42,3.8181818181818183,beat_2
2587,12,66,22,44,3.6666666666666665,beat_2
2588,9,52,16,36,4.0,beat_2
2589,12,74,22,52,4.333333333333333,beat_2
2590,13,78,24,54,4.153846153846154,beat_2
2591,12,68,22,46,3.8333333333333335,beat_2
2592,11,60,20,40,3.6363636363636362,beat_2
2593,12,68,22,46,3.8333333333333335,beat_2
2594,12,66,22,44,3.6666666666666665,beat_2
2595,14,88,26,62,4.428571428571429,beat_2
2596,8,46,14,32,4.0,beat_2
2597,11,70,20,50,4.545454545454546,beat_2
2598,10,60,18,42,4.2,fixed_1s
2599,10,58,18,40,4.0,beat_2
2600,9,46,16,30,3.3333333333333335,beat_2
2601,13,86,24,62,4.769230769230769,beat_2
2602,11,62,20,42,3.8181818181818183,beat_2
2603,9,50,16,34,3.7777777777777777,beat_2
2604,11,66,20,46,4.181818181818182,beat_2
2605,10,58,18,40,4.0,beat_2
2606,10,56,18,38,3.8,beat_2
2607,5,20,8,12,2.4,beat_2
2608,10,56,18,38,3.8,fixed_1s
2609,11,62,20,42,3.8181818181818183,beat_2
2610,13,82,24,58,4.461538461538462,beat_2
2611,6,30,10,20,3.3333333333333335,beat_2
2612,7,40,12,28,4.0,beat_2
2613,7,40,12,28,4.0,beat_2
2614,13,76,24,52,4.0,beat_2
2615,10,56,18,38,3.8,beat_2
2616,7,36,12,24,3.4285714285714284,beat_2
2617,7,38,12,26,3.7142857142857144,beat_2
2618,7,38,12,26,3.7142857142857144,beat_2
2619,10,60,18,42,4.2,beat_2
2620,9,54,16,38,4.222222222222222,beat_2
2621,7,38,12,26,3.7142857142857144,beat_2
2622,13,68,24,44,3.3846153846153846,beat_2
2623,9,52,16,36,4.0,beat_2
2624,8,44,14,30,3.75,beat_2
2625,10,56,18,38,3.8,beat_2
2626,6,30,10,20,3.3333333333333335,beat_2
2627,13,76,24,52,4.0,beat_2
2628,10,60,18,42,4.2,beat_2
2629,8,44,14,30,3.75,beat_2
2630,11,66,20,46,4.181818181818182,beat_2
2631,8,46,14,32,4.0,beat_2
2632,13,74,24,50,3.8461538461538463,beat_2
2633,7,38,12,26,3.7142857142857144,beat_2
2634,9,52,16,36,4.0,beat_2
2635,8,46,14,32,4.0,beat_2
2636,11,62,20,42,3.8181818181818183,beat_2
2637,10,60,18,42,4.2,beat_2
2638,8,46,14,32,4.0,beat_2
2639,8,48,14,34,4.25,beat_2
2640,13,76,24,52,4.0,beat_2
2641,11,64,20,44,4.0,beat_2
2642,8,46,14,32,4.0,beat_2
2643,10,60,18,42,4.2,beat_2
2644,6,30,10,20,3.3333333333333335,beat_2
2645,11,64,20,44,4.0,beat_2
2646,10,64,18,46,4.6,beat_2
2647,9,52,16,36,4.0,beat_2
2648,15,92,28,64,4.266666666666667,beat_2
2649,9,52,16,36,4.0,beat_2
2650,7,38,12,26,3.7142857142857144,beat_2
2651,14,84,26,58,4.142857142857143,beat_2
2652,10,62,18,44,4.4,fixed_1s
2653,10,60,18,42,4.2,fixed_1s
2654,10,62,18,44,4.4,fixed_1s
2655,6,28,10,18,3.0,beat_2
2656,15,90,28,62,4.133333333333334,beat_2
2657,7,36,12,24,3.4285714285714284,beat_2
2658,9,52,16,36,4.0,beat_2
2659,11,68,20,48,4.363636363636363,beat_2
2660,9,54,16,38,4.222222222222222,beat_2
2661,10,58,18,40,4.0,beat_2
2662,10,58,18,40,4.0,fixed_1s
2663,9,52,16,36,4.0,beat_2
2664,13,82,24,58,4.461538461538462,beat_2
2665,10,60,18,42,4.2,beat_2
2666,10,58,18,40,4.0,beat_2
2667,12,74,22,52,4.333333333333333,beat_2
2668,6,28,10,18,3.0,beat_2
2669,11,68,20,48,4.363636363636363,beat_2
2670,6,30,10,20,3.3333333333333335,beat_2
2671,8,44,14,30,3.75,beat_2
2672,7,38,12,26,3.7142857142857144,beat_2
2673,9,52,16,36,4.0,beat_2
2674,8,46,14,32,4.0,beat_2
2675,10,58,18,40,4.0,fixed_1s
2676,9,50,16,34,3.7777777777777777,beat_2
2677,6,30,10,20,3.3333333333333335,beat_2
2678,7,40,12,28,4.0,beat_2
2679,7,40,12,28,4.0,beat_2
2680,8,42,14,28,3.5,beat_2
2681,8,44,14,30,3.75,beat_2
2682,16,100,30,70,4.375,beat_2
2683,8,44,14,30,3.75,beat_2
2684,10,60,18,42,4.2,beat_2
2685,12,72,22,50,4.166666666666667,beat_2
2686,10,58,18,40,4.0,beat_2
2687,10,62,18,44,4.4,beat_2
2688,12,76,22,54,4.5,beat_2
2689,9,52,16,36,4.0,beat_2
2690,6,30,10,20,3.3333333333333335,beat_2
2691,11,66,20,46,4.181818181818182,beat_2
2692,9,48,16,32,3.5555555555555554,beat_2
2693,15,90,28,62,4.133333333333334,beat_2
2694,15,92,28,64,4.266666666666667,beat_2
2695,10,62,18,44,4.4,beat_2
2696,9,54,16,38,4.222222222222222,beat_2
2697,12,70,22,48,4.0,beat_2
2698,9,54,16,38,4.222222222222222,beat_2
2699,15,86,28,58,3.8666666666666667,beat_2
2700,12,70,22,48,4.0,beat_2
2701,8,46,14,32,4.0,beat_2
2702,8,44,14,30,3.75,beat_2
2703,9,52,16,36,4.0,beat_2
2704,13,78,24,54,4.153846153846154,beat_2
2705,10,60,18,42,4.2,beat_2
2706,8,42,14,28,3.5,beat_2
2707,13,82,24,58,4.461538461538462,beat_2
2708,9,54,16,38,4.222222222222222,beat_2
2709,8,44,14,30,3.75,beat_2
2710,9,52,16,36,4.0,beat_2
2711,14,78,26,52,3.7142857142857144,beat_2
2712,8,46,14,32,4.0,beat_2
2713,10,58,18,40,4.0,beat_2
2714,12,72,22,50,4.166666666666667,beat_2
2715,9,54,16,38,4.222222222222222,beat_2
2716,10,58,18,40,4.0,fixed_1s
2717,9,50,16,34,3.7777777777777777,beat_2
2718,12,74,22,52,4.333333333333333,beat_2
2719,8,42,14,28,3.5,beat_2
2720,6,28,10,18,3.0,beat_2
2721,9,54,16,38,4.222222222222222,beat_2
2722,7,38,12,26,3.7142857142857144,beat_2
2723,12,76,22,54,4.5,beat_2
2724,8,50,14,36,4.5,beat_2
2725,15,94,28,66,4.4,beat_2
2726,13,82,24,58,4.461538461538462,beat_2
2727,10,62,18,44,4.4,beat_2
2728,10,62,18,44,4.4,fixed_1s
2729,10,60,18,42,4.2,fixed_1s
2730,15,90,28,62,4.133333333333334,beat_2
2731,9,52,16,36,4.0,beat_2
2732,12,70,22,48,4.0,beat_2
2733,10,54,18,36,3.6,fixed_1s
2734,11,64,20,44,4.0,beat_2
2735,10,54,18,36,3.6,beat_2
2736,12,64,22,42,3.5,beat_2
2737,13,78,24,54,4.153846153846154,beat_2
2738,7,38,12,26,3.7142857142857144,beat_2
2739,10,56,18,38,3.8,beat_2
2740,8,44,14,30,3.75,beat_2
2741,10,60,18,42,4.2,fixed_1s
2742,9,52,16,36,4.0,beat_2
2743,7,38,12,26,3.7142857142857144,beat_2
2744,10,58,18,40,4.0,beat_2
2745,7,38,12,26,3.7142857142857144,beat_2
2746,10,54,18,36,3.6,beat_2
2747,7,38,12,26,3.7142857142857144,beat_2
2748,13,74,24,50,3.8461538461538463,beat_2
2749,11,66,20,46,4.181818181818182,beat_2
2750,11,66,20,46,4.181818181818182,beat_2
2751,8,40,14,26,3.25,beat_2
2752,11,60,20,40,3.6363636363636362,beat_2
2753,9,52,16,36,4.0,beat_2
2754,10,62,18,44,4.4,beat_2
2755,6,30,10,20,3.3333333333333335,beat_2
2756,10,60,18,42,4.2,beat_2
2757,9,50,16,34,3.7777777777777777,beat_2
2758,8,46,14,32,4.0,beat_2
2759,11,64,20,44,4.0,beat_2
2760,11,66,20,46,4.181818181818182,beat_2
2761,11,66,20,46,4.181818181818182,beat_2
2762,9,48,16,32,3.5555555555555554,beat_2
2763,12,74,22,52,4.333333333333333,beat_2
2764,12,66,22,44,3.6666666666666665,beat_2
2765,8,46,14,32,4.0,beat_2
2766,10,60,18,42,4.2,beat_2
2767,11,66,20,46,4.181818181818182,beat_2
2768,6,30,10,20,3.3333333333333335,beat_2
2769,7,38,12,26,3.7142857142857144,beat_2
2770,12,76,22,54,4.5,beat_2
2771,11,74,20,54,4.909090909090909,beat_2
2772,7,38,12,26,3.7142857142857144,beat_2
2773,16,100,30,70,4.375,beat_2
2774,10,56,18,38,3.8,beat_2
2775,11,60,20,40,3.6363636363636362,beat_2
2776,11,70,20,50,4.545454545454546,beat_2
2777,11,64,20,44,4.0,beat_2
2778,8,46,14,32,4.0,beat_2
2779,10,52,18,34,3.4,beat_2
2780,16,98,30,68,4.25,beat_2
2781,10,52,18,34,3.4,beat_2
2782,11,64,20,44,4.0,beat_2
2783,10,58,18,40,4.0,beat_2
2784,7,36,12,24,3.4285714285714284,beat_2
2785,9,52,16,36,4.0,beat_2
2786,5,20,8,12,2.4,beat_2
2787,10,60,18,42,4.2,beat_2
2788,11,62,20,42,3.8181818181818183,beat_2
2789,10,60,18,42,4.2,beat_2
2790,8,44,14,30,3.75,beat_2
2791,9,52,16,36,4.0,beat_2
2792,10,62,18,44,4.4,beat_2
2793,12,72,22,50,4.166666666666667,beat_2
2794,8,44,14,30,3.75,beat_2
2795,12,76,22,54,4.5,beat_2
2796,10,58,18,40,4.0,beat_2
2797,8,46,14,32,4.0,beat_2
2798,8,46,14,32,4.0,beat_2
2799,5,20,8,12,2.4,beat_2
2800,6,30,10,20,3.3333333333333335,beat_2
2801,16,92,30,62,3.875,beat_2
2802,7,38,12,26,3.7142857142857144,beat_2
2803,13,80,24,56,4.3076923076923075,beat_2
2804,7,38,12,26,3.7142857142857144,beat_2
2805,9,54,16,38,4.222222222222222,beat_2
2806,11,66,20,46,4.181818181818182,beat_2
2807,9,48,16,32,3.5555555555555554,beat_2
2808,10,56,18,38,3.8,beat_2
2809,10,60,18,42,4.2,beat_2
2810,11,66,20,46,4.181818181818182,beat_2
2811,10,62,18,44,4.4,beat_2
2812,7,38,12,26,3.7142857142857144,beat_2
2813,9,54,16,38,4.222222222222222,beat_2
2814,9,52,16,36,4.0,beat_2
2815,11,62,20,42,3.8181818181818183,beat_2
2816,15,86,28,58,3.8666666666666667,beat_2
2817,10,58,18,40,4.0,beat_2
2818,11,62,20,42,3.8181818181818183,beat_2
2819,8,46,14,32,4.0,beat_2
2820,11,66,20,46,4.181818181818182,beat_2
2821,8,44,14,30,3.75,beat_2
2822,11,64,20,44,4.0,beat_2
2823,8,48,14,34,4.25,beat_2
2824,13,74,24,50,3.8461538461538463,beat_2
2825,10,58,18,40,4.0,beat_2
2826,10,60,18,42,4.2,beat_2
2827,8,46,14,32,4.0,beat_2
2828,8,44,14,30,3.75,beat_2
2829,14,90,26,64,4.571428571428571,beat_2
2830,5,20,8,12,2.4,beat_2
2831,9,50,16,34,3.7777777777777777,beat_2
2832,8,42,14,28,3.5,beat_2
2833,7,38,12,26,3.7142857142857144,beat_2
2834,12,74,22,52,4.333333333333333,beat_2
2835,8,48,14,34,4.25,beat_2
2836,9,50,16,34,3.7777777777777777,beat_2
2837,8,44,14,30,3.75,beat_2
2838,12,64,22,42,3.5,beat_2
2839,7,36,12,24,3.4285714285714284,beat_2
2840,11,70,20,50,4.545454545454546,beat_2
2841,11,62,20,42,3.8181818181818183,beat_2
2842,10,58,18,40,4.0,beat_2
2843,10,56,18,38,3.8,fixed_1s
2844,9,52,16,36,4.0,beat_2
2845,16,102,30,72,4.5,beat_2
2846,7,38,12,26,3.7142857142857144,beat_2
2847,9,54,16,38,4.222222222222222,beat_2
2848,8,44,14,30,3.75,beat_2
2849,9,54,16,38,4.222222222222222,beat_2
2850,10,58,18,40,4.0,beat_2
2851,12,74,22,52,4.333333333333333,beat_2
2852,11,72,20,52,4.7272727272727275,beat_2
2853,11,58,20,38,3.4545454545454546,beat_2
2854,9,50,16,34,3.7777777777777777,beat_2
2855,8,46,14,32,4.0,beat_2
2856,7,40,12,28,4.0,beat_2
2857,10,58,18,40,4.0,beat_2
2858,7,40,12,28,4.0,beat_2
2859,10,56,18,38,3.8,beat_2
2860,11,66,20,46,4.181818181818182,beat_2
2861,7,36,12,24,3.4285714285714284,beat_2
2862,9,50,16,34,3.7777777777777777,beat_2
2863,10,60,18,42,4.2,beat_2
2864,9,50,16,34,3.7777777777777777,beat_2
2865,9,52,16,36,4.0,beat_2
2866,15,92,28,64,4.266666666666667,beat_2
2867,10,62,18,44,4.4,beat_2
2868,8,46,14,32,4.0,beat_2
2869,10,58,18,40,4.0,beat_2
2870,10,58,18,40,4.0,beat_2
2871,12,74,22,52,4.333333333333333,beat_2
2872,7,36,12,24,3.4285714285714284,beat_2
2873,6,30,10,20,3.3333333333333335,beat_2
2874,6,30,10,20,3.3333333333333335,beat_2
2875,10,58,18,40,4.0,fixed_1s
2876,12,74,22,52,4.333333333333333,beat_2
2877,13,74,24,50,3.8461538461538463,beat_2
2878,12,62,22,40,3.3333333333333335,beat_2
2879,10,62,18,44,4.4,fixed_1s
2880,9,54,16,38,4.222222222222222,beat_2
2881,14,80,26,54,3.857142857142857,beat_2
2882,9,54,16,38,4.222222222222222,beat_2
2883,13,86,24,62,4.769230769230769,beat_2
2884,10,62,18,44,4.4,beat_2
2885,10,58,18,40,4.0,beat_2
2886,10,56,18,38,3.8,beat_2
2887,7,36,12,24,3.4285714285714284,beat_2
2888,6,30,10,20,3.3333333333333335,beat_2
2889,9,52,16,36,4.0,beat_2
2890,11,62,20,42,3.8181818181818183,beat_2
2891,7,40,12,28,4.0,beat_2
2892,6,28,10,18,3.0,beat_2
2893,7,38,12,26,3.7142857142857144,beat_2
2894,11,66,20,46,4.181818181818182,beat_2
2895,7,40,12,28,4.0,beat_2
2896,9,54,16,38,4.222222222222222,beat_2
2897,10,64,18,46,4.6,beat_2
2898,7,38,12,26,3.7142857142857144,beat_2
2899,8,46,14,32,4.0,beat_2
2900,7,38,12,26,3.7142857142857144,beat_2
2901,7,38,12,26,3.7142857142857144,beat_2
2902,13,74,24,50,3.8461538461538463,beat_2
2903,7,38,12,26,3.7142857142857144,beat_2
2904,10,56,18,38,3.8,beat_2
2905,11,68,20,48,4.363636363636363,beat_2
2906,8,48,14,34,4.25,beat_2
2907,6,30,10,20,3.3333333333333335,beat_2
2908,13,78,24,54,4.153846153846154,beat_2
2909,9,56,16,40,4.444444444444445,beat_2
2910,13,82,24,58,4.461538461538462,beat_2
2911,8,46,14,32,4.0,beat_2
2912,9,56,16,40,4.444444444444445,beat_2
2913,5,20,8,12,2.4,beat_2
2914,7,38,12,26,3.7142857142857144,beat_2
2915,11,64,20,44,4.0,beat_2
2916,7,40,12,28,4.0,beat_2
2917,11,64,20,44,4.0,beat_2
2918,13,80,24,56,4.3076923076923075,beat_2
2919,10,60,18,42,4.2,fixed_1s
2920,6,30,10,20,3.3333333333333335,beat_2
2921,11,64,20,44,4.0,beat_2
2922,9,52,16,36,4.0,beat_2
2923,8,46,14,32,4.0,beat_2
2924,11,62,20,42,3.8181818181818183,beat_2
2925,16,98,30,68,4.25,beat_2
2926,11,62,20,42,3.8181818181818183,beat_2
2927,5,20,8,12,2.4,beat_2
2928,10,62,18,44,4.4,beat_2
2929,9,54,16,38,4.222222222222222,beat_2
2930,13,78,24,54,4.153846153846154,beat_2
2931,10,56,18,38,3.8,beat_2
2932,8,46,14,32,4.0,beat_2
2933,11,64,20,44,4.0,beat_2
2934,11,60,20,40,3.6363636363636362,beat_2
2935,12,68,22,46,3.8333333333333335,beat_2
2936,9,54,16,38,4.222222222222222,beat_2
2937,8,48,14,34,4.25,beat_2
2938,11,62,20,42,3.8181818181818183,beat_2
2939,11,68,20,48,4.363636363636363,beat_2
2940,12,70,22,48,4.0,beat_2
2941,10,56,18,38,3.8,fixed_1s
2942,5,20,8,12,2.4,beat_2
2943,11,64,20,44,4.0,beat_2
2944,11,66,20,46,4.181818181818182,beat_2
2945,13,80,24,56,4.3076923076923075,beat_2
2946,8,46,14,32,4.0,beat_2
2947,11,64,20,44,4.0,beat_2
2948,10,60,18,42,4.2,beat_2
2949,10,60,18,42,4.2,beat_2
2950,12,70,22,48,4.0,beat_2
2951,10,54,18,36,3.6,beat_2
2952,10,56,18,38,3.8,beat_2
2953,16,92,30,62,3.875,beat_2
2954,8,44,14,30,3.75,beat_2
2955,11,64,20,44,4.0,beat_2
2956,12,66,22,44,3.6666666666666665,beat_2
2957,11,70,20,50,4.545454545454546,beat_2
2958,9,48,16,32,3.5555555555555554,beat_2
2959,6,30,10,20,3.3333333333333335,beat_2
2960,13,78,24,54,4.153846153846154,beat_2
2961,8,46,14,32,4.0,beat_2
2962,7,36,12,24,3.4285714285714284,beat_2
2963,14,80,26,54,3.857142857142857,beat_2
2964,11,64,20,44,4.0,beat_2
2965,12,72,22,50,4.166666666666667,beat_2
2966,8,46,14,32,4.0,beat_2
2967,11,62,20,42,3.8181818181818183,beat_2
2968,10,60,18,42,4.2,beat_2
2969,9,50,16,34,3.7777777777777777,beat_2
2970,9,52,16,36,4.0,beat_2
2971,12,72,22,50,4.166666666666667,beat_2
2972,13,84,24,60,4.615384615384615,beat_2
2973,9,52,16,36,4.0,beat_2
2974,8,46,14,32,4.0,beat_2
2975,9,50,16,34,3.7777777777777777,beat_2
2976,11,66,20,46,4.181818181818182,beat_2
2977,11,66,20,46,4.181818181818182,beat_2
2978,9,52,16,36,4.0,beat_2
2979,5,20,8,12,2.4,beat_2
2980,7,36,12,24,3.4285714285714284,beat_2
2981,8,46,14,32,4.0,beat_2
2982,11,64,20,44,4.0,beat_2
2983,7,40,12,28,4.0,beat_2
2984,10,62,18,44,4.4,beat_2
2985,11,68,20,48,4.363636363636363,beat_2
2986,8,44,14,30,3.75,beat_2
2987,8,46,14,32,4.0,beat_2
2988,11,62,20,42,3.8181818181818183,beat_2
2989,10,52,18,34,3.4,beat_2
2990,10,56,18,38,3.8,beat_2
2991,9,50,16,34,3.7777777777777777,beat_2
2992,15,86,28,58,3.8666666666666667,beat_2
2993,7,38,12,26,3.7142857142857144,beat_2
2994,14,76,26,50,3.5714285714285716,beat_2
2995,7,38,12,26,3.7142857142857144,beat_2
2996,10,56,18,38,3.8,beat_2
2997,13,74,24,50,3.8461538461538463,beat_2
2998,5,20,8,12,2.4,beat_2
2999,9,54,16,38,4.222222222222222,beat_2
3000,9,52,16,36,4.0,beat_2
3001,14,84,26,58,4.142857142857143,beat_2
3002,18,116,34,82,4.555555555555555,beat_2
3003,12,74,22,52,4.333333333333333,beat_2
3004,10,62,18,44,4.4,beat_2
3005,17,106,32,74,4.352941176470588,beat_2
3006,10,60,18,42,4.2,beat_2
3007,11,62,20,42,3.8181818181818183,beat_2
3008,6,30,10,20,3.3333333333333335,beat_2
3009,7,38,12,26,3.7142857142857144,beat_2
3010,12,68,22,46,3.8333333333333335,beat_2
3011,10,58,18,40,4.0,beat_2
3012,11,66,20,46,4.181818181818182,beat_2
3013,9,52,16,36,4.0,beat_2
3014,10,58,18,40,4.0,beat_2
3015,8,44,14,30,3.75,beat_2
3016,7,36,12,24,3.4285714285714284,beat_2
3017,6,30,10,20,3.3333333333333335,beat_2
3018,11,70,20,50,4.545454545454546,beat_2
3019,7,38,12,26,3.7142857142857144,beat_2
3020,12,64,22,42,3.5,beat_2
3021,8,44,14,30,3.75,beat_2
3022,6,30,10,20,3.3333333333333335,beat_2
3023,6,30,10,20,3.3333333333333335,beat_2
3024,10,62,18,44,4.4,beat_2
3025,7,34,12,22,3.142857142857143,beat_2
3026,10,58,18,40,4.0,beat_2
3027,13,76,24,52,4.0,beat_2
3028,12,70,22,48,4.0,beat_2
3029,10,60,18,42,4.2,beat_2
3030,12,70,22,48,4.0,beat_2
3031,8,44,14,30,3.75,beat_2
3032,9,50,16,34,3.7777777777777777,beat_2
3033,8,44,14,30,3.75,beat_2
3034,9,54,16,38,4.222222222222222,beat_2
3035,13,78,24,54,4.153846153846154,beat_2
3036,5,20,8,12,2.4,beat_2
3037,7,36,12,24,3.4285714285714284,beat_2
3038,10,58,18,40,4.0,beat_2
3039,12,74,22,52,4.333333333333333,beat_2
3040,8,46,14,32,4.0,beat_2
3041,11,60,20,40,3.6363636363636362,beat_2
3042,11,62,20,42,3.8181818181818183,beat_2
3043,7,36,12,24,3.4285714285714284,beat_2
3044,5,20,8,12,2.4,beat_2
3045,10,60,18,42,4.2,fixed_1s
3046,9,52,16,36,4.0,beat_2
3047,10,60,18,42,4.2,beat_2
3048,12,70,22,48,4.0,beat_2
3049,9,52,16,36,4.0,beat_2
3050,12,64,22,42,3.5,beat_2
3051,12,74,22,52,4.333333333333333,beat_2
3052,10,58,18,40,4.0,beat_2
3053,10,58,18,40,4.0,beat_2
3054,10,58,18,40,4.0,fixed_1s
3055,11,68,20,48,4.363636363636363,beat_2
3056,11,68,20,48,4.363636363636363,beat_2
3057,8,44,14,30,3.75,beat_2
3058,12,66,22,44,3.6666666666666665,beat_2
3059,13,82,24,58,4.461538461538462,beat_2
3060,12,72,22,50,4.166666666666667,beat_2
3061,11,72,20,52,4.7272727272727275,beat_2
3062,8,42,14,28,3.5,beat_2
3063,13,72,24,48,3.6923076923076925,beat_2
3064,7,36,12,24,3.4285714285714284,beat_2
3065,10,60,18,42,4.2,beat_2
3066,11,60,20,40,3.6363636363636362,beat_2
3067,10,60,18,42,4.2,fixed_1s
3068,12,68,22,46,3.8333333333333335,beat_2
3069,14,88,26,62,4.428571428571429,beat_2
3070,10,62,18,44,4.4,beat_2
3071,12,76,22,54,4.5,beat_2
3072,10,56,18,38,3.8,beat_2
3073,10,58,18,40,4.0,beat_2
3074,8,46,14,32,4.0,beat_2
3075,10,58,18,40,4.0,beat_2
3076,11,68,20,48,4.363636363636363,beat_2
3077,10,62,18,44,4.4,beat_2
3078,14,86,26,60,4.285714285714286,beat_2
3079,12,70,22,48,4.0,beat_2
3080,11,60,20,40,3.6363636363636362,beat_2
3081,9,52,16,36,4.0,beat_2
3082,9,54,16,38,4.222222222222222,beat_2
3083,8,46,14,32,4.0,beat_2
3084,14,80,26,54,3.857142857142857,beat_2
3085,10,58,18,40,4.0,fixed_1s
3086,11,70,20,50,4.545454545454546,beat_2
3087,11,68,20,48,4.363636363636363,beat_2
3088,8,46,14,32,4.0,beat_2
3089,12,72,22,50,4.166666666666667,beat_2
3090,9,48,16,32,3.5555555555555554,beat_2
3091,8,46,14,32,4.0,beat_2
3092,10,52,18,34,3.4,beat_2
3093,11,62,20,42,3.8181818181818183,beat_2
3094,7,38,12,26,3.7142857142857144,beat_2
3095,12,68,22,46,3.8333333333333335,beat_2
3096,10,62,18,44,4.4,beat_2
3097,8,46,14,32,4.0,beat_2
3098,11,66,20,46,4.181818181818182,beat_2
3099,12,68,22,46,3.8333333333333335,beat_2
3100,14,78,26,52,3.7142857142857144,beat_2
3101,9,52,16,36,4.0,beat_2
3102,8,46,14,32,4.0,beat_2
3103,8,44,14,30,3.75,beat_2
3104,11,66,20,46,4.181818181818182,beat_2
3105,11,68,20,48,4.363636363636363,beat_2
3106,12,74,22,52,4.333333333333333,beat_2
3107,10,56,18,38,3.8,fixed_1s
3108,10,54,18,36,3.6,beat_2
3109,13,74,24,50,3.8461538461538463,beat_2
3110,9,54,16,38,4.222222222222222,beat_2
3111,10,60,18,42,4.2,beat_2
3112,10,60,18,42,4.2,beat_2
3113,10,56,18,38,3.8,fixed_1s
3114,13,82,24,58,4.461538461538462,beat_2
3115,14,88,26,62,4.428571428571429,beat_2
3116,11,64,20,44,4.0,beat_2
3117,6,30,10,20,3.3333333333333335,beat_2
3118,9,54,16,38,4.222222222222222,beat_2
3119,11,62,20,42,3.8181818181818183,beat_2
3120,15,78,28,50,3.3333333333333335,beat_2
3121,11,60,20,40,3.6363636363636362,beat_2
3122,7,36,12,24,3.4285714285714284,beat_2
3123,12,68,22,46,3.8333333333333335,beat_2
3124,8,44,14,30,3.75,beat_2
3125,6,30,10,20,3.3333333333333335,beat_2
3126,11,68,20,48,4.363636363636363,beat_2
3127,7,38,12,26,3.7142857142857144,beat_2
3128,13,74,24,50,3.8461538461538463,beat_2
3129,10,56,18,38,3.8,fixed_1s
3130,9,52,16,36,4.0,beat_2
3131,15,96,28,68,4.533333333333333,beat_2
3132,7,38,12,26,3.7142857142857144,beat_2
3133,6,30,10,20,3.3333333333333335,beat_2
3134,11,66,20,46,4.181818181818182,beat_2
3135,8,46,14,32,4.0,beat_2
3136,10,58,18,40,4.0,beat_2
3137,10,58,18,40,4.0,beat_2
3138,10,54,18,36,3.6,beat_2
3139,13,80,24,56,4.3076923076923075,beat_2
3140,8,44,14,30,3.75,beat_2
3141,13,80,24,56,4.3076923076923075,beat_2
3142,8,44,14,30,3.75,beat_2
3143,7,36,12,24,3.4285714285714284,beat_2
3144,8,44,14,30,3.75,beat_2
3145,7,38,12,26,3.7142857142857144,beat_2
3146,9,50,16,34,3.7777777777777777,beat_2
3147,14,78,26,52,3.7142857142857144,beat_2
3148,11,68,20,48,4.363636363636363,beat_2
3149,11,64,20,44,4.0,beat_2
3150,9,54,16,38,4.222222222222222,beat_2
3151,11,64,20,44,4.0,beat_2
3152,12,76,22,54,4.5,beat_2
3153,11,68,20,48,4.363636363636363,beat_2
3154,10,56,18,38,3.8,beat_2
3155,5,20,8,12,2.4,beat_2
3156,13,80,24,56,4.3076923076923075,beat_2
3157,8,44,14,30,3.75,beat_2
3158,13,72,24,48,3.6923076923076925,beat_2
3159,12,70,22,48,4.0,beat_2
3160,12,68,22,46,3.8333333333333335,beat_2
3161,13,74,24,50,3.8461538461538463,beat_2
3162,8,48,14,34,4.25,beat_2
3163,6,30,10,20,3.3333333333333335,beat_2
3164,6,30,10,20,3.3333333333333335,beat_2
3165,11,66,20,46,4.181818181818182,beat_2
3166,7,38,12,26,3.7142857142857144,beat_2
3167,5,20,8,12,2.4,beat_2
3168,11,66,20,46,4.181818181818182,beat_2
3169,16,104,30,74,4.625,beat_2
3170,9,54,16,38,4.222222222222222,beat_2
3171,9,54,16,38,4.222222222222222,beat_2
3172,10,58,18,40,4.0,beat_2
3173,9,50,16,34,3.7777777777777777,beat_2
3174,10,60,18,42,4.2,beat_2
3175,7,36,12,24,3.4285714285714284,beat_2
3176,10,58,18,40,4.0,beat_2
3177,11,62,20,42,3.8181818181818183,beat_2
3178,9,54,16,38,4.222222222222222,beat_2
3179,10,58,18,40,4.0,beat_2
3180,12,78,22,56,4.666666666666667,beat_2
3181,14,78,26,52,3.7142857142857144,beat_2
3182,11,60,20,40,3.6363636363636362,beat_2
3183,10,56,18,38,3.8,beat_2
3184,5,20,8,12,2.4,beat_2
3185,7,38,12,26,3.7142857142857144,beat_2
3186,11,60,20,40,3.6363636363636362,beat_2
3187,8,44,14,30,3.75,beat_2
3188,11,70,20,50,4.545454545454546,beat_2
3189,13,76,24,52,4.0,beat_2
3190,11,68,20,48,4.363636363636363,beat_2
3191,14,82,26,56,4.0,beat_2
3192,10,62,18,44,4.4,beat_2
3193,6,30,10,20,3.3333333333333335,beat_2
3194,7,36,12,24,3.4285714285714284,beat_2
3195,7,38,12,26,3.7142857142857144,beat_2
3196,9,48,16,32,3.5555555555555554,beat_2
3197,13,78,24,54,4.153846153846154,beat_2
3198,10,56,18,38,3.8,beat_2
3199,11,66,20,46,4.181818181818182,beat_2
3200,10,58,18,40,4.0,beat_2
3201,11,68,20,48,4.363636363636363,beat_2
3202,13,76,24,52,4.0,beat_2
3203,10,60,18,42,4.2,beat_2
3204,10,62,18,44,4.4,fixed_1s
3205,11,64,20,44,4.0,beat_2
3206,15,88,28,60,4.0,beat_2
3207,11,64,20,44,4.0,beat_2
3208,8,40,14,26,3.25,beat_2
3209,7,40,12,28,4.0,beat_2
3210,8,46,14,32,4.0,beat_2
3211,13,84,24,60,4.615384615384615,beat_2
3212,10,58,18,40,4.0,beat_2
3213,8,46,14,32,4.0,beat_2
3214,13,76,24,52,4.0,beat_2
3215,10,58,18,40,4.0,beat_2
3216,12,74,22,52,4.333333333333333,beat_2
3217,11,68,20,48,4.363636363636363,beat_2
3218,15,90,28,62,4.133333333333334,beat_2
3219,9,54,16,38,4.222222222222222,beat_2
3220,10,56,18,38,3.8,beat_2
3221,10,64,18,46,4.6,beat_2
3222,10,62,18,44,4.4,beat_2
3223,13,78,24,54,4.153846153846154,beat_2
3224,11,64,20,44,4.0,beat_2
3225,13,76,24,52,4.0,beat_2
3226,9,54,16,38,4.222222222222222,beat_2
3227,11,66,20,46,4.181818181818182,beat_2
3228,8,46,14,32,4.0,beat_2
3229,8,46,14,32,4.0,beat_2
3230,6,30,10,20,3.3333333333333335,beat_2
3231,11,66,20,46,4.181818181818182,beat_2
3232,10,54,18,36,3.6,beat_2
3233,12,66,22,44,3.6666666666666665,beat_2
3234,10,56,18,38,3.8,fixed_1s
3235,12,74,22,52,4.333333333333333,beat_2
3236,8,44,14,30,3.75,beat_2
3237,8,46,14,32,4.0,beat_2
3238,10,58,18,40,4.0,beat_2
3239,12,70,22,48,4.0,beat_2
3240,5,20,8,12,2.4,beat_2
3241,11,66,20,46,4.181818181818182,beat_2
3242,8,46,14,32,4.0,beat_2
3243,11,66,20,46,4.181818181818182,beat_2
3244,9,52,16,36,4.0,beat_2
3245,9,46,16,30,3.3333333333333335,beat_2
3246,14,84,26,58,4.142857142857143,beat_2
3247,11,66,20,46,4.181818181818182,beat_2
3248,10,58,18,40,4.0,beat_2
3249,10,60,18,42,4.2,beat_2
3250,11,66,20,46,4.181818181818182,beat_2
3251,7,36,12,24,3.4285714285714284,beat_2
3252,9,52,16,36,4.0,beat_2
3253,9,54,16,38,4.222222222222222,beat_2
3254,11,66,20,46,4.181818181818182,beat_2
3255,8,44,14,30,3.75,beat_2
3256,12,68,22,46,3.8333333333333335,beat_2
3257,13,74,24,50,3.8461538461538463,beat_2
3258,10,56,18,38,3.8,beat_2
3259,14,78,26,52,3.7142857142857144,beat_2
3260,11,64,20,44,4.0,beat_2
3261,10,62,18,44,4.4,beat_2
3262,14,86,26,60,4.285714285714286,beat_2
3263,10,58,18,40,4.0,beat_2
3264,8,44,14,30,3.75,beat_2
3265,11,62,20,42,3.8181818181818183,beat_2
3266,12,70,22,48,4.0,beat_2
3267,8,44,14,30,3.75,beat_2
3268,12,72,22,50,4.166666666666667,beat_2
3269,8,48,14,34,4.25,beat_2
3270,8,44,14,30,3.75,beat_2
3271,6,30,10,20,3.3333333333333335,beat_2
3272,11,68,20,48,4.363636363636363,beat_2
3273,10,54,18,36,3.6,beat_2
3274,12,68,22,46,3.8333333333333335,beat_2
3275,9,54,16,38,4.222222222222222,beat_2
3276,12,76,22,54,4.5,beat_2
3277,14,82,26,56,4.0,beat_2
3278,6,28,10,18,3.0,beat_2
3279,11,64,20,44,4.0,beat_2
3280,7,38,12,26,3.7142857142857144,beat_2
3281,10,52,18,34,3.4,beat_2
3282,11,68,20,48,4.363636363636363,beat_2
3283,7,38,12,26,3.7142857142857144,beat_2
3284,13,76,24,52,4.0,beat_2
3285,7,34,12,22,3.142857142857143,beat_2
3286,8,42,14,28,3.5,beat_2
3287,8,44,14,30,3.75,beat_2
3288,7,40,12,28,4.0,beat_2
3289,11,64,20,44,4.0,beat_2
3290,10,60,18,42,4.2,beat_2
3291,12,72,22,50,4.166666666666667,beat_2
3292,10,58,18,40,4.0,beat_2
3293,9,52,16,36,4.0,beat_2
3294,10,60,18,42,4.2,beat_2
3295,10,60,18,42,4.2,beat_2
3296,12,68,22,46,3.8333333333333335,beat_2
3297,7,40,12,28,4.0,beat_2
3298,8,46,14,32,4.0,beat_2
3299,13,82,24,58,4.461538461538462,beat_2
3300,7,38,12,26,3.7142857142857144,beat_2
3301,15,90,28,62,4.133333333333334,beat_2
3302,12,70,22,48,4.0,beat_2
3303,8,44,14,30,3.75,beat_2
3304,9,52,16,36,4.0,beat_2
3305,15,88,28,60,4.0,beat_2
3306,11,62,20,42,3.8181818181818183,beat_2
3307,11,66,20,46,4.181818181818182,beat_2
3308,12,72,22,50,4.166666666666667,beat_2
3309,12,68,22,46,3.8333333333333335,beat_2
3310,10,52,18,34,3.4,fixed_1s
3311,13,78,24,54,4.153846153846154,beat_2
3312,8,44,14,30,3.75,beat_2
3313,6,30,10,20,3.3333333333333335,beat_2
3314,6,30,10,20,3.3333333333333335,beat_2
3315,9,54,16,38,4.222222222222222,beat_2
3316,9,54,16,38,4.222222222222222,beat_2
3317,8,44,14,30,3.75,beat_2
3318,9,52,16,36,4.0,beat_2
3319,6,28,10,18,3.0,beat_2
3320,10,54,18,36,3.6,beat_2
3321,14,84,26,58,4.142857142857143,beat_2
3322,7,38,12,26,3.7142857142857144,beat_2
3323,15,90,28,62,4.133333333333334,beat_2
3324,8,46,14,32,4.0,beat_2
3325,6,30,10,20,3.3333333333333335,beat_2
3326,10,60,18,42,4.2,beat_2
3327,5,20,8,12,2.4,beat_2
3328,7,36,12,24,3.4285714285714284,beat_2
3329,7,38,12,26,3.7142857142857144,beat_2
3330,12,68,22,46,3.8333333333333335,beat_2
3331,14,78,26,52,3.7142857142857144,beat_2
3332,5,20,8,12,2.4,beat_2
3333,9,50,16,34,3.7777777777777777,beat_2
3334,10,58,18,40,4.0,beat_2
3335,13,78,24,54,4.153846153846154,beat_2
3336,11,58,20,38,3.4545454545454546,beat_2
3337,10,56,18,38,3.8,beat_2
3338,6,30,10,20,3.3333333333333335,beat_2
3339,9,46,16,30,3.3333333333333335,beat_2
3340,11,66,20,46,4.181818181818182,beat_2
3341,10,62,18,44,4.4,beat_2
3342,8,44,14,30,3.75,beat_2
3343,9,54,16,38,4.222222222222222,beat_2
3344,10,60,18,42,4.2,beat_2
3345,10,54,18,36,3.6,beat_2
3346,13,82,24,58,4.461538461538462,beat_2
3347,11,60,20,40,3.6363636363636362,beat_2
3348,8,46,14,32,4.0,beat_2
3349,6,30,10,20,3.3333333333333335,beat_2
3350,6,30,10,20,3.3333333333333335,beat_2
3351,7,38,12,26,3.7142857142857144,beat_2
3352,6,30,10,20,3.3333333333333335,beat_2
3353,10,60,18,42,4.2,fixed_1s
3354,11,60,20,40,3.6363636363636362,beat_2
3355,8,44,14,30,3.75,beat_2
3356,7,38,12,26,3.7142857142857144,beat_2
3357,9,50,16,34,3.7777777777777777,beat_2
3358,11,62,20,42,3.8181818181818183,beat_2
3359,10,58,18,40,4.0,beat_2
3360,11,70,20,50,4.545454545454546,beat_2
3361,12,72,22,50,4.166666666666667,beat_2
3362,8,44,14,30,3.75,beat_2
3363,6,30,10,20,3.3333333333333335,beat_2
3364,10,60,18,42,4.2,beat_2
3365,9,52,16,36,4.0,beat_2
3366,8,46,14,32,4.0,beat_2
3367,9,54,16,38,4.222222222222222,beat_2
3368,12,78,22,56,4.666666666666667,beat_2
3369,13,72,24,48,3.6923076923076925,beat_2
3370,11,70,20,50,4.545454545454546,beat_2
3371,8,44,14,30,3.75,beat_2
3372,10,56,18,38,3.8,beat_2
3373,10,58,18,40,4.0,fixed_1s
3374,16,98,30,68,4.25,beat_2
3375,9,56,16,40,4.444444444444445,beat_2
3376,10,62,18,44,4.4,beat_2
3377,7,38,12,26,3.7142857142857144,beat_2
3378,13,80,24,56,4.3076923076923075,beat_2
3379,10,58,18,40,4.0,beat_2
3380,13,82,24,58,4.461538461538462,beat_2
3381,9,52,16,36,4.0,beat_2
3382,13,80,24,56,4.3076923076923075,beat_2
3383,8,46,14,32,4.0,beat_2
3384,7,38,12,26,3.7142857142857144,beat_2
3385,12,70,22,48,4.0,beat_2
3386,8,46,14,32,4.0,beat_2
3387,7,38,12,26,3.7142857142857144,beat_2
3388,13,84,24,60,4.615384615384615,beat_2
3389,15,94,28,66,4.4,beat_2
3390,12,72,22,50,4.166666666666667,beat_2
3391,12,72,22,50,4.166666666666667,beat_2
3392,10,54,18,36,3.6,fixed_1s
3393,12,70,22,48,4.0,beat_2
3394,9,50,16,34,3.7777777777777777,beat_2
3395,7,36,12,24,3.4285714285714284,beat_2
3396,8,48,14,34,4.25,beat_2
3397,7,40,12,28,4.0,beat_2
3398,10,54,18,36,3.6,beat_2
3399,7,36,12,24,3.4285714285714284,beat_2
3400,10,60,18,42,4.2,beat_2
3401,11,68,20,48,4.363636363636363,beat_2
3402,10,56,18,38,3.8,beat_2
3403,10,62,18,44,4.4,beat_2
3404,9,54,16,38,4.222222222222222,beat_2
3405,13,80,24,56,4.3076923076923075,beat_2
3406,6,30,10,20,3.3333333333333335,beat_2
3407,10,60,18,42,4.2,beat_2
3408,10,62,18,44,4.4,beat_2
3409,13,76,24,52,4.0,beat_2
3410,7,36,12,24,3.4285714285714284,beat_2
3411,15,84,28,56,3.7333333333333334,beat_2
3412,9,50,16,34,3.7777777777777777,beat_2
3413,8,44,14,30,3.75,beat_2
3414,9,54,16,38,4.222222222222222,beat_2
3415,9,50,16,34,3.7777777777777777,beat_2
3416,9,50,16,34,3.7777777777777777,beat_2
3417,9,52,16,36,4.0,beat_2
3418,10,58,18,40,4.0,beat_2
3419,10,62,18,44,4.4,fixed_1s
3420,9,52,16,36,4.0,beat_2
3421,5,20,8,12,2.4,beat_2
3422,9,48,16,32,3.5555555555555554,beat_2
3423,5,20,8,12,2.4,beat_2
3424,10,56,18,38,3.8,fixed_1s
3425,9,54,16,38,4.222222222222222,beat_2
3426,17,104,32,72,4.235294117647059,beat_2
3427,8,44,14,30,3.75,beat_2
3428,12,78,22,56,4.666666666666667,beat_2
3429,10,60,18,42,4.2,fixed_1s
3430,15,92,28,64,4.266666666666667,beat_2
3431,7,40,12,28,4.0,beat_2
3432,8,46,14,32,4.0,beat_2
3433,8,46,14,32,4.0,beat_2
3434,10,60,18,42,4.2,beat_2
3435,10,56,18,38,3.8,beat_2
3436,10,58,18,40,4.0,beat_2
3437,10,62,18,44,4.4,beat_2
3438,7,38,12,26,3.7142857142857144,beat_2
3439,9,48,16,32,3.5555555555555554,beat_2
3440,12,66,22,44,3.6666666666666665,beat_2
3441,14,88,26,62,4.428571428571429,beat_2
3442,6,28,10,18,3.0,beat_2
3443,10,58,18,40,4.0,beat_2
3444,11,68,20,48,4.363636363636363,beat_2
3445,12,70,22,48,4.0,beat_2
3446,7,38,12,26,3.7142857142857144,beat_2
3447,13,74,24,50,3.8461538461538463,beat_2
3448,10,56,18,38,3.8,fixed_1s
3449,11,68,20,48,4.363636363636363,beat_2
3450,14,86,26,60,4.285714285714286,beat_2
3451,8,46,14,32,4.0,beat_2
3452,8,46,14,32,4.0,beat_2
3453,10,54,18,36,3.6,beat_2
3454,12,70,22,48,4.0,beat_2
3455,10,60,18,42,4.2,beat_2
3456,10,58,18,40,4.0,beat_2
3457,13,74,24,50,3.8461538461538463,beat_2
3458,6,28,10,18,3.0,beat_2
3459,9,54,16,38,4.222222222222222,beat_2
3460,10,58,18,40,4.0,beat_2
3461,10,58,18,40,4.0,fixed_1s
3462,11,62,20,42,3.8181818181818183,beat_2
3463,13,80,24,56,4.3076923076923075,beat_2
3464,11,68,20,48,4.363636363636363,beat_2
3465,10,60,18,42,4.2,beat_2
3466,10,60,18,42,4.2,beat_2
3467,14,86,26,60,4.285714285714286,beat_2
3468,7,38,12,26,3.7142857142857144,beat_2
3469,11,68,20,48,4.363636363636363,beat_2
3470,7,38,12,26,3.7142857142857144,beat_2
3471,8,40,14,26,3.25,beat_2
3472,13,80,24,56,4.3076923076923075,beat_2
3473,8,46,14,32,4.0,beat_2
3474,8,44,14,30,3.75,beat_2
3475,9,54,16,38,4.222222222222222,beat_2
3476,14,92,26,66,4.714285714285714,beat_2
3477,8,46,14,32,4.0,beat_2
3478,12,74,22,52,4.333333333333333,beat_2
3479,10,60,18,42,4.2,beat_2
3480,13,80,24,56,4.3076923076923075,beat_2
3481,13,80,24,56,4.3076923076923075,beat_2
3482,11,66,20,46,4.181818181818182,beat_2
3483,10,60,18,42,4.2,beat_2
3484,9,50,16,34,3.7777777777777777,beat_2
3485,9,54,16,38,4.222222222222222,beat_2
3486,13,80,24,56,4.3076923076923075,beat_2
3487,10,60,18,42,4.2,beat_2
3488,8,46,14,32,4.0,beat_2
3489,11,72,20,52,4.7272727272727275,beat_2
3490,9,56,16,40,4.444444444444445,beat_2
3491,11,66,20,46,4.181818181818182,beat_2
3492,11,66,20,46,4.181818181818182,beat_2
3493,11,66,20,46,4.181818181818182,beat_2
3494,15,88,28,60,4.0,beat_2
3495,8,42,14,28,3.5,beat_2
3496,10,56,18,38,3.8,beat_2
3497,14,80,26,54,3.857142857142857,beat_2
3498,12,70,22,48,4.0,beat_2
3499,8,44,14,30,3.75,beat_2
3500,10,56,18,38,3.8,beat_2
3501,8,44,14,30,3.75,beat_2
3502,6,30,10,20,3.3333333333333335,beat_2
3503,10,58,18,40,4.0,beat_2
3504,12,72,22,50,4.166666666666667,beat_2
3505,10,60,18,42,4.2,beat_2
3506,5,20,8,12,2.4,beat_2
3507,9,54,16,38,4.222222222222222,beat_2
3508,16,102,30,72,4.5,beat_2
3509,11,66,20,46,4.181818181818182,beat_2
3510,7,38,12,26,3.7142857142857144,beat_2
3511,15,90,28,62,4.133333333333334,beat_2
3512,11,62,20,42,3.8181818181818183,beat_2
3513,13,76,24,52,4.0,beat_2
3514,12,76,22,54,4.5,beat_2
3515,11,64,20,44,4.0,beat_2
3516,14,80,26,54,3.857142857142857,beat_2
3517,10,60,18,42,4.2,fixed_1s
3518,11,62,20,42,3.8181818181818183,beat_2
3519,8,46,14,32,4.0,beat_2
3520,7,38,12,26,3.7142857142857144,beat_2
3521,8,46,14,32,4.0,beat_2
3522,11,68,20,48,4.363636363636363,beat_2
3523,7,36,12,24,3.4285714285714284,beat_2
3524,14,82,26,56,4.0,beat_2
3525,13,74,24,50,3.8461538461538463,beat_2
3526,11,62,20,42,3.8181818181818183,beat_2
3527,13,74,24,50,3.8461538461538463,beat_2
3528,16,98,30,68,4.25,beat_2
3529,12,70,22,48,4.0,beat_2
3530,9,48,16,32,3.5555555555555554,beat_2
3531,15,90,28,62,4.133333333333334,beat_2
3532,9,54,16,38,4.222222222222222,beat_2
3533,8,44,14,30,3.75,beat_2
3534,11,62,20,42,3.8181818181818183,beat_2
3535,7,38,12,26,3.7142857142857144,beat_2
3536,5,20,8,12,2.4,beat_2
3537,10,54,18,36,3.6,beat_2
3538,7,38,12,26,3.7142857142857144,beat_2
3539,11,64,20,44,4.0,beat_2
3540,12,66,22,44,3.6666666666666665,beat_2
3541,8,42,14,28,3.5,beat_2
3542,9,54,16,38,4.222222222222222,beat_2
3543,7,40,12,28,4.0,beat_2
3544,13,74,24,50,3.8461538461538463,beat_2
3545,10,62,18,44,4.4,beat_2
3546,13,76,24,52,4.0,beat_2
3547,8,44,14,30,3.75,beat_2
3548,11,66,20,46,4.181818181818182,beat_2
3549,11,66,20,46,4.181818181818182,beat_2
3550,8,44,14,30,3.75,beat_2
3551,9,54,16,38,4.222222222222222,beat_2
3552,10,62,18,44,4.4,fixed_1s
3553,8,44,14,30,3.75,beat_2
3554,7,38,12,26,3.7142857142857144,beat_2
3555,6,28,10,18,3.0,beat_2
3556,11,66,20,46,4.181818181818182,beat_2
3557,6,30,10,20,3.3333333333333335,beat_2
3558,11,70,20,50,4.545454545454546,beat_2
3559,11,64,20,44,4.0,beat_2
3560,8,42,14,28,3.5,beat_2
3561,9,52,16,36,4.0,beat_2
3562,9,56,16,40,4.444444444444445,beat_2
3563,10,56,18,38,3.8,beat_2
3564,10,64,18,46,4.6,beat_2
3565,10,62,18,44,4.4,fixed_1s
3566,6,30,10,20,3.3333333333333335,beat_2
3567,10,56,18,38,3.8,beat_2
3568,5,20,8,12,2.4,beat_2
3569,9,50,16,34,3.7777777777777777,beat_2
3570,13,76,24,52,4.0,beat_2
3571,10,56,18,38,3.8,beat_2
3572,11,64,20,44,4.0,beat_2
3573,11,58,20,38,3.4545454545454546,beat_2
3574,5,20,8,12,2.4,beat_2
3575,15,94,28,66,4.4,beat_2
3576,6,30,10,20,3.3333333333333335,beat_2
3577,9,58,16,42,4.666666666666667,beat_2
3578,13,82,24,58,4.461538461538462,beat_2
3579,14,74,26,48,3.4285714285714284,beat_2
3580,11,64,20,44,4.0,beat_2
3581,14,80,26,54,3.857142857142857,beat_2
3582,9,52,16,36,4.0,beat_2
3583,10,58,18,40,4.0,fixed_1s
3584,11,68,20,48,4.363636363636363,beat_2
3585,5,20,8,12,2.4,beat_2
3586,10,58,18,40,4.0,beat_2
3587,10,60,18,42,4.2,beat_2
3588,12,70,22,48,4.0,beat_2
3589,9,52,16,36,4.0,beat_2
3590,12,74,22,52,4.333333333333333,beat_2
3591,9,54,16,38,4.222222222222222,beat_2
3592,13,80,24,56,4.3076923076923075,beat_2
3593,10,52,18,34,3.4,beat_2
3594,10,60,18,42,4.2,fixed_1s
3595,9,50,16,34,3.7777777777777777,beat_2
3596,6,30,10,20,3.3333333333333335,beat_2
3597,5,20,8,12,2.4,beat_2
3598,12,76,22,54,4.5,beat_2
3599,9,48,16,32,3.5555555555555554,beat_2
3600,8,46,14,32,4.0,beat_2
3601,8,44,14,30,3.75,beat_2
3602,9,56,16,40,4.444444444444445,beat_2
3603,12,70,22,48,4.0,beat_2
3604,9,50,16,34,3.7777777777777777,beat_2
3605,10,56,18,38,3.8,beat_2
3606,8,46,14,32,4.0,beat_2
3607,5,20,8,12,2.4,beat_2
3608,12,72,22,50,4.166666666666667,beat_2
3609,10,58,18,40,4.0,beat_2
3610,10,54,18,36,3.6,fixed_1s
3611,13,80,24,56,4.3076923076923075,beat_2
3612,19,116,36,80,4.2105263157894735,beat_2
3613,8,46,14,32,4.0,beat_2
3614,12,70,22,48,4.0,beat_2
3615,10,56,18,38,3.8,beat_2
3616,5,20,8,12,2.4,beat_2
3617,12,74,22,52,4.333333333333333,beat_2
3618,8,42,14,28,3.5,beat_2
3619,11,68,20,48,4.363636363636363,beat_2
3620,9,54,16,38,4.222222222222222,beat_2
3621,9,52,16,36,4.0,beat_2
3622,5,20,8,12,2.4,beat_2
3623,8,44,14,30,3.75,beat_2
3624,11,60,20,40,3.6363636363636362,beat_2
3625,10,54,18,36,3.6,beat_2
3626,9,48,16,32,3.5555555555555554,beat_2
3627,7,36,12,24,3.4285714285714284,beat_2
3628,9,50,16,34,3.7777777777777777,beat_2
3629,10,56,18,38,3.8,beat_2
3630,11,68,20,48,4.363636363636363,beat_2
3631,10,56,18,38,3.8,beat_2
3632,5,20,8,12,2.4,beat_2
3633,7,38,12,26,3.7142857142857144,beat_2
3634,12,72,22,50,4.166666666666667,beat_2
3635,9,52,16,36,4.0,beat_2
3636,10,60,18,42,4.2,beat_2
3637,8,46,14,32,4.0,beat_2
3638,10,60,18,42,4.2,beat_2
3639,9,54,16,38,4.222222222222222,beat_2
3640,12,72,22,50,4.166666666666667,beat_2
3641,7,38,12,26,3.7142857142857144,beat_2
3642,11,68,20,48,4.363636363636363,beat_2
3643,9,54,16,38,4.222222222222222,beat_2
3644,15,86,28,58,3.8666666666666667,beat_2
3645,10,58,18,40,4.0,beat_2
3646,9,54,16,38,4.222222222222222,beat_2
3647,10,58,18,40,4.0,beat_2
3648,11,66,20,46,4.181818181818182,beat_2
3649,11,66,20,46,4.181818181818182,beat_2
3650,9,50,16,34,3.7777777777777777,beat_2
3651,12,70,22,48,4.0,beat_2
3652,7,38,12,26,3.7142857142857144,beat_2
3653,11,60,20,40,3.6363636363636362,beat_2
3654,10,52,18,34,3.4,fixed_1s
3655,10,60,18,42,4.2,beat_2
3656,11,64,20,44,4.0,beat_2
3657,11,68,20,48,4.363636363636363,beat_2
3658,11,68,20,48,4.363636363636363,beat_2
3659,9,50,16,34,3.7777777777777777,beat_2
3660,14,90,26,64,4.571428571428571,beat_2
3661,12,70,22,48,4.0,beat_2
3662,10,60,18,42,4.2,beat_2
3663,15,92,28,64,4.266666666666667,beat_2
3664,10,56,18,38,3.8,beat_2
3665,10,58,18,40,4.0,beat_2
3666,6,30,10,20,3.3333333333333335,beat_2
3667,5,20,8,12,2.4,beat_2
3668,7,36,12,24,3.4285714285714284,beat_2
3669,12,72,22,50,4.166666666666667,beat_2
3670,6,28,10,18,3.0,beat_2
3671,12,74,22,52,4.333333333333333,beat_2
3672,7,38,12,26,3.7142857142857144,beat_2
3673,8,44,14,30,3.75,beat_2
3674,13,82,24,58,4.461538461538462,beat_2
3675,9,56,16,40,4.444444444444445,beat_2
3676,10,58,18,40,4.0,fixed_1s
3677,13,70,24,46,3.5384615384615383,beat_2
3678,10,60,18,42,4.2,beat_2
3679,9,54,16,38,4.222222222222222,beat_2
3680,11,64,20,44,4.0,beat_2
3681,8,44,14,30,3.75,beat_2
3682,10,52,18,34,3.4,fixed_1s
3683,10,56,18,38,3.8,beat_2
3684,7,40,12,28,4.0,beat_2
3685,10,54,18,36,3.6,beat_2
3686,8,48,14,34,4.25,beat_2
3687,10,62,18,44,4.4,fixed_1s
3688,9,50,16,34,3.7777777777777777,beat_2
3689,7,38,12,26,3.7142857142857144,beat_2
3690,14,90,26,64,4.571428571428571,beat_2
3691,8,46,14,32,4.0,beat_2
3692,9,52,16,36,4.0,beat_2
3693,8,48,14,34,4.25,beat_2
3694,10,62,18,44,4.4,beat_2
3695,9,54,16,38,4.222222222222222,beat_2
3696,11,66,20,46,4.181818181818182,beat_2
3697,8,46,14,32,4.0,beat_2
3698,6,30,10,20,3.3333333333333335,beat_2
3699,10,62,18,44,4.4,beat_2
3700,8,46,14,32,4.0,beat_2
3701,7,38,12,26,3.7142857142857144,beat_2
3702,11,68,20,48,4.363636363636363,beat_2
3703,10,58,18,40,4.0,fixed_1s
3704,9,50,16,34,3.7777777777777777,beat_2
3705,9,52,16,36,4.0,beat_2
3706,6,28,10,18,3.0,beat_2
3707,9,52,16,36,4.0,beat_2
3708,12,72,22,50,4.166666666666667,beat_2
3709,15,96,28,68,4.533333333333333,beat_2
3710,6,30,10,20,3.3333333333333335,beat_2
3711,10,58,18,40,4.0,beat_2
3712,8,44,14,30,3.75,beat_2
3713,11,62,20,42,3.8181818181818183,beat_2
3714,8,46,14,32,4.0,beat_2
3715,9,54,16,38,4.222222222222222,beat_2
3716,5,20,8,12,2.4,beat_2
3717,10,62,18,44,4.4,beat_2
3718,9,50,16,34,3.7777777777777777,beat_2
3719,7,38,12,26,3.7142857142857144,beat_2
3720,9,52,16,36,4.0,beat_2
3721,10,58,18,40,4.0,beat_2
3722,5,20,8,12,2.4,beat_2
3723,15,86,28,58,3.8666666666666667,beat_2
3724,7,36,12,24,3.4285714285714284,beat_2
3725,8,46,14,32,4.0,beat_2
3726,12,72,22,50,4.166666666666667,beat_2
3727,15,92,28,64,4.266666666666667,beat_2
3728,7,36,12,24,3.4285714285714284,beat_2
3729,11,64,20,44,4.0,beat_2
3730,11,68,20,48,4.363636363636363,beat_2
3731,11,66,20,46,4.181818181818182,beat_2
3732,13,76,24,52,4.0,beat_2
3733,12,64,22,42,3.5,beat_2
3734,11,60,20,40,3.6363636363636362,beat_2
3735,12,64,22,42,3.5,beat_2
3736,8,44,14,30,3.75,beat_2
3737,9,50,16,34,3.7777777777777777,beat_2
3738,13,76,24,52,4.0,beat_2
3739,6,30,10,20,3.3333333333333335,beat_2
3740,13,84,24,60,4.615384615384615,beat_2
3741,11,68,20,48,4.363636363636363,beat_2
3742,10,58,18,40,4.0,fixed_1s
3743,7,38,12,26,3.7142857142857144,beat_2
3744,9,48,16,32,3.5555555555555554,beat_2
3745,9,50,16,34,3.7777777777777777,beat_2
3746,10,58,18,40,4.0,beat_2
3747,9,54,16,38,4.222222222222222,beat_2
3748,9,54,16,38,4.222222222222222,beat_2
3749,9,50,16,34,3.7777777777777777,beat_2
3750,6,30,10,20,3.3333333333333335,beat_2
3751,11,62,20,42,3.8181818181818183,beat_2
3752,10,56,18,38,3.8,fixed_1s
3753,10,60,18,42,4.2,beat_2
3754,6,30,10,20,3.3333333333333335,beat_2
3755,10,60,18,42,4.2,beat_2
3756,8,44,14,30,3.75,beat_2
3757,10,58,18,40,4.0,beat_2
3758,11,64,20,44,4.0,beat_2
3759,7,38,12,26,3.7142857142857144,beat_2
3760,7,36,12,24,3.4285714285714284,beat_2
3761,8,44,14,30,3.75,beat_2
3762,11,70,20,50,4.545454545454546,beat_2
3763,9,52,16,36,4.0,beat_2
3764,13,72,24,48,3.6923076923076925,beat_2
3765,7,38,12,26,3.7142857142857144,beat_2
3766,6,30,10,20,3.3333333333333335,beat_2
3767,8,46,14,32,4.0,beat_2
3768,10,54,18,36,3.6,beat_2
3769,8,46,14,32,4.0,beat_2
3770,11,62,20,42,3.8181818181818183,beat_2
3771,7,36,12,24,3.4285714285714284,beat_2
3772,13,78,24,54,4.153846153846154,beat_2
3773,9,54,16,38,4.222222222222222,beat_2
3774,11,70,20,50,4.545454545454546,beat_2
3775,11,66,20,46,4.181818181818182,beat_2
3776,5,20,8,12,2.4,beat_2
3777,10,60,18,42,4.2,beat_2
3778,9,54,16,38,4.222222222222222,beat_2
3779,12,60,22,38,3.1666666666666665,beat_2
3780,9,52,16,36,4.0,beat_2
3781,10,58,18,40,4.0,fixed_1s
3782,10,54,18,36,3.6,beat_2
3783,10,60,18,42,4.2,beat_2
3784,13,74,24,50,3.8461538461538463,beat_2
3785,7,38,12,26,3.7142857142857144,beat_2
3786,9,54,16,38,4.222222222222222,beat_2
3787,13,78,24,54,4.153846153846154,beat_2
3788,10,54,18,36,3.6,beat_2
3789,13,82,24,58,4.461538461538462,beat_2
3790,10,62,18,44,4.4,fixed_1s
3791,11,64,20,44,4.0,beat_2
3792,10,56,18,38,3.8,beat_2
3793,11,66,20,46,4.181818181818182,beat_2
3794,10,60,18,42,4.2,beat_2
3795,10,60,18,42,4.2,beat_2
3796,11,64,20,44,4.0,beat_2
3797,7,36,12,24,3.4285714285714284,beat_2
3798,10,60,18,42,4.2,beat_2
3799,11,62,20,42,3.8181818181818183,beat_2
3800,9,50,16,34,3.7777777777777777,beat_2
3801,9,54,16,38,4.222222222222222,beat_2
3802,9,54,16,38,4.222222222222222,beat_2
3803,10,60,18,42,4.2,beat_2
3804,9,52,16,36,4.0,beat_2
3805,7,36,12,24,3.4285714285714284,beat_2
3806,9,52,16,36,4.0,beat_2
3807,8,46,14,32,4.0,beat_2
3808,8,48,14,34,4.25,beat_2
3809,6,30,10,20,3.3333333333333335,beat_2
3810,10,62,18,44,4.4,beat_2
3811,12,72,22,50,4.166666666666667,beat_2
3812,5,20,8,12,2.4,beat_2
3813,9,58,16,42,4.666666666666667,beat_2
3814,9,54,16,38,4.222222222222222,beat_2
3815,8,44,14,30,3.75,beat_2
3816,10,60,18,42,4.2,beat_2
3817,12,72,22,50,4.166666666666667,beat_2
3818,7,36,12,24,3.4285714285714284,beat_2
3819,6,28,10,18,3.0,beat_2
3820,6,28,10,18,3.0,beat_2
3821,9,50,16,34,3.7777777777777777,beat_2
3822,8,48,14,34,4.25,beat_2
3823,7,38,12,26,3.7142857142857144,beat_2
3824,11,68,20,48,4.363636363636363,beat_2
3825,10,60,18,42,4.2,fixed_1s
3826,11,66,20,46,4.181818181818182,beat_2
3827,12,74,22,52,4.333333333333333,beat_2
3828,7,38,12,26,3.7142857142857144,beat_2
3829,10,60,18,42,4.2,beat_2
3830,13,72,24,48,3.6923076923076925,beat_2
3831,10,54,18,36,3.6,beat_2
3832,7,38,12,26,3.7142857142857144,beat_2
3833,10,52,18,34,3.4,beat_2
3834,7,38,12,26,3.7142857142857144,beat_2
3835,14,78,26,52,3.7142857142857144,beat_2
3836,10,58,18,40,4.0,beat_2
3837,10,58,18,40,4.0,beat_2
3838,9,54,16,38,4.222222222222222,beat_2
3839,8,46,14,32,4.0,beat_2
3840,9,50,16,34,3.7777777777777777,beat_2
3841,14,84,26,58,4.142857142857143,beat_2
3842,11,60,20,40,3.6363636363636362,beat_2
3843,6,28,10,18,3.0,beat_2
3844,12,66,22,44,3.6666666666666665,beat_2
3845,8,48,14,34,4.25,beat_2
3846,10,58,18,40,4.0,fixed_1s
3847,8,46,14,32,4.0,beat_2
3848,8,46,14,32,4.0,beat_2
3849,12,74,22,52,4.333333333333333,beat_2
3850,5,20,8,12,2.4,beat_2
3851,11,68,20,48,4.363636363636363,beat_2
3852,8,48,14,34,4.25,beat_2
3853,10,58,18,40,4.0,beat_2
3854,9,48,16,32,3.5555555555555554,beat_2
3855,11,66,20,46,4.181818181818182,beat_2
3856,10,64,18,46,4.6,fixed_1s
3857,12,68,22,46,3.8333333333333335,beat_2
3858,12,66,22,44,3.6666666666666665,beat_2
3859,11,70,20,50,4.545454545454546,beat_2
3860,11,66,20,46,4.181818181818182,beat_2
3861,8,46,14,32,4.0,beat_2
3862,10,62,18,44,4.4,beat_2
3863,7,38,12,26,3.7142857142857144,beat_2
3864,5,20,8,12,2.4,beat_2
3865,11,70,20,50,4.545454545454546,beat_2
3866,7,40,12,28,4.0,beat_2
3867,12,70,22,48,4.0,beat_2
3868,8,44,14,30,3.75,beat_2
3869,9,52,16,36,4.0,beat_2
3870,11,68,20,48,4.363636363636363,beat_2
3871,10,58,18,40,4.0,fixed_1s
3872,10,60,18,42,4.2,beat_2
3873,14,82,26,56,4.0,beat_2
3874,11,68,20,48,4.363636363636363,beat_2
3875,11,58,20,38,3.4545454545454546,beat_2
3876,9,52,16,36,4.0,beat_2
3877,11,64,20,44,4.0,beat_2
3878,12,76,22,54,4.5,beat_2
3879,7,38,12,26,3.7142857142857144,beat_2
3880,9,52,16,36,4.0,beat_2
3881,9,52,16,36,4.0,beat_2
3882,14,86,26,60,4.285714285714286,beat_2
3883,10,58,18,40,4.0,beat_2
3884,10,58,18,40,4.0,beat_2
3885,10,54,18,36,3.6,beat_2
3886,9,50,16,34,3.7777777777777777,beat_2
3887,7,40,12,28,4.0,beat_2
3888,11,66,20,46,4.181818181818182,beat_2
3889,10,58,18,40,4.0,beat_2
3890,5,20,8,12,2.4,beat_2
3891,5,20,8,12,2.4,beat_2
3892,7,38,12,26,3.7142857142857144,beat_2
3893,9,54,16,38,4.222222222222222,beat_2
3894,8,46,14,32,4.0,beat_2
3895,8,46,14,32,4.0,beat_2
3896,9,52,16,36,4.0,beat_2
3897,11,66,20,46,4.181818181818182,beat_2
3898,9,50,16,34,3.7777777777777777,beat_2
3899,13,78,24,54,4.153846153846154,beat_2
3900,12,80,22,58,4.833333333333333,beat_2
3901,10,62,18,44,4.4,beat_2
3902,16,106,30,76,4.75,beat_2
3903,10,58,18,40,4.0,beat_2
3904,11,60,20,40,3.6363636363636362,beat_2
3905,10,58,18,40,4.0,beat_2
3906,11,66,20,46,4.181818181818182,beat_2
3907,9,56,16,40,4.444444444444445,beat_2
3908,12,70,22,48,4.0,beat_2
3909,5,20,8,12,2.4,beat_2
3910,8,46,14,32,4.0,beat_2
3911,7,38,12,26,3.7142857142857144,beat_2
3912,8,48,14,34,4.25,beat_2
3913,12,74,22,52,4.333333333333333,beat_2
3914,9,56,16,40,4.444444444444445,beat_2
3915,10,62,18,44,4.4,beat_2
3916,11,68,20,48,4.363636363636363,beat_2
3917,8,42,14,28,3.5,beat_2
3918,13,80,24,56,4.3076923076923075,beat_2
3919,7,36,12,24,3.4285714285714284,beat_2
3920,6,30,10,20,3.3333333333333335,beat_2
3921,11,66,20,46,4.181818181818182,beat_2
3922,8,44,14,30,3.75,beat_2
3923,6,30,10,20,3.3333333333333335,beat_2
3924,10,60,18,42,4.2,beat_2
3925,8,46,14,32,4.0,beat_2
3926,11,64,20,44,4.0,beat_2
3927,10,58,18,40,4.0,beat_2
3928,9,50,16,34,3.7777777777777777,beat_2
3929,12,74,22,52,4.333333333333333,beat_2
3930,10,58,18,40,4.0,beat_2
3931,7,36,12,24,3.4285714285714284,beat_2
3932,9,52,16,36,4.0,beat_2
3933,7,38,12,26,3.7142857142857144,beat_2
3934,11,62,20,42,3.8181818181818183,beat_2
3935,7,38,12,26,3.7142857142857144,beat_2
3936,10,60,18,42,4.2,beat_2
3937,10,62,18,44,4.4,beat_2
3938,8,46,14,32,4.0,beat_2
3939,12,76,22,54,4.5,beat_2
3940,7,40,12,28,4.0,beat_2
3941,10,56,18,38,3.8,beat_2
3942,10,60,18,42,4.2,beat_2
3943,9,54,16,38,4.222222222222222,beat_2
3944,9,54,16,38,4.222222222222222,beat_2
3945,11,66,20,46,4.181818181818182,beat_2
3946,10,60,18,42,4.2,beat_2
3947,7,38,12,26,3.7142857142857144,beat_2
3948,12,68,22,46,3.8333333333333335,beat_2
3949,9,50,16,34,3.7777777777777777,beat_2
3950,10,60,18,42,4.2,beat_2
3951,6,30,10,20,3.3333333333333335,beat_2
3952,10,60,18,42,4.2,beat_2
3953,7,38,12,26,3.7142857142857144,beat_2
3954,7,38,12,26,3.7142857142857144,beat_2
3955,5,20,8,12,2.4,beat_2
3956,7,40,12,28,4.0,beat_2
3957,7,38,12,26,3.7142857142857144,beat_2
3958,9,54,16,38,4.222222222222222,beat_2
3959,8,46,14,32,4.0,beat_2
3960,9,50,16,34,3.7777777777777777,beat_2
3961,11,68,20,48,4.363636363636363,beat_2
3962,14,84,26,58,4.142857142857143,beat_2
3963,9,52,16,36,4.0,beat_2
3964,7,38,12,26,3.7142857142857144,beat_2
3965,15,90,28,62,4.133333333333334,beat_2
3966,11,62,20,42,3.8181818181818183,beat_2
3967,11,66,20,46,4.181818181818182,beat_2
3968,10,60,18,42,4.2,beat_2
3969,12,72,22,50,4.166666666666667,beat_2
3970,12,70,22,48,4.0,beat_2
3971,9,50,16,34,3.7777777777777777,beat_2
3972,6,30,10,20,3.3333333333333335,beat_2
3973,9,52,16,36,4.0,beat_2
3974,7,40,12,28,4.0,beat_2
3975,12,72,22,50,4.166666666666667,beat_2
3976,8,44,14,30,3.75,beat_2
3977,14,76,26,50,3.5714285714285716,beat_2
3978,11,62,20,42,3.8181818181818183,beat_2
3979,10,60,18,42,4.2,fixed_1s
3980,12,70,22,48,4.0,beat_2
3981,9,52,16,36,4.0,beat_2
3982,8,46,14,32,4.0,beat_2
3983,10,60,18,42,4.2,beat_2
3984,5,20,8,12,2.4,beat_2
3985,16,94,30,64,4.0,beat_2
3986,14,80,26,54,3.857142857142857,beat_2
3987,11,66,20,46,4.181818181818182,beat_2
3988,9,54,16,38,4.222222222222222,beat_2
3989,8,44,14,30,3.75,beat_2
3990,9,54,16,38,4.222222222222222,beat_2
3991,6,30,10,20,3.3333333333333335,beat_2
3992,10,56,18,38,3.8,fixed_1s
3993,11,60,20,40,3.6363636363636362,beat_2
3994,10,62,18,44,4.4,beat_2
3995,11,64,20,44,4.0,beat_2
3996,10,58,18,40,4.0,fixed_1s
3997,8,44,14,30,3.75,beat_2
3998,14,84,26,58,4.142857142857143,beat_2
3999,10,60,18,42,4.2,beat_2
4000,9,50,16,34,3.7777777777777777,beat_2
4001,12,66,22,44,3.6666666666666665,beat_2
4002,9,50,16,34,3.7777777777777777,beat_2
4003,11,68,20,48,4.363636363636363,beat_2
4004,6,30,10,20,3.3333333333333335,beat_2
4005,6,30,10,20,3.3333333333333335,beat_2
4006,10,64,18,46,4.6,beat_2
4007,10,56,18,38,3.8,fixed_1s
4008,11,62,20,42,3.8181818181818183,beat_2
4009,11,64,20,44,4.0,beat_2
4010,13,76,24,52,4.0,beat_2
4011,14,88,26,62,4.428571428571429,beat_2
4012,11,66,20,46,4.181818181818182,beat_2
4013,11,64,20,44,4.0,beat_2
4014,14,84,26,58,4.142857142857143,beat_2
4015,6,30,10,20,3.3333333333333335,beat_2
4016,10,60,18,42,4.2,beat_2
4017,10,56,18,38,3.8,beat_2
4018,12,74,22,52,4.333333333333333,beat_2
4019,12,70,22,48,4.0,beat_2
4020,10,58,18,40,4.0,beat_2
4021,10,62,18,44,4.4,beat_2
4022,8,44,14,30,3.75,beat_2
4023,9,52,16,36,4.0,beat_2
4024,11,70,20,50,4.545454545454546,beat_2
4025,10,60,18,42,4.2,beat_2
4026,8,44,14,30,3.75,beat_2
4027,11,66,20,46,4.181818181818182,beat_2
4028,9,52,16,36,4.0,beat_2
4029,10,60,18,42,4.2,beat_2
4030,10,60,18,42,4.2,beat_2
4031,11,66,20,46,4.181818181818182,beat_2
4032,8,44,14,30,3.75,beat_2
4033,7,38,12,26,3.7142857142857144,beat_2
4034,15,96,28,68,4.533333333333333,beat_2
4035,9,52,16,36,4.0,beat_2
4036,13,84,24,60,4.615384615384615,beat_2
4037,6,30,10,20,3.3333333333333335,beat_2
4038,15,98,28,70,4.666666666666667,beat_2
4039,6,30,10,20,3.3333333333333335,beat_2
4040,10,60,18,42,4.2,beat_2
4041,10,56,18,38,3.8,beat_2
4042,10,58,18,40,4.0,beat_2
4043,10,58,18,40,4.0,beat_2
4044,10,58,18,40,4.0,fixed_1s
4045,8,44,14,30,3.75,beat_2
4046,11,68,20,48,4.363636363636363,beat_2
4047,12,70,22,48,4.0,beat_2
4048,10,58,18,40,4.0,beat_2
4049,9,50,16,34,3.7777777777777777,beat_2
4050,8,42,14,28,3.5,beat_2
4051,10,56,18,38,3.8,beat_2
4052,11,64,20,44,4.0,beat_2
4053,8,46,14,32,4.0,beat_2
4054,13,74,24,50,3.8461538461538463,beat_2
4055,10,60,18,42,4.2,beat_2
4056,10,58,18,40,4.0,fixed_1s
4057,8,40,14,26,3.25,beat_2
4058,7,38,12,26,3.7142857142857144,beat_2
4059,14,84,26,58,4.142857142857143,beat_2
4060,10,54,18,36,3.6,beat_2
4061,7,38,12,26,3.7142857142857144,beat_2
4062,10,54,18,36,3.6,beat_2
4063,13,78,24,54,4.153846153846154,beat_2
4064,11,66,20,46,4.181818181818182,beat_2
4065,8,46,14,32,4.0,beat_2
4066,11,68,20,48,4.363636363636363,beat_2
4067,14,82,26,56,4.0,beat_2
4068,12,72,22,50,4.166666666666667,beat_2
4069,8,46,14,32,4.0,beat_2
4070,13,76,24,52,4.0,beat_2
4071,12,74,22,52,4.333333333333333,beat_2
4072,10,60,18,42,4.2,beat_2
4073,9,52,16,36,4.0,beat_2
4074,5,20,8,12,2.4,beat_2
4075,7,38,12,26,3.7142857142857144,beat_2
4076,10,60,18,42,4.2,beat_2
4077,8,44,14,30,3.75,beat_2
4078,10,60,18,42,4.2,beat_2
4079,8,42,14,28,3.5,beat_2
4080,11,66,20,46,4.181818181818182,beat_2
4081,10,64,18,46,4.6,beat_2
4082,8,46,14,32,4.0,beat_2
4083,11,68,20,48,4.363636363636363,beat_2
4084,9,54,16,38,4.222222222222222,beat_2
4085,13,80,24,56,4.3076923076923075,beat_2
4086,7,40,12,28,4.0,beat_2
4087,9,50,16,34,3.7777777777777777,beat_2
4088,9,50,16,34,3.7777777777777777,beat_2
4089,11,70,20,50,4.545454545454546,beat_2
4090,7,36,12,24,3.4285714285714284,beat_2
4091,12,74,22,52,4.333333333333333,beat_2
4092,10,58,18,40,4.0,beat_2
4093,9,50,16,34,3.7777777777777777,beat_2
4094,11,68,20,48,4.363636363636363,beat_2
4095,10,58,18,40,4.0,beat_2
4096,11,64,20,44,4.0,beat_2
4097,9,54,16,38,4.222222222222222,beat_2
4098,7,38,12,26,3.7142857142857144,beat_2
4099,13,76,24,52,4.0,beat_2
4100,9,52,16,36,4.0,beat_2
4101,11,66,20,46,4.181818181818182,beat_2
4102,11,68,20,48,4.363636363636363,beat_2
4103,12,66,22,44,3.6666666666666665,beat_2
4104,10,60,18,42,4.2,beat_2
4105,12,78,22,56,4.666666666666667,beat_2
4106,8,42,14,28,3.5,beat_2
4107,9,52,16,36,4.0,beat_2
4108,11,70,20,50,4.545454545454546,beat_2
4109,7,36,12,24,3.4285714285714284,beat_2
4110,10,58,18,40,4.0,beat_2
4111,13,72,24,48,3.6923076923076925,beat_2
4112,10,52,18,34,3.4,beat_2
4113,7,38,12,26,3.7142857142857144,beat_2
4114,11,62,20,42,3.8181818181818183,beat_2
4115,7,36,12,24,3.4285714285714284,beat_2
4116,10,60,18,42,4.2,beat_2
4117,8,44,14,30,3.75,beat_2
4118,13,72,24,48,3.6923076923076925,beat_2
4119,7,36,12,24,3.4285714285714284,beat_2
4120,10,58,18,40,4.0,beat_2
4121,12,68,22,46,3.8333333333333335,beat_2
4122,10,62,18,44,4.4,beat_2
4123,10,58,18,40,4.0,beat_2
4124,9,52,16,36,4.0,beat_2
4125,13,82,24,58,4.461538461538462,beat_2
4126,12,72,22,50,4.166666666666667,beat_2
4127,11,64,20,44,4.0,beat_2
4128,10,60,18,42,4.2,beat_2
4129,5,20,8,12,2.4,beat_2
4130,14,80,26,54,3.857142857142857,beat_2
4131,9,50,16,34,3.7777777777777777,beat_2
4132,8,46,14,32,4.0,beat_2
4133,5,20,8,12,2.4,beat_2
4134,7,38,12,26,3.7142857142857144,beat_2
4135,11,58,20,38,3.4545454545454546,beat_2
4136,10,62,18,44,4.4,beat_2
4137,10,56,18,38,3.8,fixed_1s
4138,8,46,14,32,4.0,beat_2
4139,8,44,14,30,3.75,beat_2
4140,7,40,12,28,4.0,beat_2
4141,7,38,12,26,3.7142857142857144,beat_2
4142,10,60,18,42,4.2,beat_2
4143,10,56,18,38,3.8,beat_2
4144,8,44,14,30,3.75,beat_2
4145,9,52,16,36,4.0,beat_2
4146,9,52,16,36,4.0,beat_2
4147,11,64,20,44,4.0,beat_2
4148,9,52,16,36,4.0,beat_2
4149,8,44,14,30,3.75,beat_2
4150,5,20,8,12,2.4,beat_2
4151,7,38,12,26,3.7142857142857144,beat_2
4152,8,46,14,32,4.0,beat_2
4153,12,74,22,52,4.333333333333333,beat_2
4154,10,58,18,40,4.0,beat_2
4155,10,62,18,44,4.4,fixed_1s
4156,10,62,18,44,4.4,beat_2
4157,9,52,16,36,4.0,beat_2
4158,7,38,12,26,3.7142857142857144,beat_2
4159,12,70,22,48,4.0,beat_2
4160,10,58,18,40,4.0,beat_2
4161,8,44,14,30,3.75,beat_2
4162,5,20,8,12,2.4,beat_2
4163,10,60,18,42,4.2,beat_2
4164,7,38,12,26,3.7142857142857144,beat_2
4165,6,30,10,20,3.3333333333333335,beat_2
4166,10,62,18,44,4.4,beat_2
4167,5,20,8,12,2.4,beat_2
4168,9,50,16,34,3.7777777777777777,beat_2
4169,10,58,18,40,4.0,beat_2
4170,6,28,10,18,3.0,beat_2
4171,8,44,14,30,3.75,beat_2
4172,10,58,18,40,4.0,fixed_1s
4173,8,42,14,28,3.5,beat_2
4174,10,62,18,44,4.4,beat_2
4175,5,20,8,12,2.4,beat_2
4176,6,30,10,20,3.3333333333333335,beat_2
4177,7,38,12,26,3.7142857142857144,beat_2
4178,12,66,22,44,3.6666666666666665,beat_2
4179,11,68,20,48,4.363636363636363,beat_2
4180,10,56,18,38,3.8,fixed_1s
4181,14,90,26,64,4.571428571428571,beat_2
4182,10,56,18,38,3.8,fixed_1s
4183,11,70,20,50,4.545454545454546,beat_2
4184,8,46,14,32,4.0,beat_2
4185,13,76,24,52,4.0,beat_2
4186,10,60,18,42,4.2,beat_2
4187,8,44,14,30,3.75,beat_2
4188,7,40,12,28,4.0,beat_2
4189,8,44,14,30,3.75,beat_2
4190,9,52,16,36,4.0,beat_2
4191,10,52,18,34,3.4,beat_2
4192,10,58,18,40,4.0,fixed_1s
4193,10,60,18,42,4.2,beat_2
4194,15,86,28,58,3.8666666666666667,beat_2
4195,7,38,12,26,3.7142857142857144,beat_2
4196,8,42,14,28,3.5,beat_2
4197,11,62,20,42,3.8181818181818183,beat_2
4198,10,62,18,44,4.4,beat_2
4199,7,38,12,26,3.7142857142857144,beat_2
4200,9,46,16,30,3.3333333333333335,beat_2
4201,7,36,12,24,3.4285714285714284,beat_2
4202,12,66,22,44,3.6666666666666665,beat_2
4203,8,46,14,32,4.0,beat_2
4204,8,44,14,30,3.75,beat_2
4205,13,80,24,56,4.3076923076923075,beat_2
4206,12,74,22,52,4.333333333333333,beat_2
4207,10,56,18,38,3.8,beat_2
4208,12,72,22,50,4.166666666666667,beat_2
4209,7,40,12,28,4.0,beat_2
4210,10,58,18,40,4.0,beat_2
4211,11,62,20,42,3.8181818181818183,beat_2
4212,9,50,16,34,3.7777777777777777,beat_2
4213,8,44,14,30,3.75,beat_2
4214,9,56,16,40,4.444444444444445,beat_2
4215,9,56,16,40,4.444444444444445,beat_2
4216,9,52,16,36,4.0,beat_2
4217,11,64,20,44,4.0,beat_2
4218,7,38,12,26,3.7142857142857144,beat_2
4219,8,44,14,30,3.75,beat_2
4220,13,78,24,54,4.153846153846154,beat_2
4221,8,44,14,30,3.75,beat_2
4222,8,44,14,30,3.75,beat_2
4223,8,44,14,30,3.75,beat_2
4224,10,58,18,40,4.0,beat_2
4225,6,28,10,18,3.0,beat_2
4226,8,46,14,32,4.0,beat_2
4227,9,52,16,36,4.0,beat_2
4228,10,60,18,42,4.2,beat_2
4229,13,76,24,52,4.0,beat_2
4230,8,44,14,30,3.75,beat_2
4231,13,78,24,54,4.153846153846154,beat_2
4232,10,64,18,46,4.6,beat_2
4233,17,102,32,70,4.117647058823529,beat_2
4234,10,56,18,38,3.8,beat_2
4235,10,62,18,44,4.4,beat_2
4236,6,30,10,20,3.3333333333333335,beat_2
4237,9,52,16,36,4.0,beat_2
4238,9,54,16,38,4.222222222222222,beat_2
4239,9,50,16,34,3.7777777777777777,beat_2
4240,10,58,18,40,4.0,beat_2
4241,10,56,18,38,3.8,beat_2
4242,10,60,18,42,4.2,beat_2
4243,8,46,14,32,4.0,beat_2
4244,6,30,10,20,3.3333333333333335,beat_2
4245,10,60,18,42,4.2,beat_2
4246,9,52,16,36,4.0,beat_2
4247,10,62,18,44,4.4,beat_2
4248,9,54,16,38,4.222222222222222,beat_2
4249,10,56,18,38,3.8,beat_2
4250,8,44,14,30,3.75,beat_2
4251,6,30,10,20,3.3333333333333335,beat_2
4252,10,64,18,46,4.6,fixed_1s
4253,10,58,18,40,4.0,beat_2
4254,10,60,18,42,4.2,beat_2
4255,11,68,20,48,4.363636363636363,beat_2
4256,9,50,16,34,3.7777777777777777,beat_2
4257,9,50,16,34,3.7777777777777777,beat_2
4258,7,38,12,26,3.7142857142857144,beat_2
4259,9,52,16,36,4.0,beat_2
4260,15,100,28,72,4.8,beat_2
4261,11,60,20,40,3.6363636363636362,beat_2
4262,13,72,24,48,3.6923076923076925,beat_2
4263,11,68,20,48,4.363636363636363,beat_2
4264,10,54,18,36,3.6,beat_2
4265,8,46,14,32,4.0,beat_2
4266,10,56,18,38,3.8,beat_2
4267,10,62,18,44,4.4,beat_2
4268,6,30,10,20,3.3333333333333335,beat_2
4269,11,66,20,46,4.181818181818182,beat_2
4270,11,68,20,48,4.363636363636363,beat_2
4271,11,66,20,46,4.181818181818182,beat_2
4272,9,50,16,34,3.7777777777777777,beat_2
4273,8,46,14,32,4.0,beat_2
4274,15,96,28,68,4.533333333333333,beat_2
4275,8,46,14,32,4.0,beat_2
4276,7,38,12,26,3.7142857142857144,beat_2
4277,10,58,18,40,4.0,fixed_1s
4278,11,66,20,46,4.181818181818182,beat_2
4279,9,52,16,36,4.0,beat_2
4280,11,66,20,46,4.181818181818182,beat_2
4281,7,38,12,26,3.7142857142857144,beat_2
4282,12,70,22,48,4.0,beat_2
4283,10,60,18,42,4.2,beat_2
4284,8,46,14,32,4.0,beat_2
4285,8,46,14,32,4.0,beat_2
4286,9,52,16,36,4.0,beat_2
4287,11,64,20,44,4.0,beat_2
4288,11,66,20,46,4.181818181818182,beat_2
4289,12,64,22,42,3.5,beat_2
4290,9,50,16,34,3.7777777777777777,beat_2
4291,8,42,14,28,3.5,beat_2
4292,10,60,18,42,4.2,fixed_1s
4293,13,80,24,56,4.3076923076923075,beat_2
4294,11,62,20,42,3.8181818181818183,beat_2
4295,10,64,18,46,4.6,beat_2
4296,7,38,12,26,3.7142857142857144,beat_2
4297,9,54,16,38,4.222222222222222,beat_2
4298,13,72,24,48,3.6923076923076925,beat_2
4299,14,82,26,56,4.0,beat_2
4300,10,62,18,44,4.4,fixed_1s
4301,14,90,26,64,4.571428571428571,beat_2
4302,7,36,12,24,3.4285714285714284,beat_2
4303,9,52,16,36,4.0,beat_2
4304,7,38,12,26,3.7142857142857144,beat_2
4305,11,66,20,46,4.181818181818182,beat_2
4306,12,70,22,48,4.0,beat_2
4307,13,74,24,50,3.8461538461538463,beat_2
4308,6,28,10,18,3.0,beat_2
4309,6,30,10,20,3.3333333333333335,beat_2
4310,10,62,18,44,4.4,beat_2
4311,10,60,18,42,4.2,beat_2
4312,9,50,16,34,3.7777777777777777,beat_2
4313,9,52,16,36,4.0,beat_2
4314,6,30,10,20,3.3333333333333335,beat_2
4315,6,30,10,20,3.3333333333333335,beat_2
4316,10,60,18,42,4.2,beat_2
4317,9,50,16,34,3.7777777777777777,beat_2
4318,10,56,18,38,3.8,beat_2
4319,10,58,18,40,4.0,beat_2
4320,11,64,20,44,4.0,beat_2
4321,8,44,14,30,3.75,beat_2
4322,14,90,26,64,4.571428571428571,beat_2
4323,8,44,14,30,3.75,beat_2
4324,10,62,18,44,4.4,beat_2
4325,10,60,18,42,4.2,beat_2
4326,10,62,18,44,4.4,beat_2
4327,8,42,14,28,3.5,beat_2
4328,17,98,32,66,3.8823529411764706,beat_2
4329,8,48,14,34,4.25,beat_2
4330,11,70,20,50,4.545454545454546,beat_2
4331,7,38,12,26,3.7142857142857144,beat_2
4332,9,50,16,34,3.7777777777777777,beat_2
4333,12,66,22,44,3.6666666666666665,beat_2
4334,10,58,18,40,4.0,beat_2
4335,9,54,16,38,4.222222222222222,beat_2
4336,8,42,14,28,3.5,beat_2
4337,8,46,14,32,4.0,beat_2
4338,9,50,16,34,3.7777777777777777,beat_2
4339,9,48,16,32,3.5555555555555554,beat_2
4340,12,70,22,48,4.0,beat_2
4341,8,44,14,30,3.75,beat_2
4342,11,66,20,46,4.181818181818182,beat_2
4343,8,48,14,34,4.25,beat_2
4344,8,46,14,32,4.0,beat_2
4345,8,46,14,32,4.0,beat_2
4346,9,50,16,34,3.7777777777777777,beat_2
4347,12,70,22,48,4.0,beat_2
4348,11,66,20,46,4.181818181818182,beat_2
4349,9,50,16,34,3.7777777777777777,beat_2
4350,8,44,14,30,3.75,beat_2
4351,9,52,16,36,4.0,beat_2
4352,15,90,28,62,4.133333333333334,beat_2
4353,11,66,20,46,4.181818181818182,beat_2
4354,13,70,24,46,3.5384615384615383,beat_2
4355,9,54,16,38,4.222222222222222,beat_2
4356,8,44,14,30,3.75,beat_2
4357,7,38,12,26,3.7142857142857144,beat_2
4358,10,54,18,36,3.6,beat_2
4359,10,62,18,44,4.4,beat_2
4360,8,48,14,34,4.25,beat_2
4361,8,46,14,32,4.0,beat_2
4362,12,74,22,52,4.333333333333333,beat_2
4363,12,76,22,54,4.5,beat_2
4364,6,30,10,20,3.3333333333333335,beat_2
4365,7,36,12,24,3.4285714285714284,beat_2
4366,7,38,12,26,3.7142857142857144,beat_2
4367,9,50,16,34,3.7777777777777777,beat_2
4368,5,20,8,12,2.4,beat_2
4369,8,46,14,32,4.0,beat_2
4370,11,68,20,48,4.363636363636363,beat_2
4371,11,62,20,42,3.8181818181818183,beat_2
4372,10,60,18,42,4.2,beat_2
4373,10,64,18,46,4.6,beat_2
4374,12,68,22,46,3.8333333333333335,beat_2
4375,7,38,12,26,3.7142857142857144,beat_2
4376,8,46,14,32,4.0,beat_2
4377,10,56,18,38,3.8,beat_2
4378,9,54,16,38,4.222222222222222,beat_2
4379,12,64,22,42,3.5,beat_2
4380,9,50,16,34,3.7777777777777777,beat_2
4381,10,62,18,44,4.4,fixed_1s
4382,5,20,8,12,2.4,beat_2
4383,11,64,20,44,4.0,beat_2
4384,8,46,14,32,4.0,beat_2
4385,12,72,22,50,4.166666666666667,beat_2
4386,10,60,18,42,4.2,beat_2
4387,12,72,22,50,4.166666666666667,beat_2
4388,10,54,18,36,3.6,beat_2
4389,7,38,12,26,3.7142857142857144,beat_2
4390,13,72,24,48,3.6923076923076925,beat_2
4391,6,28,10,18,3.0,beat_2
4392,8,46,14,32,4.0,beat_2
4393,9,50,16,34,3.7777777777777777,beat_2
4394,10,60,18,42,4.2,beat_2
4395,8,46,14,32,4.0,beat_2
4396,10,60,18,42,4.2,beat_2
4397,11,60,20,40,3.6363636363636362,beat_2
4398,14,82,26,56,4.0,beat_2
4399,6,30,10,20,3.3333333333333335,beat_2
4400,12,66,22,44,3.6666666666666665,beat_2
4401,11,70,20,50,4.545454545454546,beat_2
4402,5,20,8,12,2.4,beat_2
4403,8,44,14,30,3.75,beat_2
4404,11,62,20,42,3.8181818181818183,beat_2
4405,13,80,24,56,4.3076923076923075,beat_2
4406,11,60,20,40,3.6363636363636362,beat_2
4407,13,82,24,58,4.461538461538462,beat_2
4408,7,38,12,26,3.7142857142857144,beat_2
4409,11,64,20,44,4.0,beat_2
4410,12,74,22,52,4.333333333333333,beat_2
4411,10,54,18,36,3.6,fixed_1s
4412,10,62,18,44,4.4,fixed_1s
4413,7,38,12,26,3.7142857142857144,beat_2
4414,5,20,8,12,2.4,beat_2
4415,9,52,16,36,4.0,beat_2
4416,5,20,8,12,2.4,beat_2
4417,10,56,18,38,3.8,beat_2
4418,12,72,22,50,4.166666666666667,beat_2
4419,11,70,20,50,4.545454545454546,beat_2
4420,6,30,10,20,3.3333333333333335,beat_2
4421,7,40,12,28,4.0,beat_2
4422,13,78,24,54,4.153846153846154,beat_2
4423,13,78,24,54,4.153846153846154,beat_2
4424,10,60,18,42,4.2,fixed_1s
4425,12,64,22,42,3.5,beat_2
4426,9,52,16,36,4.0,beat_2
4427,9,52,16,36,4.0,beat_2
4428,8,42,14,28,3.5,beat_2
4429,10,60,18,42,4.2,beat_2
4430,8,44,14,30,3.75,beat_2
4431,11,68,20,48,4.363636363636363,beat_2
4432,14,78,26,52,3.7142857142857144,beat_2
4433,5,20,8,12,2.4,beat_2
4434,6,30,10,20,3.3333333333333335,beat_2
4435,12,74,22,52,4.333333333333333,beat_2
4436,11,68,20,48,4.363636363636363,beat_2
4437,9,54,16,38,4.222222222222222,beat_2
4438,11,62,20,42,3.8181818181818183,beat_2
4439,10,62,18,44,4.4,beat_2
4440,12,76,22,54,4.5,beat_2
4441,10,56,18,38,3.8,fixed_1s
4442,11,68,20,48,4.363636363636363,beat_2
4443,9,50,16,34,3.7777777777777777,beat_2
4444,10,62,18,44,4.4,beat_2
4445,10,60,18,42,4.2,beat_2
4446,9,52,16,36,4.0,beat_2
4447,9,50,16,34,3.7777777777777777,beat_2
4448,8,44,14,30,3.75,beat_2
4449,12,74,22,52,4.333333333333333,beat_2
4450,11,68,20,48,4.363636363636363,beat_2
4451,6,30,10,20,3.3333333333333335,beat_2
4452,8,46,14,32,4.0,beat_2
4453,12,68,22,46,3.8333333333333335,beat_2
4454,13,76,24,52,4.0,beat_2
4455,6,30,10,20,3.3333333333333335,beat_2
4456,13,80,24,56,4.3076923076923075,beat_2
4457,12,78,22,56,4.666666666666667,beat_2
4458,8,44,14,30,3.75,beat_2
4459,9,52,16,36,4.0,beat_2
4460,7,36,12,24,3.4285714285714284,beat_2
4461,12,74,22,52,4.333333333333333,beat_2
4462,9,52,16,36,4.0,beat_2
4463,12,74,22,52,4.333333333333333,beat_2
4464,8,44,14,30,3.75,beat_2
4465,10,58,18,40,4.0,beat_2
4466,16,96,30,66,4.125,beat_2
4467,10,58,18,40,4.0,beat_2
4468,10,54,18,36,3.6,fixed_1s
4469,8,46,14,32,4.0,beat_2
4470,8,44,14,30,3.75,beat_2
4471,8,46,14,32,4.0,beat_2
4472,7,40,12,28,4.0,beat_2
4473,8,48,14,34,4.25,beat_2
4474,8,46,14,32,4.0,beat_2
4475,10,62,18,44,4.4,beat_2
4476,14,88,26,62,4.428571428571429,beat_2
4477,11,62,20,42,3.8181818181818183,beat_2
4478,8,44,14,30,3.75,beat_2
4479,11,66,20,46,4.181818181818182,beat_2
4480,13,78,24,54,4.153846153846154,beat_2
4481,11,62,20,42,3.8181818181818183,beat_2
4482,12,72,22,50,4.166666666666667,beat_2
4483,11,62,20,42,3.8181818181818183,beat_2
4484,10,64,18,46,4.6,beat_2
4485,8,48,14,34,4.25,beat_2
4486,10,56,18,38,3.8,beat_2
4487,9,54,16,38,4.222222222222222,beat_2
4488,10,54,18,36,3.6,beat_2
4489,7,40,12,28,4.0,beat_2
4490,10,58,18,40,4.0,beat_2
4491,5,20,8,12,2.4,beat_2
4492,5,20,8,12,2.4,beat_2
4493,8,46,14,32,4.0,beat_2
4494,10,62,18,44,4.4,fixed_1s
4495,10,60,18,42,4.2,beat_2
4496,8,44,14,30,3.75,beat_2
4497,16,94,30,64,4.0,beat_2
4498,7,38,12,26,3.7142857142857144,beat_2
4499,9,54,16,38,4.222222222222222,beat_2
4500,8,46,14,32,4.0,beat_2
4501,10,60,18,42,4.2,beat_2
4502,8,46,14,32,4.0,beat_2
4503,10,56,18,38,3.8,beat_2
4504,11,68,20,48,4.363636363636363,beat_2
4505,9,52,16,36,4.0,beat_2
4506,9,54,16,38,4.222222222222222,beat_2
4507,12,72,22,50,4.166666666666667,beat_2
4508,12,78,22,56,4.666666666666667,beat_2
4509,7,36,12,24,3.4285714285714284,beat_2
4510,9,56,16,40,4.444444444444445,beat_2
4511,8,40,14,26,3.25,beat_2
4512,9,56,16,40,4.444444444444445,beat_2
4513,10,60,18,42,4.2,beat_2
4514,10,58,18,40,4.0,beat_2
4515,8,44,14,30,3.75,beat_2
4516,10,60,18,42,4.2,fixed_1s
4517,5,20,8,12,2.4,beat_2
4518,8,46,14,32,4.0,beat_2
4519,8,44,14,30,3.75,beat_2
4520,8,48,14,34,4.25,beat_2
4521,10,62,18,44,4.4,beat_2
4522,10,60,18,42,4.2,beat_2
4523,9,52,16,36,4.0,beat_2
4524,11,66,20,46,4.181818181818182,beat_2
4525,9,46,16,30,3.3333333333333335,beat_2
4526,14,84,26,58,4.142857142857143,beat_2
4527,5,20,8,12,2.4,beat_2
4528,10,60,18,42,4.2,beat_2
4529,7,38,12,26,3.7142857142857144,beat_2
4530,11,62,20,42,3.8181818181818183,beat_2
4531,10,58,18,40,4.0,fixed_1s
4532,5,20,8,12,2.4,beat_2
4533,5,20,8,12,2.4,beat_2
4534,10,52,18,34,3.4,beat_2
4535,11,66,20,46,4.181818181818182,beat_2
4536,7,36,12,24,3.4285714285714284,beat_2
4537,7,36,12,24,3.4285714285714284,beat_2
4538,12,70,22,48,4.0,beat_2
4539,5,20,8,12,2.4,beat_2
4540,8,46,14,32,4.0,beat_2
4541,6,30,10,20,3.3333333333333335,beat_2
4542,9,52,16,36,4.0,beat_2
4543,14,82,26,56,4.0,beat_2
4544,10,62,18,44,4.4,beat_2
4545,7,38,12,26,3.7142857142857144,beat_2
4546,12,66,22,44,3.6666666666666665,beat_2
4547,10,62,18,44,4.4,fixed_1s
4548,10,58,18,40,4.0,beat_2
4549,8,44,14,30,3.75,beat_2
4550,6,30,10,20,3.3333333333333335,beat_2
4551,9,52,16,36,4.0,beat_2
4552,7,38,12,26,3.7142857142857144,beat_2
4553,7,38,12,26,3.7142857142857144,beat_2
4554,12,74,22,52,4.333333333333333,beat_2
4555,8,48,14,34,4.25,beat_2
4556,10,60,18,42,4.2,beat_2
4557,12,70,22,48,4.0,beat_2
4558,8,46,14,32,4.0,beat_2
4559,8,44,14,30,3.75,beat_2
4560,7,38,12,26,3.7142857142857144,beat_2
4561,8,44,14,30,3.75,beat_2
4562,5,20,8,12,2.4,beat_2
4563,7,38,12,26,3.7142857142857144,beat_2
4564,12,78,22,56,4.666666666666667,beat_2
4565,8,44,14,30,3.75,beat_2
4566,10,60,18,42,4.2,beat_2
4567,10,58,18,40,4.0,fixed_1s
4568,9,52,16,36,4.0,beat_2
4569,14,86,26,60,4.285714285714286,beat_2
4570,5,20,8,12,2.4,beat_2
4571,10,62,18,44,4.4,beat_2
4572,7,38,12,26,3.7142857142857144,beat_2
4573,11,68,20,48,4.363636363636363,beat_2
4574,9,52,16,36,4.0,beat_2
4575,9,52,16,36,4.0,beat_2
4576,7,40,12,28,4.0,beat_2
4577,12,64,22,42,3.5,beat_2
4578,8,46,14,32,4.0,beat_2
4579,8,46,14,32,4.0,beat_2
4580,14,88,26,62,4.428571428571429,beat_2
4581,10,60,18,42,4.2,beat_2
4582,11,66,20,46,4.181818181818182,beat_2
4583,8,46,14,32,4.0,beat_2
4584,11,66,20,46,4.181818181818182,beat_2
4585,12,66,22,44,3.6666666666666665,beat_2
4586,13,82,24,58,4.461538461538462,beat_2
4587,11,64,20,44,4.0,beat_2
4588,11,62,20,42,3.8181818181818183,beat_2
4589,7,38,12,26,3.7142857142857144,beat_2
4590,11,64,20,44,4.0,beat_2
4591,10,58,18,40,4.0,beat_2
4592,9,50,16,34,3.7777777777777777,beat_2
4593,7,40,12,28,4.0,beat_2
4594,6,28,10,18,3.0,beat_2
4595,7,38,12,26,3.7142857142857144,beat_2
4596,16,102,30,72,4.5,beat_2
4597,9,56,16,40,4.444444444444445,beat_2
4598,11,68,20,48,4.363636363636363,beat_2
4599,10,58,18,40,4.0,beat_2
4600,11,66,20,46,4.181818181818182,beat_2
4601,7,38,12,26,3.7142857142857144,beat_2
4602,10,60,18,42,4.2,beat_2
4603,10,58,18,40,4.0,fixed_1s
4604,9,50,16,34,3.7777777777777777,beat_2
4605,8,44,14,30,3.75,beat_2
4606,6,30,10,20,3.3333333333333335,beat_2
4607,6,30,10,20,3.3333333333333335,beat_2
4608,9,52,16,36,4.0,beat_2
4609,11,70,20,50,4.545454545454546,beat_2
4610,8,42,14,28,3.5,beat_2
4611,14,80,26,54,3.857142857142857,beat_2
4612,6,30,10,20,3.3333333333333335,beat_2
4613,7,40,12,28,4.0,beat_2
4614,6,30,10,20,3.3333333333333335,beat_2
4615,14,78,26,52,3.7142857142857144,beat_2
4616,8,42,14,28,3.5,beat_2
4617,9,52,16,36,4.0,beat_2
4618,10,60,18,42,4.2,beat_2
4619,8,44,14,30,3.75,beat_2
4620,7,38,12,26,3.7142857142857144,beat_2
4621,9,48,16,32,3.5555555555555554,beat_2
4622,11,68,20,48,4.363636363636363,beat_2
4623,14,76,26,50,3.5714285714285716,beat_2
4624,6,30,10,20,3.3333333333333335,beat_2
4625,9,54,16,38,4.222222222222222,beat_2
4626,10,60,18,42,4.2,beat_2
4627,7,36,12,24,3.4285714285714284,beat_2
4628,8,44,14,30,3.75,beat_2
4629,10,58,18,40,4.0,beat_2
4630,11,68,20,48,4.363636363636363,beat_2
4631,8,44,14,30,3.75,beat_2
4632,11,60,20,40,3.6363636363636362,beat_2
4633,14,84,26,58,4.142857142857143,beat_2
4634,9,52,16,36,4.0,beat_2
4635,10,58,18,40,4.0,beat_2
4636,7,36,12,24,3.4285714285714284,beat_2
4637,11,70,20,50,4.545454545454546,beat_2
4638,10,54,18,36,3.6,beat_2
4639,13,74,24,50,3.8461538461538463,beat_2
4640,9,50,16,34,3.7777777777777777,beat_2
4641,10,56,18,38,3.8,beat_2
4642,11,68,20,48,4.363636363636363,beat_2
4643,8,46,14,32,4.0,beat_2
4644,13,80,24,56,4.3076923076923075,beat_2
4645,12,76,22,54,4.5,beat_2
4646,11,66,20,46,4.181818181818182,beat_2
4647,7,40,12,28,4.0,beat_2
4648,9,52,16,36,4.0,beat_2
4649,9,50,16,34,3.7777777777777777,beat_2
4650,8,42,14,28,3.5,beat_2
4651,9,54,16,38,4.222222222222222,beat_2
4652,8,46,14,32,4.0,beat_2
4653,13,80,24,56,4.3076923076923075,beat_2
4654,10,62,18,44,4.4,beat_2
4655,9,48,16,32,3.5555555555555554,beat_2
4656,11,70,20,50,4.545454545454546,beat_2
4657,9,52,16,36,4.0,beat_2
4658,8,48,14,34,4.25,beat_2
4659,11,64,20,44,4.0,beat_2
4660,9,52,16,36,4.0,beat_2
4661,13,80,24,56,4.3076923076923075,beat_2
4662,9,48,16,32,3.5555555555555554,beat_2
4663,9,54,16,38,4.222222222222222,beat_2
4664,8,46,14,32,4.0,beat_2
4665,12,70,22,48,4.0,beat_2
4666,12,72,22,50,4.166666666666667,beat_2
4667,11,66,20,46,4.181818181818182,beat_2
4668,8,46,14,32,4.0,beat_2
4669,7,40,12,28,4.0,beat_2
4670,12,66,22,44,3.6666666666666665,beat_2
4671,10,56,18,38,3.8,beat_2
4672,11,62,20,42,3.8181818181818183,beat_2
4673,10,58,18,40,4.0,beat_2
4674,9,52,16,36,4.0,beat_2
4675,10,60,18,42,4.2,beat_2
4676,6,30,10,20,3.3333333333333335,beat_2
4677,10,56,18,38,3.8,beat_2
4678,11,70,20,50,4.545454545454546,beat_2
4679,9,52,16,36,4.0,beat_2
4680,6,30,10,20,3.3333333333333335,beat_2
4681,8,44,14,30,3.75,beat_2
4682,10,60,18,42,4.2,beat_2
4683,10,60,18,42,4.2,beat_2
4684,9,50,16,34,3.7777777777777777,beat_2
4685,10,60,18,42,4.2,fixed_1s
4686,10,58,18,40,4.0,beat_2
4687,9,54,16,38,4.222222222222222,beat_2
4688,7,36,12,24,3.4285714285714284,beat_2
4689,10,62,18,44,4.4,beat_2
4690,13,78,24,54,4.153846153846154,beat_2
4691,13,86,24,62,4.769230769230769,beat_2
4692,12,68,22,46,3.8333333333333335,beat_2
4693,11,66,20,46,4.181818181818182,beat_2
4694,7,36,12,24,3.4285714285714284,beat_2
4695,10,60,18,42,4.2,beat_2
4696,13,78,24,54,4.153846153846154,beat_2
4697,10,54,18,36,3.6,beat_2
4698,8,46,14,32,4.0,beat_2
4699,10,50,18,32,3.2,beat_2
4700,13,74,24,50,3.8461538461538463,beat_2
4701,6,30,10,20,3.3333333333333335,beat_2
4702,9,50,16,34,3.7777777777777777,beat_2
4703,10,56,18,38,3.8,beat_2
4704,11,58,20,38,3.4545454545454546,beat_2
4705,8,46,14,32,4.0,beat_2
4706,6,28,10,18,3.0,beat_2
4707,15,96,28,68,4.533333333333333,beat_2
4708,11,60,20,40,3.6363636363636362,beat_2
4709,11,68,20,48,4.363636363636363,beat_2
4710,10,54,18,36,3.6,beat_2
4711,10,58,18,40,4.0,beat_2
4712,11,60,20,40,3.6363636363636362,beat_2
4713,10,54,18,36,3.6,fixed_1s
4714,10,58,18,40,4.0,beat_2
4715,12,76,22,54,4.5,beat_2
4716,11,74,20,54,4.909090909090909,beat_2
4717,14,82,26,56,4.0,beat_2
4718,11,70,20,50,4.545454545454546,beat_2
4719,11,60,20,40,3.6363636363636362,beat_2
4720,13,86,24,62,4.769230769230769,beat_2
4721,12,76,22,54,4.5,beat_2
4722,13,76,24,52,4.0,beat_2
4723,9,52,16,36,4.0,beat_2
4724,10,60,18,42,4.2,fixed_1s
4725,8,44,14,30,3.75,beat_2
4726,11,64,20,44,4.0,beat_2
4727,9,54,16,38,4.222222222222222,beat_2
4728,9,54,16,38,4.222222222222222,beat_2
4729,16,94,30,64,4.0,beat_2
4730,10,62,18,44,4.4,fixed_1s
4731,8,48,14,34,4.25,beat_2
4732,8,44,14,30,3.75,beat_2
4733,8,44,14,30,3.75,beat_2
4734,13,76,24,52,4.0,beat_2
4735,8,44,14,30,3.75,beat_2
4736,9,50,16,34,3.7777777777777777,beat_2
4737,9,52,16,36,4.0,beat_2
4738,10,60,18,42,4.2,fixed_1s
4739,12,66,22,44,3.6666666666666665,beat_2
4740,9,54,16,38,4.222222222222222,beat_2
4741,7,38,12,26,3.7142857142857144,beat_2
4742,9,52,16,36,4.0,beat_2
4743,10,58,18,40,4.0,beat_2
4744,9,52,16,36,4.0,beat_2
4745,6,30,10,20,3.3333333333333335,beat_2
4746,12,72,22,50,4.166666666666667,beat_2
4747,10,60,18,42,4.2,beat_2
4748,12,70,22,48,4.0,beat_2
4749,8,44,14,30,3.75,beat_2
4750,10,54,18,36,3.6,beat_2
4751,7,40,12,28,4.0,beat_2
4752,9,52,16,36,4.0,beat_2
4753,10,62,18,44,4.4,beat_2
4754,7,36,12,24,3.4285714285714284,beat_2
4755,6,30,10,20,3.3333333333333335,beat_2
4756,13,76,24,52,4.0,beat_2
4757,12,74,22,52,4.333333333333333,beat_2
4758,10,54,18,36,3.6,beat_2
4759,13,74,24,50,3.8461538461538463,beat_2
4760,10,58,18,40,4.0,beat_2
4761,11,66,20,46,4.181818181818182,beat_2
4762,10,54,18,36,3.6,beat_2
4763,10,60,18,42,4.2,beat_2
4764,8,46,14,32,4.0,beat_2
4765,5,20,8,12,2.4,beat_2
4766,9,50,16,34,3.7777777777777777,beat_2
4767,7,38,12,26,3.7142857142857144,beat_2
4768,9,54,16,38,4.222222222222222,beat_2
4769,8,46,14,32,4.0,beat_2
4770,8,46,14,32,4.0,beat_2
4771,8,46,14,32,4.0,beat_2
4772,9,54,16,38,4.222222222222222,beat_2
4773,8,48,14,34,4.25,beat_2
4774,12,64,22,42,3.5,beat_2
4775,10,56,18,38,3.8,beat_2
4776,12,72,22,50,4.166666666666667,beat_2
4777,9,52,16,36,4.0,beat_2
4778,10,58,18,40,4.0,beat_2
4779,10,56,18,38,3.8,beat_2
4780,8,46,14,32,4.0,beat_2
4781,7,38,12,26,3.7142857142857144,beat_2
4782,8,48,14,34,4.25,beat_2
4783,9,54,16,38,4.222222222222222,beat_2
4784,11,68,20,48,4.363636363636363,beat_2
4785,11,68,20,48,4.363636363636363,beat_2
4786,12,74,22,52,4.333333333333333,beat_2
4787,10,58,18,40,4.0,beat_2
4788,8,44,14,30,3.75,beat_2
4789,18,110,34,76,4.222222222222222,beat_2
4790,9,50,16,34,3.7777777777777777,beat_2
4791,10,54,18,36,3.6,fixed_1s
4792,14,84,26,58,4.142857142857143,beat_2
4793,11,60,20,40,3.6363636363636362,beat_2
4794,14,84,26,58,4.142857142857143,beat_2
4795,11,66,20,46,4.181818181818182,beat_2
4796,8,42,14,28,3.5,beat_2
4797,9,50,16,34,3.7777777777777777,beat_2
4798,9,50,16,34,3.7777777777777777,beat_2
4799,8,44,14,30,3.75,beat_2
4800,7,38,12,26,3.7142857142857144,beat_2
4801,9,48,16,32,3.5555555555555554,beat_2
4802,8,44,14,30,3.75,beat_2
4803,7,38,12,26,3.7142857142857144,beat_2
4804,9,54,16,38,4.222222222222222,beat_2
4805,11,70,20,50,4.545454545454546,beat_2
4806,10,58,18,40,4.0,beat_2
4807,10,58,18,40,4.0,beat_2
4808,10,56,18,38,3.8,beat_2
4809,10,52,18,34,3.4,beat_2
4810,8,44,14,30,3.75,beat_2
4811,8,46,14,32,4.0,beat_2
4812,6,30,10,20,3.3333333333333335,beat_2
4813,11,62,20,42,3.8181818181818183,beat_2
4814,10,62,18,44,4.4,beat_2
4815,13,74,24,50,3.8461538461538463,beat_2
4816,9,54,16,38,4.222222222222222,beat_2
4817,12,74,22,52,4.333333333333333,beat_2
4818,12,78,22,56,4.666666666666667,beat_2
4819,7,38,12,26,3.7142857142857144,beat_2
4820,8,48,14,34,4.25,beat_2
4821,7,38,12,26,3.7142857142857144,beat_2
4822,10,60,18,42,4.2,beat_2
4823,12,72,22,50,4.166666666666667,beat_2
4824,7,38,12,26,3.7142857142857144,beat_2
4825,14,80,26,54,3.857142857142857,beat_2
4826,10,56,18,38,3.8,beat_2
4827,13,80,24,56,4.3076923076923075,beat_2
4828,10,58,18,40,4.0,beat_2
4829,13,84,24,60,4.615384615384615,beat_2
4830,11,68,20,48,4.363636363636363,beat_2
4831,10,62,18,44,4.4,beat_2
4832,10,62,18,44,4.4,fixed_1s
4833,8,44,14,30,3.75,beat_2
4834,10,58,18,40,4.0,beat_2
4835,13,76,24,52,4.0,beat_2
4836,16,98,30,68,4.25,beat_2
4837,9,54,16,38,4.222222222222222,beat_2
4838,8,46,14,32,4.0,beat_2
4839,10,60,18,42,4.2,beat_2
4840,10,60,18,42,4.2,fixed_1s
4841,10,56,18,38,3.8,beat_2
4842,11,68,20,48,4.363636363636363,beat_2
4843,7,40,12,28,4.0,beat_2
4844,11,66,20,46,4.181818181818182,beat_2
4845,10,54,18,36,3.6,beat_2
4846,11,66,20,46,4.181818181818182,beat_2
4847,16,90,30,60,3.75,beat_2
4848,11,66,20,46,4.181818181818182,beat_2
4849,10,58,18,40,4.0,fixed_1s
4850,14,86,26,60,4.285714285714286,beat_2
4851,13,78,24,54,4.153846153846154,beat_2
4852,12,74,22,52,4.333333333333333,beat_2
4853,14,84,26,58,4.142857142857143,beat_2
4854,13,82,24,58,4.461538461538462,beat_2
4855,15,88,28,60,4.0,beat_2
4856,13,82,24,58,4.461538461538462,beat_2
4857,13,80,24,56,4.3076923076923075,beat_2
4858,8,46,14,32,4.0,beat_2
4859,9,50,16,34,3.7777777777777777,beat_2
4860,10,60,18,42,4.2,beat_2
4861,9,46,16,30,3.3333333333333335,beat_2
4862,11,66,20,46,4.181818181818182,beat_2
4863,12,72,22,50,4.166666666666667,beat_2
4864,14,84,26,58,4.142857142857143,beat_2
4865,10,56,18,38,3.8,beat_2
4866,11,68,20,48,4.363636363636363,beat_2
4867,10,62,18,44,4.4,fixed_1s
4868,9,52,16,36,4.0,beat_2
4869,7,38,12,26,3.7142857142857144,beat_2
4870,14,82,26,56,4.0,beat_2
4871,14,78,26,52,3.7142857142857144,beat_2
4872,11,66,20,46,4.181818181818182,beat_2
4873,15,90,28,62,4.133333333333334,beat_2
4874,9,50,16,34,3.7777777777777777,beat_2
4875,9,54,16,38,4.222222222222222,beat_2
4876,8,46,14,32,4.0,beat_2
4877,9,52,16,36,4.0,beat_2
4878,15,88,28,60,4.0,beat_2
4879,7,38,12,26,3.7142857142857144,beat_2
4880,8,46,14,32,4.0,beat_2
4881,10,64,18,46,4.6,beat_2
4882,9,54,16,38,4.222222222222222,beat_2
4883,5,20,8,12,2.4,beat_2
4884,9,48,16,32,3.5555555555555554,beat_2
4885,9,52,16,36,4.0,beat_2
4886,9,50,16,34,3.7777777777777777,beat_2
4887,7,40,12,28,4.0,beat_2
4888,17,106,32,74,4.352941176470588,beat_2
4889,10,60,18,42,4.2,beat_2
4890,7,38,12,26,3.7142857142857144,beat_2
4891,10,56,18,38,3.8,beat_2
4892,10,56,18,38,3.8,beat_2
4893,6,30,10,20,3.3333333333333335,beat_2
4894,12,72,22,50,4.166666666666667,beat_2
4895,10,58,18,40,4.0,beat_2
4896,6,30,10,20,3.3333333333333335,beat_2
4897,10,58,18,40,4.0,beat_2
4898,9,56,16,40,4.444444444444445,beat_2
4899,10,60,18,42,4.2,beat_2
4900,10,54,18,36,3.6,beat_2
4901,7,40,12,28,4.0,beat_2
4902,11,60,20,40,3.6363636363636362,beat_2
4903,9,52,16,36,4.0,beat_2
4904,8,44,14,30,3.75,beat_2
4905,12,70,22,48,4.0,beat_2
4906,12,78,22,56,4.666666666666667,beat_2
4907,8,44,14,30,3.75,beat_2
4908,13,84,24,60,4.615384615384615,beat_2
4909,5,20,8,12,2.4,beat_2
4910,9,50,16,34,3.7777777777777777,beat_2
4911,7,40,12,28,4.0,beat_2
4912,11,64,20,44,4.0,beat_2
4913,5,20,8,12,2.4,beat_2
4914,10,60,18,42,4.2,beat_2
4915,7,36,12,24,3.4285714285714284,beat_2
4916,11,64,20,44,4.0,beat_2
4917,6,30,10,20,3.3333333333333335,beat_2
4918,6,30,10,20,3.3333333333333335,beat_2
4919,10,54,18,36,3.6,beat_2
4920,14,84,26,58,4.142857142857143,beat_2
4921,8,44,14,30,3.75,beat_2
4922,11,64,20,44,4.0,beat_2
4923,11,64,20,44,4.0,beat_2
4924,11,64,20,44,4.0,beat_2
4925,12,78,22,56,4.666666666666667,beat_2
4926,10,58,18,40,4.0,beat_2
4927,11,68,20,48,4.363636363636363,beat_2
4928,11,64,20,44,4.0,beat_2
4929,11,62,20,42,3.8181818181818183,beat_2
4930,9,54,16,38,4.222222222222222,beat_2
4931,7,40,12,28,4.0,beat_2
4932,7,38,12,26,3.7142857142857144,beat_2
4933,7,38,12,26,3.7142857142857144,beat_2
4934,11,60,20,40,3.6363636363636362,beat_2
4935,8,46,14,32,4.0,beat_2
4936,11,64,20,44,4.0,beat_2
4937,10,56,18,38,3.8,beat_2
4938,10,54,18,36,3.6,beat_2
4939,8,46,14,32,4.0,beat_2
4940,10,56,18,38,3.8,beat_2
4941,15,84,28,56,3.7333333333333334,beat_2
4942,13,74,24,50,3.8461538461538463,beat_2
4943,12,74,22,52,4.333333333333333,beat_2
4944,10,62,18,44,4.4,beat_2
4945,10,62,18,44,4.4,beat_2
4946,9,54,16,38,4.222222222222222,beat_2
4947,11,62,20,42,3.8181818181818183,beat_2
4948,14,84,26,58,4.142857142857143,beat_2
4949,12,68,22,46,3.8333333333333335,beat_2
4950,5,20,8,12,2.4,beat_2
4951,10,60,18,42,4.2,beat_2
4952,13,80,24,56,4.3076923076923075,beat_2
4953,13,78,24,54,4.153846153846154,beat_2
4954,9,54,16,38,4.222222222222222,beat_2
4955,9,52,16,36,4.0,beat_2
4956,7,38,12,26,3.7142857142857144,beat_2
4957,13,78,24,54,4.153846153846154,beat_2
4958,14,88,26,62,4.428571428571429,beat_2
4959,7,40,12,28,4.0,beat_2
4960,12,74,22,52,4.333333333333333,beat_2
4961,13,78,24,54,4.153846153846154,beat_2
4962,9,50,16,34,3.7777777777777777,beat_2
4963,10,54,18,36,3.6,beat_2
4964,13,68,24,44,3.3846153846153846,beat_2
4965,10,60,18,42,4.2,beat_2
4966,7,38,12,26,3.7142857142857144,beat_2
4967,8,46,14,32,4.0,beat_2
4968,13,74,24,50,3.8461538461538463,beat_2
4969,11,66,20,46,4.181818181818182,beat_2
4970,6,30,10,20,3.3333333333333335,beat_2
4971,13,72,24,48,3.6923076923076925,beat_2
4972,12,72,22,50,4.166666666666667,beat_2
4973,13,80,24,56,4.3076923076923075,beat_2
4974,12,72,22,50,4.166666666666667,beat_2
4975,12,72,22,50,4.166666666666667,beat_2
4976,10,54,18,36,3.6,beat_2
4977,9,52,16,36,4.0,beat_2
4978,10,58,18,40,4.0,beat_2
4979,9,50,16,34,3.7777777777777777,beat_2
4980,9,54,16,38,4.222222222222222,beat_2
4981,8,44,14,30,3.75,beat_2
4982,9,52,16,36,4.0,beat_2
4983,17,98,32,66,3.8823529411764706,beat_2
4984,12,76,22,54,4.5,beat_2
4985,9,52,16,36,4.0,beat_2
4986,8,44,14,30,3.75,beat_2
4987,8,48,14,34,4.25,beat_2
4988,12,70,22,48,4.0,beat_2
4989,9,56,16,40,4.444444444444445,beat_2
4990,12,76,22,54,4.5,beat_2
4991,9,54,16,38,4.222222222222222,beat_2
4992,9,50,16,34,3.7777777777777777,beat_2
4993,6,28,10,18,3.0,beat_2
4994,10,56,18,38,3.8,beat_2
4995,10,56,18,38,3.8,beat_2
4996,5,20,8,12,2.4,beat_2
4997,10,54,18,36,3.6,fixed_1s
4998,5,20,8,12,2.4,beat_2
4999,5,20,8,12,2.4,beat_2
5000,12,72,22,50,4.166666666666667,beat_2
5001,11,66,20,46,4.181818181818182,beat_2
5002,10,62,18,44,4.4,beat_2
5003,7,38,12,26,3.7142857142857144,beat_2
5004,8,44,14,30,3.75,beat_2
5005,5,20,8,12,2.4,beat_2
5006,6,30,10,20,3.3333333333333335,beat_2
5007,10,60,18,42,4.2,beat_2
5008,10,60,18,42,4.2,beat_2
5009,10,60,18,42,4.2,beat_2
5010,13,74,24,50,3.8461538461538463,beat_2
5011,11,64,20,44,4.0,beat_2
5012,11,72,20,52,4.7272727272727275,beat_2
5013,8,46,14,32,4.0,beat_2
5014,10,56,18,38,3.8,beat_2
5015,8,46,14,32,4.0,beat_2
5016,9,54,16,38,4.222222222222222,beat_2
5017,9,50,16,34,3.7777777777777777,beat_2
5018,10,58,18,40,4.0,beat_2
5019,8,46,14,32,4.0,beat_2
5020,10,54,18,36,3.6,fixed_1s
5021,9,50,16,34,3.7777777777777777,beat_2
5022,10,60,18,42,4.2,fixed_1s
5023,14,80,26,54,3.857142857142857,beat_2
5024,12,74,22,52,4.333333333333333,beat_2
5025,10,62,18,44,4.4,beat_2
5026,13,68,24,44,3.3846153846153846,beat_2
5027,10,54,18,36,3.6,beat_2
5028,12,70,22,48,4.0,beat_2
5029,10,60,18,42,4.2,beat_2
5030,11,68,20,48,4.363636363636363,beat_2
5031,13,84,24,60,4.615384615384615,beat_2
5032,10,60,18,42,4.2,beat_2
5033,11,58,20,38,3.4545454545454546,beat_2
5034,10,58,18,40,4.0,beat_2
5035,6,30,10,20,3.3333333333333335,beat_2
5036,11,66,20,46,4.181818181818182,beat_2
5037,10,62,18,44,4.4,beat_2
5038,10,56,18,38,3.8,beat_2
5039,10,60,18,42,4.2,beat_2
5040,9,54,16,38,4.222222222222222,beat_2
5041,7,38,12,26,3.7142857142857144,beat_2
5042,14,84,26,58,4.142857142857143,beat_2
5043,16,92,30,62,3.875,beat_2
5044,11,60,20,40,3.6363636363636362,beat_2
5045,7,38,12,26,3.7142857142857144,beat_2
5046,10,58,18,40,4.0,beat_2
5047,10,58,18,40,4.0,fixed_1s
5048,12,74,22,52,4.333333333333333,beat_2
5049,11,64,20,44,4.0,beat_2
5050,8,40,14,26,3.25,beat_2
5051,9,54,16,38,4.222222222222222,beat_2
5052,5,20,8,12,2.4,beat_2
5053,15,82,28,54,3.6,beat_2
5054,7,38,12,26,3.7142857142857144,beat_2
5055,7,36,12,24,3.4285714285714284,beat_2
5056,10,60,18,42,4.2,beat_2
5057,10,64,18,46,4.6,beat_2
5058,9,52,16,36,4.0,beat_2
5059,10,58,18,40,4.0,beat_2
5060,8,46,14,32,4.0,beat_2
5061,11,66,20,46,4.181818181818182,beat_2
5062,8,46,14,32,4.0,beat_2
5063,11,64,20,44,4.0,beat_2
5064,12,68,22,46,3.8333333333333335,beat_2
5065,14,82,26,56,4.0,beat_2
5066,5,20,8,12,2.4,beat_2
5067,9,52,16,36,4.0,beat_2
5068,10,54,18,36,3.6,fixed_1s
5069,7,40,12,28,4.0,beat_2
5070,12,74,22,52,4.333333333333333,beat_2
5071,12,76,22,54,4.5,beat_2
5072,10,60,18,42,4.2,beat_2
5073,9,52,16,36,4.0,beat_2
5074,7,38,12,26,3.7142857142857144,beat_2
5075,9,50,16,34,3.7777777777777777,beat_2
5076,9,54,16,38,4.222222222222222,beat_2
5077,10,60,18,42,4.2,fixed_1s
5078,9,50,16,34,3.7777777777777777,beat_2
5079,7,38,12,26,3.7142857142857144,beat_2
5080,12,70,22,48,4.0,beat_2
5081,8,46,14,32,4.0,beat_2
5082,10,56,18,38,3.8,beat_2
5083,10,56,18,38,3.8,fixed_1s
5084,6,22,10,12,2.0,beat_2
5085,12,66,22,44,3.6666666666666665,beat_2
5086,8,46,14,32,4.0,beat_2
5087,13,74,24,50,3.8461538461538463,beat_2
5088,13,80,24,56,4.3076923076923075,beat_2
5089,9,52,16,36,4.0,beat_2
5090,5,20,8,12,2.4,beat_2
5091,9,48,16,32,3.5555555555555554,beat_2
5092,10,56,18,38,3.8,fixed_1s
5093,12,70,22,48,4.0,beat_2
5094,10,62,18,44,4.4,beat_2
5095,11,70,20,50,4.545454545454546,beat_2
5096,10,58,18,40,4.0,beat_2
5097,8,46,14,32,4.0,beat_2
5098,11,64,20,44,4.0,beat_2
5099,9,50,16,34,3.7777777777777777,beat_2
5100,7,38,12,26,3.7142857142857144,beat_2
5101,10,62,18,44,4.4,beat_2
5102,8,46,14,32,4.0,beat_2
5103,11,68,20,48,4.363636363636363,beat_2
5104,8,48,14,34,4.25,beat_2
5105,9,50,16,34,3.7777777777777777,beat_2
5106,10,60,18,42,4.2,fixed_1s
5107,10,60,18,42,4.2,beat_2
5108,6,30,10,20,3.3333333333333335,beat_2
5109,8,46,14,32,4.0,beat_2
5110,9,52,16,36,4.0,beat_2
5111,16,98,30,68,4.25,beat_2
5112,9,54,16,38,4.222222222222222,beat_2
5113,13,76,24,52,4.0,beat_2
5114,10,60,18,42,4.2,beat_2
5115,8,48,14,34,4.25,beat_2
5116,10,62,18,44,4.4,beat_2
5117,12,68,22,46,3.8333333333333335,beat_2
5118,9,54,16,38,4.222222222222222,beat_2
5119,7,38,12,26,3.7142857142857144,beat_2
5120,9,52,16,36,4.0,beat_2
5121,10,54,18,36,3.6,beat_2
5122,7,40,12,28,4.0,beat_2
5123,5,20,8,12,2.4,beat_2
5124,10,60,18,42,4.2,beat_2
5125,5,20,8,12,2.4,beat_2
5126,11,68,20,48,4.363636363636363,beat_2
5127,10,62,18,44,4.4,beat_2
5128,9,54,16,38,4.222222222222222,beat_2
5129,13,80,24,56,4.3076923076923075,beat_2
5130,12,72,22,50,4.166666666666667,beat_2
5131,10,58,18,40,4.0,fixed_1s
5132,12,78,22,56,4.666666666666667,beat_2
5133,8,44,14,30,3.75,beat_2
5134,15,90,28,62,4.133333333333334,beat_2
5135,9,52,16,36,4.0,beat_2
5136,10,58,18,40,4.0,fixed_1s
5137,10,60,18,42,4.2,beat_2
5138,10,58,18,40,4.0,beat_2
5139,13,80,24,56,4.3076923076923075,beat_2
5140,13,84,24,60,4.615384615384615,beat_2
5141,10,60,18,42,4.2,beat_2
5142,14,90,26,64,4.571428571428571,beat_2
5143,12,74,22,52,4.333333333333333,beat_2
5144,10,62,18,44,4.4,beat_2
5145,8,46,14,32,4.0,beat_2
5146,7,36,12,24,3.4285714285714284,beat_2
5147,13,72,24,48,3.6923076923076925,beat_2
5148,11,62,20,42,3.8181818181818183,beat_2
5149,7,38,12,26,3.7142857142857144,beat_2
5150,12,70,22,48,4.0,beat_2
5151,7,34,12,22,3.142857142857143,beat_2
5152,10,58,18,40,4.0,beat_2
5153,11,68,20,48,4.363636363636363,beat_2
5154,10,60,18,42,4.2,beat_2
5155,12,74,22,52,4.333333333333333,beat_2
5156,9,56,16,40,4.444444444444445,beat_2
5157,11,64,20,44,4.0,beat_2
5158,12,78,22,56,4.666666666666667,beat_2
5159,9,56,16,40,4.444444444444445,beat_2
5160,8,44,14,30,3.75,beat_2
5161,8,46,14,32,4.0,beat_2
5162,11,64,20,44,4.0,beat_2
5163,7,40,12,28,4.0,beat_2
5164,9,52,16,36,4.0,beat_2
5165,10,56,18,38,3.8,beat_2
5166,10,62,18,44,4.4,beat_2
5167,10,62,18,44,4.4,fixed_1s
5168,10,60,18,42,4.2,beat_2
5169,13,78,24,54,4.153846153846154,beat_2
5170,9,54,16,38,4.222222222222222,beat_2
5171,11,66,20,46,4.181818181818182,beat_2
5172,10,52,18,34,3.4,beat_2
5173,10,58,18,40,4.0,beat_2
5174,8,44,14,30,3.75,beat_2
5175,8,46,14,32,4.0,beat_2
5176,13,72,24,48,3.6923076923076925,beat_2
5177,11,66,20,46,4.181818181818182,beat_2
5178,9,54,16,38,4.222222222222222,beat_2
5179,10,58,18,40,4.0,fixed_1s
5180,10,54,18,36,3.6,beat_2
5181,15,92,28,64,4.266666666666667,beat_2
5182,10,60,18,42,4.2,beat_2
5183,10,56,18,38,3.8,beat_2
5184,13,78,24,54,4.153846153846154,beat_2
5185,12,74,22,52,4.333333333333333,beat_2
5186,14,82,26,56,4.0,beat_2
5187,14,84,26,58,4.142857142857143,beat_2
5188,12,74,22,52,4.333333333333333,beat_2
5189,9,50,16,34,3.7777777777777777,beat_2
5190,10,62,18,44,4.4,beat_2
5191,13,78,24,54,4.153846153846154,beat_2
5192,9,54,16,38,4.222222222222222,beat_2
5193,10,58,18,40,4.0,beat_2
5194,9,50,16,34,3.7777777777777777,beat_2
5195,8,46,14,32,4.0,beat_2
5196,14,88,26,62,4.428571428571429,beat_2
5197,15,86,28,58,3.8666666666666667,beat_2
5198,7,38,12,26,3.7142857142857144,beat_2
5199,7,40,12,28,4.0,beat_2
5200,11,66,20,46,4.181818181818182,beat_2
5201,5,20,8,12,2.4,beat_2
5202,8,48,14,34,4.25,beat_2
5203,14,80,26,54,3.857142857142857,beat_2
5204,12,66,22,44,3.6666666666666665,beat_2
5205,18,104,34,70,3.888888888888889,beat_2
5206,7,40,12,28,4.0,beat_2
5207,15,96,28,68,4.533333333333333,beat_2
5208,5,20,8,12,2.4,beat_2
5209,10,60,18,42,4.2,beat_2
5210,11,66,20,46,4.181818181818182,beat_2
5211,6,30,10,20,3.3333333333333335,beat_2
5212,13,76,24,52,4.0,beat_2
5213,10,60,18,42,4.2,beat_2
5214,10,56,18,38,3.8,beat_2
5215,9,52,16,36,4.0,beat_2
5216,8,44,14,30,3.75,beat_2
5217,7,36,12,24,3.4285714285714284,beat_2
5218,7,38,12,26,3.7142857142857144,beat_2
5219,5,20,8,12,2.4,beat_2
5220,13,74,24,50,3.8461538461538463,beat_2
5221,11,62,20,42,3.8181818181818183,beat_2
5222,10,60,18,42,4.2,beat_2
5223,11,58,20,38,3.4545454545454546,beat_2
5224,11,66,20,46,4.181818181818182,beat_2
5225,9,52,16,36,4.0,beat_2
5226,8,46,14,32,4.0,beat_2
5227,10,56,18,38,3.8,beat_2
5228,5,20,8,12,2.4,beat_2
5229,10,60,18,42,4.2,beat_2
5230,8,42,14,28,3.5,beat_2
5231,6,30,10,20,3.3333333333333335,beat_2
5232,10,62,18,44,4.4,beat_2
5233,11,64,20,44,4.0,beat_2
5234,16,98,30,68,4.25,beat_2
5235,9,54,16,38,4.222222222222222,beat_2
5236,14,90,26,64,4.571428571428571,beat_2
5237,9,52,16,36,4.0,beat_2
5238,10,60,18,42,4.2,beat_2
5239,11,66,20,46,4.181818181818182,beat_2
5240,12,74,22,52,4.333333333333333,beat_2
5241,9,52,16,36,4.0,beat_2
5242,8,46,14,32,4.0,beat_2
5243,10,60,18,42,4.2,beat_2
5244,12,76,22,54,4.5,beat_2
5245,12,72,22,50,4.166666666666667,beat_2
5246,10,62,18,44,4.4,beat_2
5247,8,44,14,30,3.75,beat_2
5248,12,68,22,46,3.8333333333333335,beat_2
5249,9,50,16,34,3.7777777777777777,beat_2
5250,8,44,14,30,3.75,beat_2
5251,9,52,16,36,4.0,beat_2
5252,5,20,8,12,2.4,beat_2
5253,12,72,22,50,4.166666666666667,beat_2
5254,7,38,12,26,3.7142857142857144,beat_2
5255,12,68,22,46,3.8333333333333335,beat_2
5256,11,66,20,46,4.181818181818182,beat_2
5257,9,50,16,34,3.7777777777777777,beat_2
5258,5,20,8,12,2.4,beat_2
5259,5,20,8,12,2.4,beat_2
5260,10,58,18,40,4.0,beat_2
5261,7,38,12,26,3.7142857142857144,beat_2
5262,10,62,18,44,4.4,beat_2
5263,12,72,22,50,4.166666666666667,beat_2
5264,11,60,20,40,3.6363636363636362,beat_2
5265,9,56,16,40,4.444444444444445,beat_2
5266,11,64,20,44,4.0,beat_2
5267,10,58,18,40,4.0,beat_2
5268,8,46,14,32,4.0,beat_2
5269,7,38,12,26,3.7142857142857144,beat_2
5270,12,70,22,48,4.0,beat_2
5271,12,70,22,48,4.0,beat_2
5272,15,92,28,64,4.266666666666667,beat_2
5273,8,44,14,30,3.75,beat_2
5274,6,30,10,20,3.3333333333333335,beat_2
5275,11,68,20,48,4.363636363636363,beat_2
5276,12,70,22,48,4.0,beat_2
5277,9,52,16,36,4.0,beat_2
5278,11,64,20,44,4.0,beat_2
5279,9,52,16,36,4.0,beat_2
5280,10,60,18,42,4.2,beat_2
5281,12,68,22,46,3.8333333333333335,beat_2
5282,11,68,20,48,4.363636363636363,beat_2
5283,10,56,18,38,3.8,beat_2
5284,8,44,14,30,3.75,beat_2
5285,12,70,22,48,4.0,beat_2
5286,11,68,20,48,4.363636363636363,beat_2
5287,14,82,26,56,4.0,beat_2
5288,7,38,12,26,3.7142857142857144,beat_2
5289,7,36,12,24,3.4285714285714284,beat_2
5290,10,56,18,38,3.8,beat_2
5291,8,42,14,28,3.5,beat_2
5292,14,88,26,62,4.428571428571429,beat_2
5293,10,62,18,44,4.4,beat_2
5294,9,52,16,36,4.0,beat_2
5295,9,48,16,32,3.5555555555555554,beat_2
5296,9,54,16,38,4.222222222222222,beat_2
5297,12,74,22,52,4.333333333333333,beat_2
5298,11,60,20,40,3.6363636363636362,beat_2
5299,7,40,12,28,4.0,beat_2
5300,9,54,16,38,4.222222222222222,beat_2
5301,9,50,16,34,3.7777777777777777,beat_2
5302,8,44,14,30,3.75,beat_2
5303,8,44,14,30,3.75,beat_2
5304,11,70,20,50,4.545454545454546,beat_2
5305,14,86,26,60,4.285714285714286,beat_2
5306,12,72,22,50,4.166666666666667,beat_2
5307,8,46,14,32,4.0,beat_2
5308,11,66,20,46,4.181818181818182,beat_2
5309,6,30,10,20,3.3333333333333335,beat_2
5310,9,54,16,38,4.222222222222222,beat_2
5311,14,84,26,58,4.142857142857143,beat_2
5312,12,74,22,52,4.333333333333333,beat_2
5313,17,104,32,72,4.235294117647059,beat_2
5314,11,64,20,44,4.0,beat_2
5315,11,64,20,44,4.0,beat_2
5316,8,46,14,32,4.0,beat_2
5317,10,58,18,40,4.0,fixed_1s
5318,15,94,28,66,4.4,beat_2
5319,9,52,16,36,4.0,beat_2
5320,6,30,10,20,3.3333333333333335,beat_2
5321,12,70,22,48,4.0,beat_2
5322,13,80,24,56,4.3076923076923075,beat_2
5323,8,44,14,30,3.75,beat_2
5324,9,50,16,34,3.7777777777777777,beat_2
5325,8,46,14,32,4.0,beat_2
5326,11,66,20,46,4.181818181818182,beat_2
5327,8,46,14,32,4.0,beat_2
5328,10,58,18,40,4.0,beat_2
5329,6,30,10,20,3.3333333333333335,beat_2
5330,8,44,14,30,3.75,beat_2
5331,14,84,26,58,4.142857142857143,beat_2
5332,9,50,16,34,3.7777777777777777,beat_2
5333,12,74,22,52,4.333333333333333,beat_2
5334,12,72,22,50,4.166666666666667,beat_2
5335,14,82,26,56,4.0,beat_2
5336,13,84,24,60,4.615384615384615,beat_2
5337,8,44,14,30,3.75,beat_2
5338,12,66,22,44,3.6666666666666665,beat_2
5339,8,44,14,30,3.75,beat_2
5340,11,62,20,42,3.8181818181818183,beat_2
5341,14,86,26,60,4.285714285714286,beat_2
5342,10,62,18,44,4.4,beat_2
5343,8,44,14,30,3.75,beat_2
5344,11,66,20,46,4.181818181818182,beat_2
5345,13,84,24,60,4.615384615384615,beat_2
5346,8,46,14,32,4.0,beat_2
5347,10,60,18,42,4.2,fixed_1s
5348,14,84,26,58,4.142857142857143,beat_2
5349,6,28,10,18,3.0,beat_2
5350,15,90,28,62,4.133333333333334,beat_2
5351,11,64,20,44,4.0,beat_2
